key,mean,ci_low,ci_high,classification,interpretation,individual_positive,individual_negative,individual_zero,block_positive,block_negative,block_zero
RARE|IID|ACTIVE_C0-NOVEL_C0|D40,-0.12760416666666666,-0.20149739583333334,-0.058919270833333336,negative,carrier frequency change; first minus second arm,9,35,148,4,14,6
RARE|IID|ACTIVE_C0-NOVEL_C0|E1,-0.0009826660156250083,-0.0015991719563802108,-0.00038653055826824305,negative,raw accuracy; first minus second arm,48,73,71,6,18,0
RARE|IID|ACTIVE_C0-NOVEL_C0|E2,8.646647135416667e-05,-0.0012442525227864785,0.0015565490722656567,unresolved,raw accuracy; first minus second arm,55,66,71,10,14,0
RARE|IID|ACTIVE_C0-NOVEL_C0|E3,-0.0019877115885416677,-0.003584442138671872,-0.0002773030598958187,negative,raw accuracy; first minus second arm,52,71,69,6,17,1
RARE|IID|ACTIVE_C0-NOVEL_C0|E4,-0.0010955810546875212,-0.0027866872151693037,0.0005230458577473769,unresolved,raw accuracy; first minus second arm,55,68,69,9,15,0
RARE|IID|ACTIVE_C0-NOVEL_C0|E5,-0.0027557373046875008,-0.004525807698567713,-0.001189092000325559,negative,raw accuracy; first minus second arm,50,72,70,7,17,0
RARE|IID|ACTIVE_C0-NOVEL_C0|E6,-0.002361043294270814,-0.004065017700195293,-0.0006874847412109146,negative,raw accuracy; first minus second arm,46,75,71,8,16,0
RARE|IID|ACTIVE_C0-NOVEL_C0|E7,-0.0021382649739583406,-0.003318354288737014,-0.001043167114257801,negative,raw accuracy; first minus second arm,50,73,69,4,20,0
RARE|IID|ACTIVE_C0-NOVEL_C0|E8,-0.00015055338541666852,-0.0018569437662760504,0.001573994954427107,unresolved,raw accuracy; first minus second arm,63,59,70,12,12,0
RARE|IID|ACTIVE_C0-NOVEL_C0|F,-0.08856201171875,-0.1440997314453125,-0.038645833333333345,negative,carrier frequency; first minus second arm,42,82,68,7,17,0
RARE|IID|ACTIVE_C0-NOVEL_C0|F0,0.0,0.0,0.0,structural_zero,design-implied zero,0,0,192,0,0,24
RARE|IID|ACTIVE_C0-NOVEL_C0|F1,-0.009440104166666666,-0.014322916666666666,-0.004557291666666667,negative,carrier frequency; first minus second arm,16,52,124,5,16,3
RARE|IID|ACTIVE_C0-NOVEL_C0|F40,-0.12760416666666666,-0.20149739583333334,-0.058919270833333336,negative,carrier frequency; first minus second arm,9,35,148,4,14,6
RARE|IID|ACTIVE_C0-NOVEL_C0|FE1,-0.01455078125,-0.026171874999999994,-0.0015616861979166725,negative,carrier frequency; first minus second arm,41,77,74,8,16,0
RARE|IID|ACTIVE_C0-NOVEL_C0|FE2,-0.04202473958333333,-0.07854899088541666,-0.005598144531250004,negative,carrier frequency; first minus second arm,29,55,108,7,17,0
RARE|IID|ACTIVE_C0-NOVEL_C0|FE3,-0.07122395833333334,-0.12354410807291667,-0.020635579427083352,negative,carrier frequency; first minus second arm,18,49,125,8,15,1
RARE|IID|ACTIVE_C0-NOVEL_C0|FE4,-0.09736328125,-0.16390055338541668,-0.03925048828125004,negative,carrier frequency; first minus second arm,18,42,132,7,16,1
RARE|IID|ACTIVE_C0-NOVEL_C0|FE5,-0.11266276041666667,-0.1809912109375,-0.04947672526041668,negative,carrier frequency; first minus second arm,13,37,142,6,14,4
RARE|IID|ACTIVE_C0-NOVEL_C0|FE6,-0.12122395833333333,-0.19138997395833335,-0.057159016927083355,negative,carrier frequency; first minus second arm,13,36,143,5,14,5
RARE|IID|ACTIVE_C0-NOVEL_C0|FE7,-0.12249348958333334,-0.1947021484375,-0.056147460937500025,negative,carrier frequency; first minus second arm,13,35,144,5,14,5
RARE|IID|ACTIVE_C0-NOVEL_C0|FE8,-0.126953125,-0.2007373046875,-0.058066406250000036,negative,carrier frequency; first minus second arm,9,35,148,4,14,6
RARE|IID|ACTIVE_C0-NOVEL_C0|MLOSS,0.00142313639322917,0.000760968526204444,0.002104895909627266,positive,raw mismatch; first minus second arm,85,38,69,17,7,0
RARE|IID|ACTIVE_C0-NOVEL_C0|U,-0.0014231363932291862,-0.002104895909627287,-0.000760968526204417,negative,raw accuracy; first minus second arm,38,85,69,7,17,0
RARE|IID|ACTIVE_C0-NOVEL_C0|U0,0.0,0.0,0.0,structural_zero,design-implied zero,0,0,192,0,0,24
RARE|IID|ACTIVE_C0-NOVEL_C0|U1,-0.0010274251302083333,-0.0014750162760416667,-0.0006154378255208334,negative,raw accuracy; first minus second arm,2,48,142,0,19,5
RARE|IID|ACTIVE_C0-NOVEL_C0|U40,-0.00023905436197916666,-0.003931935628255208,0.004178237915039049,unresolved,raw accuracy; first minus second arm,61,62,69,12,12,0
RARE|IID|ACTIVE_C0-SHAM_C0|D40,0.052083333333333336,0.026041666666666668,0.08333333333333333,positive,carrier frequency change; first minus second arm,12,2,178,9,0,15
RARE|IID|ACTIVE_C0-SHAM_C0|E1,-5.187988281248982e-05,-0.0005126953124999779,0.0003936767578125028,unresolved,raw accuracy; first minus second arm,33,35,124,10,12,2
RARE|IID|ACTIVE_C0-SHAM_C0|E2,0.0009806315104166536,-0.00031941731770835773,0.0021424357096354245,unresolved,raw accuracy; first minus second arm,39,33,120,15,8,1
RARE|IID|ACTIVE_C0-SHAM_C0|E3,0.0006968180338541713,-0.0006146494547525961,0.0020507812499999858,unresolved,raw accuracy; first minus second arm,42,30,120,12,11,1
RARE|IID|ACTIVE_C0-SHAM_C0|E4,0.0003255208333333241,-0.0009465789794921835,0.0016663869222005036,unresolved,raw accuracy; first minus second arm,38,33,121,12,11,1
RARE|IID|ACTIVE_C0-SHAM_C0|E5,-0.0005177815755208528,-0.0017730712890625068,0.0006317647298176793,unresolved,raw accuracy; first minus second arm,35,36,121,10,13,1
RARE|IID|ACTIVE_C0-SHAM_C0|E6,0.0006093343098958528,-0.0004946390787760403,0.0018850962320963646,unresolved,raw accuracy; first minus second arm,37,34,121,12,11,1
RARE|IID|ACTIVE_C0-SHAM_C0|E7,0.00024820963541666297,-0.0007142384847005284,0.001440556844075524,unresolved,raw accuracy; first minus second arm,36,35,121,9,14,1
RARE|IID|ACTIVE_C0-SHAM_C0|E8,0.0014109293619791695,-6.528218587241498e-05,0.002850443522135437,unresolved,raw accuracy; first minus second arm,45,27,120,15,8,1
RARE|IID|ACTIVE_C0-SHAM_C0|F,0.040913899739583336,0.019644775390624997,0.06399943033854165,positive,carrier frequency; first minus second arm,46,26,120,17,6,1
RARE|IID|ACTIVE_C0-SHAM_C0|F0,0.0,0.0,0.0,structural_zero,design-implied zero,0,0,192,0,0,24
RARE|IID|ACTIVE_C0-SHAM_C0|F1,0.0,0.0,0.0,structural_zero,design-implied zero,0,0,192,0,0,24
RARE|IID|ACTIVE_C0-SHAM_C0|F40,0.052083333333333336,0.026041666666666668,0.08333333333333333,positive,carrier frequency; first minus second arm,12,2,178,9,0,15
RARE|IID|ACTIVE_C0-SHAM_C0|FE1,0.00791015625,0.0024080403645833316,0.015201822916666665,positive,carrier frequency; first minus second arm,39,30,123,16,6,2
RARE|IID|ACTIVE_C0-SHAM_C0|FE2,0.020833333333333332,0.00559814453125,0.03697998046874999,positive,carrier frequency; first minus second arm,34,12,146,16,4,4
RARE|IID|ACTIVE_C0-SHAM_C0|FE3,0.040266927083333334,0.018682454427083335,0.06263427734374999,positive,carrier frequency; first minus second arm,23,10,159,14,3,7
RARE|IID|ACTIVE_C0-SHAM_C0|FE4,0.046679687500000004,0.020638020833333336,0.07444742838541667,positive,carrier frequency; first minus second arm,17,5,170,12,3,9
RARE|IID|ACTIVE_C0-SHAM_C0|FE5,0.05377604166666666,0.02713541666666667,0.08359456380208331,positive,carrier frequency; first minus second arm,14,4,174,11,2,11
RARE|IID|ACTIVE_C0-SHAM_C0|FE6,0.051920572916666664,0.02340494791666667,0.08255452473958332,positive,carrier frequency; first minus second arm,13,3,176,10,2,12
RARE|IID|ACTIVE_C0-SHAM_C0|FE7,0.05328776041666666,0.026269531250000002,0.08356119791666666,positive,carrier frequency; first minus second arm,13,2,177,11,0,13
RARE|IID|ACTIVE_C0-SHAM_C0|FE8,0.05263671875,0.02607421875,0.08336588541666667,positive,carrier frequency; first minus second arm,13,2,177,11,0,13
RARE|IID|ACTIVE_C0-SHAM_C0|MLOSS,-0.0004627227783203074,-0.0009474500020345011,-8.123715718586722e-05,negative,raw mismatch; first minus second arm,33,39,120,7,16,1
RARE|IID|ACTIVE_C0-SHAM_C0|U,0.00046272277832030045,8.123715718584684e-05,0.0009474500020344899,positive,raw accuracy; first minus second arm,39,33,120,16,7,1
RARE|IID|ACTIVE_C0-SHAM_C0|U0,0.0,0.0,0.0,structural_zero,design-implied zero,0,0,192,0,0,24
RARE|IID|ACTIVE_C0-SHAM_C0|U1,0.0,0.0,0.0,structural_zero,design-implied zero,0,0,192,0,0,24
RARE|IID|ACTIVE_C0-SHAM_C0|U40,0.0016581217447916667,-0.0023653666178385414,0.005768076578776041,unresolved,raw accuracy; first minus second arm,41,31,120,11,12,1
RARE|IID|ACTIVE_C0|D40,0.046875,0.020833333333333332,0.07304687499999929,positive,carrier frequency change; absolute,15,177,0,14,10,0
RARE|IID|ACTIVE_C0|E1,0.6080047607421876,0.6051543680826823,0.6110321299235025,positive,raw accuracy; absolute,192,0,0,24,0,0
RARE|IID|ACTIVE_C0|E2,0.6158223470052083,0.6134517923990885,0.6182942708333333,positive,raw accuracy; absolute,192,0,0,24,0,0
RARE|IID|ACTIVE_C0|E3,0.6136474609375,0.6108772532145182,0.6165679423014323,positive,raw accuracy; absolute,192,0,0,24,0,0
RARE|IID|ACTIVE_C0|E4,0.6167104085286459,0.6139736429850261,0.6192051442464194,positive,raw accuracy; absolute,192,0,0,24,0,0
RARE|IID|ACTIVE_C0|E5,0.6136128743489583,0.611779556274414,0.615572255452474,positive,raw accuracy; absolute,192,0,0,24,0,0
RARE|IID|ACTIVE_C0|E6,0.6146352132161459,0.6125318908691406,0.6169547017415364,positive,raw accuracy; absolute,192,0,0,24,0,0
RARE|IID|ACTIVE_C0|E7,0.6137552897135418,0.6118753814697266,0.6156863657633463,positive,raw accuracy; absolute,192,0,0,24,0,0
RARE|IID|ACTIVE_C0|E8,0.6166463216145833,0.6134060668945314,0.619972178141276,positive,raw accuracy; absolute,192,0,0,24,0,0
RARE|IID|ACTIVE_C0|F,0.06684977213541667,0.04503011067708334,0.08950937906901038,positive,carrier frequency; absolute,121,0,71,24,0,0
RARE|IID|ACTIVE_C0|F0,0.03125,0.03125,0.03125,positive,carrier frequency; absolute,192,0,0,24,0,0
RARE|IID|ACTIVE_C0|F1,0.0302734375,0.02587890625,0.034830729166666664,positive,carrier frequency; absolute,121,0,71,24,0,0
RARE|IID|ACTIVE_C0|F40,0.078125,0.052083333333333336,0.10429687499999929,positive,carrier frequency; absolute,15,0,177,14,0,10
RARE|IID|ACTIVE_C0|FE1,0.037402343750000004,0.0287744140625,0.04661539713541665,positive,carrier frequency; absolute,121,0,71,24,0,0
RARE|IID|ACTIVE_C0|FE2,0.05279947916666667,0.03437337239583333,0.07289957682291659,positive,carrier frequency; absolute,44,0,148,20,0,4
RARE|IID|ACTIVE_C0|FE3,0.06669921875,0.04296549479166667,0.09196044921875,positive,carrier frequency; absolute,26,0,166,17,0,7
RARE|IID|ACTIVE_C0|FE4,0.07047526041666667,0.04446614583333333,0.09759440104166665,positive,carrier frequency; absolute,22,0,170,17,0,7
RARE|IID|ACTIVE_C0|FE5,0.07542317708333333,0.04871256510416667,0.10294189453124995,positive,carrier frequency; absolute,17,0,175,15,0,9
RARE|IID|ACTIVE_C0|FE6,0.075,0.04680989583333334,0.10358154296875,positive,carrier frequency; absolute,16,0,176,14,0,10
RARE|IID|ACTIVE_C0|FE7,0.07835286458333333,0.052083333333333336,0.10518554687499942,positive,carrier frequency; absolute,16,0,176,14,0,10
RARE|IID|ACTIVE_C0|FE8,0.07864583333333333,0.052083333333333336,0.10632812499999957,positive,carrier frequency; absolute,16,0,176,14,0,10
RARE|IID|ACTIVE_C0|MLOSS,0.38589566548665366,0.3851429526011148,0.38665708859761555,positive,raw mismatch; absolute,192,0,0,24,0,0
RARE|IID|ACTIVE_C0|U,0.6141043345133463,0.6133429114023844,0.6148570473988851,positive,raw accuracy; absolute,192,0,0,24,0,0
RARE|IID|ACTIVE_C0|U0,0.4986979166666667,0.46875,0.5286458333333334,positive,raw accuracy; absolute,192,0,0,24,0,0
RARE|IID|ACTIVE_C0|U1,0.5824025472005209,0.5755299886067708,0.5895715077718099,positive,raw accuracy; absolute,192,0,0,24,0,0
RARE|IID|ACTIVE_C0|U40,0.6125691731770834,0.606353759765625,0.6186831156412761,positive,raw accuracy; absolute,192,0,0,24,0,0
RARE|IID|ACTIVE_C1-NOVEL_C1|D40,0.0,0.0,0.0,observed_exact_zero,sampled equality; not a design guarantee,0,0,192,0,0,24
RARE|IID|ACTIVE_C1-NOVEL_C1|E1,0.000472005208333325,-0.0001363881429036469,0.0010814158121744755,unresolved,raw accuracy; first minus second arm,36,28,128,15,8,1
RARE|IID|ACTIVE_C1-NOVEL_C1|E2,-0.0005676269531249972,-0.0016469828287760382,0.0005981699625651197,unresolved,raw accuracy; first minus second arm,25,37,130,9,14,1
RARE|IID|ACTIVE_C1-NOVEL_C1|E3,-8.748372395832778e-05,-0.0011352793375651025,0.0011495463053385504,unresolved,raw accuracy; first minus second arm,27,36,129,8,15,1
RARE|IID|ACTIVE_C1-NOVEL_C1|E4,0.0005360921223958315,-0.0005026245117187555,0.0016876475016276138,unresolved,raw accuracy; first minus second arm,27,34,131,12,11,1
RARE|IID|ACTIVE_C1-NOVEL_C1|E5,0.00025533040364582316,-0.0008829752604166737,0.0013438161214192788,unresolved,raw accuracy; first minus second arm,36,27,129,12,11,1
RARE|IID|ACTIVE_C1-NOVEL_C1|E6,0.000842285156249988,-0.0006164550781249997,0.002084452311197907,unresolved,raw accuracy; first minus second arm,37,25,130,16,7,1
RARE|IID|ACTIVE_C1-NOVEL_C1|E7,0.0013651529947916695,0.0005043029785156421,0.0022562917073567948,positive,raw accuracy; first minus second arm,42,20,130,17,5,2
RARE|IID|ACTIVE_C1-NOVEL_C1|E8,0.0006072998046875074,-0.0006206512451171875,0.0020012156168619983,unresolved,raw accuracy; first minus second arm,38,24,130,10,12,2
RARE|IID|ACTIVE_C1-NOVEL_C1|F,0.0004882812500000001,-0.00067138671875,0.002042948404947915,unresolved,carrier frequency; first minus second arm,13,51,128,3,19,2
RARE|IID|ACTIVE_C1-NOVEL_C1|F0,0.0,0.0,0.0,structural_zero,design-implied zero,0,0,192,0,0,24
RARE|IID|ACTIVE_C1-NOVEL_C1|F1,-0.009765625,-0.01318359375,-0.00634765625,negative,carrier frequency; first minus second arm,1,41,150,0,19,5
RARE|IID|ACTIVE_C1-NOVEL_C1|F40,0.0,0.0,0.0,observed_exact_zero,sampled equality; not a design guarantee,0,0,192,0,0,24
RARE|IID|ACTIVE_C1-NOVEL_C1|FE1,-0.004199218750000001,-0.007715657552083335,0.0001953124999999996,unresolved,carrier frequency; first minus second arm,11,53,128,1,21,2
RARE|IID|ACTIVE_C1-NOVEL_C1|FE2,0.004329427083333333,0.00016276041666666666,0.010644531249999999,positive,carrier frequency; first minus second arm,6,5,181,5,3,16
RARE|IID|ACTIVE_C1-NOVEL_C1|FE3,0.0014973958333333334,0.0,0.004264322916666667,unresolved,carrier frequency; first minus second arm,2,0,190,2,0,22
RARE|IID|ACTIVE_C1-NOVEL_C1|FE4,0.001171875,0.0,0.003515625,unresolved,carrier frequency; first minus second arm,1,0,191,1,0,23
RARE|IID|ACTIVE_C1-NOVEL_C1|FE5,0.0010091145833333334,0.0,0.00302734375,unresolved,carrier frequency; first minus second arm,1,0,191,1,0,23
RARE|IID|ACTIVE_C1-NOVEL_C1|FE6,9.765624999999999e-05,0.0,0.00029296875,unresolved,carrier frequency; first minus second arm,1,0,191,1,0,23
RARE|IID|ACTIVE_C1-NOVEL_C1|FE7,0.0,0.0,0.0,observed_exact_zero,sampled equality; not a design guarantee,0,0,192,0,0,24
RARE|IID|ACTIVE_C1-NOVEL_C1|FE8,0.0,0.0,0.0,observed_exact_zero,sampled equality; not a design guarantee,0,0,192,0,0,24
RARE|IID|ACTIVE_C1-NOVEL_C1|MLOSS,-0.0004278818766276042,-0.0008898830413818305,-4.560788472491878e-05,negative,raw mismatch; first minus second arm,27,38,127,9,13,2
RARE|IID|ACTIVE_C1-NOVEL_C1|U,0.0004278818766275995,4.560788472493226e-05,0.0008898830413818159,positive,raw accuracy; first minus second arm,38,27,127,13,9,2
RARE|IID|ACTIVE_C1-NOVEL_C1|U0,0.0,0.0,0.0,structural_zero,design-implied zero,0,0,192,0,0,24
RARE|IID|ACTIVE_C1-NOVEL_C1|U1,-0.0009714762369791666,-0.0014190673828125,-0.0005544026692708334,negative,raw accuracy; first minus second arm,1,41,150,0,19,5
RARE|IID|ACTIVE_C1-NOVEL_C1|U40,-0.0012257893880208333,-0.004633839925130208,0.0030122121175130147,unresolved,raw accuracy; first minus second arm,30,33,129,10,13,1
RARE|IID|ACTIVE_C1-SHAM_C1|D40,0.0,0.0,0.0,observed_exact_zero,sampled equality; not a design guarantee,0,0,192,0,0,24
RARE|IID|ACTIVE_C1-SHAM_C1|E1,0.00039571126302083887,9.867350260416922e-05,0.0008046468098958419,positive,raw accuracy; first minus second arm,16,3,173,8,1,15
RARE|IID|ACTIVE_C1-SHAM_C1|E2,-0.00046895345052084164,-0.001219838460286473,0.0001749674479166603,unresolved,raw accuracy; first minus second arm,5,13,174,2,7,15
RARE|IID|ACTIVE_C1-SHAM_C1|E3,0.0006561279296875092,-0.00022799173990885544,0.0018233744303385606,unresolved,raw accuracy; first minus second arm,12,6,174,5,4,15
RARE|IID|ACTIVE_C1-SHAM_C1|E4,-0.00038859049479166946,-0.0007863362630208309,-6.609598795572932e-05,negative,raw accuracy; first minus second arm,7,11,174,2,7,15
RARE|IID|ACTIVE_C1-SHAM_C1|E5,0.0004384358723958324,-0.0003683725992838707,0.001202596028645835,unresolved,raw accuracy; first minus second arm,13,5,174,7,2,15
RARE|IID|ACTIVE_C1-SHAM_C1|E6,-0.0005076090494791722,-0.000968602498372412,-0.00013015747070313597,negative,raw accuracy; first minus second arm,6,11,175,1,8,15
RARE|IID|ACTIVE_C1-SHAM_C1|E7,0.000426228841145825,-8.959452311199899e-05,0.0010378265380859267,unresolved,raw accuracy; first minus second arm,14,4,174,7,2,15
RARE|IID|ACTIVE_C1-SHAM_C1|E8,0.0007609049479166777,0.0001830291748046966,0.0015289815266927374,positive,raw accuracy; first minus second arm,13,5,174,6,3,15
RARE|IID|ACTIVE_C1-SHAM_C1|F,0.0015625000000000003,0.00019500732421875,0.003361511230468747,positive,carrier frequency; first minus second arm,17,1,174,8,0,16
RARE|IID|ACTIVE_C1-SHAM_C1|F0,0.0,0.0,0.0,structural_zero,design-implied zero,0,0,192,0,0,24
RARE|IID|ACTIVE_C1-SHAM_C1|F1,0.0,0.0,0.0,structural_zero,design-implied zero,0,0,192,0,0,24
RARE|IID|ACTIVE_C1-SHAM_C1|F40,0.0,0.0,0.0,observed_exact_zero,sampled equality; not a design guarantee,0,0,192,0,0,24
RARE|IID|ACTIVE_C1-SHAM_C1|FE1,0.0027669270833333335,9.765624999999991e-05,0.006575520833333333,positive,carrier frequency; first minus second arm,15,3,174,6,2,16
RARE|IID|ACTIVE_C1-SHAM_C1|FE2,0.005859375,0.0009114583333333332,0.01272867838541666,positive,carrier frequency; first minus second arm,5,0,187,4,0,20
RARE|IID|ACTIVE_C1-SHAM_C1|FE3,0.0015950520833333335,0.0,0.004557291666666667,unresolved,carrier frequency; first minus second arm,2,0,190,2,0,22
RARE|IID|ACTIVE_C1-SHAM_C1|FE4,0.001171875,0.0,0.003515625,unresolved,carrier frequency; first minus second arm,1,0,191,1,0,23
RARE|IID|ACTIVE_C1-SHAM_C1|FE5,0.0010091145833333334,0.0,0.00302734375,unresolved,carrier frequency; first minus second arm,1,0,191,1,0,23
RARE|IID|ACTIVE_C1-SHAM_C1|FE6,9.765624999999999e-05,0.0,0.00029296875,unresolved,carrier frequency; first minus second arm,1,0,191,1,0,23
RARE|IID|ACTIVE_C1-SHAM_C1|FE7,0.0,0.0,0.0,observed_exact_zero,sampled equality; not a design guarantee,0,0,192,0,0,24
RARE|IID|ACTIVE_C1-SHAM_C1|FE8,0.0,0.0,0.0,observed_exact_zero,sampled equality; not a design guarantee,0,0,192,0,0,24
RARE|IID|ACTIVE_C1-SHAM_C1|MLOSS,-0.0001640319824218727,-0.0003542677561442107,-1.0929107666011472e-05,negative,raw mismatch; first minus second arm,6,13,173,2,7,15
RARE|IID|ACTIVE_C1-SHAM_C1|U,0.00016403198242187037,1.0929107666009126e-05,0.0003542677561442082,positive,raw accuracy; first minus second arm,13,6,173,7,2,15
RARE|IID|ACTIVE_C1-SHAM_C1|U0,0.0,0.0,0.0,structural_zero,design-implied zero,0,0,192,0,0,24
RARE|IID|ACTIVE_C1-SHAM_C1|U1,0.0,0.0,0.0,structural_zero,design-implied zero,0,0,192,0,0,24
RARE|IID|ACTIVE_C1-SHAM_C1|U40,-0.0002543131510416667,-0.0016582489013671875,0.0011599222819010404,unresolved,raw accuracy; first minus second arm,8,10,174,3,6,15
RARE|IID|ACTIVE_C1|D40,-0.03125,-0.03125,-0.03125,negative,carrier frequency change; absolute,0,192,0,0,24,0
RARE|IID|ACTIVE_C1|E1,0.6082621256510418,0.6051409657796224,0.6115889739990235,positive,raw accuracy; absolute,192,0,0,24,0,0
RARE|IID|ACTIVE_C1|E2,0.6145792643229167,0.6120757039388021,0.6169902038574219,positive,raw accuracy; absolute,192,0,0,24,0,0
RARE|IID|ACTIVE_C1|E3,0.6128163655598958,0.6099710083007813,0.616075897216797,positive,raw accuracy; absolute,192,0,0,24,0,0
RARE|IID|ACTIVE_C1|E4,0.6156341552734376,0.6128885142008464,0.6182823435465494,positive,raw accuracy; absolute,192,0,0,24,0,0
RARE|IID|ACTIVE_C1|E5,0.6146535237630207,0.6126647694905599,0.6167950693766275,positive,raw accuracy; absolute,192,0,0,24,0,0
RARE|IID|ACTIVE_C1|E6,0.6143605550130209,0.6123389943440756,0.616502939860026,positive,raw accuracy; absolute,192,0,0,24,0,0
RARE|IID|ACTIVE_C1|E7,0.6129384358723958,0.6107567342122395,0.615082982381185,positive,raw accuracy; absolute,192,0,0,24,0,0
RARE|IID|ACTIVE_C1|E8,0.6161397298177084,0.6130894724527994,0.6194004058837891,positive,raw accuracy; absolute,192,0,0,24,0,0
RARE|IID|ACTIVE_C1|F,0.0023722330729166667,0.0008300781250000001,0.004451497395833333,positive,carrier frequency; absolute,49,0,143,23,0,1
RARE|IID|ACTIVE_C1|F0,0.03125,0.03125,0.03125,positive,carrier frequency; absolute,192,0,0,24,0,0
RARE|IID|ACTIVE_C1|F1,0.013020833333333334,0.009114583333333334,0.017740885416666668,positive,carrier frequency; absolute,49,0,143,23,0,1
RARE|IID|ACTIVE_C1|F40,0.0,0.0,0.0,observed_exact_zero,sampled equality; not a design guarantee,0,0,192,0,0,24
RARE|IID|ACTIVE_C1|FE1,0.0091796875,0.004752604166666667,0.015040690104166659,positive,carrier frequency; absolute,49,0,143,23,0,1
RARE|IID|ACTIVE_C1|FE2,0.005924479166666667,0.0010083007812500002,0.012793782552083329,positive,carrier frequency; absolute,6,0,186,5,0,19
RARE|IID|ACTIVE_C1|FE3,0.0015950520833333335,0.0,0.004557291666666667,unresolved,carrier frequency; absolute,2,0,190,2,0,22
RARE|IID|ACTIVE_C1|FE4,0.001171875,0.0,0.003515625,unresolved,carrier frequency; absolute,1,0,191,1,0,23
RARE|IID|ACTIVE_C1|FE5,0.0010091145833333334,0.0,0.00302734375,unresolved,carrier frequency; absolute,1,0,191,1,0,23
RARE|IID|ACTIVE_C1|FE6,9.765624999999999e-05,0.0,0.00029296875,unresolved,carrier frequency; absolute,1,0,191,1,0,23
RARE|IID|ACTIVE_C1|FE7,0.0,0.0,0.0,observed_exact_zero,sampled equality; not a design guarantee,0,0,192,0,0,24
RARE|IID|ACTIVE_C1|FE8,0.0,0.0,0.0,observed_exact_zero,sampled equality; not a design guarantee,0,0,192,0,0,24
RARE|IID|ACTIVE_C1|MLOSS,0.3863269805908203,0.38562299728393556,0.3870348294576009,positive,raw mismatch; absolute,192,0,0,24,0,0
RARE|IID|ACTIVE_C1|U,0.6136730194091796,0.612965170542399,0.6143770027160644,positive,raw accuracy; absolute,192,0,0,24,0,0
RARE|IID|ACTIVE_C1|U0,0.4986979166666667,0.46875,0.5286458333333334,positive,raw accuracy; absolute,192,0,0,24,0,0
RARE|IID|ACTIVE_C1|U1,0.5822194417317709,0.5753604888916015,0.5893727620442708,positive,raw accuracy; absolute,192,0,0,24,0,0
RARE|IID|ACTIVE_C1|U40,0.6099802652994791,0.6035919189453125,0.6169387817382812,positive,raw accuracy; absolute,192,0,0,24,0,0
RARE|IID|NOVEL_C0-SHAM_C0|D40,0.1796875,0.109375,0.2509765625,positive,carrier frequency change; first minus second arm,39,3,150,16,2,6
RARE|IID|NOVEL_C0-SHAM_C0|E1,0.0009307861328125185,0.0002897135416666977,0.0015431976318359586,positive,raw accuracy; first minus second arm,63,46,83,17,7,0
RARE|IID|NOVEL_C0-SHAM_C0|E2,0.000894165039062487,-0.0007355753580729509,0.00251373291015623,unresolved,raw accuracy; first minus second arm,64,47,81,15,9,0
RARE|IID|NOVEL_C0-SHAM_C0|E3,0.002684529622395839,0.0005294036865234322,0.004770075480143229,positive,raw accuracy; first minus second arm,69,41,82,16,8,0
RARE|IID|NOVEL_C0-SHAM_C0|E4,0.0014211018880208454,6.159464518228216e-05,0.002851409912109382,positive,raw accuracy; first minus second arm,59,52,81,14,10,0
RARE|IID|NOVEL_C0-SHAM_C0|E5,0.0022379557291666483,0.0010945383707681921,0.0033438873291015366,positive,raw accuracy; first minus second arm,65,44,83,17,7,0
RARE|IID|NOVEL_C0-SHAM_C0|E6,0.0029703776041666665,0.0015177154541015751,0.004489186604817678,positive,raw accuracy; first minus second arm,73,37,82,18,6,0
RARE|IID|NOVEL_C0-SHAM_C0|E7,0.0023864746093750036,0.001058756510416675,0.0037833658854166804,positive,raw accuracy; first minus second arm,71,40,81,19,5,0
RARE|IID|NOVEL_C0-SHAM_C0|E8,0.001561482747395838,0.0001412709554036293,0.002950108846028673,positive,raw accuracy; first minus second arm,60,50,82,17,7,0
RARE|IID|NOVEL_C0-SHAM_C0|F,0.12947591145833334,0.08004364013671876,0.1804579671223958,positive,carrier frequency; first minus second arm,91,26,75,20,4,0
RARE|IID|NOVEL_C0-SHAM_C0|F0,0.0,0.0,0.0,structural_zero,design-implied zero,0,0,192,0,0,24
RARE|IID|NOVEL_C0-SHAM_C0|F1,0.009440104166666666,0.004557291666666667,0.014322916666666666,positive,carrier frequency; first minus second arm,52,16,124,16,5,3
RARE|IID|NOVEL_C0-SHAM_C0|F40,0.1796875,0.109375,0.2509765625,positive,carrier frequency; first minus second arm,39,3,150,16,2,6
RARE|IID|NOVEL_C0-SHAM_C0|FE1,0.0224609375,0.011522623697916666,0.03294270833333333,positive,carrier frequency; first minus second arm,83,33,76,21,3,0
RARE|IID|NOVEL_C0-SHAM_C0|FE2,0.06285807291666666,0.03019938151041666,0.09531249999999998,positive,carrier frequency; first minus second arm,62,16,114,19,4,1
RARE|IID|NOVEL_C0-SHAM_C0|FE3,0.11149088541666667,0.06620442708333335,0.15847167968749995,positive,carrier frequency; first minus second arm,52,9,131,18,4,2
RARE|IID|NOVEL_C0-SHAM_C0|FE4,0.14404296875,0.08741943359375001,0.20332438151041665,positive,carrier frequency; first minus second arm,46,6,140,18,3,3
RARE|IID|NOVEL_C0-SHAM_C0|FE5,0.1664388020833333,0.10295979817708334,0.2308308919270833,positive,carrier frequency; first minus second arm,41,3,148,16,2,6
RARE|IID|NOVEL_C0-SHAM_C0|FE6,0.17314453124999998,0.109599609375,0.23841552734374996,positive,carrier frequency; first minus second arm,40,3,149,16,2,6
RARE|IID|NOVEL_C0-SHAM_C0|FE7,0.17578125,0.10838704427083333,0.24313720703125,positive,carrier frequency; first minus second arm,39,3,150,16,2,6
RARE|IID|NOVEL_C0-SHAM_C0|FE8,0.17958984375,0.1094384765625,0.25084798177083334,positive,carrier frequency; first minus second arm,39,3,150,16,2,6
RARE|IID|NOVEL_C0-SHAM_C0|MLOSS,-0.0018858591715494772,-0.0025946331024169897,-0.001201852162679033,negative,raw mismatch; first minus second arm,30,82,80,3,21,0
RARE|IID|NOVEL_C0-SHAM_C0|U,0.0018858591715494866,0.0012018521626790237,0.0025946331024169923,positive,raw accuracy; first minus second arm,82,30,80,21,3,0
RARE|IID|NOVEL_C0-SHAM_C0|U0,0.0,0.0,0.0,structural_zero,design-implied zero,0,0,192,0,0,24
RARE|IID|NOVEL_C0-SHAM_C0|U1,0.0010274251302083333,0.0006154378255208334,0.0014750162760416667,positive,raw accuracy; first minus second arm,48,2,142,19,0,5
RARE|IID|NOVEL_C0-SHAM_C0|U40,0.0018971761067708333,-0.001607513427734375,0.005534871419270828,unresolved,raw accuracy; first minus second arm,57,54,81,11,13,0
RARE|IID|NOVEL_C0|D40,0.17447916666666666,0.11100260416666667,0.2402425130208333,positive,carrier frequency change; absolute,41,151,0,17,7,0
RARE|IID|NOVEL_C0|E1,0.6089874267578125,0.6061207580566406,0.6121215311686198,positive,raw accuracy; absolute,192,0,0,24,0,0
RARE|IID|NOVEL_C0|E2,0.6157358805338542,0.6133144124348959,0.6184246063232423,positive,raw accuracy; absolute,192,0,0,24,0,0
RARE|IID|NOVEL_C0|E3,0.6156351725260416,0.6128214518229167,0.6185730234781901,positive,raw accuracy; absolute,192,0,0,24,0,0
RARE|IID|NOVEL_C0|E4,0.6178059895833333,0.6151672108968099,0.6204500325520833,positive,raw accuracy; absolute,192,0,0,24,0,0
RARE|IID|NOVEL_C0|E5,0.6163686116536459,0.614154815673828,0.6188184865315756,positive,raw accuracy; absolute,192,0,0,24,0,0
RARE|IID|NOVEL_C0|E6,0.6169962565104167,0.6142791239420573,0.6194989013671875,positive,raw accuracy; absolute,192,0,0,24,0,0
RARE|IID|NOVEL_C0|E7,0.6158935546875001,0.6139047241210938,0.6177614593505859,positive,raw accuracy; absolute,192,0,0,24,0,0
RARE|IID|NOVEL_C0|E8,0.616796875,0.6144754791259767,0.6189749908447265,positive,raw accuracy; absolute,192,0,0,24,0,0
RARE|IID|NOVEL_C0|F,0.15541178385416668,0.10954945882161458,0.20185119628906242,positive,carrier frequency; absolute,137,0,55,24,0,0
RARE|IID|NOVEL_C0|F0,0.03125,0.03125,0.03125,positive,carrier frequency; absolute,192,0,0,24,0,0
RARE|IID|NOVEL_C0|F1,0.039713541666666664,0.034830729166666664,0.044921875,positive,carrier frequency; absolute,137,0,55,24,0,0
RARE|IID|NOVEL_C0|F40,0.20572916666666666,0.14225260416666666,0.27149251302083327,positive,carrier frequency; absolute,41,0,151,17,0,7
RARE|IID|NOVEL_C0|FE1,0.05195312499999999,0.040005696614583336,0.06373779296875,positive,carrier frequency; absolute,137,0,55,24,0,0
RARE|IID|NOVEL_C0|FE2,0.09482421874999998,0.0654931640625,0.12562093098958332,positive,carrier frequency; absolute,68,0,124,21,0,3
RARE|IID|NOVEL_C0|FE3,0.13792317708333332,0.09709147135416665,0.18135009765624996,positive,carrier frequency; absolute,56,0,136,20,0,4
RARE|IID|NOVEL_C0|FE4,0.16783854166666667,0.1175048828125,0.2211287434895833,positive,carrier frequency; absolute,49,0,143,20,0,4
RARE|IID|NOVEL_C0|FE5,0.1880859375,0.13123453776041666,0.24496012369791664,positive,carrier frequency; absolute,44,0,148,18,0,6
RARE|IID|NOVEL_C0|FE6,0.1962239583333333,0.13817789713541667,0.25416748046875,positive,carrier frequency; absolute,43,0,149,18,0,6
RARE|IID|NOVEL_C0|FE7,0.20084635416666666,0.13941162109375002,0.263349609375,positive,carrier frequency; absolute,42,0,150,18,0,6
RARE|IID|NOVEL_C0|FE8,0.20559895833333333,0.14192708333333334,0.2708382161458333,positive,carrier frequency; absolute,41,0,151,17,0,7
RARE|IID|NOVEL_C0|MLOSS,0.3844725290934245,0.38368659337361655,0.3852753893534342,positive,raw mismatch; absolute,192,0,0,24,0,0
RARE|IID|NOVEL_C0|U,0.6155274709065756,0.6147246106465658,0.6163134066263835,positive,raw accuracy; absolute,192,0,0,24,0,0
RARE|IID|NOVEL_C0|U0,0.4986979166666667,0.46875,0.5286458333333334,positive,raw accuracy; absolute,192,0,0,24,0,0
RARE|IID|NOVEL_C0|U1,0.5834299723307291,0.5767818450927734,0.5902915954589845,positive,raw accuracy; absolute,192,0,0,24,0,0
RARE|IID|NOVEL_C0|U40,0.6128082275390625,0.6073898315429688,0.6178548177083333,positive,raw accuracy; absolute,192,0,0,24,0,0
RARE|IID|NOVEL_C1-NOVEL_C0|D40,-0.20572916666666666,-0.2714925130208333,-0.14225260416666666,negative,carrier frequency change; first minus second arm,0,41,151,0,17,7
RARE|IID|NOVEL_C1-NOVEL_C0|E1,-0.0011973063151041647,-0.0020080820719401097,-0.00048199971516928164,negative,raw accuracy; first minus second arm,54,78,60,7,17,0
RARE|IID|NOVEL_C1-NOVEL_C0|E2,-0.0005889892578125194,-0.0020101420084635774,0.000913594563802035,unresolved,raw accuracy; first minus second arm,60,73,59,11,13,0
RARE|IID|NOVEL_C1-NOVEL_C0|E3,-0.0027313232421874952,-0.004512532552083324,-0.0008925628662109601,negative,raw accuracy; first minus second arm,59,73,60,7,17,0
RARE|IID|NOVEL_C1-NOVEL_C0|E4,-0.00270792643229166,-0.004172795613606796,-0.0012765757242838539,negative,raw accuracy; first minus second arm,50,82,60,7,17,0
RARE|IID|NOVEL_C1-NOVEL_C0|E5,-0.001970418294270813,-0.0035687001546223654,-0.0005186208089192351,negative,raw accuracy; first minus second arm,62,70,60,8,16,0
RARE|IID|NOVEL_C1-NOVEL_C0|E6,-0.003477986653645825,-0.0058748626708984295,-0.0015227762858072856,negative,raw accuracy; first minus second arm,51,82,59,7,17,0
RARE|IID|NOVEL_C1-NOVEL_C0|E7,-0.004320271809895864,-0.00614123026529951,-0.0025460561116536764,negative,raw accuracy; first minus second arm,45,88,59,6,18,0
RARE|IID|NOVEL_C1-NOVEL_C0|E8,-0.0012644449869791685,-0.0028869883219401283,0.0003735097249348889,unresolved,raw accuracy; first minus second arm,63,69,60,9,15,0
RARE|IID|NOVEL_C1-NOVEL_C0|F,-0.15352783203125,-0.20020945231119788,-0.10774729410807292,negative,carrier frequency; first minus second arm,8,118,66,0,24,0
RARE|IID|NOVEL_C1-NOVEL_C0|F0,0.0,0.0,0.0,structural_zero,design-implied zero,0,0,192,0,0,24
RARE|IID|NOVEL_C1-NOVEL_C0|F1,-0.016927083333333332,-0.02099609375,-0.013020833333333334,negative,carrier frequency; first minus second arm,0,82,110,0,23,1
RARE|IID|NOVEL_C1-NOVEL_C0|F40,-0.20572916666666666,-0.2714925130208333,-0.14225260416666666,negative,carrier frequency; first minus second arm,0,41,151,0,17,7
RARE|IID|NOVEL_C1-NOVEL_C0|FE1,-0.03857421875,-0.04912109374999999,-0.02844970703125,negative,carrier frequency; first minus second arm,9,117,66,0,24,0
RARE|IID|NOVEL_C1-NOVEL_C0|FE2,-0.09322916666666665,-0.12451334635416667,-0.0635367838541667,negative,carrier frequency; first minus second arm,1,68,123,0,21,3
RARE|IID|NOVEL_C1-NOVEL_C0|FE3,-0.13782552083333335,-0.18125244140625002,-0.0967740885416667,negative,carrier frequency; first minus second arm,0,56,136,0,20,4
RARE|IID|NOVEL_C1-NOVEL_C0|FE4,-0.16783854166666667,-0.2211287434895833,-0.11750488281250004,negative,carrier frequency; first minus second arm,0,49,143,0,20,4
RARE|IID|NOVEL_C1-NOVEL_C0|FE5,-0.1880859375,-0.24496012369791667,-0.13123453776041674,negative,carrier frequency; first minus second arm,0,44,148,0,18,6
RARE|IID|NOVEL_C1-NOVEL_C0|FE6,-0.1962239583333333,-0.25416748046875,-0.1381778971354167,negative,carrier frequency; first minus second arm,0,43,149,0,18,6
RARE|IID|NOVEL_C1-NOVEL_C0|FE7,-0.20084635416666666,-0.263349609375,-0.13941162109375005,negative,carrier frequency; first minus second arm,0,42,150,0,18,6
RARE|IID|NOVEL_C1-NOVEL_C0|FE8,-0.20559895833333333,-0.2708382161458333,-0.14192708333333334,negative,carrier frequency; first minus second arm,0,41,151,0,17,7
RARE|IID|NOVEL_C1-NOVEL_C0|MLOSS,0.0022823333740234395,0.001521619160970063,0.0031283887227376386,positive,raw mismatch; first minus second arm,92,40,60,21,3,0
RARE|IID|NOVEL_C1-NOVEL_C0|U,-0.0022823333740234625,-0.0031283887227376564,-0.0015216191609700575,negative,raw accuracy; first minus second arm,40,92,60,3,21,0
RARE|IID|NOVEL_C1-NOVEL_C0|U0,0.0,0.0,0.0,structural_zero,design-implied zero,0,0,192,0,0,24
RARE|IID|NOVEL_C1-NOVEL_C0|U1,-0.00023905436197916666,-0.0003255208333333333,-0.00015767415364583334,negative,raw accuracy; first minus second arm,0,37,155,0,18,6
RARE|IID|NOVEL_C1-NOVEL_C0|U40,-0.0016021728515625,-0.00472564697265625,0.0015978495279947876,unresolved,raw accuracy; first minus second arm,60,71,61,10,14,0
RARE|IID|NOVEL_C1-SHAM_C1|D40,0.0,0.0,0.0,observed_exact_zero,sampled equality; not a design guarantee,0,0,192,0,0,24
RARE|IID|NOVEL_C1-SHAM_C1|E1,-7.629394531248612e-05,-0.0006053670247395698,0.0004425048828125187,unresolved,raw accuracy; first minus second arm,32,28,132,10,13,1
RARE|IID|NOVEL_C1-SHAM_C1|E2,9.867350260415557e-05,-0.0010427856445312635,0.0011678059895833168,unresolved,raw accuracy; first minus second arm,31,28,133,11,12,1
RARE|IID|NOVEL_C1-SHAM_C1|E3,0.000743611653645837,-0.0002269236246744718,0.0016439056396484368,unresolved,raw accuracy; first minus second arm,36,23,133,16,7,1
RARE|IID|NOVEL_C1-SHAM_C1|E4,-0.0009246826171875009,-0.002071126302083342,0.00015876770019531536,unresolved,raw accuracy; first minus second arm,31,27,134,10,13,1
RARE|IID|NOVEL_C1-SHAM_C1|E5,0.00018310546875000924,-0.0005220031738281219,0.0008525085449218816,unresolved,raw accuracy; first minus second arm,29,30,133,13,10,1
RARE|IID|NOVEL_C1-SHAM_C1|E6,-0.0013498942057291602,-0.0024261728922526085,-9.346008300782487e-05,negative,raw accuracy; first minus second arm,21,37,134,7,16,1
RARE|IID|NOVEL_C1-SHAM_C1|E7,-0.0009389241536458445,-0.0018463134765624911,-0.00010676066080731501,negative,raw accuracy; first minus second arm,22,36,134,7,15,2
RARE|IID|NOVEL_C1-SHAM_C1|E8,0.00015360514322917038,-0.0012502034505208206,0.00153401692708334,unresolved,raw accuracy; first minus second arm,26,32,134,14,8,2
RARE|IID|NOVEL_C1-SHAM_C1|F,0.0010742187499999999,0.0006998697916666668,0.0015055338541666667,positive,carrier frequency; first minus second arm,55,6,131,23,0,1
RARE|IID|NOVEL_C1-SHAM_C1|F0,0.0,0.0,0.0,structural_zero,design-implied zero,0,0,192,0,0,24
RARE|IID|NOVEL_C1-SHAM_C1|F1,0.009765625,0.00634765625,0.01318359375,positive,carrier frequency; first minus second arm,41,1,150,19,0,5
RARE|IID|NOVEL_C1-SHAM_C1|F40,0.0,0.0,0.0,observed_exact_zero,sampled equality; not a design guarantee,0,0,192,0,0,24
RARE|IID|NOVEL_C1-SHAM_C1|FE1,0.006966145833333334,0.004427083333333334,0.009863281250000001,positive,carrier frequency; first minus second arm,54,7,131,23,0,1
RARE|IID|NOVEL_C1-SHAM_C1|FE2,0.0015299479166666667,0.00026041666666666666,0.003287760416666667,positive,carrier frequency; first minus second arm,6,2,184,6,1,17
RARE|IID|NOVEL_C1-SHAM_C1|FE3,9.765624999999999e-05,0.0,0.00029296875,unresolved,carrier frequency; first minus second arm,1,0,191,1,0,23
RARE|IID|NOVEL_C1-SHAM_C1|FE4,0.0,0.0,0.0,observed_exact_zero,sampled equality; not a design guarantee,0,0,192,0,0,24
RARE|IID|NOVEL_C1-SHAM_C1|FE5,0.0,0.0,0.0,observed_exact_zero,sampled equality; not a design guarantee,0,0,192,0,0,24
RARE|IID|NOVEL_C1-SHAM_C1|FE6,0.0,0.0,0.0,observed_exact_zero,sampled equality; not a design guarantee,0,0,192,0,0,24
RARE|IID|NOVEL_C1-SHAM_C1|FE7,0.0,0.0,0.0,observed_exact_zero,sampled equality; not a design guarantee,0,0,192,0,0,24
RARE|IID|NOVEL_C1-SHAM_C1|FE8,0.0,0.0,0.0,observed_exact_zero,sampled equality; not a design guarantee,0,0,192,0,0,24
RARE|IID|NOVEL_C1-SHAM_C1|MLOSS,0.00026384989420573146,-8.245150248209291e-05,0.0006521987915039066,unresolved,raw mismatch; first minus second arm,34,27,131,13,9,2
RARE|IID|NOVEL_C1-SHAM_C1|U,-0.0002638498942057292,-0.0006521987915039005,8.245150248208162e-05,unresolved,raw accuracy; first minus second arm,27,34,131,9,13,2
RARE|IID|NOVEL_C1-SHAM_C1|U0,0.0,0.0,0.0,structural_zero,design-implied zero,0,0,192,0,0,24
RARE|IID|NOVEL_C1-SHAM_C1|U1,0.0009714762369791666,0.0005544026692708334,0.0014190673828125,positive,raw accuracy; first minus second arm,41,1,150,19,0,5
RARE|IID|NOVEL_C1-SHAM_C1|U40,0.0009714762369791666,-0.0032961527506510414,0.004883066813151041,unresolved,raw accuracy; first minus second arm,29,30,133,12,11,1
RARE|IID|NOVEL_C1|D40,-0.03125,-0.03125,-0.03125,negative,carrier frequency change; absolute,0,192,0,0,24,0
RARE|IID|NOVEL_C1|E1,0.6077901204427083,0.6044840494791667,0.611375223795573,positive,raw accuracy; absolute,192,0,0,24,0,0
RARE|IID|NOVEL_C1|E2,0.6151468912760416,0.6130502065022787,0.6172743225097655,positive,raw accuracy; absolute,192,0,0,24,0,0
RARE|IID|NOVEL_C1|E3,0.6129038492838542,0.6105379231770833,0.6154695129394532,positive,raw accuracy; absolute,192,0,0,24,0,0
RARE|IID|NOVEL_C1|E4,0.6150980631510418,0.6124561564127605,0.6177663421630859,positive,raw accuracy; absolute,192,0,0,24,0,0
RARE|IID|NOVEL_C1|E5,0.6143981933593751,0.6120462799072266,0.6168529256184897,positive,raw accuracy; absolute,192,0,0,24,0,0
RARE|IID|NOVEL_C1|E6,0.6135182698567708,0.6110580190022786,0.6162059275309244,positive,raw accuracy; absolute,192,0,0,24,0,0
RARE|IID|NOVEL_C1|E7,0.6115732828776042,0.6093971252441406,0.6136403656005859,positive,raw accuracy; absolute,192,0,0,24,0,0
RARE|IID|NOVEL_C1|E8,0.6155324300130208,0.6130324045817058,0.6182618967692057,positive,raw accuracy; absolute,192,0,0,24,0,0
RARE|IID|NOVEL_C1|F,0.0018839518229166665,0.0012612915039062502,0.0025839233398437496,positive,carrier frequency; absolute,81,0,111,24,0,0
RARE|IID|NOVEL_C1|F0,0.03125,0.03125,0.03125,positive,carrier frequency; absolute,192,0,0,24,0,0
RARE|IID|NOVEL_C1|F1,0.022786458333333332,0.01773681640625,0.0283203125,positive,carrier frequency; absolute,81,0,111,24,0,0
RARE|IID|NOVEL_C1|F40,0.0,0.0,0.0,observed_exact_zero,sampled equality; not a design guarantee,0,0,192,0,0,24
RARE|IID|NOVEL_C1|FE1,0.013378906250000003,0.00908203125,0.018294270833333334,positive,carrier frequency; absolute,81,0,111,24,0,0
RARE|IID|NOVEL_C1|FE2,0.0015950520833333335,0.0003255208333333333,0.0033528645833333336,positive,carrier frequency; absolute,6,0,186,6,0,18
RARE|IID|NOVEL_C1|FE3,9.765624999999999e-05,0.0,0.00029296875,unresolved,carrier frequency; absolute,1,0,191,1,0,23
RARE|IID|NOVEL_C1|FE4,0.0,0.0,0.0,observed_exact_zero,sampled equality; not a design guarantee,0,0,192,0,0,24
RARE|IID|NOVEL_C1|FE5,0.0,0.0,0.0,observed_exact_zero,sampled equality; not a design guarantee,0,0,192,0,0,24
RARE|IID|NOVEL_C1|FE6,0.0,0.0,0.0,observed_exact_zero,sampled equality; not a design guarantee,0,0,192,0,0,24
RARE|IID|NOVEL_C1|FE7,0.0,0.0,0.0,observed_exact_zero,sampled equality; not a design guarantee,0,0,192,0,0,24
RARE|IID|NOVEL_C1|FE8,0.0,0.0,0.0,observed_exact_zero,sampled equality; not a design guarantee,0,0,192,0,0,24
RARE|IID|NOVEL_C1|MLOSS,0.38675486246744795,0.385998338063558,0.38753827095031734,positive,raw mismatch; absolute,192,0,0,24,0,0
RARE|IID|NOVEL_C1|U,0.613245137532552,0.6124617290496827,0.6140016619364421,positive,raw accuracy; absolute,192,0,0,24,0,0
RARE|IID|NOVEL_C1|U0,0.4986979166666667,0.46875,0.5286458333333334,positive,raw accuracy; absolute,192,0,0,24,0,0
RARE|IID|NOVEL_C1|U1,0.58319091796875,0.5764967600504558,0.5900026957194011,positive,raw accuracy; absolute,192,0,0,24,0,0
RARE|IID|NOVEL_C1|U40,0.6112060546875,0.6056344350179036,0.6169795989990234,positive,raw accuracy; absolute,192,0,0,24,0,0
RARE|IID|SHAM_C0|D40,-0.005208333333333333,-0.020833333333333332,0.015625,unresolved,carrier frequency change; absolute,5,187,0,5,19,0
RARE|IID|SHAM_C0|E1,0.608056640625,0.605167490641276,0.6112996673583985,positive,raw accuracy; absolute,192,0,0,24,0,0
RARE|IID|SHAM_C0|E2,0.6148417154947917,0.6121856435139975,0.6176718393961589,positive,raw accuracy; absolute,192,0,0,24,0,0
RARE|IID|SHAM_C0|E3,0.6129506429036459,0.610421142578125,0.6155315399169922,positive,raw accuracy; absolute,192,0,0,24,0,0
RARE|IID|SHAM_C0|E4,0.6163848876953125,0.6138423665364583,0.6187571461995441,positive,raw accuracy; absolute,192,0,0,24,0,0
RARE|IID|SHAM_C0|E5,0.6141306559244791,0.6121164194742839,0.6161998240152995,positive,raw accuracy; absolute,192,0,0,24,0,0
RARE|IID|SHAM_C0|E6,0.6140258789062499,0.6117447916666667,0.616258799235026,positive,raw accuracy; absolute,192,0,0,24,0,0
RARE|IID|SHAM_C0|E7,0.6135070800781249,0.6116353098551434,0.6153707631429037,positive,raw accuracy; absolute,192,0,0,24,0,0
RARE|IID|SHAM_C0|E8,0.6152353922526043,0.6126504770914714,0.6179901885986329,positive,raw accuracy; absolute,192,0,0,24,0,0
RARE|IID|SHAM_C0|F,0.025935872395833334,0.012544555664062498,0.04144307454427083,positive,carrier frequency; absolute,121,0,71,24,0,0
RARE|IID|SHAM_C0|F0,0.03125,0.03125,0.03125,positive,carrier frequency; absolute,192,0,0,24,0,0
RARE|IID|SHAM_C0|F1,0.0302734375,0.02587890625,0.034830729166666664,positive,carrier frequency; absolute,121,0,71,24,0,0
RARE|IID|SHAM_C0|F40,0.026041666666666668,0.010416666666666666,0.046875,positive,carrier frequency; absolute,5,0,187,5,0,19
RARE|IID|SHAM_C0|FE1,0.0294921875,0.02268717447916667,0.03590494791666667,positive,carrier frequency; absolute,121,0,71,24,0,0
RARE|IID|SHAM_C0|FE2,0.03196614583333334,0.016079101562500003,0.05032877604166665,positive,carrier frequency; absolute,27,0,165,14,0,10
RARE|IID|SHAM_C0|FE3,0.026432291666666663,0.011328125,0.04358805338541666,positive,carrier frequency; absolute,15,0,177,11,0,13
RARE|IID|SHAM_C0|FE4,0.023795572916666664,0.008625488281250001,0.042383626302083324,positive,carrier frequency; absolute,9,0,183,9,0,15
RARE|IID|SHAM_C0|FE5,0.021647135416666668,0.006053873697916666,0.04150553385416666,positive,carrier frequency; absolute,7,0,185,7,0,17
RARE|IID|SHAM_C0|FE6,0.023079427083333336,0.007454427083333333,0.04391276041666667,positive,carrier frequency; absolute,5,0,187,5,0,19
RARE|IID|SHAM_C0|FE7,0.025065104166666668,0.009440104166666666,0.0458984375,positive,carrier frequency; absolute,5,0,187,5,0,19
RARE|IID|SHAM_C0|FE8,0.026009114583333336,0.010384114583333333,0.04684244791666667,positive,carrier frequency; absolute,5,0,187,5,0,19
RARE|IID|SHAM_C0|MLOSS,0.38635838826497393,0.3856761328379313,0.3870877742767334,positive,raw mismatch; absolute,192,0,0,24,0,0
RARE|IID|SHAM_C0|U,0.6136416117350261,0.6129122257232666,0.6143238671620688,positive,raw accuracy; absolute,192,0,0,24,0,0
RARE|IID|SHAM_C0|U0,0.4986979166666667,0.46875,0.5286458333333334,positive,raw accuracy; absolute,192,0,0,24,0,0
RARE|IID|SHAM_C0|U1,0.5824025472005209,0.5755299886067708,0.5895715077718099,positive,raw accuracy; absolute,192,0,0,24,0,0
RARE|IID|SHAM_C0|U40,0.6109110514322916,0.6049139658610025,0.6162933349609375,positive,raw accuracy; absolute,192,0,0,24,0,0
RARE|IID|SHAM_C1|D40,-0.03125,-0.03125,-0.03125,negative,carrier frequency change; absolute,0,192,0,0,24,0
RARE|IID|SHAM_C1|E1,0.6078664143880209,0.6046849822998046,0.6112564595540364,positive,raw accuracy; absolute,192,0,0,24,0,0
RARE|IID|SHAM_C1|E2,0.6150482177734374,0.6126552327473959,0.6173757680257161,positive,raw accuracy; absolute,192,0,0,24,0,0
RARE|IID|SHAM_C1|E3,0.6121602376302083,0.6095625050862631,0.6151094563802083,positive,raw accuracy; absolute,192,0,0,24,0,0
RARE|IID|SHAM_C1|E4,0.6160227457682292,0.6132313791910808,0.6187815856933594,positive,raw accuracy; absolute,192,0,0,24,0,0
RARE|IID|SHAM_C1|E5,0.6142150878906251,0.6122086079915364,0.6164155578613282,positive,raw accuracy; absolute,192,0,0,24,0,0
RARE|IID|SHAM_C1|E6,0.6148681640625,0.61275021870931,0.6171234639485677,positive,raw accuracy; absolute,192,0,0,24,0,0
RARE|IID|SHAM_C1|E7,0.61251220703125,0.6103910573323568,0.6146881357828776,positive,raw accuracy; absolute,192,0,0,24,0,0
RARE|IID|SHAM_C1|E8,0.6153788248697917,0.6124832407633463,0.6184695180257161,positive,raw accuracy; absolute,192,0,0,24,0,0
RARE|IID|SHAM_C1|F,0.0008097330729166666,0.00047587076822916673,0.00123291015625,positive,carrier frequency; absolute,49,0,143,23,0,1
RARE|IID|SHAM_C1|F0,0.03125,0.03125,0.03125,positive,carrier frequency; absolute,192,0,0,24,0,0
RARE|IID|SHAM_C1|F1,0.013020833333333334,0.009114583333333334,0.017740885416666668,positive,carrier frequency; absolute,49,0,143,23,0,1
RARE|IID|SHAM_C1|F40,0.0,0.0,0.0,observed_exact_zero,sampled equality; not a design guarantee,0,0,192,0,0,24
RARE|IID|SHAM_C1|FE1,0.006412760416666667,0.0037752278645833332,0.009701334635416664,positive,carrier frequency; absolute,49,0,143,23,0,1
RARE|IID|SHAM_C1|FE2,6.510416666666667e-05,0.0,0.00016276041666666666,unresolved,carrier frequency; absolute,2,0,190,2,0,22
RARE|IID|SHAM_C1|FE3,0.0,0.0,0.0,observed_exact_zero,sampled equality; not a design guarantee,0,0,192,0,0,24
RARE|IID|SHAM_C1|FE4,0.0,0.0,0.0,observed_exact_zero,sampled equality; not a design guarantee,0,0,192,0,0,24
RARE|IID|SHAM_C1|FE5,0.0,0.0,0.0,observed_exact_zero,sampled equality; not a design guarantee,0,0,192,0,0,24
RARE|IID|SHAM_C1|FE6,0.0,0.0,0.0,observed_exact_zero,sampled equality; not a design guarantee,0,0,192,0,0,24
RARE|IID|SHAM_C1|FE7,0.0,0.0,0.0,observed_exact_zero,sampled equality; not a design guarantee,0,0,192,0,0,24
RARE|IID|SHAM_C1|FE8,0.0,0.0,0.0,observed_exact_zero,sampled equality; not a design guarantee,0,0,192,0,0,24
RARE|IID|SHAM_C1|MLOSS,0.3864910125732422,0.38585913340250655,0.387144479751587,positive,raw mismatch; absolute,192,0,0,24,0,0
RARE|IID|SHAM_C1|U,0.6135089874267577,0.612855520248413,0.6141408665974936,positive,raw accuracy; absolute,192,0,0,24,0,0
RARE|IID|SHAM_C1|U0,0.4986979166666667,0.46875,0.5286458333333334,positive,raw accuracy; absolute,192,0,0,24,0,0
RARE|IID|SHAM_C1|U1,0.5822194417317709,0.5753604888916015,0.5893727620442708,positive,raw accuracy; absolute,192,0,0,24,0,0
RARE|IID|SHAM_C1|U40,0.6102345784505209,0.6040342966715495,0.6168983459472657,positive,raw accuracy; absolute,192,0,0,24,0,0
RARE|RECUR_MINUS_IID|ACTIVE_C0-NOVEL_C0|D40,0.20052083333333334,0.11944986979166666,0.28972167968749996,positive,carrier frequency change; recurrence-minus-IID difference,43,9,140,15,3,6
RARE|RECUR_MINUS_IID|ACTIVE_C0-NOVEL_C0|E1,0.00045166015625001016,-0.00045578002929684883,0.0014917755126953132,unresolved,raw accuracy; recurrence-minus-IID difference,76,49,67,11,13,0
RARE|RECUR_MINUS_IID|ACTIVE_C0-NOVEL_C0|E2,0.0005808512369791796,-0.002469278971354165,0.003505808512369794,unresolved,raw accuracy; recurrence-minus-IID difference,66,59,67,13,11,0
RARE|RECUR_MINUS_IID|ACTIVE_C0-NOVEL_C0|E3,0.003467814127604158,0.0014513651529948126,0.005563456217447894,positive,raw accuracy; recurrence-minus-IID difference,72,53,67,16,8,0
RARE|RECUR_MINUS_IID|ACTIVE_C0-NOVEL_C0|E4,0.002715047200520871,-0.0001143900553385177,0.005750554402669309,unresolved,raw accuracy; recurrence-minus-IID difference,70,55,67,17,7,0
RARE|RECUR_MINUS_IID|ACTIVE_C0-NOVEL_C0|E5,0.007494099934895822,0.003747584025065099,0.012100423177083281,positive,raw accuracy; recurrence-minus-IID difference,78,45,69,20,4,0
RARE|RECUR_MINUS_IID|ACTIVE_C0-NOVEL_C0|E6,0.008751424153645831,0.004099121093750023,0.014383951822916635,positive,raw accuracy; recurrence-minus-IID difference,78,47,67,17,7,0
RARE|RECUR_MINUS_IID|ACTIVE_C0-NOVEL_C0|E7,0.011237589518229146,0.00629183451334634,0.017608896891275986,positive,raw accuracy; recurrence-minus-IID difference,80,43,69,22,2,0
RARE|RECUR_MINUS_IID|ACTIVE_C0-NOVEL_C0|E8,0.010256958007812489,0.004180908203124968,0.017966105143229206,positive,raw accuracy; recurrence-minus-IID difference,68,57,67,18,6,0
RARE|RECUR_MINUS_IID|ACTIVE_C0-NOVEL_C0|F,0.14349365234375,0.0823261515299479,0.21206044514973957,positive,carrier frequency; recurrence-minus-IID difference,72,36,84,17,7,0
RARE|RECUR_MINUS_IID|ACTIVE_C0-NOVEL_C0|F0,0.0,0.0,0.0,structural_zero,design-implied zero,0,0,192,0,0,24
RARE|RECUR_MINUS_IID|ACTIVE_C0-NOVEL_C0|F1,0.0,0.0,0.0,structural_zero,design-implied zero,0,0,192,0,0,24
RARE|RECUR_MINUS_IID|ACTIVE_C0-NOVEL_C0|F40,0.20052083333333334,0.11944986979166666,0.28972167968749996,positive,carrier frequency; recurrence-minus-IID difference,43,9,140,15,3,6
RARE|RECUR_MINUS_IID|ACTIVE_C0-NOVEL_C0|FE1,0.014746093750000003,0.0064444986979166705,0.024154459635416663,positive,carrier frequency; recurrence-minus-IID difference,64,41,87,17,7,0
RARE|RECUR_MINUS_IID|ACTIVE_C0-NOVEL_C0|FE2,0.07405598958333333,0.03172688802083334,0.12021728515625,positive,carrier frequency; recurrence-minus-IID difference,62,31,99,17,7,0
RARE|RECUR_MINUS_IID|ACTIVE_C0-NOVEL_C0|FE3,0.11826171874999998,0.05579020182291668,0.18708496093749993,positive,carrier frequency; recurrence-minus-IID difference,57,19,116,17,7,0
RARE|RECUR_MINUS_IID|ACTIVE_C0-NOVEL_C0|FE4,0.16552734375,0.091103515625,0.2506608072916666,positive,carrier frequency; recurrence-minus-IID difference,53,15,124,17,7,0
RARE|RECUR_MINUS_IID|ACTIVE_C0-NOVEL_C0|FE5,0.1859375,0.11067626953125,0.26902587890624996,positive,carrier frequency; recurrence-minus-IID difference,47,12,133,16,6,2
RARE|RECUR_MINUS_IID|ACTIVE_C0-NOVEL_C0|FE6,0.19414062500000004,0.11688720703125001,0.28102457682291665,positive,carrier frequency; recurrence-minus-IID difference,46,12,134,16,4,4
RARE|RECUR_MINUS_IID|ACTIVE_C0-NOVEL_C0|FE7,0.19541015625,0.11643310546875,0.2830403645833333,positive,carrier frequency; recurrence-minus-IID difference,45,12,135,16,4,4
RARE|RECUR_MINUS_IID|ACTIVE_C0-NOVEL_C0|FE8,0.19986979166666666,0.11900878906250001,0.28824218749999986,positive,carrier frequency; recurrence-minus-IID difference,43,9,140,15,3,6
RARE|RECUR_MINUS_IID|ACTIVE_C0-NOVEL_C0|MLOSS,-0.00561943054199219,-0.009252913792928063,-0.0027858384450276637,negative,raw mismatch; recurrence-minus-IID difference,43,82,67,5,19,0
RARE|RECUR_MINUS_IID|ACTIVE_C0-NOVEL_C0|U,0.005619430541992205,0.0027858384450277257,0.009252913792928042,positive,raw accuracy; recurrence-minus-IID difference,82,43,67,19,5,0
RARE|RECUR_MINUS_IID|ACTIVE_C0-NOVEL_C0|U0,0.0,0.0,0.0,structural_zero,design-implied zero,0,0,192,0,0,24
RARE|RECUR_MINUS_IID|ACTIVE_C0-NOVEL_C0|U1,0.0,0.0,0.0,structural_zero,design-implied zero,0,0,192,0,0,24
RARE|RECUR_MINUS_IID|ACTIVE_C0-NOVEL_C0|U40,0.009211222330729166,0.0007434844970703127,0.019222259521484368,positive,raw accuracy; recurrence-minus-IID difference,69,54,69,14,10,0
RARE|RECUR_MINUS_IID|ACTIVE_C1-NOVEL_C1|D40,0.010416666666666666,0.0,0.026041666666666668,unresolved,carrier frequency change; recurrence-minus-IID difference,2,0,190,2,0,22
RARE|RECUR_MINUS_IID|ACTIVE_C1-NOVEL_C1|E1,-0.0007863362630208351,-0.0014609527587890665,-6.70878092447861e-05,negative,raw accuracy; recurrence-minus-IID difference,24,43,125,7,16,1
RARE|RECUR_MINUS_IID|ACTIVE_C1-NOVEL_C1|E2,0.00088704427083335,-0.0016795094807942742,0.003292922973632851,unresolved,raw accuracy; recurrence-minus-IID difference,36,30,126,12,11,1
RARE|RECUR_MINUS_IID|ACTIVE_C1-NOVEL_C1|E3,-0.000529988606770837,-0.0027952067057291736,0.001688893636067725,unresolved,raw accuracy; recurrence-minus-IID difference,33,34,125,13,10,1
RARE|RECUR_MINUS_IID|ACTIVE_C1-NOVEL_C1|E4,-0.0001932779947916713,-0.0022613525390624933,0.0020436859130859198,unresolved,raw accuracy; recurrence-minus-IID difference,32,35,125,13,10,1
RARE|RECUR_MINUS_IID|ACTIVE_C1-NOVEL_C1|E5,0.0012105305989583565,-0.0006379445393880099,0.0032145436604817624,unresolved,raw accuracy; recurrence-minus-IID difference,35,32,125,15,8,1
RARE|RECUR_MINUS_IID|ACTIVE_C1-NOVEL_C1|E6,0.0005411783854166787,-0.0018351491292317216,0.0037614949544270823,unresolved,raw accuracy; recurrence-minus-IID difference,27,40,125,6,17,1
RARE|RECUR_MINUS_IID|ACTIVE_C1-NOVEL_C1|E7,8.443196614582593e-05,-0.0017059834798177152,0.002425181070963523,unresolved,raw accuracy; recurrence-minus-IID difference,26,40,126,8,15,1
RARE|RECUR_MINUS_IID|ACTIVE_C1-NOVEL_C1|E8,0.0010498046874999705,-0.0011058298746744978,0.003679504394531193,unresolved,raw accuracy; recurrence-minus-IID difference,28,37,127,13,9,2
RARE|RECUR_MINUS_IID|ACTIVE_C1-NOVEL_C1|F,0.00809326171875,-0.001070149739583333,0.021541646321614587,unresolved,carrier frequency; recurrence-minus-IID difference,24,19,149,9,9,6
RARE|RECUR_MINUS_IID|ACTIVE_C1-NOVEL_C1|F0,0.0,0.0,0.0,structural_zero,design-implied zero,0,0,192,0,0,24
RARE|RECUR_MINUS_IID|ACTIVE_C1-NOVEL_C1|F1,0.0,0.0,0.0,structural_zero,design-implied zero,0,0,192,0,0,24
RARE|RECUR_MINUS_IID|ACTIVE_C1-NOVEL_C1|F40,0.010416666666666666,0.0,0.026041666666666668,unresolved,carrier frequency; recurrence-minus-IID difference,2,0,190,2,0,22
RARE|RECUR_MINUS_IID|ACTIVE_C1-NOVEL_C1|FE1,0.0017578125,-0.0005867513020833335,0.0044596354166666664,unresolved,carrier frequency; recurrence-minus-IID difference,25,18,149,11,7,6
RARE|RECUR_MINUS_IID|ACTIVE_C1-NOVEL_C1|FE2,0.0037434895833333335,-0.004720865885416666,0.014975585937499989,unresolved,carrier frequency; recurrence-minus-IID difference,7,7,178,5,4,15
RARE|RECUR_MINUS_IID|ACTIVE_C1-NOVEL_C1|FE3,0.009440104166666666,-0.0022460937500000003,0.026041666666666668,unresolved,carrier frequency; recurrence-minus-IID difference,3,1,188,3,1,20
RARE|RECUR_MINUS_IID|ACTIVE_C1-NOVEL_C1|FE4,0.009244791666666667,-0.00234375,0.026041666666666668,unresolved,carrier frequency; recurrence-minus-IID difference,2,1,189,2,1,21
RARE|RECUR_MINUS_IID|ACTIVE_C1-NOVEL_C1|FE5,0.009407552083333333,-0.002018229166666667,0.026041666666666668,unresolved,carrier frequency; recurrence-minus-IID difference,2,1,189,2,1,21
RARE|RECUR_MINUS_IID|ACTIVE_C1-NOVEL_C1|FE6,0.010319010416666666,-0.00019531249999999998,0.026041666666666668,unresolved,carrier frequency; recurrence-minus-IID difference,2,1,189,2,1,21
RARE|RECUR_MINUS_IID|ACTIVE_C1-NOVEL_C1|FE7,0.010416666666666666,0.0,0.026041666666666668,unresolved,carrier frequency; recurrence-minus-IID difference,2,0,190,2,0,22
RARE|RECUR_MINUS_IID|ACTIVE_C1-NOVEL_C1|FE8,0.010416666666666666,0.0,0.026041666666666668,unresolved,carrier frequency; recurrence-minus-IID difference,2,0,190,2,0,22
RARE|RECUR_MINUS_IID|ACTIVE_C1-NOVEL_C1|MLOSS,-0.00028292338053384605,-0.002070020039876287,0.0011445458730061603,unresolved,raw mismatch; recurrence-minus-IID difference,42,25,125,12,11,1
RARE|RECUR_MINUS_IID|ACTIVE_C1-NOVEL_C1|U,0.0002829233805338542,-0.0011445458730061874,0.002070020039876294,unresolved,raw accuracy; recurrence-minus-IID difference,25,43,124,11,12,1
RARE|RECUR_MINUS_IID|ACTIVE_C1-NOVEL_C1|U0,0.0,0.0,0.0,structural_zero,design-implied zero,0,0,192,0,0,24
RARE|RECUR_MINUS_IID|ACTIVE_C1-NOVEL_C1|U1,0.0,0.0,0.0,structural_zero,design-implied zero,0,0,192,0,0,24
RARE|RECUR_MINUS_IID|ACTIVE_C1-NOVEL_C1|U40,0.00274658203125,-0.0015211741129557291,0.0070447285970052075,unresolved,raw accuracy; recurrence-minus-IID difference,32,34,126,14,9,1
RARE|RECUR_MINUS_IID|NOVEL_C0|D40,-0.19010416666666666,-0.2613932291666667,-0.12042643229166675,negative,carrier frequency change; recurrence-minus-IID difference,3,40,149,1,16,7
RARE|RECUR_MINUS_IID|NOVEL_C0|E1,0.01953531901041666,0.015599060058593699,0.023527577718098946,positive,raw accuracy; recurrence-minus-IID difference,174,17,1,24,0,0
RARE|RECUR_MINUS_IID|NOVEL_C0|E2,0.07114969889322915,0.062175470987955714,0.07992660522460937,positive,raw accuracy; recurrence-minus-IID difference,191,1,0,24,0,0
RARE|RECUR_MINUS_IID|NOVEL_C0|E3,0.103558349609375,0.09142939249674484,0.11492240905761714,positive,raw accuracy; recurrence-minus-IID difference,192,0,0,24,0,0
RARE|RECUR_MINUS_IID|NOVEL_C0|E4,0.12339884440104165,0.10858006795247391,0.13731524149576818,positive,raw accuracy; recurrence-minus-IID difference,192,0,0,24,0,0
RARE|RECUR_MINUS_IID|NOVEL_C0|E5,0.13240865071614583,0.1156036885579427,0.1478064473470052,positive,raw accuracy; recurrence-minus-IID difference,192,0,0,24,0,0
RARE|RECUR_MINUS_IID|NOVEL_C0|E6,0.13548990885416667,0.11714052836100258,0.15296979268391928,positive,raw accuracy; recurrence-minus-IID difference,191,1,0,24,0,0
RARE|RECUR_MINUS_IID|NOVEL_C0|E7,0.13545328776041665,0.11851175944010416,0.15186785380045575,positive,raw accuracy; recurrence-minus-IID difference,192,0,0,24,0,0
RARE|RECUR_MINUS_IID|NOVEL_C0|E8,0.13588765462239583,0.11680765787760417,0.1539666748046875,positive,raw accuracy; recurrence-minus-IID difference,192,0,0,24,0,0
RARE|RECUR_MINUS_IID|NOVEL_C0|F,-0.13555094401041667,-0.18604797363281253,-0.08615936279296876,negative,carrier frequency; recurrence-minus-IID difference,20,70,102,3,19,2
RARE|RECUR_MINUS_IID|NOVEL_C0|F0,0.0,0.0,0.0,structural_zero,design-implied zero,0,0,192,0,0,24
RARE|RECUR_MINUS_IID|NOVEL_C0|F1,0.0,0.0,0.0,structural_zero,design-implied zero,0,0,192,0,0,24
RARE|RECUR_MINUS_IID|NOVEL_C0|F40,-0.19010416666666666,-0.2613932291666667,-0.12042643229166675,negative,carrier frequency; recurrence-minus-IID difference,3,40,149,1,16,7
RARE|RECUR_MINUS_IID|NOVEL_C0|FE1,-0.014713541666666668,-0.024188639322916667,-0.00624918619791667,negative,carrier frequency; recurrence-minus-IID difference,31,57,104,5,17,2
RARE|RECUR_MINUS_IID|NOVEL_C0|FE2,-0.07141927083333334,-0.10381266276041666,-0.04179524739583333,negative,carrier frequency; recurrence-minus-IID difference,11,59,122,4,17,3
RARE|RECUR_MINUS_IID|NOVEL_C0|FE3,-0.11741536458333335,-0.16377115885416668,-0.074609375,negative,carrier frequency; recurrence-minus-IID difference,4,55,133,3,17,4
RARE|RECUR_MINUS_IID|NOVEL_C0|FE4,-0.15260416666666668,-0.2114306640625,-0.09690429687500003,negative,carrier frequency; recurrence-minus-IID difference,3,48,141,2,18,4
RARE|RECUR_MINUS_IID|NOVEL_C0|FE5,-0.1724609375,-0.23497070312499999,-0.10978190104166677,negative,carrier frequency; recurrence-minus-IID difference,3,43,146,1,16,7
RARE|RECUR_MINUS_IID|NOVEL_C0|FE6,-0.1805989583333333,-0.24355794270833334,-0.11711751302083336,negative,carrier frequency; recurrence-minus-IID difference,3,42,147,1,16,7
RARE|RECUR_MINUS_IID|NOVEL_C0|FE7,-0.18522135416666666,-0.25377848307291667,-0.11779703776041671,negative,carrier frequency; recurrence-minus-IID difference,3,41,148,1,16,7
RARE|RECUR_MINUS_IID|NOVEL_C0|FE8,-0.18997395833333333,-0.26094401041666665,-0.1199820963541667,negative,carrier frequency; recurrence-minus-IID difference,3,40,149,1,16,7
RARE|RECUR_MINUS_IID|NOVEL_C0|MLOSS,-0.10711021423339843,-0.11993796666463215,-0.09375694592793782,negative,raw mismatch; recurrence-minus-IID difference,0,192,0,0,24,0
RARE|RECUR_MINUS_IID|NOVEL_C0|U,0.10711021423339843,0.09375694592793779,0.11993796666463215,positive,raw accuracy; recurrence-minus-IID difference,192,0,0,24,0,0
RARE|RECUR_MINUS_IID|NOVEL_C0|U0,0.0,0.0,0.0,structural_zero,design-implied zero,0,0,192,0,0,24
RARE|RECUR_MINUS_IID|NOVEL_C0|U1,0.0,0.0,0.0,structural_zero,design-implied zero,0,0,192,0,0,24
RARE|RECUR_MINUS_IID|NOVEL_C0|U40,0.14287312825520834,0.12325998942057291,0.16247927347819008,positive,raw accuracy; recurrence-minus-IID difference,192,0,0,24,0,0
RARE|RECUR_MINUS_IID|NOVEL_C1|D40,0.0,0.0,0.0,observed_exact_zero,sampled equality; not a design guarantee,0,0,192,0,0,24
RARE|RECUR_MINUS_IID|NOVEL_C1|E1,0.020377604166666657,0.016360346476236968,0.02438374837239581,positive,raw accuracy; recurrence-minus-IID difference,175,17,0,23,1,0
RARE|RECUR_MINUS_IID|NOVEL_C1|E2,0.07168579101562501,0.061977081298828146,0.0809175364176432,positive,raw accuracy; recurrence-minus-IID difference,190,2,0,24,0,0
RARE|RECUR_MINUS_IID|NOVEL_C1|E3,0.10804341634114584,0.09503875732421878,0.12058596293131506,positive,raw accuracy; recurrence-minus-IID difference,192,0,0,24,0,0
RARE|RECUR_MINUS_IID|NOVEL_C1|E4,0.12692159016927082,0.11132916768391923,0.1415193939208984,positive,raw accuracy; recurrence-minus-IID difference,192,0,0,24,0,0
RARE|RECUR_MINUS_IID|NOVEL_C1|E5,0.13471476236979163,0.11789827982584636,0.1502532958984375,positive,raw accuracy; recurrence-minus-IID difference,192,0,0,24,0,0
RARE|RECUR_MINUS_IID|NOVEL_C1|E6,0.13853556315104165,0.12026893615722657,0.15606620788574213,positive,raw accuracy; recurrence-minus-IID difference,192,0,0,24,0,0
RARE|RECUR_MINUS_IID|NOVEL_C1|E7,0.14027506510416668,0.12349215189615886,0.15664253234863285,positive,raw accuracy; recurrence-minus-IID difference,192,0,0,24,0,0
RARE|RECUR_MINUS_IID|NOVEL_C1|E8,0.1366190592447917,0.11814282735188804,0.15441604614257817,positive,raw accuracy; recurrence-minus-IID difference,192,0,0,24,0,0
RARE|RECUR_MINUS_IID|NOVEL_C1|F,-0.00043945312499999996,-0.0007935587565104167,-0.00013020833333333333,negative,carrier frequency; recurrence-minus-IID difference,13,24,155,4,14,6
RARE|RECUR_MINUS_IID|NOVEL_C1|F0,0.0,0.0,0.0,structural_zero,design-implied zero,0,0,192,0,0,24
RARE|RECUR_MINUS_IID|NOVEL_C1|F1,0.0,0.0,0.0,structural_zero,design-implied zero,0,0,192,0,0,24
RARE|RECUR_MINUS_IID|NOVEL_C1|F40,0.0,0.0,0.0,observed_exact_zero,sampled equality; not a design guarantee,0,0,192,0,0,24
RARE|RECUR_MINUS_IID|NOVEL_C1|FE1,-0.0020182291666666673,-0.004231770833333334,-9.76562500000003e-05,negative,carrier frequency; recurrence-minus-IID difference,13,23,156,4,13,7
RARE|RECUR_MINUS_IID|NOVEL_C1|FE2,-0.0013997395833333333,-0.0032226562500000003,-0.00016276041666666666,negative,carrier frequency; recurrence-minus-IID difference,2,6,184,1,6,17
RARE|RECUR_MINUS_IID|NOVEL_C1|FE3,-9.765624999999999e-05,-0.00029296875,0.0,unresolved,carrier frequency; recurrence-minus-IID difference,0,1,191,0,1,23
RARE|RECUR_MINUS_IID|NOVEL_C1|FE4,0.0,0.0,0.0,observed_exact_zero,sampled equality; not a design guarantee,0,0,192,0,0,24
RARE|RECUR_MINUS_IID|NOVEL_C1|FE5,0.0,0.0,0.0,observed_exact_zero,sampled equality; not a design guarantee,0,0,192,0,0,24
RARE|RECUR_MINUS_IID|NOVEL_C1|FE6,0.0,0.0,0.0,observed_exact_zero,sampled equality; not a design guarantee,0,0,192,0,0,24
RARE|RECUR_MINUS_IID|NOVEL_C1|FE7,0.0,0.0,0.0,observed_exact_zero,sampled equality; not a design guarantee,0,0,192,0,0,24
RARE|RECUR_MINUS_IID|NOVEL_C1|FE8,0.0,0.0,0.0,observed_exact_zero,sampled equality; not a design guarantee,0,0,192,0,0,24
RARE|RECUR_MINUS_IID|NOVEL_C1|MLOSS,-0.1096466064453125,-0.12281801541646321,-0.0959832572937012,negative,raw mismatch; recurrence-minus-IID difference,0,192,0,0,24,0
RARE|RECUR_MINUS_IID|NOVEL_C1|U,0.1096466064453125,0.0959832572937012,0.1228180154164632,positive,raw accuracy; recurrence-minus-IID difference,192,0,0,24,0,0
RARE|RECUR_MINUS_IID|NOVEL_C1|U0,0.0,0.0,0.0,structural_zero,design-implied zero,0,0,192,0,0,24
RARE|RECUR_MINUS_IID|NOVEL_C1|U1,0.0,0.0,0.0,structural_zero,design-implied zero,0,0,192,0,0,24
RARE|RECUR_MINUS_IID|NOVEL_C1|U40,0.14164225260416666,0.12193768819173177,0.16226654052734374,positive,raw accuracy; recurrence-minus-IID difference,192,0,0,24,0,0
RARE|RECUR|ACTIVE_C0-NOVEL_C0|D40,0.07291666666666667,0.03125,0.11979166666666667,positive,carrier frequency change; first minus second arm,16,2,174,10,1,13
RARE|RECUR|ACTIVE_C0-NOVEL_C0|E1,-0.0005310058593749981,-0.001325531005859381,0.0002993011474609417,unresolved,raw accuracy; first minus second arm,57,57,78,10,14,0
RARE|RECUR|ACTIVE_C0-NOVEL_C0|E2,0.0006673177083333462,-0.0016307067871093454,0.0030329895019531442,unresolved,raw accuracy; first minus second arm,57,58,77,10,14,0
RARE|RECUR|ACTIVE_C0-NOVEL_C0|E3,0.0014801025390624907,-0.0005545552571614587,0.0035027058919270657,unresolved,raw accuracy; first minus second arm,65,50,77,16,8,0
RARE|RECUR|ACTIVE_C0-NOVEL_C0|E4,0.00161946614583335,-0.0007803344726562657,0.004241968790690123,unresolved,raw accuracy; first minus second arm,58,53,81,13,10,1
RARE|RECUR|ACTIVE_C0-NOVEL_C0|E5,0.004738362630208322,0.0016041564941406137,0.008513514200846345,positive,raw accuracy; first minus second arm,68,40,84,17,7,0
RARE|RECUR|ACTIVE_C0-NOVEL_C0|E6,0.006390380859375017,0.0022174072265625008,0.012044092814127617,positive,raw accuracy; first minus second arm,54,58,80,18,6,0
RARE|RECUR|ACTIVE_C0-NOVEL_C0|E7,0.009099324544270806,0.00390714009602863,0.01570157368977862,positive,raw accuracy; first minus second arm,56,47,89,16,8,0
RARE|RECUR|ACTIVE_C0-NOVEL_C0|E8,0.01010640462239582,0.004261652628580693,0.01784889221191403,positive,raw accuracy; first minus second arm,56,51,85,18,6,0
RARE|RECUR|ACTIVE_C0-NOVEL_C0|F,0.054931640625,0.02106781005859375,0.09354319254557288,positive,carrier frequency; first minus second arm,63,57,72,17,7,0
RARE|RECUR|ACTIVE_C0-NOVEL_C0|F0,0.0,0.0,0.0,structural_zero,design-implied zero,0,0,192,0,0,24
RARE|RECUR|ACTIVE_C0-NOVEL_C0|F1,-0.009440104166666666,-0.014322916666666666,-0.004557291666666667,negative,carrier frequency; first minus second arm,16,52,124,5,16,3
RARE|RECUR|ACTIVE_C0-NOVEL_C0|F40,0.07291666666666667,0.03125,0.11979166666666667,positive,carrier frequency; first minus second arm,16,2,174,10,1,13
RARE|RECUR|ACTIVE_C0-NOVEL_C0|FE1,0.0001953125000000022,-0.010189615885416664,0.01132893880208333,unresolved,carrier frequency; first minus second arm,63,58,71,11,13,0
RARE|RECUR|ACTIVE_C0-NOVEL_C0|FE2,0.03203125,0.008264973958333333,0.05827148437499998,positive,carrier frequency; first minus second arm,33,19,140,15,5,4
RARE|RECUR|ACTIVE_C0-NOVEL_C0|FE3,0.047037760416666664,0.014256998697916667,0.085029296875,positive,carrier frequency; first minus second arm,21,6,165,13,3,8
RARE|RECUR|ACTIVE_C0-NOVEL_C0|FE4,0.0681640625,0.027632649739583334,0.1140315755208333,positive,carrier frequency; first minus second arm,19,4,169,12,2,10
RARE|RECUR|ACTIVE_C0-NOVEL_C0|FE5,0.07327473958333333,0.03072916666666667,0.12014973958333332,positive,carrier frequency; first minus second arm,17,2,173,11,1,12
RARE|RECUR|ACTIVE_C0-NOVEL_C0|FE6,0.07291666666666667,0.03125,0.11979166666666667,positive,carrier frequency; first minus second arm,16,2,174,10,1,13
RARE|RECUR|ACTIVE_C0-NOVEL_C0|FE7,0.07291666666666667,0.03125,0.11979166666666667,positive,carrier frequency; first minus second arm,16,2,174,10,1,13
RARE|RECUR|ACTIVE_C0-NOVEL_C0|FE8,0.07291666666666667,0.03125,0.11979166666666667,positive,carrier frequency; first minus second arm,16,2,174,10,1,13
RARE|RECUR|ACTIVE_C0-NOVEL_C0|MLOSS,-0.00419629414876302,-0.007734546661376966,-0.0014409542083740172,negative,raw mismatch; first minus second arm,58,58,76,7,17,0
RARE|RECUR|ACTIVE_C0-NOVEL_C0|U,0.004196294148763019,0.001440954208374023,0.00773454666137695,positive,raw accuracy; first minus second arm,58,58,76,17,7,0
RARE|RECUR|ACTIVE_C0-NOVEL_C0|U0,0.0,0.0,0.0,structural_zero,design-implied zero,0,0,192,0,0,24
RARE|RECUR|ACTIVE_C0-NOVEL_C0|U1,-0.0010274251302083333,-0.0014750162760416667,-0.0006154378255208334,negative,raw accuracy; first minus second arm,2,48,142,0,19,5
RARE|RECUR|ACTIVE_C0-NOVEL_C0|U40,0.00897216796875,0.0021052042643229167,0.01775792439778645,positive,raw accuracy; first minus second arm,53,50,89,16,8,0
RARE|RECUR|ACTIVE_C0-SHAM_C0|D40,0.055501302083333336,0.01513671875,0.10172526041666667,positive,carrier frequency change; first minus second arm,13,3,176,10,3,11
RARE|RECUR|ACTIVE_C0-SHAM_C0|E1,0.0001637776692708324,-0.0003174082438151254,0.0007884724934895874,unresolved,raw accuracy; first minus second arm,31,30,131,10,11,3
RARE|RECUR|ACTIVE_C0-SHAM_C0|E2,0.0013844807942708464,8.539835611980235e-05,0.00319320678710938,positive,raw accuracy; first minus second arm,39,27,126,13,10,1
RARE|RECUR|ACTIVE_C0-SHAM_C0|E3,0.0014658610026041564,-3.1585693359387906e-05,0.0032281239827473642,unresolved,raw accuracy; first minus second arm,39,25,128,15,7,2
RARE|RECUR|ACTIVE_C0-SHAM_C0|E4,0.0026590983072916816,0.0005469767252604281,0.005202356974283873,positive,raw accuracy; first minus second arm,38,27,127,13,10,1
RARE|RECUR|ACTIVE_C0-SHAM_C0|E5,0.004815673828124987,0.0016254170735676904,0.008844833374023389,positive,raw accuracy; first minus second arm,39,21,132,16,6,2
RARE|RECUR|ACTIVE_C0-SHAM_C0|E6,0.00686543782552083,0.0027250925699869658,0.012279739379882774,positive,raw accuracy; first minus second arm,37,25,130,17,5,2
RARE|RECUR|ACTIVE_C0-SHAM_C0|E7,0.008961995442708337,0.0038093312581380305,0.015662002563476555,positive,raw accuracy; first minus second arm,40,19,133,17,5,2
RARE|RECUR|ACTIVE_C0-SHAM_C0|E8,0.010376993815104152,0.004627965291341159,0.017843373616536436,positive,raw accuracy; first minus second arm,36,23,133,15,6,3
RARE|RECUR|ACTIVE_C0-SHAM_C0|F,0.04530436197916666,0.015590922037760418,0.08116099039713541,positive,carrier frequency; first minus second arm,52,16,124,18,5,1
RARE|RECUR|ACTIVE_C0-SHAM_C0|F0,0.0,0.0,0.0,structural_zero,design-implied zero,0,0,192,0,0,24
RARE|RECUR|ACTIVE_C0-SHAM_C0|F1,0.0,0.0,0.0,structural_zero,design-implied zero,0,0,192,0,0,24
RARE|RECUR|ACTIVE_C0-SHAM_C0|F40,0.055501302083333336,0.01513671875,0.10172526041666667,positive,carrier frequency; first minus second arm,13,3,176,10,3,11
RARE|RECUR|ACTIVE_C0-SHAM_C0|FE1,0.007747395833333333,0.0006835937500000014,0.016244303385416662,positive,carrier frequency; first minus second arm,47,19,126,12,10,2
RARE|RECUR|ACTIVE_C0-SHAM_C0|FE2,0.029817708333333335,0.0102490234375,0.05403727213541666,positive,carrier frequency; first minus second arm,30,9,153,15,3,6
RARE|RECUR|ACTIVE_C0-SHAM_C0|FE3,0.03772786458333333,0.009178059895833333,0.0717195638020833,positive,carrier frequency; first minus second arm,20,6,166,13,3,8
RARE|RECUR|ACTIVE_C0-SHAM_C0|FE4,0.05517578125,0.01894368489583334,0.09775390625000001,positive,carrier frequency; first minus second arm,16,3,173,11,3,10
RARE|RECUR|ACTIVE_C0-SHAM_C0|FE5,0.059472656250000006,0.02212890625,0.10364827473958331,positive,carrier frequency; first minus second arm,14,3,175,11,3,10
RARE|RECUR|ACTIVE_C0-SHAM_C0|FE6,0.05862630208333333,0.020308430989583334,0.10364583333333333,positive,carrier frequency; first minus second arm,13,3,176,10,3,11
RARE|RECUR|ACTIVE_C0-SHAM_C0|FE7,0.057779947916666664,0.01907552083333333,0.10292968749999999,positive,carrier frequency; first minus second arm,13,3,176,10,3,11
RARE|RECUR|ACTIVE_C0-SHAM_C0|FE8,0.05608723958333333,0.016499837239583332,0.10192057291666667,positive,carrier frequency; first minus second arm,13,3,176,10,3,11
RARE|RECUR|ACTIVE_C0-SHAM_C0|MLOSS,-0.004586664835611979,-0.008144718805948897,-0.0018135738372802809,negative,raw mismatch; first minus second arm,23,43,126,7,16,1
RARE|RECUR|ACTIVE_C0-SHAM_C0|U,0.004586664835611968,0.001813573837280248,0.008144718805948884,positive,raw accuracy; first minus second arm,43,23,126,16,7,1
RARE|RECUR|ACTIVE_C0-SHAM_C0|U0,0.0,0.0,0.0,structural_zero,design-implied zero,0,0,192,0,0,24
RARE|RECUR|ACTIVE_C0-SHAM_C0|U1,0.0,0.0,0.0,structural_zero,design-implied zero,0,0,192,0,0,24
RARE|RECUR|ACTIVE_C0-SHAM_C0|U40,0.010579427083333334,0.004582468668619792,0.01835721333821614,positive,raw accuracy; first minus second arm,35,23,134,15,7,2
RARE|RECUR|ACTIVE_C0|D40,0.057291666666666664,0.010416666666666666,0.109375,positive,carrier frequency change; absolute,17,175,0,10,14,0
RARE|RECUR|ACTIVE_C0|E1,0.6279917399088542,0.6231085968017578,0.6332630157470703,positive,raw accuracy; absolute,192,0,0,24,0,0
RARE|RECUR|ACTIVE_C0|E2,0.6875528971354167,0.6788273874918619,0.6960430653889974,positive,raw accuracy; absolute,192,0,0,24,0,0
RARE|RECUR|ACTIVE_C0|E3,0.7206736246744793,0.7100270080566407,0.7305602773030598,positive,raw accuracy; absolute,192,0,0,24,0,0
RARE|RECUR|ACTIVE_C0|E4,0.7428243001302084,0.7290375773111979,0.7557838439941407,positive,raw accuracy; absolute,192,0,0,24,0,0
RARE|RECUR|ACTIVE_C0|E5,0.753515625,0.7390148671468099,0.7674489847819009,positive,raw accuracy; absolute,192,0,0,24,0,0
RARE|RECUR|ACTIVE_C0|E6,0.7588765462239584,0.7432925923665364,0.773973159790039,positive,raw accuracy; absolute,192,0,0,24,0,0
RARE|RECUR|ACTIVE_C0|E7,0.7604461669921875,0.746233876546224,0.7750543721516926,positive,raw accuracy; absolute,192,0,0,24,0,0
RARE|RECUR|ACTIVE_C0|E8,0.7627909342447916,0.7476542663574219,0.7782854715983073,positive,raw accuracy; absolute,192,0,0,24,0,0
RARE|RECUR|ACTIVE_C0|F,0.07479248046875,0.03844797770182292,0.1178156534830729,positive,carrier frequency; absolute,121,0,71,24,0,0
RARE|RECUR|ACTIVE_C0|F0,0.03125,0.03125,0.03125,positive,carrier frequency; absolute,192,0,0,24,0,0
RARE|RECUR|ACTIVE_C0|F1,0.0302734375,0.02587890625,0.034830729166666664,positive,carrier frequency; absolute,121,0,71,24,0,0
RARE|RECUR|ACTIVE_C0|F40,0.08854166666666667,0.041666666666666664,0.140625,positive,carrier frequency; absolute,17,0,175,10,0,14
RARE|RECUR|ACTIVE_C0|FE1,0.037434895833333336,0.028059895833333338,0.04703938802083332,positive,carrier frequency; absolute,121,0,71,24,0,0
RARE|RECUR|ACTIVE_C0|FE2,0.05543619791666667,0.030695800781250004,0.08359456380208334,positive,carrier frequency; absolute,38,0,154,18,0,6
RARE|RECUR|ACTIVE_C0|FE3,0.06754557291666667,0.03277913411458333,0.10990071614583329,positive,carrier frequency; absolute,24,0,168,14,0,10
RARE|RECUR|ACTIVE_C0|FE4,0.08339843750000002,0.03974446614583333,0.13545003255208335,positive,carrier frequency; absolute,20,0,172,12,0,12
RARE|RECUR|ACTIVE_C0|FE5,0.08889973958333332,0.04290364583333334,0.14151285807291664,positive,carrier frequency; absolute,18,0,174,11,0,13
RARE|RECUR|ACTIVE_C0|FE6,0.08854166666666667,0.041666666666666664,0.140625,positive,carrier frequency; absolute,17,0,175,10,0,14
RARE|RECUR|ACTIVE_C0|FE7,0.08854166666666667,0.041666666666666664,0.140625,positive,carrier frequency; absolute,17,0,175,10,0,14
RARE|RECUR|ACTIVE_C0|FE8,0.08854166666666667,0.041666666666666664,0.140625,positive,carrier frequency; absolute,17,0,175,10,0,14
RARE|RECUR|ACTIVE_C0|MLOSS,0.273166020711263,0.2616515445709229,0.28518986066182456,positive,raw mismatch; absolute,192,0,0,24,0,0
RARE|RECUR|ACTIVE_C0|U,0.7268339792887369,0.7148101393381754,0.7383484554290772,positive,raw accuracy; absolute,192,0,0,24,0,0
RARE|RECUR|ACTIVE_C0|U0,0.4986979166666667,0.46875,0.5286458333333334,positive,raw accuracy; absolute,192,0,0,24,0,0
RARE|RECUR|ACTIVE_C0|U1,0.5824025472005209,0.5755299886067708,0.5895715077718099,positive,raw accuracy; absolute,192,0,0,24,0,0
RARE|RECUR|ACTIVE_C0|U40,0.7646535237630209,0.7469581604003905,0.7824251810709636,positive,raw accuracy; absolute,192,0,0,24,0,0
RARE|RECUR|ACTIVE_C1-NOVEL_C1|D40,0.010416666666666666,0.0,0.026041666666666668,unresolved,carrier frequency change; first minus second arm,2,0,190,2,0,22
RARE|RECUR|ACTIVE_C1-NOVEL_C1|E1,-0.00031433105468751016,-0.0009074401855468915,0.00020245869954424892,unresolved,raw accuracy; first minus second arm,33,28,131,12,11,1
RARE|RECUR|ACTIVE_C1-NOVEL_C1|E2,0.00031941731770835274,-0.0016370391845702856,0.002183202107747412,unresolved,raw accuracy; first minus second arm,30,33,129,14,9,1
RARE|RECUR|ACTIVE_C1-NOVEL_C1|E3,-0.0006174723307291649,-0.00284637451171872,0.001403198242187521,unresolved,raw accuracy; first minus second arm,27,35,130,13,10,1
RARE|RECUR|ACTIVE_C1-NOVEL_C1|E4,0.0003428141276041602,-0.0014965311686197967,0.002434336344401026,unresolved,raw accuracy; first minus second arm,30,33,129,11,12,1
RARE|RECUR|ACTIVE_C1-NOVEL_C1|E5,0.0014658610026041796,-0.00025538126627603594,0.0036010996500651315,unresolved,raw accuracy; first minus second arm,34,29,129,16,7,1
RARE|RECUR|ACTIVE_C1-NOVEL_C1|E6,0.0013834635416666667,-0.00021260579427083914,0.0037031046549479106,unresolved,raw accuracy; first minus second arm,30,29,133,12,11,1
RARE|RECUR|ACTIVE_C1-NOVEL_C1|E7,0.0014495849609374954,-0.0001851654052734311,0.0038405609130859166,unresolved,raw accuracy; first minus second arm,28,33,131,12,9,3
RARE|RECUR|ACTIVE_C1-NOVEL_C1|E8,0.0016571044921874778,-0.00015258789062501399,0.0043389129638671895,unresolved,raw accuracy; first minus second arm,29,31,132,12,10,2
RARE|RECUR|ACTIVE_C1-NOVEL_C1|F,0.00858154296875,-0.0006430053710937501,0.022208760579427087,unresolved,carrier frequency; first minus second arm,15,48,129,4,19,1
RARE|RECUR|ACTIVE_C1-NOVEL_C1|F0,0.0,0.0,0.0,structural_zero,design-implied zero,0,0,192,0,0,24
RARE|RECUR|ACTIVE_C1-NOVEL_C1|F1,-0.009765625,-0.01318359375,-0.00634765625,negative,carrier frequency; first minus second arm,1,41,150,0,19,5
RARE|RECUR|ACTIVE_C1-NOVEL_C1|F40,0.010416666666666666,0.0,0.026041666666666668,unresolved,carrier frequency; first minus second arm,2,0,190,2,0,22
RARE|RECUR|ACTIVE_C1-NOVEL_C1|FE1,-0.0024414062500000004,-0.006479492187500001,0.0023445638020833286,unresolved,carrier frequency; first minus second arm,15,48,129,4,19,1
RARE|RECUR|ACTIVE_C1-NOVEL_C1|FE2,0.008072916666666666,0.0,0.019466959635416663,unresolved,carrier frequency; first minus second arm,7,1,184,4,1,19
RARE|RECUR|ACTIVE_C1-NOVEL_C1|FE3,0.010937500000000001,0.0,0.0265625,unresolved,carrier frequency; first minus second arm,3,0,189,3,0,21
RARE|RECUR|ACTIVE_C1-NOVEL_C1|FE4,0.010416666666666666,0.0,0.026041666666666668,unresolved,carrier frequency; first minus second arm,2,0,190,2,0,22
RARE|RECUR|ACTIVE_C1-NOVEL_C1|FE5,0.010416666666666666,0.0,0.026041666666666668,unresolved,carrier frequency; first minus second arm,2,0,190,2,0,22
RARE|RECUR|ACTIVE_C1-NOVEL_C1|FE6,0.010416666666666666,0.0,0.026041666666666668,unresolved,carrier frequency; first minus second arm,2,0,190,2,0,22
RARE|RECUR|ACTIVE_C1-NOVEL_C1|FE7,0.010416666666666666,0.0,0.026041666666666668,unresolved,carrier frequency; first minus second arm,2,0,190,2,0,22
RARE|RECUR|ACTIVE_C1-NOVEL_C1|FE8,0.010416666666666666,0.0,0.026041666666666668,unresolved,carrier frequency; first minus second arm,2,0,190,2,0,22
RARE|RECUR|ACTIVE_C1-NOVEL_C1|MLOSS,-0.0007108052571614502,-0.0023776181538899556,0.0005953375498453829,unresolved,raw mismatch; first minus second arm,36,28,128,9,14,1
RARE|RECUR|ACTIVE_C1-NOVEL_C1|U,0.0007108052571614537,-0.0005953375498453715,0.0023776181538899786,unresolved,raw accuracy; first minus second arm,28,36,128,14,9,1
RARE|RECUR|ACTIVE_C1-NOVEL_C1|U0,0.0,0.0,0.0,structural_zero,design-implied zero,0,0,192,0,0,24
RARE|RECUR|ACTIVE_C1-NOVEL_C1|U1,-0.0009714762369791666,-0.0014190673828125,-0.0005544026692708334,negative,raw accuracy; first minus second arm,1,41,150,0,19,5
RARE|RECUR|ACTIVE_C1-NOVEL_C1|U40,0.0015207926432291667,-0.0009614308675130208,0.00454750061035156,unresolved,raw accuracy; first minus second arm,26,29,137,11,11,2
RARE|RECUR|ACTIVE_C1-SHAM_C1|D40,0.010416666666666666,0.0,0.026041666666666668,unresolved,carrier frequency change; first minus second arm,2,0,190,2,0,22
RARE|RECUR|ACTIVE_C1-SHAM_C1|E1,9.256998697915186e-05,-8.852640787761142e-05,0.000337778727213521,unresolved,raw accuracy; first minus second arm,14,6,172,6,4,14
RARE|RECUR|ACTIVE_C1-SHAM_C1|E2,0.0003835042317708361,-0.000348917643229164,0.0013102467854817863,unresolved,raw accuracy; first minus second arm,9,11,172,5,5,14
RARE|RECUR|ACTIVE_C1-SHAM_C1|E3,0.0005686442057291538,-0.0004131062825521006,0.0019005584716796644,unresolved,raw accuracy; first minus second arm,8,12,172,5,5,14
RARE|RECUR|ACTIVE_C1-SHAM_C1|E4,0.0011932373046874972,-6.945292154948121e-05,0.0028942616780599038,unresolved,raw accuracy; first minus second arm,10,9,173,8,2,14
RARE|RECUR|ACTIVE_C1-SHAM_C1|E5,0.0011474609375000065,-5.088806152343285e-05,0.002949269612630217,unresolved,raw accuracy; first minus second arm,12,6,174,6,3,15
RARE|RECUR|ACTIVE_C1-SHAM_C1|E6,0.0015482584635416602,7.12076822916019e-06,0.0038678741455078092,positive,raw accuracy; first minus second arm,12,8,172,6,4,14
RARE|RECUR|ACTIVE_C1-SHAM_C1|E7,0.001324462890624989,-0.00019126892089845737,0.0036378987630208176,unresolved,raw accuracy; first minus second arm,6,14,172,3,7,14
RARE|RECUR|ACTIVE_C1-SHAM_C1|E8,0.0017425537109374972,-1.525878906250474e-05,0.004398727416992174,unresolved,raw accuracy; first minus second arm,10,9,173,6,4,14
RARE|RECUR|ACTIVE_C1-SHAM_C1|F,0.00931396484375,7.720947265625001e-05,0.022844136555989582,positive,carrier frequency; first minus second arm,17,2,173,8,2,14
RARE|RECUR|ACTIVE_C1-SHAM_C1|F0,0.0,0.0,0.0,structural_zero,design-implied zero,0,0,192,0,0,24
RARE|RECUR|ACTIVE_C1-SHAM_C1|F1,0.0,0.0,0.0,structural_zero,design-implied zero,0,0,192,0,0,24
RARE|RECUR|ACTIVE_C1-SHAM_C1|F40,0.010416666666666666,0.0,0.026041666666666668,unresolved,carrier frequency; first minus second arm,2,0,190,2,0,22
RARE|RECUR|ACTIVE_C1-SHAM_C1|FE1,0.0033854166666666668,0.0003906249999999999,0.007779947916666666,positive,carrier frequency; first minus second arm,17,2,173,8,2,14
RARE|RECUR|ACTIVE_C1-SHAM_C1|FE2,0.008105468749999999,6.510416666666667e-05,0.019401855468749993,positive,carrier frequency; first minus second arm,8,0,184,4,0,20
RARE|RECUR|ACTIVE_C1-SHAM_C1|FE3,0.010937500000000001,0.0,0.0265625,unresolved,carrier frequency; first minus second arm,3,0,189,3,0,21
RARE|RECUR|ACTIVE_C1-SHAM_C1|FE4,0.010416666666666666,0.0,0.026041666666666668,unresolved,carrier frequency; first minus second arm,2,0,190,2,0,22
RARE|RECUR|ACTIVE_C1-SHAM_C1|FE5,0.010416666666666666,0.0,0.026041666666666668,unresolved,carrier frequency; first minus second arm,2,0,190,2,0,22
RARE|RECUR|ACTIVE_C1-SHAM_C1|FE6,0.010416666666666666,0.0,0.026041666666666668,unresolved,carrier frequency; first minus second arm,2,0,190,2,0,22
RARE|RECUR|ACTIVE_C1-SHAM_C1|FE7,0.010416666666666666,0.0,0.026041666666666668,unresolved,carrier frequency; first minus second arm,2,0,190,2,0,22
RARE|RECUR|ACTIVE_C1-SHAM_C1|FE8,0.010416666666666666,0.0,0.026041666666666668,unresolved,carrier frequency; first minus second arm,2,0,190,2,0,22
RARE|RECUR|ACTIVE_C1-SHAM_C1|MLOSS,-0.0010000864664713484,-0.0025648911794026517,8.659998575846277e-05,unresolved,raw mismatch; first minus second arm,8,12,172,4,6,14
RARE|RECUR|ACTIVE_C1-SHAM_C1|U,0.001000086466471345,-8.659998575847085e-05,0.0025648911794026487,unresolved,raw accuracy; first minus second arm,12,8,172,6,4,14
RARE|RECUR|ACTIVE_C1-SHAM_C1|U0,0.0,0.0,0.0,structural_zero,design-implied zero,0,0,192,0,0,24
RARE|RECUR|ACTIVE_C1-SHAM_C1|U1,0.0,0.0,0.0,structural_zero,design-implied zero,0,0,192,0,0,24
RARE|RECUR|ACTIVE_C1-SHAM_C1|U40,0.0021464029947916665,0.0,0.005071131388346353,unresolved,raw accuracy; first minus second arm,11,7,174,7,3,14
RARE|RECUR|ACTIVE_C1|D40,-0.020833333333333332,-0.03125,-0.005208333333333333,negative,carrier frequency change; absolute,2,190,0,2,22,0
RARE|RECUR|ACTIVE_C1|E1,0.6278533935546875,0.6230120340983072,0.6330456288655598,positive,raw accuracy; absolute,192,0,0,24,0,0
RARE|RECUR|ACTIVE_C1|E2,0.6871520996093751,0.6781309509277343,0.6959409332275391,positive,raw accuracy; absolute,192,0,0,24,0,0
RARE|RECUR|ACTIVE_C1|E3,0.7203297932942708,0.7092051188151043,0.730955352783203,positive,raw accuracy; absolute,192,0,0,24,0,0
RARE|RECUR|ACTIVE_C1|E4,0.7423624674479168,0.727362798055013,0.7566192118326822,positive,raw accuracy; absolute,192,0,0,24,0,0
RARE|RECUR|ACTIVE_C1|E5,0.7505788167317707,0.7343490600585938,0.7657251993815104,positive,raw accuracy; absolute,192,0,0,24,0,0
RARE|RECUR|ACTIVE_C1|E6,0.7534372965494792,0.7360147603352866,0.7702307128906251,positive,raw accuracy; absolute,192,0,0,24,0,0
RARE|RECUR|ACTIVE_C1|E7,0.7532979329427083,0.7362381998697918,0.769173355102539,positive,raw accuracy; absolute,192,0,0,24,0,0
RARE|RECUR|ACTIVE_C1|E8,0.75380859375,0.7363739776611329,0.7707093556722006,positive,raw accuracy; absolute,192,0,0,24,0,0
RARE|RECUR|ACTIVE_C1|F,0.010026041666666666,0.0006834920247395834,0.02359324137369791,positive,carrier frequency; absolute,49,0,143,23,0,1
RARE|RECUR|ACTIVE_C1|F0,0.03125,0.03125,0.03125,positive,carrier frequency; absolute,192,0,0,24,0,0
RARE|RECUR|ACTIVE_C1|F1,0.013020833333333334,0.009114583333333334,0.017740885416666668,positive,carrier frequency; absolute,49,0,143,23,0,1
RARE|RECUR|ACTIVE_C1|F40,0.010416666666666666,0.0,0.026041666666666668,unresolved,carrier frequency; absolute,2,0,190,2,0,22
RARE|RECUR|ACTIVE_C1|FE1,0.008919270833333333,0.0044596354166666664,0.015201822916666668,positive,carrier frequency; absolute,49,0,143,23,0,1
RARE|RECUR|ACTIVE_C1|FE2,0.008268229166666667,6.510416666666667e-05,0.01956461588541666,positive,carrier frequency; absolute,8,0,184,4,0,20
RARE|RECUR|ACTIVE_C1|FE3,0.010937500000000001,0.0,0.0265625,unresolved,carrier frequency; absolute,3,0,189,3,0,21
RARE|RECUR|ACTIVE_C1|FE4,0.010416666666666666,0.0,0.026041666666666668,unresolved,carrier frequency; absolute,2,0,190,2,0,22
RARE|RECUR|ACTIVE_C1|FE5,0.010416666666666666,0.0,0.026041666666666668,unresolved,carrier frequency; absolute,2,0,190,2,0,22
RARE|RECUR|ACTIVE_C1|FE6,0.010416666666666666,0.0,0.026041666666666668,unresolved,carrier frequency; absolute,2,0,190,2,0,22
RARE|RECUR|ACTIVE_C1|FE7,0.010416666666666666,0.0,0.026041666666666668,unresolved,carrier frequency; absolute,2,0,190,2,0,22
RARE|RECUR|ACTIVE_C1|FE8,0.010416666666666666,0.0,0.026041666666666668,unresolved,carrier frequency; absolute,2,0,190,2,0,22
RARE|RECUR|ACTIVE_C1|MLOSS,0.27639745076497396,0.2638522656758627,0.2897371514638265,positive,raw mismatch; absolute,192,0,0,24,0,0
RARE|RECUR|ACTIVE_C1|U,0.7236025492350261,0.7102628485361734,0.7361477343241374,positive,raw accuracy; absolute,192,0,0,24,0,0
RARE|RECUR|ACTIVE_C1|U0,0.4986979166666667,0.46875,0.5286458333333334,positive,raw accuracy; absolute,192,0,0,24,0,0
RARE|RECUR|ACTIVE_C1|U1,0.5822194417317709,0.5753604888916015,0.5893727620442708,positive,raw accuracy; absolute,192,0,0,24,0,0
RARE|RECUR|ACTIVE_C1|U40,0.7543690999348959,0.734891128540039,0.7738400777180989,positive,raw accuracy; absolute,192,0,0,24,0,0
RARE|RECUR|NOVEL_C0-SHAM_C0|D40,-0.017415364583333332,-0.0400390625,0.0027669270833333335,unresolved,carrier frequency change; first minus second arm,3,7,182,1,5,18
RARE|RECUR|NOVEL_C0-SHAM_C0|E1,0.0006947835286458306,0.00012306213378903048,0.0012654876708984204,positive,raw accuracy; first minus second arm,57,48,87,16,7,1
RARE|RECUR|NOVEL_C0-SHAM_C0|E2,0.0007171630859375,-0.0012783559163411493,0.00262374877929687,unresolved,raw accuracy; first minus second arm,59,45,88,13,11,0
RARE|RECUR|NOVEL_C0-SHAM_C0|E3,-1.4241536458334259e-05,-0.0014945220947265672,0.0014834594726562506,unresolved,raw accuracy; first minus second arm,49,54,89,14,10,0
RARE|RECUR|NOVEL_C0-SHAM_C0|E4,0.0010396321614583315,-0.000600229899088551,0.003004252115885417,unresolved,raw accuracy; first minus second arm,55,45,92,14,10,0
RARE|RECUR|NOVEL_C0-SHAM_C0|E5,7.731119791666574e-05,-0.00084442138671875,0.0010041046142577966,unresolved,raw accuracy; first minus second arm,49,51,92,14,10,0
RARE|RECUR|NOVEL_C0-SHAM_C0|E6,0.000475056966145813,-0.00020357767740889545,0.001218846638997406,unresolved,raw accuracy; first minus second arm,63,37,92,13,11,0
RARE|RECUR|NOVEL_C0-SHAM_C0|E7,-0.0001373291015624676,-0.0007680511474608913,0.00047810872395835256,unresolved,raw accuracy; first minus second arm,51,43,98,14,10,0
RARE|RECUR|NOVEL_C0-SHAM_C0|E8,0.0002705891927083324,-0.00032554626464843735,0.0009074401855468548,unresolved,raw accuracy; first minus second arm,48,46,98,12,12,0
RARE|RECUR|NOVEL_C0-SHAM_C0|F,-0.009627278645833333,-0.02666463216145833,0.006299641927083332,unresolved,carrier frequency; first minus second arm,73,41,78,12,11,1
RARE|RECUR|NOVEL_C0-SHAM_C0|F0,0.0,0.0,0.0,structural_zero,design-implied zero,0,0,192,0,0,24
RARE|RECUR|NOVEL_C0-SHAM_C0|F1,0.009440104166666666,0.004557291666666667,0.014322916666666666,positive,carrier frequency; first minus second arm,52,16,124,16,5,3
RARE|RECUR|NOVEL_C0-SHAM_C0|F40,-0.017415364583333332,-0.0400390625,0.0027669270833333335,unresolved,carrier frequency; first minus second arm,3,7,182,1,5,18
RARE|RECUR|NOVEL_C0-SHAM_C0|FE1,0.007552083333333332,-0.00026041666666666726,0.01611409505208333,unresolved,carrier frequency; first minus second arm,73,41,78,14,10,0
RARE|RECUR|NOVEL_C0-SHAM_C0|FE2,-0.002213541666666666,-0.014976399739583333,0.011525878906249986,unresolved,carrier frequency; first minus second arm,19,15,158,7,11,6
RARE|RECUR|NOVEL_C0-SHAM_C0|FE3,-0.009309895833333331,-0.026597493489583336,0.00768717447916664,unresolved,carrier frequency; first minus second arm,6,11,175,4,10,10
RARE|RECUR|NOVEL_C0-SHAM_C0|FE4,-0.012988281250000002,-0.03225911458333333,0.0046907552083333155,unresolved,carrier frequency; first minus second arm,5,7,180,2,6,16
RARE|RECUR|NOVEL_C0-SHAM_C0|FE5,-0.013802083333333333,-0.034902343749999995,0.005208333333333333,unresolved,carrier frequency; first minus second arm,3,7,182,1,5,18
RARE|RECUR|NOVEL_C0-SHAM_C0|FE6,-0.014290364583333333,-0.03610026041666667,0.005208333333333333,unresolved,carrier frequency; first minus second arm,3,7,182,1,5,18
RARE|RECUR|NOVEL_C0-SHAM_C0|FE7,-0.01513671875,-0.0365234375,0.0044596354166666664,unresolved,carrier frequency; first minus second arm,3,7,182,1,5,18
RARE|RECUR|NOVEL_C0-SHAM_C0|FE8,-0.01682942708333333,-0.038867187500000004,0.0029622395833333337,unresolved,carrier frequency; first minus second arm,3,7,182,1,5,18
RARE|RECUR|NOVEL_C0-SHAM_C0|MLOSS,-0.0003903706868489583,-0.0009989738464355428,0.00023187319437662765,unresolved,raw mismatch; first minus second arm,44,63,85,9,15,0
RARE|RECUR|NOVEL_C0-SHAM_C0|U,0.0003903706868489491,-0.0002318731943766131,0.000998973846435554,unresolved,raw accuracy; first minus second arm,63,44,85,15,9,0
RARE|RECUR|NOVEL_C0-SHAM_C0|U0,0.0,0.0,0.0,structural_zero,design-implied zero,0,0,192,0,0,24
RARE|RECUR|NOVEL_C0-SHAM_C0|U1,0.0010274251302083333,0.0006154378255208334,0.0014750162760416667,positive,raw accuracy; first minus second arm,48,2,142,19,0,5
RARE|RECUR|NOVEL_C0-SHAM_C0|U40,0.0016072591145833333,-0.0013385772705078124,0.004847844441731768,unresolved,raw accuracy; first minus second arm,49,40,103,11,13,0
RARE|RECUR|NOVEL_C0|D40,-0.015625,-0.03125,0.0,unresolved,carrier frequency change; absolute,3,189,0,3,21,0
RARE|RECUR|NOVEL_C0|E1,0.6285227457682292,0.623818359375,0.6337036387125651,positive,raw accuracy; absolute,192,0,0,24,0,0
RARE|RECUR|NOVEL_C0|E2,0.6868855794270834,0.6777931722005208,0.6957130940755208,positive,raw accuracy; absolute,192,0,0,24,0,0
RARE|RECUR|NOVEL_C0|E3,0.7191935221354168,0.7083274078369141,0.7294860331217449,positive,raw accuracy; absolute,192,0,0,24,0,0
RARE|RECUR|NOVEL_C0|E4,0.741204833984375,0.7263271077473958,0.7549590810139973,positive,raw accuracy; absolute,192,0,0,24,0,0
RARE|RECUR|NOVEL_C0|E5,0.7487772623697916,0.7326293690999349,0.7639924621582032,positive,raw accuracy; absolute,192,0,0,24,0,0
RARE|RECUR|NOVEL_C0|E6,0.7524861653645832,0.7343912251790365,0.7697103881835937,positive,raw accuracy; absolute,192,0,0,24,0,0
RARE|RECUR|NOVEL_C0|E7,0.7513468424479166,0.7344112650553384,0.7673717244466147,positive,raw accuracy; absolute,192,0,0,24,0,0
RARE|RECUR|NOVEL_C0|E8,0.7526845296223957,0.7345704905192058,0.770140151977539,positive,raw accuracy; absolute,192,0,0,24,0,0
RARE|RECUR|NOVEL_C0|F,0.01986083984375,0.008015340169270834,0.03463572184244792,positive,carrier frequency; absolute,137,0,55,24,0,0
RARE|RECUR|NOVEL_C0|F0,0.03125,0.03125,0.03125,positive,carrier frequency; absolute,192,0,0,24,0,0
RARE|RECUR|NOVEL_C0|F1,0.039713541666666664,0.034830729166666664,0.044921875,positive,carrier frequency; absolute,137,0,55,24,0,0
RARE|RECUR|NOVEL_C0|F40,0.015625,0.0,0.03125,unresolved,carrier frequency; absolute,3,0,189,3,0,21
RARE|RECUR|NOVEL_C0|FE1,0.03723958333333333,0.028417968749999998,0.04586588541666666,positive,carrier frequency; absolute,137,0,55,24,0,0
RARE|RECUR|NOVEL_C0|FE2,0.02340494791666667,0.010155436197916668,0.03854329427083333,positive,carrier frequency; absolute,24,0,168,15,0,9
RARE|RECUR|NOVEL_C0|FE3,0.0205078125,0.005859375,0.03691650390624999,positive,carrier frequency; absolute,8,0,184,7,0,17
RARE|RECUR|NOVEL_C0|FE4,0.015234375,0.001171875,0.031486002604166625,positive,carrier frequency; absolute,5,0,187,5,0,19
RARE|RECUR|NOVEL_C0|FE5,0.015625,0.0,0.03125,unresolved,carrier frequency; absolute,3,0,189,3,0,21
RARE|RECUR|NOVEL_C0|FE6,0.015625,0.0,0.03125,unresolved,carrier frequency; absolute,3,0,189,3,0,21
RARE|RECUR|NOVEL_C0|FE7,0.015625,0.0,0.03125,unresolved,carrier frequency; absolute,3,0,189,3,0,21
RARE|RECUR|NOVEL_C0|FE8,0.015625,0.0,0.03125,unresolved,carrier frequency; absolute,3,0,189,3,0,21
RARE|RECUR|NOVEL_C0|MLOSS,0.27736231486002605,0.2646854337056478,0.2906853040059407,positive,raw mismatch; absolute,192,0,0,24,0,0
RARE|RECUR|NOVEL_C0|U,0.7226376851399738,0.7093146959940592,0.7353145662943522,positive,raw accuracy; absolute,192,0,0,24,0,0
RARE|RECUR|NOVEL_C0|U0,0.4986979166666667,0.46875,0.5286458333333334,positive,raw accuracy; absolute,192,0,0,24,0,0
RARE|RECUR|NOVEL_C0|U1,0.5834299723307291,0.5767818450927734,0.5902915954589845,positive,raw accuracy; absolute,192,0,0,24,0,0
RARE|RECUR|NOVEL_C0|U40,0.7556813557942709,0.7357945760091146,0.7749837239583334,positive,raw accuracy; absolute,192,0,0,24,0,0
RARE|RECUR|NOVEL_C1-NOVEL_C0|D40,-0.015625,-0.03125,0.0,unresolved,carrier frequency change; first minus second arm,0,3,189,0,3,21
RARE|RECUR|NOVEL_C1-NOVEL_C0|E1,-0.0003550211588541676,-0.0009613800048827849,0.0002177174886067707,unresolved,raw accuracy; first minus second arm,51,78,63,9,15,0
RARE|RECUR|NOVEL_C1-NOVEL_C0|E2,-5.289713541666944e-05,-0.002050043741861953,0.001825052897135412,unresolved,raw accuracy; first minus second arm,62,67,63,14,10,0
RARE|RECUR|NOVEL_C1-NOVEL_C0|E3,0.0017537434895833388,-0.00046816507975257237,0.003919677734374969,unresolved,raw accuracy; first minus second arm,70,58,64,15,9,0
RARE|RECUR|NOVEL_C1-NOVEL_C0|E4,0.0008148193359374991,-0.0013945515950520746,0.0029052988688150995,unresolved,raw accuracy; first minus second arm,66,60,66,16,8,0
RARE|RECUR|NOVEL_C1-NOVEL_C0|E5,0.0003356933593749861,-0.0009685007731119731,0.0016298166910807348,unresolved,raw accuracy; first minus second arm,72,51,69,14,10,0
RARE|RECUR|NOVEL_C1-NOVEL_C0|E6,-0.0004323323567708333,-0.0009615325927734286,0.00013031005859373708,unresolved,raw accuracy; first minus second arm,52,72,68,7,17,0
RARE|RECUR|NOVEL_C1-NOVEL_C0|E7,0.0005015055338541593,-0.0001302337646484437,0.0010987854003905926,unresolved,raw accuracy; first minus second arm,65,52,75,16,8,0
RARE|RECUR|NOVEL_C1-NOVEL_C0|E8,-0.0005330403645833157,-0.0011322784423827914,0.00012512207031250658,unresolved,raw accuracy; first minus second arm,63,59,70,7,16,1
RARE|RECUR|NOVEL_C1-NOVEL_C0|F,-0.018416341145833334,-0.03299173990885417,-0.006854654947916676,negative,carrier frequency; first minus second arm,11,112,69,0,24,0
RARE|RECUR|NOVEL_C1-NOVEL_C0|F0,0.0,0.0,0.0,structural_zero,design-implied zero,0,0,192,0,0,24
RARE|RECUR|NOVEL_C1-NOVEL_C0|F1,-0.016927083333333332,-0.02099609375,-0.013020833333333334,negative,carrier frequency; first minus second arm,0,82,110,0,23,1
RARE|RECUR|NOVEL_C1-NOVEL_C0|F40,-0.015625,-0.03125,0.0,unresolved,carrier frequency; first minus second arm,0,3,189,0,3,21
RARE|RECUR|NOVEL_C1-NOVEL_C0|FE1,-0.02587890625,-0.0335302734375,-0.018488769531250004,negative,carrier frequency; first minus second arm,11,112,69,0,24,0
RARE|RECUR|NOVEL_C1-NOVEL_C0|FE2,-0.023209635416666666,-0.03825032552083333,-0.010024414062500007,negative,carrier frequency; first minus second arm,1,24,167,1,15,8
RARE|RECUR|NOVEL_C1-NOVEL_C0|FE3,-0.0205078125,-0.03691650390625,-0.005859375,negative,carrier frequency; first minus second arm,0,8,184,0,7,17
RARE|RECUR|NOVEL_C1-NOVEL_C0|FE4,-0.015234375,-0.03148600260416667,-0.001171875,negative,carrier frequency; first minus second arm,0,5,187,0,5,19
RARE|RECUR|NOVEL_C1-NOVEL_C0|FE5,-0.015625,-0.03125,0.0,unresolved,carrier frequency; first minus second arm,0,3,189,0,3,21
RARE|RECUR|NOVEL_C1-NOVEL_C0|FE6,-0.015625,-0.03125,0.0,unresolved,carrier frequency; first minus second arm,0,3,189,0,3,21
RARE|RECUR|NOVEL_C1-NOVEL_C0|FE7,-0.015625,-0.03125,0.0,unresolved,carrier frequency; first minus second arm,0,3,189,0,3,21
RARE|RECUR|NOVEL_C1-NOVEL_C0|FE8,-0.015625,-0.03125,0.0,unresolved,carrier frequency; first minus second arm,0,3,189,0,3,21
RARE|RECUR|NOVEL_C1-NOVEL_C0|MLOSS,-0.000254058837890631,-0.0009946155548095732,0.0005027230580647657,unresolved,raw mismatch; first minus second arm,68,62,62,13,11,0
RARE|RECUR|NOVEL_C1-NOVEL_C0|U,0.00025405883789063793,-0.0005027230580647614,0.0009946155548095949,unresolved,raw accuracy; first minus second arm,62,68,62,11,13,0
RARE|RECUR|NOVEL_C1-NOVEL_C0|U0,0.0,0.0,0.0,structural_zero,design-implied zero,0,0,192,0,0,24
RARE|RECUR|NOVEL_C1-NOVEL_C0|U1,-0.00023905436197916666,-0.0003255208333333333,-0.00015767415364583334,negative,raw accuracy; first minus second arm,0,37,155,0,18,6
RARE|RECUR|NOVEL_C1-NOVEL_C0|U40,-0.0028330485026041665,-0.005859756469726562,0.0005088806152343736,unresolved,raw accuracy; first minus second arm,51,60,81,6,18,0
RARE|RECUR|NOVEL_C1-SHAM_C1|D40,0.0,0.0,0.0,observed_exact_zero,sampled equality; not a design guarantee,0,0,192,0,0,24
RARE|RECUR|NOVEL_C1-SHAM_C1|E1,0.000406901041666662,-5.393981933593551e-05,0.0008963521321614656,unresolved,raw accuracy; first minus second arm,29,28,135,14,8,2
RARE|RECUR|NOVEL_C1-SHAM_C1|E2,6.408691406248335e-05,-0.0014862060546874999,0.0016993459065755,unresolved,raw accuracy; first minus second arm,29,29,134,10,13,1
RARE|RECUR|NOVEL_C1-SHAM_C1|E3,0.0011861165364583186,-0.000414225260416674,0.0030327860514322786,unresolved,raw accuracy; first minus second arm,32,26,134,13,10,1
RARE|RECUR|NOVEL_C1-SHAM_C1|E4,0.000850423177083337,-0.0003123474121093998,0.0021719868977864757,unresolved,raw accuracy; first minus second arm,32,26,134,12,11,1
RARE|RECUR|NOVEL_C1-SHAM_C1|E5,-0.0003184000651041731,-0.0013835144042968893,0.0008220163981120033,unresolved,raw accuracy; first minus second arm,29,28,135,8,15,1
RARE|RECUR|NOVEL_C1-SHAM_C1|E6,0.00016479492187499353,-0.000134277343749989,0.0004914093017578181,unresolved,raw accuracy; first minus second arm,27,26,139,13,9,2
RARE|RECUR|NOVEL_C1-SHAM_C1|E7,-0.00012512207031250647,-0.0004547373453776253,0.00016682942708331125,unresolved,raw accuracy; first minus second arm,30,25,137,11,11,2
RARE|RECUR|NOVEL_C1-SHAM_C1|E8,8.544921875001943e-05,-0.00021670023600257825,0.00041608174641929,unresolved,raw accuracy; first minus second arm,27,28,137,11,12,1
RARE|RECUR|NOVEL_C1-SHAM_C1|F,0.000732421875,0.0004150390625,0.001115112304687499,positive,carrier frequency; first minus second arm,51,8,133,21,2,1
RARE|RECUR|NOVEL_C1-SHAM_C1|F0,0.0,0.0,0.0,structural_zero,design-implied zero,0,0,192,0,0,24
RARE|RECUR|NOVEL_C1-SHAM_C1|F1,0.009765625,0.00634765625,0.01318359375,positive,carrier frequency; first minus second arm,41,1,150,19,0,5
RARE|RECUR|NOVEL_C1-SHAM_C1|F40,0.0,0.0,0.0,observed_exact_zero,sampled equality; not a design guarantee,0,0,192,0,0,24
RARE|RECUR|NOVEL_C1-SHAM_C1|FE1,0.005826822916666666,0.003384602864583333,0.008691406249999999,positive,carrier frequency; first minus second arm,51,8,133,21,2,1
RARE|RECUR|NOVEL_C1-SHAM_C1|FE2,3.2552083333333326e-05,-0.0003906250000000001,0.00048828125,unresolved,carrier frequency; first minus second arm,2,1,189,1,1,22
RARE|RECUR|NOVEL_C1-SHAM_C1|FE3,0.0,0.0,0.0,observed_exact_zero,sampled equality; not a design guarantee,0,0,192,0,0,24
RARE|RECUR|NOVEL_C1-SHAM_C1|FE4,0.0,0.0,0.0,observed_exact_zero,sampled equality; not a design guarantee,0,0,192,0,0,24
RARE|RECUR|NOVEL_C1-SHAM_C1|FE5,0.0,0.0,0.0,observed_exact_zero,sampled equality; not a design guarantee,0,0,192,0,0,24
RARE|RECUR|NOVEL_C1-SHAM_C1|FE6,0.0,0.0,0.0,observed_exact_zero,sampled equality; not a design guarantee,0,0,192,0,0,24
RARE|RECUR|NOVEL_C1-SHAM_C1|FE7,0.0,0.0,0.0,observed_exact_zero,sampled equality; not a design guarantee,0,0,192,0,0,24
RARE|RECUR|NOVEL_C1-SHAM_C1|FE8,0.0,0.0,0.0,observed_exact_zero,sampled equality; not a design guarantee,0,0,192,0,0,24
RARE|RECUR|NOVEL_C1-SHAM_C1|MLOSS,-0.00028928120930989815,-0.000941340128580733,0.00024722735087075827,unresolved,raw mismatch; first minus second arm,26,32,134,14,9,1
RARE|RECUR|NOVEL_C1-SHAM_C1|U,0.0002892812093098912,-0.0002472273508707887,0.0009413401285807288,unresolved,raw accuracy; first minus second arm,32,26,134,9,14,1
RARE|RECUR|NOVEL_C1-SHAM_C1|U0,0.0,0.0,0.0,structural_zero,design-implied zero,0,0,192,0,0,24
RARE|RECUR|NOVEL_C1-SHAM_C1|U1,0.0009714762369791666,0.0005544026692708334,0.0014190673828125,positive,raw accuracy; first minus second arm,41,1,150,19,0,5
RARE|RECUR|NOVEL_C1-SHAM_C1|U40,0.0006256103515625,-0.0008036295572916666,0.0022023518880208335,unresolved,raw accuracy; first minus second arm,28,21,143,13,10,1
RARE|RECUR|NOVEL_C1|D40,-0.03125,-0.03125,-0.03125,negative,carrier frequency change; absolute,0,192,0,0,24,0
RARE|RECUR|NOVEL_C1|E1,0.628167724609375,0.6231576283772787,0.6335147857666016,positive,raw accuracy; absolute,192,0,0,24,0,0
RARE|RECUR|NOVEL_C1|E2,0.6868326822916666,0.6772055308024089,0.6960401916503905,positive,raw accuracy; absolute,192,0,0,24,0,0
RARE|RECUR|NOVEL_C1|E3,0.720947265625,0.7089136250813802,0.7323646799723308,positive,raw accuracy; absolute,192,0,0,24,0,0
RARE|RECUR|NOVEL_C1|E4,0.7420196533203125,0.7269681803385416,0.7565460713704426,positive,raw accuracy; absolute,192,0,0,24,0,0
RARE|RECUR|NOVEL_C1|E5,0.7491129557291667,0.7329915364583334,0.7644691467285157,positive,raw accuracy; absolute,192,0,0,24,0,0
RARE|RECUR|NOVEL_C1|E6,0.7520538330078126,0.7342011515299479,0.7693360392252604,positive,raw accuracy; absolute,192,0,0,24,0,0
RARE|RECUR|NOVEL_C1|E7,0.7518483479817708,0.7347089385986327,0.7682206471761068,positive,raw accuracy; absolute,192,0,0,24,0,0
RARE|RECUR|NOVEL_C1|E8,0.7521514892578126,0.734241205851237,0.7694098409016926,positive,raw accuracy; absolute,192,0,0,24,0,0
RARE|RECUR|NOVEL_C1|F,0.0014444986979166667,0.0010009765625000001,0.0019612630208333333,positive,carrier frequency; absolute,81,0,111,24,0,0
RARE|RECUR|NOVEL_C1|F0,0.03125,0.03125,0.03125,positive,carrier frequency; absolute,192,0,0,24,0,0
RARE|RECUR|NOVEL_C1|F1,0.022786458333333332,0.01773681640625,0.0283203125,positive,carrier frequency; absolute,81,0,111,24,0,0
RARE|RECUR|NOVEL_C1|F40,0.0,0.0,0.0,observed_exact_zero,sampled equality; not a design guarantee,0,0,192,0,0,24
RARE|RECUR|NOVEL_C1|FE1,0.011360677083333335,0.00794189453125,0.015267740885416662,positive,carrier frequency; absolute,81,0,111,24,0,0
RARE|RECUR|NOVEL_C1|FE2,0.00019531249999999998,0.0,0.0005208333333333333,unresolved,carrier frequency; absolute,2,0,190,2,0,22
RARE|RECUR|NOVEL_C1|FE3,0.0,0.0,0.0,observed_exact_zero,sampled equality; not a design guarantee,0,0,192,0,0,24
RARE|RECUR|NOVEL_C1|FE4,0.0,0.0,0.0,observed_exact_zero,sampled equality; not a design guarantee,0,0,192,0,0,24
RARE|RECUR|NOVEL_C1|FE5,0.0,0.0,0.0,observed_exact_zero,sampled equality; not a design guarantee,0,0,192,0,0,24
RARE|RECUR|NOVEL_C1|FE6,0.0,0.0,0.0,observed_exact_zero,sampled equality; not a design guarantee,0,0,192,0,0,24
RARE|RECUR|NOVEL_C1|FE7,0.0,0.0,0.0,observed_exact_zero,sampled equality; not a design guarantee,0,0,192,0,0,24
RARE|RECUR|NOVEL_C1|FE8,0.0,0.0,0.0,observed_exact_zero,sampled equality; not a design guarantee,0,0,192,0,0,24
RARE|RECUR|NOVEL_C1|MLOSS,0.2771082560221354,0.2640479564666748,0.2906634839375814,positive,raw mismatch; absolute,192,0,0,24,0,0
RARE|RECUR|NOVEL_C1|U,0.7228917439778645,0.7093365160624187,0.7359520435333252,positive,raw accuracy; absolute,192,0,0,24,0,0
RARE|RECUR|NOVEL_C1|U0,0.4986979166666667,0.46875,0.5286458333333334,positive,raw accuracy; absolute,192,0,0,24,0,0
RARE|RECUR|NOVEL_C1|U1,0.58319091796875,0.5764967600504558,0.5900026957194011,positive,raw accuracy; absolute,192,0,0,24,0,0
RARE|RECUR|NOVEL_C1|U40,0.7528483072916666,0.7334828694661458,0.7722736358642578,positive,raw accuracy; absolute,192,0,0,24,0,0
RARE|RECUR|SHAM_C0|D40,0.0017903645833333333,-0.0166015625,0.024096679687499956,unresolved,carrier frequency change; absolute,7,185,0,7,17,0
RARE|RECUR|SHAM_C0|E1,0.6278279622395834,0.6229650370279948,0.6330694325764973,positive,raw accuracy; absolute,192,0,0,24,0,0
RARE|RECUR|SHAM_C0|E2,0.6861684163411459,0.6767733764648438,0.6951257578531902,positive,raw accuracy; absolute,192,0,0,24,0,0
RARE|RECUR|SHAM_C0|E3,0.719207763671875,0.7082127380371095,0.729516347249349,positive,raw accuracy; absolute,192,0,0,24,0,0
RARE|RECUR|SHAM_C0|E4,0.7401652018229167,0.7259040578206379,0.7538669077555338,positive,raw accuracy; absolute,192,0,0,24,0,0
RARE|RECUR|SHAM_C0|E5,0.7486999511718749,0.7325170389811198,0.764171142578125,positive,raw accuracy; absolute,192,0,0,24,0,0
RARE|RECUR|SHAM_C0|E6,0.7520111083984377,0.7341377512613932,0.7691525522867838,positive,raw accuracy; absolute,192,0,0,24,0,0
RARE|RECUR|SHAM_C0|E7,0.7514841715494791,0.7341489919026694,0.767776387532552,positive,raw accuracy; absolute,192,0,0,24,0,0
RARE|RECUR|SHAM_C0|E8,0.7524139404296873,0.7344774881998697,0.7696788279215494,positive,raw accuracy; absolute,192,0,0,24,0,0
RARE|RECUR|SHAM_C0|F,0.02948811848958333,0.014143168131510418,0.046862792968750004,positive,carrier frequency; absolute,121,0,71,24,0,0
RARE|RECUR|SHAM_C0|F0,0.03125,0.03125,0.03125,positive,carrier frequency; absolute,192,0,0,24,0,0
RARE|RECUR|SHAM_C0|F1,0.0302734375,0.02587890625,0.034830729166666664,positive,carrier frequency; absolute,121,0,71,24,0,0
RARE|RECUR|SHAM_C0|F40,0.033040364583333336,0.0146484375,0.055346679687499956,positive,carrier frequency; absolute,7,0,185,7,0,17
RARE|RECUR|SHAM_C0|FE1,0.029687500000000002,0.021937662760416667,0.03789143880208332,positive,carrier frequency; absolute,121,0,71,24,0,0
RARE|RECUR|SHAM_C0|FE2,0.02561848958333333,0.01168212890625,0.040952962239583314,positive,carrier frequency; absolute,16,0,176,13,0,11
RARE|RECUR|SHAM_C0|FE3,0.02981770833333333,0.013540039062499998,0.04716959635416666,positive,carrier frequency; absolute,11,0,181,11,0,13
RARE|RECUR|SHAM_C0|FE4,0.028222656249999995,0.010644531249999999,0.04811197916666667,positive,carrier frequency; absolute,7,0,185,7,0,17
RARE|RECUR|SHAM_C0|FE5,0.029427083333333336,0.011067708333333334,0.05052083333333333,positive,carrier frequency; absolute,7,0,185,7,0,17
RARE|RECUR|SHAM_C0|FE6,0.029915364583333336,0.010937500000000001,0.05128092447916661,positive,carrier frequency; absolute,7,0,185,7,0,17
RARE|RECUR|SHAM_C0|FE7,0.03076171875,0.011653645833333332,0.052083333333333336,positive,carrier frequency; absolute,7,0,185,7,0,17
RARE|RECUR|SHAM_C0|FE8,0.03245442708333333,0.013867187500000001,0.05417480468749996,positive,carrier frequency; absolute,7,0,185,7,0,17
RARE|RECUR|SHAM_C0|MLOSS,0.277752685546875,0.2650194136301676,0.2911468537648519,positive,raw mismatch; absolute,192,0,0,24,0,0
RARE|RECUR|SHAM_C0|U,0.7222473144531248,0.7088531462351481,0.7349805863698322,positive,raw accuracy; absolute,192,0,0,24,0,0
RARE|RECUR|SHAM_C0|U0,0.4986979166666667,0.46875,0.5286458333333334,positive,raw accuracy; absolute,192,0,0,24,0,0
RARE|RECUR|SHAM_C0|U1,0.5824025472005209,0.5755299886067708,0.5895715077718099,positive,raw accuracy; absolute,192,0,0,24,0,0
RARE|RECUR|SHAM_C0|U40,0.7540740966796875,0.7346884409586588,0.7733220418294271,positive,raw accuracy; absolute,192,0,0,24,0,0
RARE|RECUR|SHAM_C1|D40,-0.03125,-0.03125,-0.03125,negative,carrier frequency change; absolute,0,192,0,0,24,0
RARE|RECUR|SHAM_C1|E1,0.6277608235677083,0.622909418741862,0.632988052368164,positive,raw accuracy; absolute,192,0,0,24,0,0
RARE|RECUR|SHAM_C1|E2,0.6867685953776043,0.6774342346191407,0.6958995819091798,positive,raw accuracy; absolute,192,0,0,24,0,0
RARE|RECUR|SHAM_C1|E3,0.7197611490885416,0.7081511688232422,0.7309095255533855,positive,raw accuracy; absolute,192,0,0,24,0,0
RARE|RECUR|SHAM_C1|E4,0.7411692301432291,0.7262081909179686,0.755400644938151,positive,raw accuracy; absolute,192,0,0,24,0,0
RARE|RECUR|SHAM_C1|E5,0.7494313557942709,0.7330767567952473,0.7649861399332681,positive,raw accuracy; absolute,192,0,0,24,0,0
RARE|RECUR|SHAM_C1|E6,0.7518890380859377,0.7341144816080729,0.769137674967448,positive,raw accuracy; absolute,192,0,0,24,0,0
RARE|RECUR|SHAM_C1|E7,0.7519734700520834,0.7348606363932292,0.7683181762695311,positive,raw accuracy; absolute,192,0,0,24,0,0
RARE|RECUR|SHAM_C1|E8,0.7520660400390625,0.7342777252197267,0.7692381032307942,positive,raw accuracy; absolute,192,0,0,24,0,0
RARE|RECUR|SHAM_C1|F,0.0007120768229166666,0.00042724609375,0.0010620117187500001,positive,carrier frequency; absolute,49,0,143,23,0,1
RARE|RECUR|SHAM_C1|F0,0.03125,0.03125,0.03125,positive,carrier frequency; absolute,192,0,0,24,0,0
RARE|RECUR|SHAM_C1|F1,0.013020833333333334,0.009114583333333334,0.017740885416666668,positive,carrier frequency; absolute,49,0,143,23,0,1
RARE|RECUR|SHAM_C1|F40,0.0,0.0,0.0,observed_exact_zero,sampled equality; not a design guarantee,0,0,192,0,0,24
RARE|RECUR|SHAM_C1|FE1,0.005533854166666667,0.00341796875,0.008138020833333334,positive,carrier frequency; absolute,49,0,143,23,0,1
RARE|RECUR|SHAM_C1|FE2,0.00016276041666666666,0.0,0.00048828125,unresolved,carrier frequency; absolute,1,0,191,1,0,23
RARE|RECUR|SHAM_C1|FE3,0.0,0.0,0.0,observed_exact_zero,sampled equality; not a design guarantee,0,0,192,0,0,24
RARE|RECUR|SHAM_C1|FE4,0.0,0.0,0.0,observed_exact_zero,sampled equality; not a design guarantee,0,0,192,0,0,24
RARE|RECUR|SHAM_C1|FE5,0.0,0.0,0.0,observed_exact_zero,sampled equality; not a design guarantee,0,0,192,0,0,24
RARE|RECUR|SHAM_C1|FE6,0.0,0.0,0.0,observed_exact_zero,sampled equality; not a design guarantee,0,0,192,0,0,24
RARE|RECUR|SHAM_C1|FE7,0.0,0.0,0.0,observed_exact_zero,sampled equality; not a design guarantee,0,0,192,0,0,24
RARE|RECUR|SHAM_C1|FE8,0.0,0.0,0.0,observed_exact_zero,sampled equality; not a design guarantee,0,0,192,0,0,24
RARE|RECUR|SHAM_C1|MLOSS,0.2773975372314453,0.2643245601654053,0.29087626139322914,positive,raw mismatch; absolute,192,0,0,24,0,0
RARE|RECUR|SHAM_C1|U,0.7226024627685547,0.7091237386067707,0.7356754398345947,positive,raw accuracy; absolute,192,0,0,24,0,0
RARE|RECUR|SHAM_C1|U0,0.4986979166666667,0.46875,0.5286458333333334,positive,raw accuracy; absolute,192,0,0,24,0,0
RARE|RECUR|SHAM_C1|U1,0.5822194417317709,0.5753604888916015,0.5893727620442708,positive,raw accuracy; absolute,192,0,0,24,0,0
RARE|RECUR|SHAM_C1|U40,0.7522226969401041,0.7328811645507813,0.7718521118164062,positive,raw accuracy; absolute,192,0,0,24,0,0
