key,mean,ci_low,ci_high,classification,interpretation,individual_positive,individual_negative,individual_zero,block_positive,block_negative,block_zero
BEST32|FULL_MINUS_HALF|ACTIVE_C0-NOVEL_C0|D40,0.23649088541666666,0.170068359375,0.3035644531249999,positive,carrier frequency change; direct law difference,51,5,136,20,0,4
BEST32|FULL_MINUS_HALF|ACTIVE_C0-NOVEL_C0|E1,-0.00031840006510415464,-0.0007100931803385294,8.448282877607061e-05,unresolved,raw accuracy; direct law difference,41,43,108,6,13,5
BEST32|FULL_MINUS_HALF|ACTIVE_C0-NOVEL_C0|E2,0.0013498942057291834,-5.116780598955644e-05,0.0027822367350260327,unresolved,raw accuracy; direct law difference,67,44,81,16,7,1
BEST32|FULL_MINUS_HALF|ACTIVE_C0-NOVEL_C0|E3,0.006165568033854175,0.0019974517822265226,0.010380706787109428,positive,raw accuracy; direct law difference,71,40,81,18,6,0
BEST32|FULL_MINUS_HALF|ACTIVE_C0-NOVEL_C0|E4,0.015668741861979158,0.011447092692057296,0.01977228800455728,positive,raw accuracy; direct law difference,82,30,80,22,2,0
BEST32|FULL_MINUS_HALF|ACTIVE_C0-NOVEL_C0|E5,0.02378946940104165,0.0176531982421875,0.029648844401041596,positive,raw accuracy; direct law difference,86,25,81,23,1,0
BEST32|FULL_MINUS_HALF|ACTIVE_C0-NOVEL_C0|E6,0.02874654134114583,0.022440109252929715,0.03474662780761718,positive,raw accuracy; direct law difference,85,28,79,24,0,0
BEST32|FULL_MINUS_HALF|ACTIVE_C0-NOVEL_C0|E7,0.03718872070312502,0.030257110595703147,0.044121475219726584,positive,raw accuracy; direct law difference,84,29,79,24,0,0
BEST32|FULL_MINUS_HALF|ACTIVE_C0-NOVEL_C0|E8,0.04706013997395831,0.03929880777994792,0.0550294494628906,positive,raw accuracy; direct law difference,89,24,79,24,0,0
BEST32|FULL_MINUS_HALF|ACTIVE_C0-NOVEL_C0|F,0.1687906901041667,0.12336995442708333,0.21456675211588533,positive,carrier frequency; direct law difference,69,19,104,23,1,0
BEST32|FULL_MINUS_HALF|ACTIVE_C0-NOVEL_C0|F0,0.0,0.0,0.0,structural_zero,design-implied zero,0,0,192,0,0,24
BEST32|FULL_MINUS_HALF|ACTIVE_C0-NOVEL_C0|F1,0.0,0.0,0.0,structural_zero,design-implied zero,0,0,192,0,0,24
BEST32|FULL_MINUS_HALF|ACTIVE_C0-NOVEL_C0|F40,0.23649088541666666,0.170068359375,0.3035644531249999,positive,carrier frequency; direct law difference,51,5,136,20,0,4
BEST32|FULL_MINUS_HALF|ACTIVE_C0-NOVEL_C0|FE1,0.005696614583333335,0.0009440104166666681,0.010579427083333334,positive,carrier frequency; direct law difference,47,22,123,14,5,5
BEST32|FULL_MINUS_HALF|ACTIVE_C0-NOVEL_C0|FE2,0.04632161458333334,0.02034423828125,0.07305013020833331,positive,carrier frequency; direct law difference,61,22,109,17,7,0
BEST32|FULL_MINUS_HALF|ACTIVE_C0-NOVEL_C0|FE3,0.15013020833333332,0.10100748697916667,0.19984049479166663,positive,carrier frequency; direct law difference,59,18,115,21,3,0
BEST32|FULL_MINUS_HALF|ACTIVE_C0-NOVEL_C0|FE4,0.2124674479166667,0.15721516927083334,0.26690022786458334,positive,carrier frequency; direct law difference,59,8,125,22,1,1
BEST32|FULL_MINUS_HALF|ACTIVE_C0-NOVEL_C0|FE5,0.22395833333333334,0.16777180989583332,0.28108805338541665,positive,carrier frequency; direct law difference,55,7,130,22,1,1
BEST32|FULL_MINUS_HALF|ACTIVE_C0-NOVEL_C0|FE6,0.23382161458333336,0.17248942057291666,0.2965519205729167,positive,carrier frequency; direct law difference,53,6,133,22,0,2
BEST32|FULL_MINUS_HALF|ACTIVE_C0-NOVEL_C0|FE7,0.23955078124999998,0.17414632161458335,0.3055029296875,positive,carrier frequency; direct law difference,51,6,135,21,0,3
BEST32|FULL_MINUS_HALF|ACTIVE_C0-NOVEL_C0|FE8,0.23837890625,0.17364908854166666,0.30507812500000003,positive,carrier frequency; direct law difference,51,5,136,21,0,3
BEST32|FULL_MINUS_HALF|ACTIVE_C0-NOVEL_C0|MLOSS,-0.019956334431966146,-0.024015013376871733,-0.015879815419514977,negative,raw mismatch; direct law difference,30,84,78,0,24,0
BEST32|FULL_MINUS_HALF|ACTIVE_C0-NOVEL_C0|U,0.019956334431966063,0.015879815419514883,0.024015013376871657,positive,raw accuracy; direct law difference,84,30,78,24,0,0
BEST32|FULL_MINUS_HALF|ACTIVE_C0-NOVEL_C0|U0,0.0,0.0,0.0,structural_zero,design-implied zero,0,0,192,0,0,24
BEST32|FULL_MINUS_HALF|ACTIVE_C0-NOVEL_C0|U1,0.0,0.0,0.0,structural_zero,design-implied zero,0,0,192,0,0,24
BEST32|FULL_MINUS_HALF|ACTIVE_C0-NOVEL_C0|U40,0.0540771484375,0.04476394653320312,0.06389935811360677,positive,raw accuracy; direct law difference,95,18,79,24,0,0
BEST32|FULL_MINUS_HALF|ACTIVE_C0-SHAM_C0|D40,0.21337890625,0.14827067057291668,0.2804484049479166,positive,carrier frequency change; direct law difference,50,9,133,21,2,1
BEST32|FULL_MINUS_HALF|ACTIVE_C0-SHAM_C0|E1,-0.00010070800781248242,-0.0002716573079426927,7.62939453125325e-05,unresolved,raw accuracy; direct law difference,22,26,144,8,10,6
BEST32|FULL_MINUS_HALF|ACTIVE_C0-SHAM_C0|E2,0.0016286214192708325,0.0003763071695963851,0.002902272542317701,positive,raw accuracy; direct law difference,55,24,113,17,7,0
BEST32|FULL_MINUS_HALF|ACTIVE_C0-SHAM_C0|E3,0.00685221354166668,0.0033130900065104106,0.010464528401692787,positive,raw accuracy; direct law difference,57,27,108,20,4,0
BEST32|FULL_MINUS_HALF|ACTIVE_C0-SHAM_C0|E4,0.014415486653645804,0.009967931111653618,0.018533503214518184,positive,raw accuracy; direct law difference,66,18,108,22,2,0
BEST32|FULL_MINUS_HALF|ACTIVE_C0-SHAM_C0|E5,0.024006144205729125,0.018194758097330697,0.029879328409830617,positive,raw accuracy; direct law difference,74,11,107,23,1,0
BEST32|FULL_MINUS_HALF|ACTIVE_C0-SHAM_C0|E6,0.02956746419270831,0.022815831502278644,0.036091435750325494,positive,raw accuracy; direct law difference,75,11,106,24,0,0
BEST32|FULL_MINUS_HALF|ACTIVE_C0-SHAM_C0|E7,0.03604634602864584,0.029233627319335962,0.043071543375651035,positive,raw accuracy; direct law difference,74,12,106,24,0,0
BEST32|FULL_MINUS_HALF|ACTIVE_C0-SHAM_C0|E8,0.04564208984374999,0.037744649251302075,0.05400924682617184,positive,raw accuracy; direct law difference,77,8,107,24,0,0
BEST32|FULL_MINUS_HALF|ACTIVE_C0-SHAM_C0|F,0.14246419270833333,0.09826690673828126,0.18533070882161456,positive,carrier frequency; direct law difference,62,22,108,21,3,0
BEST32|FULL_MINUS_HALF|ACTIVE_C0-SHAM_C0|F0,0.0,0.0,0.0,structural_zero,design-implied zero,0,0,192,0,0,24
BEST32|FULL_MINUS_HALF|ACTIVE_C0-SHAM_C0|F1,0.0,0.0,0.0,structural_zero,design-implied zero,0,0,192,0,0,24
BEST32|FULL_MINUS_HALF|ACTIVE_C0-SHAM_C0|F40,0.21337890625,0.14827067057291668,0.2804484049479166,positive,carrier frequency; direct law difference,50,9,133,21,2,1
BEST32|FULL_MINUS_HALF|ACTIVE_C0-SHAM_C0|FE1,0.002766927083333334,-9.76562499999998e-05,0.005989583333333333,unresolved,carrier frequency; direct law difference,31,26,135,10,8,6
BEST32|FULL_MINUS_HALF|ACTIVE_C0-SHAM_C0|FE2,0.02802734375,0.004130859374999999,0.05221354166666667,positive,carrier frequency; direct law difference,47,31,114,14,10,0
BEST32|FULL_MINUS_HALF|ACTIVE_C0-SHAM_C0|FE3,0.11533203124999998,0.06144856770833334,0.16591959635416667,positive,carrier frequency; direct law difference,51,25,116,19,5,0
BEST32|FULL_MINUS_HALF|ACTIVE_C0-SHAM_C0|FE4,0.17167968749999998,0.11549397786458336,0.22588297526041667,positive,carrier frequency; direct law difference,53,16,123,21,3,0
BEST32|FULL_MINUS_HALF|ACTIVE_C0-SHAM_C0|FE5,0.1909830729166667,0.1374560546875,0.2436873372395833,positive,carrier frequency; direct law difference,52,13,127,22,2,0
BEST32|FULL_MINUS_HALF|ACTIVE_C0-SHAM_C0|FE6,0.20260416666666667,0.14579915364583332,0.26026123046874994,positive,carrier frequency; direct law difference,52,11,129,22,2,0
BEST32|FULL_MINUS_HALF|ACTIVE_C0-SHAM_C0|FE7,0.21204427083333335,0.14944580078125,0.27480794270833336,positive,carrier frequency; direct law difference,50,10,132,21,2,1
BEST32|FULL_MINUS_HALF|ACTIVE_C0-SHAM_C0|FE8,0.2162760416666667,0.15214436848958335,0.2824617513020833,positive,carrier frequency; direct law difference,50,9,133,21,2,1
BEST32|FULL_MINUS_HALF|ACTIVE_C0-SHAM_C0|MLOSS,-0.01975720723470051,-0.023917175928751616,-0.015576308568318679,negative,raw mismatch; direct law difference,16,70,106,0,24,0
BEST32|FULL_MINUS_HALF|ACTIVE_C0-SHAM_C0|U,0.01975720723470049,0.015576308568318662,0.023917175928751602,positive,raw accuracy; direct law difference,70,16,106,24,0,0
BEST32|FULL_MINUS_HALF|ACTIVE_C0-SHAM_C0|U0,0.0,0.0,0.0,structural_zero,design-implied zero,0,0,192,0,0,24
BEST32|FULL_MINUS_HALF|ACTIVE_C0-SHAM_C0|U1,0.0,0.0,0.0,structural_zero,design-implied zero,0,0,192,0,0,24
BEST32|FULL_MINUS_HALF|ACTIVE_C0-SHAM_C0|U40,0.050938924153645836,0.04247016906738282,0.0599371592203776,positive,raw accuracy; direct law difference,72,13,107,24,0,0
BEST32|FULL_MINUS_HALF|ACTIVE_C1-NOVEL_C1|D40,0.005208333333333333,0.0,0.015625,unresolved,carrier frequency change; direct law difference,1,0,191,1,0,23
BEST32|FULL_MINUS_HALF|ACTIVE_C1-NOVEL_C1|E1,1.4241536458329632e-05,0.0,4.27246093749889e-05,unresolved,raw accuracy; direct law difference,1,0,191,1,0,23
BEST32|FULL_MINUS_HALF|ACTIVE_C1-NOVEL_C1|E2,0.00020955403645833703,0.0,0.0006123860677083407,unresolved,raw accuracy; direct law difference,2,0,190,2,0,22
BEST32|FULL_MINUS_HALF|ACTIVE_C1-NOVEL_C1|E3,0.0004425048828125,-0.00013427734375000278,0.0014170328776041685,unresolved,raw accuracy; direct law difference,1,1,190,1,1,22
BEST32|FULL_MINUS_HALF|ACTIVE_C1-NOVEL_C1|E4,0.00045064290364583054,-1.2207031250002776e-05,0.001360066731770827,unresolved,raw accuracy; direct law difference,1,1,190,1,1,22
BEST32|FULL_MINUS_HALF|ACTIVE_C1-NOVEL_C1|E5,0.0009073893229166694,0.0,0.0025146484375000028,unresolved,raw accuracy; direct law difference,2,0,190,2,0,22
BEST32|FULL_MINUS_HALF|ACTIVE_C1-NOVEL_C1|E6,0.0008097330729166657,-0.0002716064453125028,0.0026102701822916657,unresolved,raw accuracy; direct law difference,1,1,190,1,1,22
BEST32|FULL_MINUS_HALF|ACTIVE_C1-NOVEL_C1|E7,0.001089477539062499,0.0,0.0030507405598958343,unresolved,raw accuracy; direct law difference,2,0,190,2,0,22
BEST32|FULL_MINUS_HALF|ACTIVE_C1-NOVEL_C1|E8,0.0011149088541666657,-0.00013732910156251388,0.0034362792968750063,unresolved,raw accuracy; direct law difference,1,1,190,1,1,22
BEST32|FULL_MINUS_HALF|ACTIVE_C1-NOVEL_C1|F,0.004317220052083333,0.0,0.012951660156250001,unresolved,carrier frequency; direct law difference,1,0,191,1,0,23
BEST32|FULL_MINUS_HALF|ACTIVE_C1-NOVEL_C1|F0,0.0,0.0,0.0,structural_zero,design-implied zero,0,0,192,0,0,24
BEST32|FULL_MINUS_HALF|ACTIVE_C1-NOVEL_C1|F1,0.0,0.0,0.0,structural_zero,design-implied zero,0,0,192,0,0,24
BEST32|FULL_MINUS_HALF|ACTIVE_C1-NOVEL_C1|F40,0.005208333333333333,0.0,0.015625,unresolved,carrier frequency; direct law difference,1,0,191,1,0,23
BEST32|FULL_MINUS_HALF|ACTIVE_C1-NOVEL_C1|FE1,0.0,0.0,0.0,observed_exact_zero,sampled equality; not a design guarantee,0,0,192,0,0,24
BEST32|FULL_MINUS_HALF|ACTIVE_C1-NOVEL_C1|FE2,0.0032877604166666667,0.0,0.00986328125,unresolved,carrier frequency; direct law difference,1,0,191,1,0,23
BEST32|FULL_MINUS_HALF|ACTIVE_C1-NOVEL_C1|FE3,0.005208333333333333,0.0,0.015625,unresolved,carrier frequency; direct law difference,1,0,191,1,0,23
BEST32|FULL_MINUS_HALF|ACTIVE_C1-NOVEL_C1|FE4,0.005208333333333333,0.0,0.015625,unresolved,carrier frequency; direct law difference,1,0,191,1,0,23
BEST32|FULL_MINUS_HALF|ACTIVE_C1-NOVEL_C1|FE5,0.005208333333333333,0.0,0.015625,unresolved,carrier frequency; direct law difference,1,0,191,1,0,23
BEST32|FULL_MINUS_HALF|ACTIVE_C1-NOVEL_C1|FE6,0.005208333333333333,0.0,0.015625,unresolved,carrier frequency; direct law difference,1,0,191,1,0,23
BEST32|FULL_MINUS_HALF|ACTIVE_C1-NOVEL_C1|FE7,0.005208333333333333,0.0,0.015625,unresolved,carrier frequency; direct law difference,1,0,191,1,0,23
BEST32|FULL_MINUS_HALF|ACTIVE_C1-NOVEL_C1|FE8,0.005208333333333333,0.0,0.015625,unresolved,carrier frequency; direct law difference,1,0,191,1,0,23
BEST32|FULL_MINUS_HALF|ACTIVE_C1-NOVEL_C1|MLOSS,-0.0006298065185546901,-0.001876958211263027,0.0,unresolved,raw mismatch; direct law difference,0,3,189,0,3,21
BEST32|FULL_MINUS_HALF|ACTIVE_C1-NOVEL_C1|U,0.0006298065185546958,0.0,0.0018769582112630329,unresolved,raw accuracy; direct law difference,2,1,189,3,0,21
BEST32|FULL_MINUS_HALF|ACTIVE_C1-NOVEL_C1|U0,0.0,0.0,0.0,structural_zero,design-implied zero,0,0,192,0,0,24
BEST32|FULL_MINUS_HALF|ACTIVE_C1-NOVEL_C1|U1,0.0,0.0,0.0,structural_zero,design-implied zero,0,0,192,0,0,24
BEST32|FULL_MINUS_HALF|ACTIVE_C1-NOVEL_C1|U40,0.0011494954427083333,-0.0008087158203125,0.003987630208333333,unresolved,raw accuracy; direct law difference,1,1,190,1,1,22
BEST32|FULL_MINUS_HALF|ACTIVE_C1-SHAM_C1|D40,0.005208333333333333,0.0,0.015625,unresolved,carrier frequency change; direct law difference,1,0,191,1,0,23
BEST32|FULL_MINUS_HALF|ACTIVE_C1-SHAM_C1|E1,0.0,0.0,0.0,observed_exact_zero,sampled equality; not a design guarantee,0,0,192,0,0,24
BEST32|FULL_MINUS_HALF|ACTIVE_C1-SHAM_C1|E2,0.00020141601562500186,0.0,0.0006042480468750056,unresolved,raw accuracy; direct law difference,1,0,191,1,0,23
BEST32|FULL_MINUS_HALF|ACTIVE_C1-SHAM_C1|E3,0.00048726399739583426,0.0,0.0014617919921875028,unresolved,raw accuracy; direct law difference,1,0,191,1,0,23
BEST32|FULL_MINUS_HALF|ACTIVE_C1-SHAM_C1|E4,0.00045471191406249817,0.0,0.0013641357421874944,unresolved,raw accuracy; direct law difference,1,0,191,1,0,23
BEST32|FULL_MINUS_HALF|ACTIVE_C1-SHAM_C1|E5,0.0008036295572916666,0.0,0.002410888671875,unresolved,raw accuracy; direct law difference,1,0,191,1,0,23
BEST32|FULL_MINUS_HALF|ACTIVE_C1-SHAM_C1|E6,0.0009002685546875,0.0,0.0027008056640625,unresolved,raw accuracy; direct law difference,1,0,191,1,0,23
BEST32|FULL_MINUS_HALF|ACTIVE_C1-SHAM_C1|E7,0.0009806315104166675,0.0,0.0029418945312500028,unresolved,raw accuracy; direct law difference,1,0,191,1,0,23
BEST32|FULL_MINUS_HALF|ACTIVE_C1-SHAM_C1|E8,0.0011606852213541703,0.0,0.003482055664062511,unresolved,raw accuracy; direct law difference,1,0,191,1,0,23
BEST32|FULL_MINUS_HALF|ACTIVE_C1-SHAM_C1|F,0.004317220052083333,0.0,0.012951660156250001,unresolved,carrier frequency; direct law difference,1,0,191,1,0,23
BEST32|FULL_MINUS_HALF|ACTIVE_C1-SHAM_C1|F0,0.0,0.0,0.0,structural_zero,design-implied zero,0,0,192,0,0,24
BEST32|FULL_MINUS_HALF|ACTIVE_C1-SHAM_C1|F1,0.0,0.0,0.0,structural_zero,design-implied zero,0,0,192,0,0,24
BEST32|FULL_MINUS_HALF|ACTIVE_C1-SHAM_C1|F40,0.005208333333333333,0.0,0.015625,unresolved,carrier frequency; direct law difference,1,0,191,1,0,23
BEST32|FULL_MINUS_HALF|ACTIVE_C1-SHAM_C1|FE1,0.0,0.0,0.0,observed_exact_zero,sampled equality; not a design guarantee,0,0,192,0,0,24
BEST32|FULL_MINUS_HALF|ACTIVE_C1-SHAM_C1|FE2,0.0032877604166666667,0.0,0.00986328125,unresolved,carrier frequency; direct law difference,1,0,191,1,0,23
BEST32|FULL_MINUS_HALF|ACTIVE_C1-SHAM_C1|FE3,0.005208333333333333,0.0,0.015625,unresolved,carrier frequency; direct law difference,1,0,191,1,0,23
BEST32|FULL_MINUS_HALF|ACTIVE_C1-SHAM_C1|FE4,0.005208333333333333,0.0,0.015625,unresolved,carrier frequency; direct law difference,1,0,191,1,0,23
BEST32|FULL_MINUS_HALF|ACTIVE_C1-SHAM_C1|FE5,0.005208333333333333,0.0,0.015625,unresolved,carrier frequency; direct law difference,1,0,191,1,0,23
BEST32|FULL_MINUS_HALF|ACTIVE_C1-SHAM_C1|FE6,0.005208333333333333,0.0,0.015625,unresolved,carrier frequency; direct law difference,1,0,191,1,0,23
BEST32|FULL_MINUS_HALF|ACTIVE_C1-SHAM_C1|FE7,0.005208333333333333,0.0,0.015625,unresolved,carrier frequency; direct law difference,1,0,191,1,0,23
BEST32|FULL_MINUS_HALF|ACTIVE_C1-SHAM_C1|FE8,0.005208333333333333,0.0,0.015625,unresolved,carrier frequency; direct law difference,1,0,191,1,0,23
BEST32|FULL_MINUS_HALF|ACTIVE_C1-SHAM_C1|MLOSS,-0.0006235758463541697,-0.0018707275390625066,0.0,unresolved,raw mismatch; direct law difference,0,2,190,0,2,22
BEST32|FULL_MINUS_HALF|ACTIVE_C1-SHAM_C1|U,0.0006235758463541732,0.0,0.00187072753906251,unresolved,raw accuracy; direct law difference,1,1,190,2,0,22
BEST32|FULL_MINUS_HALF|ACTIVE_C1-SHAM_C1|U0,0.0,0.0,0.0,structural_zero,design-implied zero,0,0,192,0,0,24
BEST32|FULL_MINUS_HALF|ACTIVE_C1-SHAM_C1|U1,0.0,0.0,0.0,structural_zero,design-implied zero,0,0,192,0,0,24
BEST32|FULL_MINUS_HALF|ACTIVE_C1-SHAM_C1|U40,0.0014190673828125,0.0,0.0042572021484375,unresolved,raw accuracy; direct law difference,1,0,191,1,0,23
BEST32|FULL_MINUS_ZERO|ACTIVE_C0-NOVEL_C0|D40,0.3414713541666667,0.2916666666666667,0.3935546875,positive,carrier frequency change; direct law difference,62,3,127,24,0,0
BEST32|FULL_MINUS_ZERO|ACTIVE_C0-NOVEL_C0|E1,-9.663899739580095e-05,-0.0007049814860025729,0.00048731486002607464,unresolved,raw accuracy; direct law difference,65,50,77,15,9,0
BEST32|FULL_MINUS_ZERO|ACTIVE_C0-NOVEL_C0|E2,0.0017191569010416529,0.00016652425130212086,0.003163782755533826,positive,raw accuracy; direct law difference,69,49,74,17,7,0
BEST32|FULL_MINUS_ZERO|ACTIVE_C0-NOVEL_C0|E3,0.007745361328125019,0.005206807454427062,0.010363108317057307,positive,raw accuracy; direct law difference,82,36,74,22,2,0
BEST32|FULL_MINUS_ZERO|ACTIVE_C0-NOVEL_C0|E4,0.014730834960937522,0.010986328125000019,0.018280181884765684,positive,raw accuracy; direct law difference,78,38,76,22,2,0
BEST32|FULL_MINUS_ZERO|ACTIVE_C0-NOVEL_C0|E5,0.024260457356770803,0.01903668721516929,0.02932388305664054,positive,raw accuracy; direct law difference,92,26,74,24,0,0
BEST32|FULL_MINUS_ZERO|ACTIVE_C0-NOVEL_C0|E6,0.032360839843749996,0.02582354227701821,0.03944839477539065,positive,raw accuracy; direct law difference,87,31,74,24,0,0
BEST32|FULL_MINUS_ZERO|ACTIVE_C0-NOVEL_C0|E7,0.04008890787760419,0.03210187276204425,0.04853078206380209,positive,raw accuracy; direct law difference,99,19,74,24,0,0
BEST32|FULL_MINUS_ZERO|ACTIVE_C0-NOVEL_C0|E8,0.04730122884114581,0.03890530904134113,0.05591458638509113,positive,raw accuracy; direct law difference,91,27,74,24,0,0
BEST32|FULL_MINUS_ZERO|ACTIVE_C0-NOVEL_C0|F,0.23363444010416667,0.19499481201171878,0.2719751993815104,positive,carrier frequency; direct law difference,83,17,92,24,0,0
BEST32|FULL_MINUS_ZERO|ACTIVE_C0-NOVEL_C0|F0,0.0,0.0,0.0,structural_zero,design-implied zero,0,0,192,0,0,24
BEST32|FULL_MINUS_ZERO|ACTIVE_C0-NOVEL_C0|F1,0.0,0.0,0.0,structural_zero,design-implied zero,0,0,192,0,0,24
BEST32|FULL_MINUS_ZERO|ACTIVE_C0-NOVEL_C0|F40,0.3414713541666667,0.2916666666666667,0.3935546875,positive,carrier frequency; direct law difference,62,3,127,24,0,0
BEST32|FULL_MINUS_ZERO|ACTIVE_C0-NOVEL_C0|FE1,0.01162109375,0.007096354166666667,0.01591796875,positive,carrier frequency; direct law difference,69,30,93,21,3,0
BEST32|FULL_MINUS_ZERO|ACTIVE_C0-NOVEL_C0|FE2,0.08287760416666667,0.06048014322916667,0.1047216796875,positive,carrier frequency; direct law difference,69,23,100,22,2,0
BEST32|FULL_MINUS_ZERO|ACTIVE_C0-NOVEL_C0|FE3,0.2005859375,0.1588175455729167,0.2439794921875,positive,carrier frequency; direct law difference,69,13,110,24,0,0
BEST32|FULL_MINUS_ZERO|ACTIVE_C0-NOVEL_C0|FE4,0.27099609375,0.22011555989583334,0.3236669921875,positive,carrier frequency; direct law difference,68,8,116,23,1,0
BEST32|FULL_MINUS_ZERO|ACTIVE_C0-NOVEL_C0|FE5,0.2995768229166667,0.24410725911458334,0.35535563151041655,positive,carrier frequency; direct law difference,65,7,120,23,1,0
BEST32|FULL_MINUS_ZERO|ACTIVE_C0-NOVEL_C0|FE6,0.32591145833333335,0.2742130533854167,0.37780680338541656,positive,carrier frequency; direct law difference,64,6,122,24,0,0
BEST32|FULL_MINUS_ZERO|ACTIVE_C0-NOVEL_C0|FE7,0.33652343749999997,0.28635986328125,0.38860921223958333,positive,carrier frequency; direct law difference,63,5,124,24,0,0
BEST32|FULL_MINUS_ZERO|ACTIVE_C0-NOVEL_C0|FE8,0.3409830729166667,0.29123860677083335,0.3929085286458333,positive,carrier frequency; direct law difference,62,3,127,24,0,0
BEST32|FULL_MINUS_ZERO|ACTIVE_C0-NOVEL_C0|MLOSS,-0.021013768513997402,-0.025241508483886715,-0.016941741307576516,negative,raw mismatch; direct law difference,30,88,74,0,24,0
BEST32|FULL_MINUS_ZERO|ACTIVE_C0-NOVEL_C0|U,0.02101376851399733,0.01694174130757643,0.02524150848388664,positive,raw accuracy; direct law difference,87,30,75,24,0,0
BEST32|FULL_MINUS_ZERO|ACTIVE_C0-NOVEL_C0|U0,0.0,0.0,0.0,structural_zero,design-implied zero,0,0,192,0,0,24
BEST32|FULL_MINUS_ZERO|ACTIVE_C0-NOVEL_C0|U1,0.0,0.0,0.0,structural_zero,design-implied zero,0,0,192,0,0,24
BEST32|FULL_MINUS_ZERO|ACTIVE_C0-NOVEL_C0|U40,0.052103678385416664,0.04379221598307292,0.0606744130452474,positive,raw accuracy; direct law difference,89,29,74,24,0,0
BEST32|FULL_MINUS_ZERO|ACTIVE_C0-SHAM_C0|D40,0.271484375,0.22102864583333334,0.3203125,positive,carrier frequency change; direct law difference,59,4,129,23,0,1
BEST32|FULL_MINUS_ZERO|ACTIVE_C0-SHAM_C0|E1,-0.00025939941406249073,-0.0006226348876953193,0.00011296590169268025,unresolved,raw accuracy; direct law difference,29,36,127,8,14,2
BEST32|FULL_MINUS_ZERO|ACTIVE_C0-SHAM_C0|E2,0.0017222086588541546,0.0002654774983724138,0.0031374359130859272,positive,raw accuracy; direct law difference,57,31,104,18,6,0
BEST32|FULL_MINUS_ZERO|ACTIVE_C0-SHAM_C0|E3,0.007296752929687497,0.004632492065429676,0.009928436279296857,positive,raw accuracy; direct law difference,67,22,103,21,3,0
BEST32|FULL_MINUS_ZERO|ACTIVE_C0-SHAM_C0|E4,0.016126505533854155,0.012248891194661443,0.020170491536458342,positive,raw accuracy; direct law difference,68,22,102,24,0,0
BEST32|FULL_MINUS_ZERO|ACTIVE_C0-SHAM_C0|E5,0.023731486002604153,0.018578720092773414,0.029093907674153638,positive,raw accuracy; direct law difference,76,14,102,24,0,0
BEST32|FULL_MINUS_ZERO|ACTIVE_C0-SHAM_C0|E6,0.03157246907552081,0.025317738850911438,0.03832710266113276,positive,raw accuracy; direct law difference,77,13,102,24,0,0
BEST32|FULL_MINUS_ZERO|ACTIVE_C0-SHAM_C0|E7,0.038303629557291656,0.030864995320638012,0.04623601277669267,positive,raw accuracy; direct law difference,74,15,103,24,0,0
BEST32|FULL_MINUS_ZERO|ACTIVE_C0-SHAM_C0|E8,0.04649149576822916,0.03783711751302084,0.055501022338867126,positive,raw accuracy; direct law difference,70,19,103,24,0,0
BEST32|FULL_MINUS_ZERO|ACTIVE_C0-SHAM_C0|F,0.1820027669270833,0.15177388509114584,0.21147511800130206,positive,carrier frequency; direct law difference,72,17,103,24,0,0
BEST32|FULL_MINUS_ZERO|ACTIVE_C0-SHAM_C0|F0,0.0,0.0,0.0,structural_zero,design-implied zero,0,0,192,0,0,24
BEST32|FULL_MINUS_ZERO|ACTIVE_C0-SHAM_C0|F1,0.0,0.0,0.0,structural_zero,design-implied zero,0,0,192,0,0,24
BEST32|FULL_MINUS_ZERO|ACTIVE_C0-SHAM_C0|F40,0.271484375,0.22102864583333334,0.3203125,positive,carrier frequency; direct law difference,59,4,129,23,0,1
BEST32|FULL_MINUS_ZERO|ACTIVE_C0-SHAM_C0|FE1,0.005045572916666668,0.0005859375000000014,0.009537760416666667,positive,carrier frequency; direct law difference,46,33,113,16,8,0
BEST32|FULL_MINUS_ZERO|ACTIVE_C0-SHAM_C0|FE2,0.05133463541666666,0.028091634114583337,0.07314697265625,positive,carrier frequency; direct law difference,57,28,107,19,5,0
BEST32|FULL_MINUS_ZERO|ACTIVE_C0-SHAM_C0|FE3,0.15104166666666666,0.11171386718750002,0.18984700520833328,positive,carrier frequency; direct law difference,60,12,120,23,1,0
BEST32|FULL_MINUS_ZERO|ACTIVE_C0-SHAM_C0|FE4,0.21139322916666667,0.17177001953125,0.254462890625,positive,carrier frequency; direct law difference,62,9,121,24,0,0
BEST32|FULL_MINUS_ZERO|ACTIVE_C0-SHAM_C0|FE5,0.2373697916666667,0.19908854166666667,0.27676513671874997,positive,carrier frequency; direct law difference,63,7,122,24,0,0
BEST32|FULL_MINUS_ZERO|ACTIVE_C0-SHAM_C0|FE6,0.2584635416666667,0.21401529947916667,0.3001627604166667,positive,carrier frequency; direct law difference,62,6,124,24,0,0
BEST32|FULL_MINUS_ZERO|ACTIVE_C0-SHAM_C0|FE7,0.2688802083333333,0.22267659505208334,0.31386718750000003,positive,carrier frequency; direct law difference,61,5,126,24,0,0
BEST32|FULL_MINUS_ZERO|ACTIVE_C0-SHAM_C0|FE8,0.27249348958333336,0.2227067057291667,0.32002197265625,positive,carrier frequency; direct law difference,59,4,129,23,0,1
BEST32|FULL_MINUS_ZERO|ACTIVE_C0-SHAM_C0|MLOSS,-0.020623143513997386,-0.024962279001871722,-0.01645999272664388,negative,raw mismatch; direct law difference,15,75,102,0,24,0
BEST32|FULL_MINUS_ZERO|ACTIVE_C0-SHAM_C0|U,0.02062314351399736,0.016459992726643828,0.02496227900187172,positive,raw accuracy; direct law difference,75,15,102,24,0,0
BEST32|FULL_MINUS_ZERO|ACTIVE_C0-SHAM_C0|U0,0.0,0.0,0.0,structural_zero,design-implied zero,0,0,192,0,0,24
BEST32|FULL_MINUS_ZERO|ACTIVE_C0-SHAM_C0|U1,0.0,0.0,0.0,structural_zero,design-implied zero,0,0,192,0,0,24
BEST32|FULL_MINUS_ZERO|ACTIVE_C0-SHAM_C0|U40,0.048802693684895836,0.039991505940755206,0.058019129435221355,positive,raw accuracy; direct law difference,74,15,103,24,0,0
BEST32|FULL_MINUS_ZERO|ACTIVE_C1-NOVEL_C1|D40,0.005208333333333333,0.0,0.015625,unresolved,carrier frequency change; direct law difference,1,0,191,1,0,23
BEST32|FULL_MINUS_ZERO|ACTIVE_C1-NOVEL_C1|E1,-0.00015258789062499537,-0.00036231994628905205,0.0,unresolved,raw accuracy; direct law difference,0,3,189,0,3,21
BEST32|FULL_MINUS_ZERO|ACTIVE_C1-NOVEL_C1|E2,0.00025533040364583703,-3.865559895833056e-05,0.0007935841878255294,unresolved,raw accuracy; direct law difference,2,1,189,2,1,21
BEST32|FULL_MINUS_ZERO|ACTIVE_C1-NOVEL_C1|E3,0.0005544026692708287,-0.00011393229166666481,0.0016855875651041556,unresolved,raw accuracy; direct law difference,2,1,189,2,1,21
BEST32|FULL_MINUS_ZERO|ACTIVE_C1-NOVEL_C1|E4,0.0006144205729166676,-0.0001586914062500037,0.0018737792968750028,unresolved,raw accuracy; direct law difference,2,1,189,2,1,21
BEST32|FULL_MINUS_ZERO|ACTIVE_C1-NOVEL_C1|E5,0.0006724039713541704,-2.8483072916668517e-05,0.0019582112630208474,unresolved,raw accuracy; direct law difference,2,1,189,2,1,21
BEST32|FULL_MINUS_ZERO|ACTIVE_C1-NOVEL_C1|E6,0.000732421875,-0.00022277832031249167,0.002452596028645828,unresolved,raw accuracy; direct law difference,1,2,189,1,2,21
BEST32|FULL_MINUS_ZERO|ACTIVE_C1-NOVEL_C1|E7,0.0009541829427083306,-0.00021057128906250278,0.003051757812499991,unresolved,raw accuracy; direct law difference,1,2,189,1,2,21
BEST32|FULL_MINUS_ZERO|ACTIVE_C1-NOVEL_C1|E8,0.001018269856770837,-0.00015360514322916574,0.0031670379638671967,unresolved,raw accuracy; direct law difference,2,1,189,2,1,21
BEST32|FULL_MINUS_ZERO|ACTIVE_C1-NOVEL_C1|F,0.0043701171875000005,0.0,0.013110351562500002,unresolved,carrier frequency; direct law difference,1,0,191,1,0,23
BEST32|FULL_MINUS_ZERO|ACTIVE_C1-NOVEL_C1|F0,0.0,0.0,0.0,structural_zero,design-implied zero,0,0,192,0,0,24
BEST32|FULL_MINUS_ZERO|ACTIVE_C1-NOVEL_C1|F1,0.0,0.0,0.0,structural_zero,design-implied zero,0,0,192,0,0,24
BEST32|FULL_MINUS_ZERO|ACTIVE_C1-NOVEL_C1|F40,0.005208333333333333,0.0,0.015625,unresolved,carrier frequency; direct law difference,1,0,191,1,0,23
BEST32|FULL_MINUS_ZERO|ACTIVE_C1-NOVEL_C1|FE1,0.0004231770833333333,0.0,0.0012695312499999998,unresolved,carrier frequency; direct law difference,1,0,191,1,0,23
BEST32|FULL_MINUS_ZERO|ACTIVE_C1-NOVEL_C1|FE2,0.0032877604166666667,0.0,0.00986328125,unresolved,carrier frequency; direct law difference,1,0,191,1,0,23
BEST32|FULL_MINUS_ZERO|ACTIVE_C1-NOVEL_C1|FE3,0.005208333333333333,0.0,0.015625,unresolved,carrier frequency; direct law difference,1,0,191,1,0,23
BEST32|FULL_MINUS_ZERO|ACTIVE_C1-NOVEL_C1|FE4,0.005208333333333333,0.0,0.015625,unresolved,carrier frequency; direct law difference,1,0,191,1,0,23
BEST32|FULL_MINUS_ZERO|ACTIVE_C1-NOVEL_C1|FE5,0.005208333333333333,0.0,0.015625,unresolved,carrier frequency; direct law difference,1,0,191,1,0,23
BEST32|FULL_MINUS_ZERO|ACTIVE_C1-NOVEL_C1|FE6,0.005208333333333333,0.0,0.015625,unresolved,carrier frequency; direct law difference,1,0,191,1,0,23
BEST32|FULL_MINUS_ZERO|ACTIVE_C1-NOVEL_C1|FE7,0.005208333333333333,0.0,0.015625,unresolved,carrier frequency; direct law difference,1,0,191,1,0,23
BEST32|FULL_MINUS_ZERO|ACTIVE_C1-NOVEL_C1|FE8,0.005208333333333333,0.0,0.015625,unresolved,carrier frequency; direct law difference,1,0,191,1,0,23
BEST32|FULL_MINUS_ZERO|ACTIVE_C1-NOVEL_C1|MLOSS,-0.0005811055501302072,-0.0018086751302083353,6.078084309895972e-05,unresolved,raw mismatch; direct law difference,2,1,189,2,1,21
BEST32|FULL_MINUS_ZERO|ACTIVE_C1-NOVEL_C1|U,0.0005811055501302129,-6.0780843098948156e-05,0.0018086751302083353,unresolved,raw accuracy; direct law difference,1,2,189,1,2,21
BEST32|FULL_MINUS_ZERO|ACTIVE_C1-NOVEL_C1|U0,0.0,0.0,0.0,structural_zero,design-implied zero,0,0,192,0,0,24
BEST32|FULL_MINUS_ZERO|ACTIVE_C1-NOVEL_C1|U1,0.0,0.0,0.0,structural_zero,design-implied zero,0,0,192,0,0,24
BEST32|FULL_MINUS_ZERO|ACTIVE_C1-NOVEL_C1|U40,0.0009969075520833333,-0.0008716583251953124,0.003641891479492187,unresolved,raw accuracy; direct law difference,2,1,189,2,1,21
BEST32|FULL_MINUS_ZERO|ACTIVE_C1-SHAM_C1|D40,0.005208333333333333,0.0,0.015625,unresolved,carrier frequency change; direct law difference,1,0,191,1,0,23
BEST32|FULL_MINUS_ZERO|ACTIVE_C1-SHAM_C1|E1,-0.00013224283854165741,-0.0003417968749999852,0.0,unresolved,raw accuracy; direct law difference,0,2,190,0,2,22
BEST32|FULL_MINUS_ZERO|ACTIVE_C1-SHAM_C1|E2,0.0002716064453125028,0.0,0.0008046468098958417,unresolved,raw accuracy; direct law difference,2,0,190,2,0,22
BEST32|FULL_MINUS_ZERO|ACTIVE_C1-SHAM_C1|E3,0.0004801432291666648,-0.00017089843749999722,0.0016113281249999917,unresolved,raw accuracy; direct law difference,1,1,190,1,1,22
BEST32|FULL_MINUS_ZERO|ACTIVE_C1-SHAM_C1|E4,0.0005106608072916649,-0.00023803710937500555,0.00177001953125,unresolved,raw accuracy; direct law difference,1,1,190,1,1,22
BEST32|FULL_MINUS_ZERO|ACTIVE_C1-SHAM_C1|E5,0.0006866455078125047,0.0,0.0019582112630208474,unresolved,raw accuracy; direct law difference,2,0,190,2,0,22
BEST32|FULL_MINUS_ZERO|ACTIVE_C1-SHAM_C1|E6,0.0007781982421875,-0.00017700195312499167,0.0025115966796874917,unresolved,raw accuracy; direct law difference,1,1,190,1,1,22
BEST32|FULL_MINUS_ZERO|ACTIVE_C1-SHAM_C1|E7,0.0010243733723958315,-4.8828124999997224e-05,0.0031219482421874917,unresolved,raw accuracy; direct law difference,1,1,190,1,1,22
BEST32|FULL_MINUS_ZERO|ACTIVE_C1-SHAM_C1|E8,0.001088460286458338,0.0,0.003208414713541677,unresolved,raw accuracy; direct law difference,2,0,190,2,0,22
BEST32|FULL_MINUS_ZERO|ACTIVE_C1-SHAM_C1|F,0.0043701171875000005,0.0,0.013110351562500002,unresolved,carrier frequency; direct law difference,1,0,191,1,0,23
BEST32|FULL_MINUS_ZERO|ACTIVE_C1-SHAM_C1|F0,0.0,0.0,0.0,structural_zero,design-implied zero,0,0,192,0,0,24
BEST32|FULL_MINUS_ZERO|ACTIVE_C1-SHAM_C1|F1,0.0,0.0,0.0,structural_zero,design-implied zero,0,0,192,0,0,24
BEST32|FULL_MINUS_ZERO|ACTIVE_C1-SHAM_C1|F40,0.005208333333333333,0.0,0.015625,unresolved,carrier frequency; direct law difference,1,0,191,1,0,23
BEST32|FULL_MINUS_ZERO|ACTIVE_C1-SHAM_C1|FE1,0.0004231770833333333,0.0,0.0012695312499999998,unresolved,carrier frequency; direct law difference,1,0,191,1,0,23
BEST32|FULL_MINUS_ZERO|ACTIVE_C1-SHAM_C1|FE2,0.0032877604166666667,0.0,0.00986328125,unresolved,carrier frequency; direct law difference,1,0,191,1,0,23
BEST32|FULL_MINUS_ZERO|ACTIVE_C1-SHAM_C1|FE3,0.005208333333333333,0.0,0.015625,unresolved,carrier frequency; direct law difference,1,0,191,1,0,23
BEST32|FULL_MINUS_ZERO|ACTIVE_C1-SHAM_C1|FE4,0.005208333333333333,0.0,0.015625,unresolved,carrier frequency; direct law difference,1,0,191,1,0,23
BEST32|FULL_MINUS_ZERO|ACTIVE_C1-SHAM_C1|FE5,0.005208333333333333,0.0,0.015625,unresolved,carrier frequency; direct law difference,1,0,191,1,0,23
BEST32|FULL_MINUS_ZERO|ACTIVE_C1-SHAM_C1|FE6,0.005208333333333333,0.0,0.015625,unresolved,carrier frequency; direct law difference,1,0,191,1,0,23
BEST32|FULL_MINUS_ZERO|ACTIVE_C1-SHAM_C1|FE7,0.005208333333333333,0.0,0.015625,unresolved,carrier frequency; direct law difference,1,0,191,1,0,23
BEST32|FULL_MINUS_ZERO|ACTIVE_C1-SHAM_C1|FE8,0.005208333333333333,0.0,0.015625,unresolved,carrier frequency; direct law difference,1,0,191,1,0,23
BEST32|FULL_MINUS_ZERO|ACTIVE_C1-SHAM_C1|MLOSS,-0.0005884806315104145,-0.00182342529296875,5.7983398437506245e-05,unresolved,raw mismatch; direct law difference,1,1,190,1,1,22
BEST32|FULL_MINUS_ZERO|ACTIVE_C1-SHAM_C1|U,0.0005884806315104204,-5.79833984374889e-05,0.00182342529296875,unresolved,raw accuracy; direct law difference,1,1,190,1,1,22
BEST32|FULL_MINUS_ZERO|ACTIVE_C1-SHAM_C1|U0,0.0,0.0,0.0,structural_zero,design-implied zero,0,0,192,0,0,24
BEST32|FULL_MINUS_ZERO|ACTIVE_C1-SHAM_C1|U1,0.0,0.0,0.0,structural_zero,design-implied zero,0,0,192,0,0,24
BEST32|FULL_MINUS_ZERO|ACTIVE_C1-SHAM_C1|U40,0.0014292399088541667,0.0,0.0038604736328125,unresolved,raw accuracy; direct law difference,2,0,190,2,0,22
BEST32|FULL|ACTIVE_C0-NOVEL_C0|D40,0.3400065104166667,0.2945963541666667,0.3898315429687499,positive,carrier frequency change; first minus second arm,66,0,126,24,0,0
BEST32|FULL|ACTIVE_C0-NOVEL_C0|E1,0.0001698811848958546,7.731119791669789e-05,0.0002706146240234829,positive,raw accuracy; first minus second arm,54,22,116,17,4,3
BEST32|FULL|ACTIVE_C0-NOVEL_C0|E2,0.0021311442057291713,0.001306152343749996,0.0029930114746093773,positive,raw accuracy; first minus second arm,72,21,99,22,1,1
BEST32|FULL|ACTIVE_C0-NOVEL_C0|E3,0.008433024088541694,0.00590105692545576,0.01102923075358075,positive,raw accuracy; first minus second arm,75,24,93,24,0,0
BEST32|FULL|ACTIVE_C0-NOVEL_C0|E4,0.016910807291666677,0.012886021931966153,0.02088933308919272,positive,raw accuracy; first minus second arm,77,22,93,24,0,0
BEST32|FULL|ACTIVE_C0-NOVEL_C0|E5,0.024583943684895828,0.019525604248046866,0.029818293253580725,positive,raw accuracy; first minus second arm,81,17,94,24,0,0
BEST32|FULL|ACTIVE_C0-NOVEL_C0|E6,0.033043416341145826,0.02691037495930989,0.03938082377115886,positive,raw accuracy; first minus second arm,84,17,91,24,0,0
BEST32|FULL|ACTIVE_C0-NOVEL_C0|E7,0.04029947916666668,0.03312970479329427,0.047624206542968776,positive,raw accuracy; first minus second arm,86,16,90,24,0,0
BEST32|FULL|ACTIVE_C0-NOVEL_C0|E8,0.04692993164062498,0.03862208048502603,0.055679066975911434,positive,raw accuracy; first minus second arm,81,23,88,24,0,0
BEST32|FULL|ACTIVE_C0-NOVEL_C0|F,0.2457845052083333,0.21248321533203124,0.2824165852864583,positive,carrier frequency; first minus second arm,107,6,79,24,0,0
BEST32|FULL|ACTIVE_C0-NOVEL_C0|F0,0.0,0.0,0.0,structural_zero,design-implied zero,0,0,192,0,0,24
BEST32|FULL|ACTIVE_C0-NOVEL_C0|F1,0.008951822916666666,0.006673177083333333,0.01123046875,positive,carrier frequency; first minus second arm,59,4,129,22,0,2
BEST32|FULL|ACTIVE_C0-NOVEL_C0|F40,0.3400065104166667,0.2945963541666667,0.3898315429687499,positive,carrier frequency; first minus second arm,66,0,126,24,0,0
BEST32|FULL|ACTIVE_C0-NOVEL_C0|FE1,0.03063151041666667,0.02639973958333333,0.03479817708333333,positive,carrier frequency; first minus second arm,107,6,79,24,0,0
BEST32|FULL|ACTIVE_C0-NOVEL_C0|FE2,0.10296223958333332,0.08131429036458333,0.12516276041666666,positive,carrier frequency; first minus second arm,77,0,115,24,0,0
BEST32|FULL|ACTIVE_C0-NOVEL_C0|FE3,0.2225911458333333,0.17682128906250003,0.26878743489583334,positive,carrier frequency; first minus second arm,68,0,124,24,0,0
BEST32|FULL|ACTIVE_C0-NOVEL_C0|FE4,0.28850911458333334,0.24511311848958334,0.33356201171875,positive,carrier frequency; first minus second arm,66,0,126,24,0,0
BEST32|FULL|ACTIVE_C0-NOVEL_C0|FE5,0.31162109374999997,0.2696175130208333,0.3568758138020833,positive,carrier frequency; first minus second arm,66,0,126,24,0,0
BEST32|FULL|ACTIVE_C0-NOVEL_C0|FE6,0.33134765625,0.28544921875,0.379072265625,positive,carrier frequency; first minus second arm,66,0,126,24,0,0
BEST32|FULL|ACTIVE_C0-NOVEL_C0|FE7,0.3387369791666666,0.29205729166666666,0.38630371093749943,positive,carrier frequency; first minus second arm,66,0,126,24,0,0
BEST32|FULL|ACTIVE_C0-NOVEL_C0|FE8,0.3398763020833333,0.29433593750000003,0.38945068359374985,positive,carrier frequency; first minus second arm,66,0,126,24,0,0
BEST32|FULL|ACTIVE_C0-NOVEL_C0|MLOSS,-0.021562703450520835,-0.025800091425577792,-0.017475601832071946,negative,raw mismatch; first minus second arm,23,83,86,0,24,0
BEST32|FULL|ACTIVE_C0-NOVEL_C0|U,0.02156270345052078,0.017475601832071884,0.025800091425577747,positive,raw accuracy; first minus second arm,83,23,86,24,0,0
BEST32|FULL|ACTIVE_C0-NOVEL_C0|U0,0.0,0.0,0.0,structural_zero,design-implied zero,0,0,192,0,0,24
BEST32|FULL|ACTIVE_C0-NOVEL_C0|U1,0.0,0.0,0.0,observed_exact_zero,sampled equality; not a design guarantee,0,0,192,0,0,24
BEST32|FULL|ACTIVE_C0-NOVEL_C0|U40,0.05035400390625,0.04163436889648437,0.059953053792317704,positive,raw accuracy; first minus second arm,79,18,95,24,0,0
BEST32|FULL|ACTIVE_C0-SHAM_C0|D40,0.3116861979166667,0.2696940104166667,0.35727132161458325,positive,carrier frequency change; first minus second arm,66,0,126,24,0,0
BEST32|FULL|ACTIVE_C0-SHAM_C0|E1,0.00018513997395835,9.358723958334986e-05,0.000282796223958354,positive,raw accuracy; first minus second arm,35,7,150,20,2,2
BEST32|FULL|ACTIVE_C0-SHAM_C0|E2,0.00217488606770834,0.0013447316487630102,0.0030326334635416737,positive,raw accuracy; first minus second arm,54,9,129,23,1,0
BEST32|FULL|ACTIVE_C0-SHAM_C0|E3,0.008443196614583343,0.00588376363118492,0.011033452351888023,positive,raw accuracy; first minus second arm,64,8,120,24,0,0
BEST32|FULL|ACTIVE_C0-SHAM_C0|E4,0.016940307617187483,0.012912928263346328,0.02091990152994792,positive,raw accuracy; first minus second arm,70,4,118,24,0,0
BEST32|FULL|ACTIVE_C0-SHAM_C0|E5,0.024537150065104155,0.01943051656087238,0.02977104187011717,positive,raw accuracy; first minus second arm,72,2,118,24,0,0
BEST32|FULL|ACTIVE_C0-SHAM_C0|E6,0.03306986490885415,0.026984481811523433,0.03937332153320308,positive,raw accuracy; first minus second arm,72,4,116,24,0,0
BEST32|FULL|ACTIVE_C0-SHAM_C0|E7,0.040283203125000014,0.0331175994873047,0.04759900410970055,positive,raw accuracy; first minus second arm,71,4,117,24,0,0
BEST32|FULL|ACTIVE_C0-SHAM_C0|E8,0.046913655598958326,0.038628972371419254,0.05562683105468747,positive,raw accuracy; first minus second arm,68,6,118,24,0,0
BEST32|FULL|ACTIVE_C0-SHAM_C0|F,0.21631673177083333,0.1858524576822917,0.24843475341796875,positive,carrier frequency; first minus second arm,75,1,116,24,0,0
BEST32|FULL|ACTIVE_C0-SHAM_C0|F0,0.0,0.0,0.0,structural_zero,design-implied zero,0,0,192,0,0,24
BEST32|FULL|ACTIVE_C0-SHAM_C0|F1,0.0,0.0,0.0,structural_zero,design-implied zero,0,0,192,0,0,24
BEST32|FULL|ACTIVE_C0-SHAM_C0|F40,0.3116861979166667,0.2696940104166667,0.35727132161458325,positive,carrier frequency; first minus second arm,66,0,126,24,0,0
BEST32|FULL|ACTIVE_C0-SHAM_C0|FE1,0.010774739583333333,0.0068351236979166665,0.015104166666666669,positive,carrier frequency; first minus second arm,51,2,139,22,1,1
BEST32|FULL|ACTIVE_C0-SHAM_C0|FE2,0.07317708333333334,0.05194905598958333,0.09462890624999999,positive,carrier frequency; first minus second arm,63,3,126,24,0,0
BEST32|FULL|ACTIVE_C0-SHAM_C0|FE3,0.18896484375,0.14592936197916667,0.23255615234374996,positive,carrier frequency; first minus second arm,63,3,126,24,0,0
BEST32|FULL|ACTIVE_C0-SHAM_C0|FE4,0.25322265625,0.21399739583333335,0.2936930338541666,positive,carrier frequency; first minus second arm,65,1,126,24,0,0
BEST32|FULL|ACTIVE_C0-SHAM_C0|FE5,0.28115234375000003,0.24368326822916667,0.3218155924479167,positive,carrier frequency; first minus second arm,66,0,126,24,0,0
BEST32|FULL|ACTIVE_C0-SHAM_C0|FE6,0.30104166666666665,0.258720703125,0.3450537109375,positive,carrier frequency; first minus second arm,66,0,126,24,0,0
BEST32|FULL|ACTIVE_C0-SHAM_C0|FE7,0.30930989583333335,0.26785725911458336,0.3535530598958333,positive,carrier frequency; first minus second arm,66,0,126,24,0,0
BEST32|FULL|ACTIVE_C0-SHAM_C0|FE8,0.31289062500000003,0.27109374999999997,0.3581087239583333,positive,carrier frequency; first minus second arm,66,0,126,24,0,0
BEST32|FULL|ACTIVE_C0-SHAM_C0|MLOSS,-0.02156842549641926,-0.0258090051015218,-0.017484102249145508,negative,raw mismatch; first minus second arm,5,70,117,0,24,0
BEST32|FULL|ACTIVE_C0-SHAM_C0|U,0.021568425496419245,0.017484102249145483,0.025809005101521783,positive,raw accuracy; first minus second arm,70,5,117,24,0,0
BEST32|FULL|ACTIVE_C0-SHAM_C0|U0,0.0,0.0,0.0,structural_zero,design-implied zero,0,0,192,0,0,24
BEST32|FULL|ACTIVE_C0-SHAM_C0|U1,0.0,0.0,0.0,structural_zero,design-implied zero,0,0,192,0,0,24
BEST32|FULL|ACTIVE_C0-SHAM_C0|U40,0.050114949544270836,0.04141553243001302,0.059636688232421874,positive,raw accuracy; first minus second arm,66,7,119,24,0,0
BEST32|FULL|ACTIVE_C0|D40,0.3087565104166667,0.2633463541666667,0.3585815429687499,positive,carrier frequency change; absolute,66,126,0,24,0,0
BEST32|FULL|ACTIVE_C0|E1,0.7302266438802084,0.711522979736328,0.7512767028808593,positive,raw accuracy; absolute,192,0,0,24,0,0
BEST32|FULL|ACTIVE_C0|E2,0.7307617187500001,0.712265421549479,0.7513681030273438,positive,raw accuracy; absolute,192,0,0,24,0,0
BEST32|FULL|ACTIVE_C0|E3,0.7385101318359375,0.7218578084309897,0.7574108378092448,positive,raw accuracy; absolute,192,0,0,24,0,0
BEST32|FULL|ACTIVE_C0|E4,0.74566650390625,0.7294070180257163,0.763893534342448,positive,raw accuracy; absolute,192,0,0,24,0,0
BEST32|FULL|ACTIVE_C0|E5,0.7547719319661459,0.7389633178710938,0.7722711944580078,positive,raw accuracy; absolute,192,0,0,24,0,0
BEST32|FULL|ACTIVE_C0|E6,0.7615936279296873,0.745882314046224,0.7790584309895834,positive,raw accuracy; absolute,192,0,0,24,0,0
BEST32|FULL|ACTIVE_C0|E7,0.7704203287760416,0.7551168314615886,0.7872161865234374,positive,raw accuracy; absolute,192,0,0,24,0,0
BEST32|FULL|ACTIVE_C0|E8,0.7754801432291666,0.7599001566569009,0.7922822316487629,positive,raw accuracy; absolute,192,0,0,24,0,0
BEST32|FULL|ACTIVE_C0|F,0.24704996744791666,0.21378804524739586,0.2836101277669271,positive,carrier frequency; absolute,125,0,67,24,0,0
BEST32|FULL|ACTIVE_C0|F0,0.03125,0.03125,0.03125,positive,carrier frequency; absolute,192,0,0,24,0,0
BEST32|FULL|ACTIVE_C0|F1,0.02880859375,0.02554931640625,0.032389322916666664,positive,carrier frequency; absolute,125,0,67,24,0,0
BEST32|FULL|ACTIVE_C0|F40,0.3400065104166667,0.2945963541666667,0.3898315429687499,positive,carrier frequency; absolute,66,0,126,24,0,0
BEST32|FULL|ACTIVE_C0|FE1,0.03997395833333334,0.0357421875,0.04410888671874999,positive,carrier frequency; absolute,125,0,67,24,0,0
BEST32|FULL|ACTIVE_C0|FE2,0.10374348958333335,0.08215820312500001,0.12574951171875,positive,carrier frequency; absolute,77,0,115,24,0,0
BEST32|FULL|ACTIVE_C0|FE3,0.2225911458333333,0.17682128906250003,0.26878743489583334,positive,carrier frequency; absolute,68,0,124,24,0,0
BEST32|FULL|ACTIVE_C0|FE4,0.28850911458333334,0.24511311848958334,0.33356201171875,positive,carrier frequency; absolute,66,0,126,24,0,0
BEST32|FULL|ACTIVE_C0|FE5,0.31162109374999997,0.2696175130208333,0.3568758138020833,positive,carrier frequency; absolute,66,0,126,24,0,0
BEST32|FULL|ACTIVE_C0|FE6,0.33134765625,0.28544921875,0.379072265625,positive,carrier frequency; absolute,66,0,126,24,0,0
BEST32|FULL|ACTIVE_C0|FE7,0.3387369791666666,0.29205729166666666,0.38630371093749943,positive,carrier frequency; absolute,66,0,126,24,0,0
BEST32|FULL|ACTIVE_C0|FE8,0.3398763020833333,0.29433593750000003,0.38945068359374985,positive,carrier frequency; absolute,66,0,126,24,0,0
BEST32|FULL|ACTIVE_C0|MLOSS,0.2490711212158203,0.23043675422668458,0.2655245018005371,positive,raw mismatch; absolute,192,0,0,24,0,0
BEST32|FULL|ACTIVE_C0|U,0.7509288787841797,0.7344754981994629,0.7695632457733155,positive,raw accuracy; absolute,192,0,0,24,0,0
BEST32|FULL|ACTIVE_C0|U0,0.7163035074869791,0.6938170115152995,0.7402376810709635,positive,raw accuracy; absolute,192,0,0,24,0,0
BEST32|FULL|ACTIVE_C0|U1,0.7331339518229166,0.7140061696370443,0.7535858154296875,positive,raw accuracy; absolute,192,0,0,24,0,0
BEST32|FULL|ACTIVE_C0|U40,0.77545166015625,0.759915288289388,0.7925783793131511,positive,raw accuracy; absolute,192,0,0,24,0,0
BEST32|FULL|ACTIVE_C1-NOVEL_C1|D40,0.005208333333333333,0.0,0.015625,unresolved,carrier frequency change; first minus second arm,1,0,191,1,0,23
BEST32|FULL|ACTIVE_C1-NOVEL_C1|E1,2.5431315104171293e-05,0.0,7.019042968751943e-05,unresolved,raw accuracy; first minus second arm,3,0,189,3,0,21
BEST32|FULL|ACTIVE_C1-NOVEL_C1|E2,0.00022684733072916852,-3.0517578124972244e-06,0.000682576497395837,unresolved,raw accuracy; first minus second arm,1,1,190,1,1,22
BEST32|FULL|ACTIVE_C1-NOVEL_C1|E3,0.000457763671875,0.0,0.001373291015625,unresolved,raw accuracy; first minus second arm,1,0,191,1,0,23
BEST32|FULL|ACTIVE_C1-NOVEL_C1|E4,0.0005839029947916676,-3.0517578124972244e-06,0.0017537434895833343,unresolved,raw accuracy; first minus second arm,1,1,190,1,1,22
BEST32|FULL|ACTIVE_C1-NOVEL_C1|E5,0.0007293701171875028,0.0,0.0021881103515625083,unresolved,raw accuracy; first minus second arm,1,0,191,1,0,23
BEST32|FULL|ACTIVE_C1-NOVEL_C1|E6,0.0008870442708333315,-6.103515624994449e-06,0.0026652018229166574,unresolved,raw accuracy; first minus second arm,1,1,190,1,1,22
BEST32|FULL|ACTIVE_C1-NOVEL_C1|E7,0.0010050455729166685,-3.0517578124972244e-06,0.003017171223958337,unresolved,raw accuracy; first minus second arm,1,1,190,1,1,22
BEST32|FULL|ACTIVE_C1-NOVEL_C1|E8,0.001089477539062499,-9.155273437505551e-06,0.0032745361328125008,unresolved,raw accuracy; first minus second arm,1,1,190,1,1,22
BEST32|FULL|ACTIVE_C1-NOVEL_C1|F,0.00439453125,0.0,0.013167317708333334,unresolved,carrier frequency; first minus second arm,3,0,189,3,0,21
BEST32|FULL|ACTIVE_C1-NOVEL_C1|F0,0.0,0.0,0.0,structural_zero,design-implied zero,0,0,192,0,0,24
BEST32|FULL|ACTIVE_C1-NOVEL_C1|F1,0.00016276041666666666,0.0,0.00048828125,unresolved,carrier frequency; first minus second arm,1,0,191,1,0,23
BEST32|FULL|ACTIVE_C1-NOVEL_C1|F40,0.005208333333333333,0.0,0.015625,unresolved,carrier frequency; first minus second arm,1,0,191,1,0,23
BEST32|FULL|ACTIVE_C1-NOVEL_C1|FE1,0.0006184895833333334,0.0,0.0017252604166666666,unresolved,carrier frequency; first minus second arm,3,0,189,3,0,21
BEST32|FULL|ACTIVE_C1-NOVEL_C1|FE2,0.0032877604166666667,0.0,0.00986328125,unresolved,carrier frequency; first minus second arm,1,0,191,1,0,23
BEST32|FULL|ACTIVE_C1-NOVEL_C1|FE3,0.005208333333333333,0.0,0.015625,unresolved,carrier frequency; first minus second arm,1,0,191,1,0,23
BEST32|FULL|ACTIVE_C1-NOVEL_C1|FE4,0.005208333333333333,0.0,0.015625,unresolved,carrier frequency; first minus second arm,1,0,191,1,0,23
BEST32|FULL|ACTIVE_C1-NOVEL_C1|FE5,0.005208333333333333,0.0,0.015625,unresolved,carrier frequency; first minus second arm,1,0,191,1,0,23
BEST32|FULL|ACTIVE_C1-NOVEL_C1|FE6,0.005208333333333333,0.0,0.015625,unresolved,carrier frequency; first minus second arm,1,0,191,1,0,23
BEST32|FULL|ACTIVE_C1-NOVEL_C1|FE7,0.005208333333333333,0.0,0.015625,unresolved,carrier frequency; first minus second arm,1,0,191,1,0,23
BEST32|FULL|ACTIVE_C1-NOVEL_C1|FE8,0.005208333333333333,0.0,0.015625,unresolved,carrier frequency; first minus second arm,1,0,191,1,0,23
BEST32|FULL|ACTIVE_C1-NOVEL_C1|MLOSS,-0.0006256103515624988,-0.0018782329559326153,2.034505208336109e-06,unresolved,raw mismatch; first minus second arm,1,2,189,1,2,21
BEST32|FULL|ACTIVE_C1-NOVEL_C1|U,0.0006256103515625047,-2.0345052083222312e-06,0.0018782329559326246,unresolved,raw accuracy; first minus second arm,2,1,189,2,1,21
BEST32|FULL|ACTIVE_C1-NOVEL_C1|U0,0.0,0.0,0.0,structural_zero,design-implied zero,0,0,192,0,0,24
BEST32|FULL|ACTIVE_C1-NOVEL_C1|U1,5.086263020833333e-06,0.0,1.52587890625e-05,unresolved,raw accuracy; first minus second arm,1,0,191,1,0,23
BEST32|FULL|ACTIVE_C1-NOVEL_C1|U40,0.0011342366536458333,0.0,0.0034027099609375,unresolved,raw accuracy; first minus second arm,1,0,191,1,0,23
BEST32|FULL|ACTIVE_C1-SHAM_C1|D40,0.005208333333333333,0.0,0.015625,unresolved,carrier frequency change; first minus second arm,1,0,191,1,0,23
BEST32|FULL|ACTIVE_C1-SHAM_C1|E1,2.339680989583981e-05,0.0,6.815592447917869e-05,unresolved,raw accuracy; first minus second arm,2,0,190,2,0,22
BEST32|FULL|ACTIVE_C1-SHAM_C1|E2,0.00022786458333333426,0.0,0.0006835937500000028,unresolved,raw accuracy; first minus second arm,1,0,191,1,0,23
BEST32|FULL|ACTIVE_C1-SHAM_C1|E3,0.000457763671875,0.0,0.001373291015625,unresolved,raw accuracy; first minus second arm,1,0,191,1,0,23
BEST32|FULL|ACTIVE_C1-SHAM_C1|E4,0.0005849202473958334,0.0,0.0017547607421875,unresolved,raw accuracy; first minus second arm,1,0,191,1,0,23
BEST32|FULL|ACTIVE_C1-SHAM_C1|E5,0.0007293701171875028,0.0,0.0021881103515625083,unresolved,raw accuracy; first minus second arm,1,0,191,1,0,23
BEST32|FULL|ACTIVE_C1-SHAM_C1|E6,0.000889078776041663,0.0,0.002667236328124989,unresolved,raw accuracy; first minus second arm,1,0,191,1,0,23
BEST32|FULL|ACTIVE_C1-SHAM_C1|E7,0.0010060628255208343,0.0,0.0030181884765625028,unresolved,raw accuracy; first minus second arm,1,0,191,1,0,23
BEST32|FULL|ACTIVE_C1-SHAM_C1|E8,0.001092529296875001,0.0,0.0032775878906250028,unresolved,raw accuracy; first minus second arm,1,0,191,1,0,23
BEST32|FULL|ACTIVE_C1-SHAM_C1|F,0.0043904622395833336,0.0,0.013163248697916666,unresolved,carrier frequency; first minus second arm,2,0,190,2,0,22
BEST32|FULL|ACTIVE_C1-SHAM_C1|F0,0.0,0.0,0.0,structural_zero,design-implied zero,0,0,192,0,0,24
BEST32|FULL|ACTIVE_C1-SHAM_C1|F1,0.0,0.0,0.0,structural_zero,design-implied zero,0,0,192,0,0,24
BEST32|FULL|ACTIVE_C1-SHAM_C1|F40,0.005208333333333333,0.0,0.015625,unresolved,carrier frequency; first minus second arm,1,0,191,1,0,23
BEST32|FULL|ACTIVE_C1-SHAM_C1|FE1,0.0005859375,0.0,0.0016927083333333334,unresolved,carrier frequency; first minus second arm,2,0,190,2,0,22
BEST32|FULL|ACTIVE_C1-SHAM_C1|FE2,0.0032877604166666667,0.0,0.00986328125,unresolved,carrier frequency; first minus second arm,1,0,191,1,0,23
BEST32|FULL|ACTIVE_C1-SHAM_C1|FE3,0.005208333333333333,0.0,0.015625,unresolved,carrier frequency; first minus second arm,1,0,191,1,0,23
BEST32|FULL|ACTIVE_C1-SHAM_C1|FE4,0.005208333333333333,0.0,0.015625,unresolved,carrier frequency; first minus second arm,1,0,191,1,0,23
BEST32|FULL|ACTIVE_C1-SHAM_C1|FE5,0.005208333333333333,0.0,0.015625,unresolved,carrier frequency; first minus second arm,1,0,191,1,0,23
BEST32|FULL|ACTIVE_C1-SHAM_C1|FE6,0.005208333333333333,0.0,0.015625,unresolved,carrier frequency; first minus second arm,1,0,191,1,0,23
BEST32|FULL|ACTIVE_C1-SHAM_C1|FE7,0.005208333333333333,0.0,0.015625,unresolved,carrier frequency; first minus second arm,1,0,191,1,0,23
BEST32|FULL|ACTIVE_C1-SHAM_C1|FE8,0.005208333333333333,0.0,0.015625,unresolved,carrier frequency; first minus second arm,1,0,191,1,0,23
BEST32|FULL|ACTIVE_C1-SHAM_C1|MLOSS,-0.0006263732910156243,-0.0018788655598958326,0.0,unresolved,raw mismatch; first minus second arm,0,2,190,0,2,22
BEST32|FULL|ACTIVE_C1-SHAM_C1|U,0.0006263732910156278,0.0,0.001878865559895836,unresolved,raw accuracy; first minus second arm,2,0,190,2,0,22
BEST32|FULL|ACTIVE_C1-SHAM_C1|U0,0.0,0.0,0.0,structural_zero,design-implied zero,0,0,192,0,0,24
BEST32|FULL|ACTIVE_C1-SHAM_C1|U1,0.0,0.0,0.0,structural_zero,design-implied zero,0,0,192,0,0,24
BEST32|FULL|ACTIVE_C1-SHAM_C1|U40,0.0011342366536458333,0.0,0.0034027099609375,unresolved,raw accuracy; first minus second arm,1,0,191,1,0,23
BEST32|FULL|ACTIVE_C1|D40,-0.026041666666666668,-0.03125,-0.015625,negative,carrier frequency change; absolute,1,191,0,1,23,0
BEST32|FULL|ACTIVE_C1|E1,0.7300974527994791,0.7113537089029948,0.7511081441243489,positive,raw accuracy; absolute,192,0,0,24,0,0
BEST32|FULL|ACTIVE_C1|E2,0.7288391113281251,0.7099518330891926,0.7500507100423178,positive,raw accuracy; absolute,192,0,0,24,0,0
BEST32|FULL|ACTIVE_C1|E3,0.7305419921874999,0.7120859781901041,0.7511726379394533,positive,raw accuracy; absolute,192,0,0,24,0,0
BEST32|FULL|ACTIVE_C1|E4,0.7292999267578125,0.7106412760416666,0.7505495198567709,positive,raw accuracy; absolute,192,0,0,24,0,0
BEST32|FULL|ACTIVE_C1|E5,0.7308685302734373,0.7126804097493489,0.751452611287435,positive,raw accuracy; absolute,192,0,0,24,0,0
BEST32|FULL|ACTIVE_C1|E6,0.7294057210286459,0.7108866119384765,0.7506935628255209,positive,raw accuracy; absolute,192,0,0,24,0,0
BEST32|FULL|ACTIVE_C1|E7,0.7311381022135417,0.7129078165690105,0.751616490681966,positive,raw accuracy; absolute,192,0,0,24,0,0
BEST32|FULL|ACTIVE_C1|E8,0.7296254475911459,0.7113123575846354,0.7508167266845703,positive,raw accuracy; absolute,192,0,0,24,0,0
BEST32|FULL|ACTIVE_C1|F,0.004423014322916667,1.2207031250000002e-05,0.013203938802083334,positive,carrier frequency; absolute,8,0,184,6,0,18
BEST32|FULL|ACTIVE_C1|F0,0.03125,0.03125,0.03125,positive,carrier frequency; absolute,192,0,0,24,0,0
BEST32|FULL|ACTIVE_C1|F1,0.0013020833333333333,0.0003255208333333333,0.00244140625,positive,carrier frequency; absolute,8,0,184,6,0,18
BEST32|FULL|ACTIVE_C1|F40,0.005208333333333333,0.0,0.015625,unresolved,carrier frequency; absolute,1,0,191,1,0,23
BEST32|FULL|ACTIVE_C1|FE1,0.0008463541666666667,9.765625000000002e-05,0.002018229166666667,positive,carrier frequency; absolute,8,0,184,6,0,18
BEST32|FULL|ACTIVE_C1|FE2,0.0032877604166666667,0.0,0.00986328125,unresolved,carrier frequency; absolute,1,0,191,1,0,23
BEST32|FULL|ACTIVE_C1|FE3,0.005208333333333333,0.0,0.015625,unresolved,carrier frequency; absolute,1,0,191,1,0,23
BEST32|FULL|ACTIVE_C1|FE4,0.005208333333333333,0.0,0.015625,unresolved,carrier frequency; absolute,1,0,191,1,0,23
BEST32|FULL|ACTIVE_C1|FE5,0.005208333333333333,0.0,0.015625,unresolved,carrier frequency; absolute,1,0,191,1,0,23
BEST32|FULL|ACTIVE_C1|FE6,0.005208333333333333,0.0,0.015625,unresolved,carrier frequency; absolute,1,0,191,1,0,23
BEST32|FULL|ACTIVE_C1|FE7,0.005208333333333333,0.0,0.015625,unresolved,carrier frequency; absolute,1,0,191,1,0,23
BEST32|FULL|ACTIVE_C1|FE8,0.005208333333333333,0.0,0.015625,unresolved,carrier frequency; absolute,1,0,191,1,0,23
BEST32|FULL|ACTIVE_C1|MLOSS,0.2700229644775391,0.24920524915059403,0.28833990732828774,positive,raw mismatch; absolute,192,0,0,24,0,0
BEST32|FULL|ACTIVE_C1|U,0.729977035522461,0.7116600926717123,0.750794750849406,positive,raw accuracy; absolute,192,0,0,24,0,0
BEST32|FULL|ACTIVE_C1|U0,0.7163035074869791,0.6938170115152995,0.7402376810709635,positive,raw accuracy; absolute,192,0,0,24,0,0
BEST32|FULL|ACTIVE_C1|U1,0.7330780029296875,0.7139205932617188,0.7535603841145834,positive,raw accuracy; absolute,192,0,0,24,0,0
BEST32|FULL|ACTIVE_C1|U40,0.7263946533203125,0.7071123758951823,0.748822275797526,positive,raw accuracy; absolute,192,0,0,24,0,0
BEST32|FULL|NOVEL_C0-SHAM_C0|D40,-0.0283203125,-0.04834798177083333,-0.0126953125,negative,carrier frequency change; first minus second arm,0,15,177,0,13,11
BEST32|FULL|NOVEL_C0-SHAM_C0|E1,1.5258789062495374e-05,-4.17073567708146e-05,7.629394531248208e-05,unresolved,raw accuracy; first minus second arm,26,30,136,10,10,4
BEST32|FULL|NOVEL_C0-SHAM_C0|E2,4.374186197916852e-05,-1.729329427084559e-05,0.00010782877604166586,unresolved,raw accuracy; first minus second arm,38,32,122,16,8,0
BEST32|FULL|NOVEL_C0-SHAM_C0|E3,1.0172526041648164e-05,-8.341471354167869e-05,0.00010276794433592196,unresolved,raw accuracy; first minus second arm,38,34,120,10,13,1
BEST32|FULL|NOVEL_C0-SHAM_C0|E4,2.9500325520806503e-05,-6.103515625001434e-05,0.00012512207031246519,unresolved,raw accuracy; first minus second arm,41,31,120,13,9,2
BEST32|FULL|NOVEL_C0-SHAM_C0|E5,-4.679361979167037e-05,-0.0001505788167317633,4.885355631512378e-05,unresolved,raw accuracy; first minus second arm,32,42,118,10,12,2
BEST32|FULL|NOVEL_C0-SHAM_C0|E6,2.6448567708323156e-05,-7.631937662763086e-05,0.00012105305989581588,unresolved,raw accuracy; first minus second arm,42,29,121,14,9,1
BEST32|FULL|NOVEL_C0-SHAM_C0|E7,-1.627604166666574e-05,-0.00010175069173178434,5.9000651041678e-05,unresolved,raw accuracy; first minus second arm,32,41,119,13,11,0
BEST32|FULL|NOVEL_C0-SHAM_C0|E8,-1.627604166665649e-05,-0.00012514750162760554,9.157816569013557e-05,unresolved,raw accuracy; first minus second arm,36,40,116,9,14,1
BEST32|FULL|NOVEL_C0-SHAM_C0|F,-0.0294677734375,-0.042548217773437515,-0.018842671712239585,negative,carrier frequency; first minus second arm,6,94,92,0,24,0
BEST32|FULL|NOVEL_C0-SHAM_C0|F0,0.0,0.0,0.0,structural_zero,design-implied zero,0,0,192,0,0,24
BEST32|FULL|NOVEL_C0-SHAM_C0|F1,-0.008951822916666666,-0.01123046875,-0.006673177083333333,negative,carrier frequency; first minus second arm,4,59,129,0,22,2
BEST32|FULL|NOVEL_C0-SHAM_C0|F40,-0.0283203125,-0.04834798177083333,-0.0126953125,negative,carrier frequency; first minus second arm,0,15,177,0,13,11
BEST32|FULL|NOVEL_C0-SHAM_C0|FE1,-0.019856770833333332,-0.02321126302083333,-0.016893717447916668,negative,carrier frequency; first minus second arm,6,94,92,0,24,0
BEST32|FULL|NOVEL_C0-SHAM_C0|FE2,-0.02978515625,-0.039096679687500004,-0.02148356119791667,negative,carrier frequency; first minus second arm,0,53,139,0,24,0
BEST32|FULL|NOVEL_C0-SHAM_C0|FE3,-0.03362630208333334,-0.045996907552083334,-0.022623697916666668,negative,carrier frequency; first minus second arm,0,34,158,0,22,2
BEST32|FULL|NOVEL_C0-SHAM_C0|FE4,-0.03528645833333333,-0.05029947916666667,-0.022591145833333336,negative,carrier frequency; first minus second arm,0,28,164,0,19,5
BEST32|FULL|NOVEL_C0-SHAM_C0|FE5,-0.03046875,-0.047398274739583336,-0.016828613281250005,negative,carrier frequency; first minus second arm,0,23,169,0,18,6
BEST32|FULL|NOVEL_C0-SHAM_C0|FE6,-0.03030598958333333,-0.04804768880208333,-0.01575358072916667,negative,carrier frequency; first minus second arm,0,18,174,0,15,9
BEST32|FULL|NOVEL_C0-SHAM_C0|FE7,-0.029427083333333336,-0.04671468098958333,-0.0150390625,negative,carrier frequency; first minus second arm,0,16,176,0,14,10
BEST32|FULL|NOVEL_C0-SHAM_C0|FE8,-0.026985677083333336,-0.046191406250000004,-0.012532552083333334,negative,carrier frequency; first minus second arm,0,15,177,0,13,11
BEST32|FULL|NOVEL_C0-SHAM_C0|MLOSS,-5.722045898427092e-06,-4.272778828938592e-05,3.039360046387606e-05,unresolved,raw mismatch; first minus second arm,40,42,110,11,13,0
BEST32|FULL|NOVEL_C0-SHAM_C0|U,5.7220458984652556e-06,-3.0393600463841466e-05,4.2727788289413975e-05,unresolved,raw accuracy; first minus second arm,42,40,110,13,11,0
BEST32|FULL|NOVEL_C0-SHAM_C0|U0,0.0,0.0,0.0,structural_zero,design-implied zero,0,0,192,0,0,24
BEST32|FULL|NOVEL_C0-SHAM_C0|U1,0.0,0.0,0.0,observed_exact_zero,sampled equality; not a design guarantee,0,0,192,0,0,24
BEST32|FULL|NOVEL_C0-SHAM_C0|U40,-0.00023905436197916666,-0.0006205240885416666,6.612141927083333e-05,unresolved,raw accuracy; first minus second arm,28,33,131,10,12,2
BEST32|FULL|NOVEL_C0|D40,-0.03125,-0.03125,-0.03125,negative,carrier frequency change; absolute,0,192,0,0,24,0
BEST32|FULL|NOVEL_C0|E1,0.7300567626953125,0.7112933603922527,0.7511471303304036,positive,raw accuracy; absolute,192,0,0,24,0,0
BEST32|FULL|NOVEL_C0|E2,0.7286305745442707,0.7095937093098957,0.7499906921386719,positive,raw accuracy; absolute,192,0,0,24,0,0
BEST32|FULL|NOVEL_C0|E3,0.7300771077473959,0.7113045247395834,0.7511556243896483,positive,raw accuracy; absolute,192,0,0,24,0,0
BEST32|FULL|NOVEL_C0|E4,0.7287556966145834,0.7097580973307293,0.7501182810465494,positive,raw accuracy; absolute,192,0,0,24,0,0
BEST32|FULL|NOVEL_C0|E5,0.73018798828125,0.7114186096191405,0.751196568806966,positive,raw accuracy; absolute,192,0,0,24,0,0
BEST32|FULL|NOVEL_C0|E6,0.7285502115885417,0.7094692230224608,0.7500153605143229,positive,raw accuracy; absolute,192,0,0,24,0,0
BEST32|FULL|NOVEL_C0|E7,0.7301208496093748,0.7113400522867838,0.7512074534098309,positive,raw accuracy; absolute,192,0,0,24,0,0
BEST32|FULL|NOVEL_C0|E8,0.7285502115885416,0.709665018717448,0.7498731994628905,positive,raw accuracy; absolute,192,0,0,24,0,0
BEST32|FULL|NOVEL_C0|F,0.0012654622395833334,0.00103759765625,0.0015380859375,positive,carrier frequency; absolute,105,0,87,24,0,0
BEST32|FULL|NOVEL_C0|F0,0.03125,0.03125,0.03125,positive,carrier frequency; absolute,192,0,0,24,0,0
BEST32|FULL|NOVEL_C0|F1,0.019856770833333332,0.017578125,0.0224609375,positive,carrier frequency; absolute,105,0,87,24,0,0
BEST32|FULL|NOVEL_C0|F40,0.0,0.0,0.0,observed_exact_zero,sampled equality; not a design guarantee,0,0,192,0,0,24
BEST32|FULL|NOVEL_C0|FE1,0.009342447916666666,0.0077791341145833325,0.011263020833333331,positive,carrier frequency; absolute,105,0,87,24,0,0
BEST32|FULL|NOVEL_C0|FE2,0.0007812499999999999,0.0002278645833333333,0.00146484375,positive,carrier frequency; absolute,7,0,185,6,0,18
BEST32|FULL|NOVEL_C0|FE3,0.0,0.0,0.0,observed_exact_zero,sampled equality; not a design guarantee,0,0,192,0,0,24
BEST32|FULL|NOVEL_C0|FE4,0.0,0.0,0.0,observed_exact_zero,sampled equality; not a design guarantee,0,0,192,0,0,24
BEST32|FULL|NOVEL_C0|FE5,0.0,0.0,0.0,observed_exact_zero,sampled equality; not a design guarantee,0,0,192,0,0,24
BEST32|FULL|NOVEL_C0|FE6,0.0,0.0,0.0,observed_exact_zero,sampled equality; not a design guarantee,0,0,192,0,0,24
BEST32|FULL|NOVEL_C0|FE7,0.0,0.0,0.0,observed_exact_zero,sampled equality; not a design guarantee,0,0,192,0,0,24
BEST32|FULL|NOVEL_C0|FE8,0.0,0.0,0.0,observed_exact_zero,sampled equality; not a design guarantee,0,0,192,0,0,24
BEST32|FULL|NOVEL_C0|MLOSS,0.27063382466634117,0.24971969604492186,0.289482364654541,positive,raw mismatch; absolute,192,0,0,24,0,0
BEST32|FULL|NOVEL_C0|U,0.7293661753336588,0.7105176353454591,0.750280303955078,positive,raw accuracy; absolute,192,0,0,24,0,0
BEST32|FULL|NOVEL_C0|U0,0.7163035074869791,0.6938170115152995,0.7402376810709635,positive,raw accuracy; absolute,192,0,0,24,0,0
BEST32|FULL|NOVEL_C0|U1,0.7331339518229166,0.7140061696370443,0.7535858154296875,positive,raw accuracy; absolute,192,0,0,24,0,0
BEST32|FULL|NOVEL_C0|U40,0.72509765625,0.7055688222249349,0.7477901458740234,positive,raw accuracy; absolute,192,0,0,24,0,0
BEST32|FULL|NOVEL_C1-SHAM_C1|D40,0.0,0.0,0.0,observed_exact_zero,sampled equality; not a design guarantee,0,0,192,0,0,24
BEST32|FULL|NOVEL_C1-SHAM_C1|E1,-2.034505208331483e-06,-6.103515624994449e-06,0.0,unresolved,raw accuracy; first minus second arm,0,1,191,0,1,23
BEST32|FULL|NOVEL_C1-SHAM_C1|E2,1.0172526041657415e-06,0.0,3.0517578124972244e-06,unresolved,raw accuracy; first minus second arm,1,0,191,1,0,23
BEST32|FULL|NOVEL_C1-SHAM_C1|E3,0.0,0.0,0.0,observed_exact_zero,sampled equality; not a design guarantee,0,0,192,0,0,24
BEST32|FULL|NOVEL_C1-SHAM_C1|E4,1.0172526041657415e-06,0.0,3.0517578124972244e-06,unresolved,raw accuracy; first minus second arm,1,0,191,1,0,23
BEST32|FULL|NOVEL_C1-SHAM_C1|E5,0.0,0.0,0.0,observed_exact_zero,sampled equality; not a design guarantee,0,0,192,0,0,24
BEST32|FULL|NOVEL_C1-SHAM_C1|E6,2.034505208331483e-06,0.0,6.103515624994449e-06,unresolved,raw accuracy; first minus second arm,1,0,191,1,0,23
BEST32|FULL|NOVEL_C1-SHAM_C1|E7,1.0172526041657415e-06,0.0,3.0517578124972244e-06,unresolved,raw accuracy; first minus second arm,1,0,191,1,0,23
BEST32|FULL|NOVEL_C1-SHAM_C1|E8,3.0517578125018505e-06,0.0,9.155273437505551e-06,unresolved,raw accuracy; first minus second arm,1,0,191,1,0,23
BEST32|FULL|NOVEL_C1-SHAM_C1|F,-4.069010416666667e-06,-1.2207031250000002e-05,0.0,unresolved,carrier frequency; first minus second arm,0,1,191,0,1,23
BEST32|FULL|NOVEL_C1-SHAM_C1|F0,0.0,0.0,0.0,structural_zero,design-implied zero,0,0,192,0,0,24
BEST32|FULL|NOVEL_C1-SHAM_C1|F1,-0.00016276041666666666,-0.00048828125,0.0,unresolved,carrier frequency; first minus second arm,0,1,191,0,1,23
BEST32|FULL|NOVEL_C1-SHAM_C1|F40,0.0,0.0,0.0,observed_exact_zero,sampled equality; not a design guarantee,0,0,192,0,0,24
BEST32|FULL|NOVEL_C1-SHAM_C1|FE1,-3.255208333333333e-05,-9.765625000000002e-05,0.0,unresolved,carrier frequency; first minus second arm,0,1,191,0,1,23
BEST32|FULL|NOVEL_C1-SHAM_C1|FE2,0.0,0.0,0.0,observed_exact_zero,sampled equality; not a design guarantee,0,0,192,0,0,24
BEST32|FULL|NOVEL_C1-SHAM_C1|FE3,0.0,0.0,0.0,observed_exact_zero,sampled equality; not a design guarantee,0,0,192,0,0,24
BEST32|FULL|NOVEL_C1-SHAM_C1|FE4,0.0,0.0,0.0,observed_exact_zero,sampled equality; not a design guarantee,0,0,192,0,0,24
BEST32|FULL|NOVEL_C1-SHAM_C1|FE5,0.0,0.0,0.0,observed_exact_zero,sampled equality; not a design guarantee,0,0,192,0,0,24
BEST32|FULL|NOVEL_C1-SHAM_C1|FE6,0.0,0.0,0.0,observed_exact_zero,sampled equality; not a design guarantee,0,0,192,0,0,24
BEST32|FULL|NOVEL_C1-SHAM_C1|FE7,0.0,0.0,0.0,observed_exact_zero,sampled equality; not a design guarantee,0,0,192,0,0,24
BEST32|FULL|NOVEL_C1-SHAM_C1|FE8,0.0,0.0,0.0,observed_exact_zero,sampled equality; not a design guarantee,0,0,192,0,0,24
BEST32|FULL|NOVEL_C1-SHAM_C1|MLOSS,-7.629394531254626e-07,-2.2888183593763878e-06,0.0,unresolved,raw mismatch; first minus second arm,0,1,191,0,1,23
BEST32|FULL|NOVEL_C1-SHAM_C1|U,7.629394531231496e-07,0.0,2.288818359369449e-06,unresolved,raw accuracy; first minus second arm,1,0,191,1,0,23
BEST32|FULL|NOVEL_C1-SHAM_C1|U0,0.0,0.0,0.0,structural_zero,design-implied zero,0,0,192,0,0,24
BEST32|FULL|NOVEL_C1-SHAM_C1|U1,-5.086263020833333e-06,-1.52587890625e-05,0.0,unresolved,raw accuracy; first minus second arm,0,1,191,0,1,23
BEST32|FULL|NOVEL_C1-SHAM_C1|U40,0.0,0.0,0.0,observed_exact_zero,sampled equality; not a design guarantee,0,0,192,0,0,24
BEST32|FULL|NOVEL_C1|D40,-0.03125,-0.03125,-0.03125,negative,carrier frequency change; absolute,0,192,0,0,24,0
BEST32|FULL|NOVEL_C1|E1,0.730072021484375,0.7113505554199219,0.7511070505777995,positive,raw accuracy; absolute,192,0,0,24,0,0
BEST32|FULL|NOVEL_C1|E2,0.7286122639973959,0.7096412913004558,0.7499773406982422,positive,raw accuracy; absolute,192,0,0,24,0,0
BEST32|FULL|NOVEL_C1|E3,0.7300842285156249,0.7113005065917968,0.7511361694335936,positive,raw accuracy; absolute,192,0,0,24,0,0
BEST32|FULL|NOVEL_C1|E4,0.7287160237630209,0.7097300211588542,0.7500552622477215,positive,raw accuracy; absolute,192,0,0,24,0,0
BEST32|FULL|NOVEL_C1|E5,0.73013916015625,0.7113222249348958,0.7512112935384115,positive,raw accuracy; absolute,192,0,0,24,0,0
BEST32|FULL|NOVEL_C1|E6,0.7285186767578123,0.709468053181966,0.7499577077229819,positive,raw accuracy; absolute,192,0,0,24,0,0
BEST32|FULL|NOVEL_C1|E7,0.730133056640625,0.7113557434082033,0.7511917114257811,positive,raw accuracy; absolute,192,0,0,24,0,0
BEST32|FULL|NOVEL_C1|E8,0.7285359700520834,0.7095550028483073,0.7499291483561197,positive,raw accuracy; absolute,192,0,0,24,0,0
BEST32|FULL|NOVEL_C1|F,2.848307291666667e-05,8.138020833333333e-06,5.696614583333334e-05,positive,carrier frequency; absolute,7,0,185,5,0,19
BEST32|FULL|NOVEL_C1|F0,0.03125,0.03125,0.03125,positive,carrier frequency; absolute,192,0,0,24,0,0
BEST32|FULL|NOVEL_C1|F1,0.0011393229166666667,0.0003255208333333333,0.0022786458333333335,positive,carrier frequency; absolute,7,0,185,5,0,19
BEST32|FULL|NOVEL_C1|F40,0.0,0.0,0.0,observed_exact_zero,sampled equality; not a design guarantee,0,0,192,0,0,24
BEST32|FULL|NOVEL_C1|FE1,0.00022786458333333336,6.510416666666667e-05,0.00045572916666666673,positive,carrier frequency; absolute,7,0,185,5,0,19
BEST32|FULL|NOVEL_C1|FE2,0.0,0.0,0.0,observed_exact_zero,sampled equality; not a design guarantee,0,0,192,0,0,24
BEST32|FULL|NOVEL_C1|FE3,0.0,0.0,0.0,observed_exact_zero,sampled equality; not a design guarantee,0,0,192,0,0,24
BEST32|FULL|NOVEL_C1|FE4,0.0,0.0,0.0,observed_exact_zero,sampled equality; not a design guarantee,0,0,192,0,0,24
BEST32|FULL|NOVEL_C1|FE5,0.0,0.0,0.0,observed_exact_zero,sampled equality; not a design guarantee,0,0,192,0,0,24
BEST32|FULL|NOVEL_C1|FE6,0.0,0.0,0.0,observed_exact_zero,sampled equality; not a design guarantee,0,0,192,0,0,24
BEST32|FULL|NOVEL_C1|FE7,0.0,0.0,0.0,observed_exact_zero,sampled equality; not a design guarantee,0,0,192,0,0,24
BEST32|FULL|NOVEL_C1|FE8,0.0,0.0,0.0,observed_exact_zero,sampled equality; not a design guarantee,0,0,192,0,0,24
BEST32|FULL|NOVEL_C1|MLOSS,0.2706485748291016,0.2497309335072836,0.2894961897532145,positive,raw mismatch; absolute,192,0,0,24,0,0
BEST32|FULL|NOVEL_C1|U,0.7293514251708985,0.7105038102467854,0.7502690664927163,positive,raw accuracy; absolute,192,0,0,24,0,0
BEST32|FULL|NOVEL_C1|U0,0.7163035074869791,0.6938170115152995,0.7402376810709635,positive,raw accuracy; absolute,192,0,0,24,0,0
BEST32|FULL|NOVEL_C1|U1,0.7330729166666666,0.7139156341552735,0.753555425008138,positive,raw accuracy; absolute,192,0,0,24,0,0
BEST32|FULL|NOVEL_C1|U40,0.7252604166666666,0.7057843526204427,0.7478800455729167,positive,raw accuracy; absolute,192,0,0,24,0,0
BEST32|FULL|SHAM_C0|D40,-0.0029296875,-0.0185546875,0.017097981770833288,unresolved,carrier frequency change; absolute,14,177,1,6,17,1
BEST32|FULL|SHAM_C0|E1,0.73004150390625,0.7113239288330078,0.751149876912435,positive,raw accuracy; absolute,192,0,0,24,0,0
BEST32|FULL|SHAM_C0|E2,0.7285868326822916,0.7095902252197266,0.7499462636311849,positive,raw accuracy; absolute,192,0,0,24,0,0
BEST32|FULL|SHAM_C0|E3,0.7300669352213541,0.7112744903564454,0.7511257934570313,positive,raw accuracy; absolute,192,0,0,24,0,0
BEST32|FULL|SHAM_C0|E4,0.7287261962890624,0.7097463989257813,0.750069580078125,positive,raw accuracy; absolute,192,0,0,24,0,0
BEST32|FULL|SHAM_C0|E5,0.7302347819010416,0.7114826202392579,0.7512534840901691,positive,raw accuracy; absolute,192,0,0,24,0,0
BEST32|FULL|SHAM_C0|E6,0.7285237630208332,0.7094954172770183,0.7499759928385417,positive,raw accuracy; absolute,192,0,0,24,0,0
BEST32|FULL|SHAM_C0|E7,0.7301371256510416,0.7113826497395833,0.7512016042073567,positive,raw accuracy; absolute,192,0,0,24,0,0
BEST32|FULL|SHAM_C0|E8,0.7285664876302084,0.7095726776123047,0.749921162923177,positive,raw accuracy; absolute,192,0,0,24,0,0
BEST32|FULL|SHAM_C0|F,0.03073323567708333,0.020158996582031248,0.04376932779947915,positive,carrier frequency; absolute,125,0,67,24,0,0
BEST32|FULL|SHAM_C0|F0,0.03125,0.03125,0.03125,positive,carrier frequency; absolute,192,0,0,24,0,0
BEST32|FULL|SHAM_C0|F1,0.02880859375,0.02554931640625,0.032389322916666664,positive,carrier frequency; absolute,125,0,67,24,0,0
BEST32|FULL|SHAM_C0|F40,0.0283203125,0.0126953125,0.04834798177083329,positive,carrier frequency; absolute,15,0,177,13,0,11
BEST32|FULL|SHAM_C0|FE1,0.029199218749999995,0.02587890625,0.032942708333333334,positive,carrier frequency; absolute,125,0,67,24,0,0
BEST32|FULL|SHAM_C0|FE2,0.03056640625,0.022232259114583333,0.040039876302083326,positive,carrier frequency; absolute,55,0,137,24,0,0
BEST32|FULL|SHAM_C0|FE3,0.03362630208333334,0.022623697916666668,0.04599690755208333,positive,carrier frequency; absolute,34,0,158,22,0,2
BEST32|FULL|SHAM_C0|FE4,0.03528645833333333,0.022591145833333336,0.05029947916666663,positive,carrier frequency; absolute,28,0,164,19,0,5
BEST32|FULL|SHAM_C0|FE5,0.03046875,0.01682861328125,0.04739827473958332,positive,carrier frequency; absolute,23,0,169,18,0,6
BEST32|FULL|SHAM_C0|FE6,0.03030598958333333,0.015753580729166664,0.04804768880208332,positive,carrier frequency; absolute,18,0,174,15,0,9
BEST32|FULL|SHAM_C0|FE7,0.029427083333333336,0.0150390625,0.04671468098958332,positive,carrier frequency; absolute,16,0,176,14,0,10
BEST32|FULL|SHAM_C0|FE8,0.026985677083333336,0.012532552083333334,0.046191406250000004,positive,carrier frequency; absolute,15,0,177,13,0,11
BEST32|FULL|SHAM_C0|MLOSS,0.2706395467122396,0.24973456700642904,0.2894812901814779,positive,raw mismatch; absolute,192,0,0,24,0,0
BEST32|FULL|SHAM_C0|U,0.7293604532877604,0.7105187098185222,0.7502654329935708,positive,raw accuracy; absolute,192,0,0,24,0,0
BEST32|FULL|SHAM_C0|U0,0.7163035074869791,0.6938170115152995,0.7402376810709635,positive,raw accuracy; absolute,192,0,0,24,0,0
BEST32|FULL|SHAM_C0|U1,0.7331339518229166,0.7140061696370443,0.7535858154296875,positive,raw accuracy; absolute,192,0,0,24,0,0
BEST32|FULL|SHAM_C0|U40,0.7253367106119791,0.7059220631917318,0.7478744506835937,positive,raw accuracy; absolute,192,0,0,24,0,0
BEST32|FULL|SHAM_C1|D40,-0.03125,-0.03125,-0.03125,negative,carrier frequency change; absolute,0,192,0,0,24,0
BEST32|FULL|SHAM_C1|E1,0.7300740559895834,0.7113525899251303,0.7511071523030599,positive,raw accuracy; absolute,192,0,0,24,0,0
BEST32|FULL|SHAM_C1|E2,0.7286112467447916,0.7096382904052734,0.749976298014323,positive,raw accuracy; absolute,192,0,0,24,0,0
BEST32|FULL|SHAM_C1|E3,0.7300842285156249,0.7113005065917968,0.7511361694335936,positive,raw accuracy; absolute,192,0,0,24,0,0
BEST32|FULL|SHAM_C1|E4,0.7287150065104168,0.7097260284423829,0.7500542195638021,positive,raw accuracy; absolute,192,0,0,24,0,0
BEST32|FULL|SHAM_C1|E5,0.73013916015625,0.7113222249348958,0.7512112935384115,positive,raw accuracy; absolute,192,0,0,24,0,0
BEST32|FULL|SHAM_C1|E6,0.7285166422526043,0.7094640350341797,0.7499557240804038,positive,raw accuracy; absolute,192,0,0,24,0,0
BEST32|FULL|SHAM_C1|E7,0.730132039388021,0.7113537343343099,0.751189727783203,positive,raw accuracy; absolute,192,0,0,24,0,0
BEST32|FULL|SHAM_C1|E8,0.7285329182942708,0.709549789428711,0.7499260203043618,positive,raw accuracy; absolute,192,0,0,24,0,0
BEST32|FULL|SHAM_C1|F,3.255208333333333e-05,8.138020833333333e-06,6.103515625e-05,positive,carrier frequency; absolute,8,0,184,6,0,18
BEST32|FULL|SHAM_C1|F0,0.03125,0.03125,0.03125,positive,carrier frequency; absolute,192,0,0,24,0,0
BEST32|FULL|SHAM_C1|F1,0.0013020833333333333,0.0003255208333333333,0.00244140625,positive,carrier frequency; absolute,8,0,184,6,0,18
BEST32|FULL|SHAM_C1|F40,0.0,0.0,0.0,observed_exact_zero,sampled equality; not a design guarantee,0,0,192,0,0,24
BEST32|FULL|SHAM_C1|FE1,0.00026041666666666666,6.510416666666667e-05,0.00048828125,positive,carrier frequency; absolute,8,0,184,6,0,18
BEST32|FULL|SHAM_C1|FE2,0.0,0.0,0.0,observed_exact_zero,sampled equality; not a design guarantee,0,0,192,0,0,24
BEST32|FULL|SHAM_C1|FE3,0.0,0.0,0.0,observed_exact_zero,sampled equality; not a design guarantee,0,0,192,0,0,24
BEST32|FULL|SHAM_C1|FE4,0.0,0.0,0.0,observed_exact_zero,sampled equality; not a design guarantee,0,0,192,0,0,24
BEST32|FULL|SHAM_C1|FE5,0.0,0.0,0.0,observed_exact_zero,sampled equality; not a design guarantee,0,0,192,0,0,24
BEST32|FULL|SHAM_C1|FE6,0.0,0.0,0.0,observed_exact_zero,sampled equality; not a design guarantee,0,0,192,0,0,24
BEST32|FULL|SHAM_C1|FE7,0.0,0.0,0.0,observed_exact_zero,sampled equality; not a design guarantee,0,0,192,0,0,24
BEST32|FULL|SHAM_C1|FE8,0.0,0.0,0.0,observed_exact_zero,sampled equality; not a design guarantee,0,0,192,0,0,24
BEST32|FULL|SHAM_C1|MLOSS,0.2706493377685547,0.24973097165425623,0.28949697176615397,positive,raw mismatch; absolute,192,0,0,24,0,0
BEST32|FULL|SHAM_C1|U,0.7293506622314454,0.7105030282338461,0.7502690283457437,positive,raw accuracy; absolute,192,0,0,24,0,0
BEST32|FULL|SHAM_C1|U0,0.7163035074869791,0.6938170115152995,0.7402376810709635,positive,raw accuracy; absolute,192,0,0,24,0,0
BEST32|FULL|SHAM_C1|U1,0.7330780029296875,0.7139205932617188,0.7535603841145834,positive,raw accuracy; absolute,192,0,0,24,0,0
BEST32|FULL|SHAM_C1|U40,0.7252604166666666,0.7057843526204427,0.7478800455729167,positive,raw accuracy; absolute,192,0,0,24,0,0
BEST32|HALF_MINUS_ZERO|ACTIVE_C0-NOVEL_C0|D40,0.10498046875,0.039388020833333336,0.17561848958333334,positive,carrier frequency change; direct law difference,28,11,153,13,3,8
BEST32|HALF_MINUS_ZERO|ACTIVE_C0-NOVEL_C0|E1,0.0002217610677083537,-0.00044151306152342913,0.0008453623453776306,unresolved,raw accuracy; direct law difference,55,40,97,10,10,4
BEST32|HALF_MINUS_ZERO|ACTIVE_C0-NOVEL_C0|E2,0.00036926269531246947,-0.0016795857747395752,0.002424138387044259,unresolved,raw accuracy; direct law difference,55,60,77,12,12,0
BEST32|HALF_MINUS_ZERO|ACTIVE_C0-NOVEL_C0|E3,0.0015797932942708444,-0.0010373433430989135,0.004395370483398442,unresolved,raw accuracy; direct law difference,64,52,76,14,9,1
BEST32|HALF_MINUS_ZERO|ACTIVE_C0-NOVEL_C0|E4,-0.0009379069010416371,-0.0033021545410156284,0.0014791361490885707,unresolved,raw accuracy; direct law difference,51,65,76,11,13,0
BEST32|HALF_MINUS_ZERO|ACTIVE_C0-NOVEL_C0|E5,0.00047098795572915464,-0.00260200500488283,0.003194885253906237,unresolved,raw accuracy; direct law difference,58,57,77,12,11,1
BEST32|HALF_MINUS_ZERO|ACTIVE_C0-NOVEL_C0|E6,0.0036142985026041685,0.0006416066487629879,0.006829681396484396,positive,raw accuracy; direct law difference,68,48,76,17,7,0
BEST32|HALF_MINUS_ZERO|ACTIVE_C0-NOVEL_C0|E7,0.0029001871744791705,-0.00041320800781251206,0.006305007934570346,unresolved,raw accuracy; direct law difference,66,50,76,12,12,0
BEST32|HALF_MINUS_ZERO|ACTIVE_C0-NOVEL_C0|E8,0.00024108886718749814,-0.0024948120117187665,0.0028697967529297177,unresolved,raw accuracy; direct law difference,61,55,76,10,14,0
BEST32|HALF_MINUS_ZERO|ACTIVE_C0-NOVEL_C0|F,0.06484374999999999,0.020507710774739587,0.11079569498697917,positive,carrier frequency; direct law difference,56,35,101,17,7,0
BEST32|HALF_MINUS_ZERO|ACTIVE_C0-NOVEL_C0|F0,0.0,0.0,0.0,structural_zero,design-implied zero,0,0,192,0,0,24
BEST32|HALF_MINUS_ZERO|ACTIVE_C0-NOVEL_C0|F1,0.0,0.0,0.0,structural_zero,design-implied zero,0,0,192,0,0,24
BEST32|HALF_MINUS_ZERO|ACTIVE_C0-NOVEL_C0|F40,0.10498046875,0.039388020833333336,0.17561848958333334,positive,carrier frequency; direct law difference,28,11,153,13,3,8
BEST32|HALF_MINUS_ZERO|ACTIVE_C0-NOVEL_C0|FE1,0.005924479166666666,0.002343750000000001,0.009343261718749994,positive,carrier frequency; direct law difference,48,27,117,14,6,4
BEST32|HALF_MINUS_ZERO|ACTIVE_C0-NOVEL_C0|FE2,0.03655598958333334,0.011587727864583333,0.06113362630208333,positive,carrier frequency; direct law difference,52,30,110,16,7,1
BEST32|HALF_MINUS_ZERO|ACTIVE_C0-NOVEL_C0|FE3,0.050455729166666664,0.011421712239583336,0.09131754557291662,positive,carrier frequency; direct law difference,36,25,131,17,6,1
BEST32|HALF_MINUS_ZERO|ACTIVE_C0-NOVEL_C0|FE4,0.05852864583333334,0.006346028645833333,0.11429931640624996,positive,carrier frequency; direct law difference,32,19,141,16,7,1
BEST32|HALF_MINUS_ZERO|ACTIVE_C0-NOVEL_C0|FE5,0.07561848958333334,0.014933268229166671,0.1405354817708333,positive,carrier frequency; direct law difference,31,17,144,16,6,2
BEST32|HALF_MINUS_ZERO|ACTIVE_C0-NOVEL_C0|FE6,0.09208984375,0.029912923177083335,0.1563509114583333,positive,carrier frequency; direct law difference,30,15,147,15,6,3
BEST32|HALF_MINUS_ZERO|ACTIVE_C0-NOVEL_C0|FE7,0.09697265625,0.03319498697916667,0.16390218098958334,positive,carrier frequency; direct law difference,28,12,152,14,4,6
BEST32|HALF_MINUS_ZERO|ACTIVE_C0-NOVEL_C0|FE8,0.10260416666666666,0.03843098958333333,0.17215413411458322,positive,carrier frequency; direct law difference,28,12,152,14,4,6
BEST32|HALF_MINUS_ZERO|ACTIVE_C0-NOVEL_C0|MLOSS,-0.0010574340820312597,-0.0021352767944336037,-1.900355021160746e-05,negative,raw mismatch; direct law difference,49,67,76,10,14,0
BEST32|HALF_MINUS_ZERO|ACTIVE_C0-NOVEL_C0|U,0.0010574340820312667,1.9003550211603327e-05,0.002135276794433608,positive,raw accuracy; direct law difference,67,49,76,14,10,0
BEST32|HALF_MINUS_ZERO|ACTIVE_C0-NOVEL_C0|U0,0.0,0.0,0.0,structural_zero,design-implied zero,0,0,192,0,0,24
BEST32|HALF_MINUS_ZERO|ACTIVE_C0-NOVEL_C0|U1,0.0,0.0,0.0,structural_zero,design-implied zero,0,0,192,0,0,24
BEST32|HALF_MINUS_ZERO|ACTIVE_C0-NOVEL_C0|U40,-0.0019734700520833335,-0.007970174153645834,0.0036978403727213538,unresolved,raw accuracy; direct law difference,60,53,79,11,13,0
BEST32|HALF_MINUS_ZERO|ACTIVE_C0-SHAM_C0|D40,0.05810546875,0.008138020833333334,0.10726318359374998,positive,carrier frequency change; direct law difference,19,9,164,11,4,9
BEST32|HALF_MINUS_ZERO|ACTIVE_C0-SHAM_C0|E1,-0.00015869140625000833,-0.0005859629313151218,0.00027570088704424674,unresolved,raw accuracy; direct law difference,24,33,135,9,11,4
BEST32|HALF_MINUS_ZERO|ACTIVE_C0-SHAM_C0|E2,9.358723958332223e-05,-0.0012728118896484142,0.0012757619222005018,unresolved,raw accuracy; direct law difference,43,38,111,16,8,0
BEST32|HALF_MINUS_ZERO|ACTIVE_C0-SHAM_C0|E3,0.0004445393880208176,-0.0016530863444010608,0.0025953674316406216,unresolved,raw accuracy; direct law difference,42,40,110,15,9,0
BEST32|HALF_MINUS_ZERO|ACTIVE_C0-SHAM_C0|E4,0.00171101888020835,-0.0005127207438150873,0.004178899129231813,unresolved,raw accuracy; direct law difference,49,33,110,13,11,0
BEST32|HALF_MINUS_ZERO|ACTIVE_C0-SHAM_C0|E5,-0.00027465820312497224,-0.0025239054361978607,0.0019899749755859257,unresolved,raw accuracy; direct law difference,33,49,110,11,13,0
BEST32|HALF_MINUS_ZERO|ACTIVE_C0-SHAM_C0|E6,0.0020050048828124992,-0.00042526245117186374,0.004722086588541651,unresolved,raw accuracy; direct law difference,47,35,110,14,9,1
BEST32|HALF_MINUS_ZERO|ACTIVE_C0-SHAM_C0|E7,0.0022572835286458156,-0.00011138916015627367,0.004636739095052057,unresolved,raw accuracy; direct law difference,41,41,110,14,10,0
BEST32|HALF_MINUS_ZERO|ACTIVE_C0-SHAM_C0|E8,0.0008494059244791666,-0.0007561747233072613,0.0026225280761718855,unresolved,raw accuracy; direct law difference,42,40,110,14,10,0
BEST32|HALF_MINUS_ZERO|ACTIVE_C0-SHAM_C0|F,0.039538574218750004,0.010584818522135424,0.07061676025390624,positive,carrier frequency; direct law difference,49,30,113,18,6,0
BEST32|HALF_MINUS_ZERO|ACTIVE_C0-SHAM_C0|F0,0.0,0.0,0.0,structural_zero,design-implied zero,0,0,192,0,0,24
BEST32|HALF_MINUS_ZERO|ACTIVE_C0-SHAM_C0|F1,0.0,0.0,0.0,structural_zero,design-implied zero,0,0,192,0,0,24
BEST32|HALF_MINUS_ZERO|ACTIVE_C0-SHAM_C0|F40,0.05810546875,0.008138020833333334,0.10726318359374998,positive,carrier frequency; direct law difference,19,9,164,11,4,9
BEST32|HALF_MINUS_ZERO|ACTIVE_C0-SHAM_C0|FE1,0.0022786458333333343,-0.0007486979166666656,0.005143229166666667,unresolved,carrier frequency; direct law difference,31,23,138,13,6,5
BEST32|HALF_MINUS_ZERO|ACTIVE_C0-SHAM_C0|FE2,0.023307291666666664,0.0007804361979166628,0.04557454427083332,positive,carrier frequency; direct law difference,44,33,115,15,9,0
BEST32|HALF_MINUS_ZERO|ACTIVE_C0-SHAM_C0|FE3,0.03570963541666667,0.004781901041666669,0.06725423177083331,positive,carrier frequency; direct law difference,34,23,135,15,8,1
BEST32|HALF_MINUS_ZERO|ACTIVE_C0-SHAM_C0|FE4,0.039713541666666664,0.002504882812499998,0.0822005208333333,positive,carrier frequency; direct law difference,28,17,147,15,7,2
BEST32|HALF_MINUS_ZERO|ACTIVE_C0-SHAM_C0|FE5,0.04638671875,0.005531412760416664,0.0916015625,positive,carrier frequency; direct law difference,25,13,154,13,7,4
BEST32|HALF_MINUS_ZERO|ACTIVE_C0-SHAM_C0|FE6,0.055859374999999996,0.012955729166666671,0.10107747395833332,positive,carrier frequency; direct law difference,24,12,156,13,5,6
BEST32|HALF_MINUS_ZERO|ACTIVE_C0-SHAM_C0|FE7,0.056835937499999996,0.009302571614583333,0.10446126302083332,positive,carrier frequency; direct law difference,21,9,162,12,5,7
BEST32|HALF_MINUS_ZERO|ACTIVE_C0-SHAM_C0|FE8,0.05621744791666666,0.007158203124999999,0.10488281250000002,positive,carrier frequency; direct law difference,19,9,164,11,4,9
BEST32|HALF_MINUS_ZERO|ACTIVE_C0-SHAM_C0|MLOSS,-0.0008659362792968727,-0.001937166849772118,0.00017995834350586018,unresolved,raw mismatch; direct law difference,32,50,110,9,15,0
BEST32|HALF_MINUS_ZERO|ACTIVE_C0-SHAM_C0|U,0.0008659362792968703,-0.0001799583435058664,0.001937166849772152,unresolved,raw accuracy; direct law difference,50,32,110,15,9,0
BEST32|HALF_MINUS_ZERO|ACTIVE_C0-SHAM_C0|U0,0.0,0.0,0.0,structural_zero,design-implied zero,0,0,192,0,0,24
BEST32|HALF_MINUS_ZERO|ACTIVE_C0-SHAM_C0|U1,0.0,0.0,0.0,structural_zero,design-implied zero,0,0,192,0,0,24
BEST32|HALF_MINUS_ZERO|ACTIVE_C0-SHAM_C0|U40,-0.00213623046875,-0.0066289265950520825,0.001928329467773434,unresolved,raw accuracy; direct law difference,41,40,111,11,13,0
BEST32|HALF_MINUS_ZERO|ACTIVE_C1-NOVEL_C1|D40,0.0,0.0,0.0,observed_exact_zero,sampled equality; not a design guarantee,0,0,192,0,0,24
BEST32|HALF_MINUS_ZERO|ACTIVE_C1-NOVEL_C1|E1,-0.00016682942708332502,-0.0003957112630208111,0.0,unresolved,raw accuracy; direct law difference,0,3,189,0,3,21
BEST32|HALF_MINUS_ZERO|ACTIVE_C1-NOVEL_C1|E2,4.57763671875e-05,-6.30696614583361e-05,0.00018119812011718867,unresolved,raw accuracy; direct law difference,2,1,189,2,1,21
BEST32|HALF_MINUS_ZERO|ACTIVE_C1-NOVEL_C1|E3,0.00011189778645832871,-0.00011393229166666481,0.0004191080729166602,unresolved,raw accuracy; direct law difference,2,1,189,2,1,21
BEST32|HALF_MINUS_ZERO|ACTIVE_C1-NOVEL_C1|E4,0.00016377766927083703,-0.0001586914062500037,0.0005422210693359486,unresolved,raw accuracy; direct law difference,2,1,189,2,1,21
BEST32|HALF_MINUS_ZERO|ACTIVE_C1-NOVEL_C1|E5,-0.00023498535156249908,-0.0006876881917317562,0.00010172526041666667,unresolved,raw accuracy; direct law difference,1,2,189,1,2,21
BEST32|HALF_MINUS_ZERO|ACTIVE_C1-NOVEL_C1|E6,-7.731119791666574e-05,-0.00026245117187500183,8.951822916666852e-05,unresolved,raw accuracy; direct law difference,1,2,189,1,2,21
BEST32|HALF_MINUS_ZERO|ACTIVE_C1-NOVEL_C1|E7,-0.00013529459635416852,-0.0005696614583333287,0.00012003580729165926,unresolved,raw accuracy; direct law difference,1,2,189,1,2,21
BEST32|HALF_MINUS_ZERO|ACTIVE_C1-NOVEL_C1|E8,-9.663899739582871e-05,-0.0003224690755208269,6.103515625000926e-05,unresolved,raw accuracy; direct law difference,1,2,189,1,2,21
BEST32|HALF_MINUS_ZERO|ACTIVE_C1-NOVEL_C1|F,5.289713541666666e-05,0.0,0.00015869140624999998,unresolved,carrier frequency; direct law difference,1,0,191,1,0,23
BEST32|HALF_MINUS_ZERO|ACTIVE_C1-NOVEL_C1|F0,0.0,0.0,0.0,structural_zero,design-implied zero,0,0,192,0,0,24
BEST32|HALF_MINUS_ZERO|ACTIVE_C1-NOVEL_C1|F1,0.0,0.0,0.0,structural_zero,design-implied zero,0,0,192,0,0,24
BEST32|HALF_MINUS_ZERO|ACTIVE_C1-NOVEL_C1|F40,0.0,0.0,0.0,observed_exact_zero,sampled equality; not a design guarantee,0,0,192,0,0,24
BEST32|HALF_MINUS_ZERO|ACTIVE_C1-NOVEL_C1|FE1,0.0004231770833333333,0.0,0.0012695312499999998,unresolved,carrier frequency; direct law difference,1,0,191,1,0,23
BEST32|HALF_MINUS_ZERO|ACTIVE_C1-NOVEL_C1|FE2,0.0,0.0,0.0,observed_exact_zero,sampled equality; not a design guarantee,0,0,192,0,0,24
BEST32|HALF_MINUS_ZERO|ACTIVE_C1-NOVEL_C1|FE3,0.0,0.0,0.0,observed_exact_zero,sampled equality; not a design guarantee,0,0,192,0,0,24
BEST32|HALF_MINUS_ZERO|ACTIVE_C1-NOVEL_C1|FE4,0.0,0.0,0.0,observed_exact_zero,sampled equality; not a design guarantee,0,0,192,0,0,24
BEST32|HALF_MINUS_ZERO|ACTIVE_C1-NOVEL_C1|FE5,0.0,0.0,0.0,observed_exact_zero,sampled equality; not a design guarantee,0,0,192,0,0,24
BEST32|HALF_MINUS_ZERO|ACTIVE_C1-NOVEL_C1|FE6,0.0,0.0,0.0,observed_exact_zero,sampled equality; not a design guarantee,0,0,192,0,0,24
BEST32|HALF_MINUS_ZERO|ACTIVE_C1-NOVEL_C1|FE7,0.0,0.0,0.0,observed_exact_zero,sampled equality; not a design guarantee,0,0,192,0,0,24
BEST32|HALF_MINUS_ZERO|ACTIVE_C1-NOVEL_C1|FE8,0.0,0.0,0.0,observed_exact_zero,sampled equality; not a design guarantee,0,0,192,0,0,24
BEST32|HALF_MINUS_ZERO|ACTIVE_C1-NOVEL_C1|MLOSS,4.870096842448287e-05,0.0,0.00010528564453125174,unresolved,raw mismatch; direct law difference,3,0,189,3,0,21
BEST32|HALF_MINUS_ZERO|ACTIVE_C1-NOVEL_C1|U,-4.870096842448287e-05,-0.00010528564453125833,0.0,unresolved,raw accuracy; direct law difference,0,3,189,0,3,21
BEST32|HALF_MINUS_ZERO|ACTIVE_C1-NOVEL_C1|U0,0.0,0.0,0.0,structural_zero,design-implied zero,0,0,192,0,0,24
BEST32|HALF_MINUS_ZERO|ACTIVE_C1-NOVEL_C1|U1,0.0,0.0,0.0,structural_zero,design-implied zero,0,0,192,0,0,24
BEST32|HALF_MINUS_ZERO|ACTIVE_C1-NOVEL_C1|U40,-0.000152587890625,-0.0007731119791666666,0.0004781087239583333,unresolved,raw accuracy; direct law difference,1,2,189,1,2,21
BEST32|HALF_MINUS_ZERO|ACTIVE_C1-SHAM_C1|D40,0.0,0.0,0.0,observed_exact_zero,sampled equality; not a design guarantee,0,0,192,0,0,24
BEST32|HALF_MINUS_ZERO|ACTIVE_C1-SHAM_C1|E1,-0.00013224283854165741,-0.0003417968749999852,0.0,unresolved,raw accuracy; direct law difference,0,2,190,0,2,22
BEST32|HALF_MINUS_ZERO|ACTIVE_C1-SHAM_C1|E2,7.019042968750093e-05,0.0,0.00020039876302083612,unresolved,raw accuracy; direct law difference,2,0,190,2,0,22
BEST32|HALF_MINUS_ZERO|ACTIVE_C1-SHAM_C1|E3,-7.1207682291694425e-06,-0.00017089843749999722,0.00013547261555987828,unresolved,raw accuracy; direct law difference,1,1,190,1,1,22
BEST32|HALF_MINUS_ZERO|ACTIVE_C1-SHAM_C1|E4,5.5948893229166664e-05,-0.00023803710937500555,0.00040588378906250555,unresolved,raw accuracy; direct law difference,1,1,190,1,1,22
BEST32|HALF_MINUS_ZERO|ACTIVE_C1-SHAM_C1|E5,-0.00011698404947916204,-0.0005035400390624861,0.000152587890625,unresolved,raw accuracy; direct law difference,1,1,190,1,1,22
BEST32|HALF_MINUS_ZERO|ACTIVE_C1-SHAM_C1|E6,-0.0001220703125,-0.0003031412760416639,0.0,unresolved,raw accuracy; direct law difference,0,2,190,0,2,22
BEST32|HALF_MINUS_ZERO|ACTIVE_C1-SHAM_C1|E7,4.374186197916389e-05,-4.8828124999997224e-05,0.0001800537109374889,unresolved,raw accuracy; direct law difference,1,1,190,1,1,22
BEST32|HALF_MINUS_ZERO|ACTIVE_C1-SHAM_C1|E8,-7.222493489583241e-05,-0.0003021240234375028,8.544921875000555e-05,unresolved,raw accuracy; direct law difference,1,1,190,1,1,22
BEST32|HALF_MINUS_ZERO|ACTIVE_C1-SHAM_C1|F,5.289713541666666e-05,0.0,0.00015869140624999998,unresolved,carrier frequency; direct law difference,1,0,191,1,0,23
BEST32|HALF_MINUS_ZERO|ACTIVE_C1-SHAM_C1|F0,0.0,0.0,0.0,structural_zero,design-implied zero,0,0,192,0,0,24
BEST32|HALF_MINUS_ZERO|ACTIVE_C1-SHAM_C1|F1,0.0,0.0,0.0,structural_zero,design-implied zero,0,0,192,0,0,24
BEST32|HALF_MINUS_ZERO|ACTIVE_C1-SHAM_C1|F40,0.0,0.0,0.0,observed_exact_zero,sampled equality; not a design guarantee,0,0,192,0,0,24
BEST32|HALF_MINUS_ZERO|ACTIVE_C1-SHAM_C1|FE1,0.0004231770833333333,0.0,0.0012695312499999998,unresolved,carrier frequency; direct law difference,1,0,191,1,0,23
BEST32|HALF_MINUS_ZERO|ACTIVE_C1-SHAM_C1|FE2,0.0,0.0,0.0,observed_exact_zero,sampled equality; not a design guarantee,0,0,192,0,0,24
BEST32|HALF_MINUS_ZERO|ACTIVE_C1-SHAM_C1|FE3,0.0,0.0,0.0,observed_exact_zero,sampled equality; not a design guarantee,0,0,192,0,0,24
BEST32|HALF_MINUS_ZERO|ACTIVE_C1-SHAM_C1|FE4,0.0,0.0,0.0,observed_exact_zero,sampled equality; not a design guarantee,0,0,192,0,0,24
BEST32|HALF_MINUS_ZERO|ACTIVE_C1-SHAM_C1|FE5,0.0,0.0,0.0,observed_exact_zero,sampled equality; not a design guarantee,0,0,192,0,0,24
BEST32|HALF_MINUS_ZERO|ACTIVE_C1-SHAM_C1|FE6,0.0,0.0,0.0,observed_exact_zero,sampled equality; not a design guarantee,0,0,192,0,0,24
BEST32|HALF_MINUS_ZERO|ACTIVE_C1-SHAM_C1|FE7,0.0,0.0,0.0,observed_exact_zero,sampled equality; not a design guarantee,0,0,192,0,0,24
BEST32|HALF_MINUS_ZERO|ACTIVE_C1-SHAM_C1|FE8,0.0,0.0,0.0,observed_exact_zero,sampled equality; not a design guarantee,0,0,192,0,0,24
BEST32|HALF_MINUS_ZERO|ACTIVE_C1-SHAM_C1|MLOSS,3.5095214843755086e-05,0.0,8.951822916668008e-05,unresolved,raw mismatch; direct law difference,2,0,190,2,0,22
BEST32|HALF_MINUS_ZERO|ACTIVE_C1-SHAM_C1|U,-3.5095214843752776e-05,-8.951822916667314e-05,0.0,unresolved,raw accuracy; direct law difference,0,2,190,0,2,22
BEST32|HALF_MINUS_ZERO|ACTIVE_C1-SHAM_C1|U0,0.0,0.0,0.0,structural_zero,design-implied zero,0,0,192,0,0,24
BEST32|HALF_MINUS_ZERO|ACTIVE_C1-SHAM_C1|U1,0.0,0.0,0.0,structural_zero,design-implied zero,0,0,192,0,0,24
BEST32|HALF_MINUS_ZERO|ACTIVE_C1-SHAM_C1|U40,1.0172526041666666e-05,-0.0005902608235677083,0.000640869140625,unresolved,raw accuracy; direct law difference,1,1,190,1,1,22
BEST32|HALF|ACTIVE_C0-NOVEL_C0|D40,0.103515625,0.052083333333333336,0.15625,positive,carrier frequency change; first minus second arm,23,3,166,14,1,9
BEST32|HALF|ACTIVE_C0-NOVEL_C0|E1,0.0004882812500000092,8.435567220053607e-05,0.0008728535970052325,positive,raw accuracy; first minus second arm,54,38,100,17,6,1
BEST32|HALF|ACTIVE_C0-NOVEL_C0|E2,0.000781249999999988,-0.0003194427490234703,0.0019043223063151152,unresolved,raw accuracy; first minus second arm,57,49,86,15,9,0
BEST32|HALF|ACTIVE_C0-NOVEL_C0|E3,0.0022674560546875194,-0.0002006022135416867,0.004931716918945337,unresolved,raw accuracy; first minus second arm,58,50,84,14,10,0
BEST32|HALF|ACTIVE_C0-NOVEL_C0|E4,0.0012420654296875177,-0.0014486440022786367,0.0039068857828776105,unresolved,raw accuracy; first minus second arm,51,57,84,14,10,0
BEST32|HALF|ACTIVE_C0-NOVEL_C0|E5,0.0007944742838541796,-0.0017183176676432343,0.0034672292073567707,unresolved,raw accuracy; first minus second arm,48,60,84,12,12,0
BEST32|HALF|ACTIVE_C0-NOVEL_C0|E6,0.004296874999999996,0.0017496490478515676,0.0070499420166015465,positive,raw accuracy; first minus second arm,66,41,85,16,8,0
BEST32|HALF|ACTIVE_C0-NOVEL_C0|E7,0.0031107584635416594,0.0008780670166015505,0.005575205485026029,positive,raw accuracy; first minus second arm,64,44,84,17,7,0
BEST32|HALF|ACTIVE_C0-NOVEL_C0|E8,-0.00013020833333333057,-0.0021690114339192605,0.0019290161132812609,unresolved,raw accuracy; first minus second arm,56,52,84,10,14,0
BEST32|HALF|ACTIVE_C0-NOVEL_C0|F,0.07699381510416667,0.04123067220052083,0.1131537882486979,positive,carrier frequency; first minus second arm,98,15,79,20,4,0
BEST32|HALF|ACTIVE_C0-NOVEL_C0|F0,0.0,0.0,0.0,structural_zero,design-implied zero,0,0,192,0,0,24
BEST32|HALF|ACTIVE_C0-NOVEL_C0|F1,0.008951822916666666,0.006673177083333333,0.01123046875,positive,carrier frequency; first minus second arm,59,4,129,22,0,2
BEST32|HALF|ACTIVE_C0-NOVEL_C0|F40,0.103515625,0.052083333333333336,0.15625,positive,carrier frequency; first minus second arm,23,3,166,14,1,9
BEST32|HALF|ACTIVE_C0-NOVEL_C0|FE1,0.02493489583333333,0.01982421875,0.029687500000000002,positive,carrier frequency; first minus second arm,99,12,81,23,1,0
BEST32|HALF|ACTIVE_C0-NOVEL_C0|FE2,0.056640625,0.03518717447916667,0.07767008463541668,positive,carrier frequency; first minus second arm,55,10,127,21,3,0
BEST32|HALF|ACTIVE_C0-NOVEL_C0|FE3,0.0724609375,0.036554361979166665,0.10670898437499997,positive,carrier frequency; first minus second arm,31,7,154,19,2,3
BEST32|HALF|ACTIVE_C0-NOVEL_C0|FE4,0.07604166666666667,0.03336100260416666,0.12164713541666668,positive,carrier frequency; first minus second arm,25,5,162,17,2,5
BEST32|HALF|ACTIVE_C0-NOVEL_C0|FE5,0.08766276041666667,0.04218505859375,0.1371476236979166,positive,carrier frequency; first minus second arm,23,4,165,14,1,9
BEST32|HALF|ACTIVE_C0-NOVEL_C0|FE6,0.09752604166666666,0.05149576822916666,0.14769042968749999,positive,carrier frequency; first minus second arm,23,3,166,14,1,9
BEST32|HALF|ACTIVE_C0-NOVEL_C0|FE7,0.09918619791666668,0.052083333333333336,0.15055908203124996,positive,carrier frequency; first minus second arm,23,3,166,14,1,9
BEST32|HALF|ACTIVE_C0-NOVEL_C0|FE8,0.10149739583333334,0.052083333333333336,0.1552734375,positive,carrier frequency; first minus second arm,23,3,166,14,1,9
BEST32|HALF|ACTIVE_C0-NOVEL_C0|MLOSS,-0.0016063690185546913,-0.0026145362854003906,-0.0006263097127278659,negative,raw mismatch; first minus second arm,37,71,84,7,17,0
BEST32|HALF|ACTIVE_C0-NOVEL_C0|U,0.001606369018554719,0.0006263097127278823,0.0026145362854004175,positive,raw accuracy; first minus second arm,71,37,84,17,7,0
BEST32|HALF|ACTIVE_C0-NOVEL_C0|U0,0.0,0.0,0.0,structural_zero,design-implied zero,0,0,192,0,0,24
BEST32|HALF|ACTIVE_C0-NOVEL_C0|U1,0.0,0.0,0.0,observed_exact_zero,sampled equality; not a design guarantee,0,0,192,0,0,24
BEST32|HALF|ACTIVE_C0-NOVEL_C0|U40,-0.00372314453125,-0.007105890909830729,-0.0005238850911458334,negative,raw accuracy; first minus second arm,44,62,86,6,17,1
BEST32|HALF|ACTIVE_C0-SHAM_C0|D40,0.09830729166666667,0.051432291666666664,0.14589843749999964,positive,carrier frequency change; first minus second arm,21,2,169,14,1,9
BEST32|HALF|ACTIVE_C0-SHAM_C0|E1,0.0002858479817708324,8.951822916666377e-05,0.00048525492350259787,positive,raw accuracy; first minus second arm,37,15,140,17,5,2
BEST32|HALF|ACTIVE_C0-SHAM_C0|E2,0.0005462646484375074,-0.0004213460286458114,0.0014761606852213617,unresolved,raw accuracy; first minus second arm,30,36,126,16,8,0
BEST32|HALF|ACTIVE_C0-SHAM_C0|E3,0.001590983072916663,-0.00010383605957031578,0.0034241994222005195,unresolved,raw accuracy; first minus second arm,38,29,125,16,8,0
BEST32|HALF|ACTIVE_C0-SHAM_C0|E4,0.002524820963541679,0.0004709879557291682,0.00469874064127607,positive,raw accuracy; first minus second arm,42,25,125,17,7,0
BEST32|HALF|ACTIVE_C0-SHAM_C0|E5,0.0005310058593750305,-0.0016138966878254646,0.002736485799153682,unresolved,raw accuracy; first minus second arm,36,31,125,13,11,0
BEST32|HALF|ACTIVE_C0-SHAM_C0|E6,0.00350240071614584,0.0012289683024088473,0.006078084309895837,positive,raw accuracy; first minus second arm,45,22,125,15,9,0
BEST32|HALF|ACTIVE_C0-SHAM_C0|E7,0.004236857096354171,0.0024257659912109513,0.006249135335286464,positive,raw accuracy; first minus second arm,46,21,125,19,5,0
BEST32|HALF|ACTIVE_C0-SHAM_C0|E8,0.001271565755208338,-0.00044514973958334963,0.0030923461914062417,unresolved,raw accuracy; first minus second arm,35,32,125,15,9,0
BEST32|HALF|ACTIVE_C0-SHAM_C0|F,0.0738525390625,0.041181742350260425,0.10977335611979164,positive,carrier frequency; first minus second arm,57,10,125,20,3,1
BEST32|HALF|ACTIVE_C0-SHAM_C0|F0,0.0,0.0,0.0,structural_zero,design-implied zero,0,0,192,0,0,24
BEST32|HALF|ACTIVE_C0-SHAM_C0|F1,0.0,0.0,0.0,structural_zero,design-implied zero,0,0,192,0,0,24
BEST32|HALF|ACTIVE_C0-SHAM_C0|F40,0.09830729166666667,0.051432291666666664,0.14589843749999964,positive,carrier frequency; first minus second arm,21,2,169,14,1,9
BEST32|HALF|ACTIVE_C0-SHAM_C0|FE1,0.008007812500000001,0.00520751953125,0.01093831380208333,positive,carrier frequency; first minus second arm,46,10,136,21,0,3
BEST32|HALF|ACTIVE_C0-SHAM_C0|FE2,0.04514973958333333,0.028092447916666666,0.06413248697916664,positive,carrier frequency; first minus second arm,48,10,134,21,2,1
BEST32|HALF|ACTIVE_C0-SHAM_C0|FE3,0.0736328125,0.039646809895833336,0.11113688151041666,positive,carrier frequency; first minus second arm,32,5,155,18,2,4
BEST32|HALF|ACTIVE_C0-SHAM_C0|FE4,0.08154296875,0.03928873697916666,0.12584960937499998,positive,carrier frequency; first minus second arm,24,4,164,15,3,6
BEST32|HALF|ACTIVE_C0-SHAM_C0|FE5,0.09016927083333333,0.048535156249999996,0.13458333333333325,positive,carrier frequency; first minus second arm,22,3,167,14,3,7
BEST32|HALF|ACTIVE_C0-SHAM_C0|FE6,0.0984375,0.05657226562500001,0.1447037760416666,positive,carrier frequency; first minus second arm,22,2,168,14,2,8
BEST32|HALF|ACTIVE_C0-SHAM_C0|FE7,0.09726562500000001,0.05104166666666667,0.14583333333333334,positive,carrier frequency; first minus second arm,21,2,169,14,1,9
BEST32|HALF|ACTIVE_C0-SHAM_C0|FE8,0.09661458333333334,0.04973958333333334,0.14583333333333334,positive,carrier frequency; first minus second arm,21,2,169,14,1,9
BEST32|HALF|ACTIVE_C0-SHAM_C0|MLOSS,-0.0018112182617187496,-0.002791671752929672,-0.0009111976623535136,negative,raw mismatch; first minus second arm,18,49,125,4,20,0
BEST32|HALF|ACTIVE_C0-SHAM_C0|U,0.0018112182617187565,0.0009111976623535269,0.0027916717529297016,positive,raw accuracy; first minus second arm,49,18,125,20,4,0
BEST32|HALF|ACTIVE_C0-SHAM_C0|U0,0.0,0.0,0.0,structural_zero,design-implied zero,0,0,192,0,0,24
BEST32|HALF|ACTIVE_C0-SHAM_C0|U1,0.0,0.0,0.0,structural_zero,design-implied zero,0,0,192,0,0,24
BEST32|HALF|ACTIVE_C0-SHAM_C0|U40,-0.000823974609375,-0.0032958984375,0.0017598470052083333,unresolved,raw accuracy; first minus second arm,28,36,128,10,14,0
BEST32|HALF|ACTIVE_C0|D40,0.09309895833333333,0.046875,0.14324544270833323,positive,carrier frequency change; absolute,24,168,0,16,8,0
BEST32|HALF|ACTIVE_C0|E1,0.6901733398437501,0.6719785308837891,0.7088253021240234,positive,raw accuracy; absolute,192,0,0,24,0,0
BEST32|HALF|ACTIVE_C0|E2,0.6352325439453125,0.6266722869873047,0.6448045094807943,positive,raw accuracy; absolute,192,0,0,24,0,0
BEST32|HALF|ACTIVE_C0|E3,0.6424397786458333,0.6323364257812499,0.6542519887288412,positive,raw accuracy; absolute,192,0,0,24,0,0
BEST32|HALF|ACTIVE_C0|E4,0.6393920898437501,0.6315432739257812,0.6498335266113281,positive,raw accuracy; absolute,192,0,0,24,0,0
BEST32|HALF|ACTIVE_C0|E5,0.6385925292968749,0.631405766805013,0.6468210856119792,positive,raw accuracy; absolute,192,0,0,24,0,0
BEST32|HALF|ACTIVE_C0|E6,0.6368123372395833,0.6301983896891276,0.6440234883626301,positive,raw accuracy; absolute,192,0,0,24,0,0
BEST32|HALF|ACTIVE_C0|E7,0.63629150390625,0.6310397593180339,0.6417224629720052,positive,raw accuracy; absolute,192,0,0,24,0,0
BEST32|HALF|ACTIVE_C0|E8,0.6437143961588542,0.6365299479166666,0.6511772918701172,positive,raw accuracy; absolute,192,0,0,24,0,0
BEST32|HALF|ACTIVE_C0|F,0.09788004557291667,0.06481760660807291,0.13443735758463535,positive,carrier frequency; absolute,125,0,67,24,0,0
BEST32|HALF|ACTIVE_C0|F0,0.03125,0.03125,0.03125,positive,carrier frequency; absolute,192,0,0,24,0,0
BEST32|HALF|ACTIVE_C0|F1,0.02880859375,0.02554931640625,0.032389322916666664,positive,carrier frequency; absolute,125,0,67,24,0,0
BEST32|HALF|ACTIVE_C0|F40,0.12434895833333333,0.078125,0.17449544270833323,positive,carrier frequency; absolute,24,0,168,16,0,8
BEST32|HALF|ACTIVE_C0|FE1,0.03857421875,0.03401611328125,0.04309895833333333,positive,carrier frequency; absolute,125,0,67,24,0,0
BEST32|HALF|ACTIVE_C0|FE2,0.07086588541666668,0.05182291666666666,0.09101725260416665,positive,carrier frequency; absolute,61,0,131,23,0,1
BEST32|HALF|ACTIVE_C0|FE3,0.09498697916666665,0.059928385416666674,0.13247151692708323,positive,carrier frequency; absolute,36,0,156,20,0,4
BEST32|HALF|ACTIVE_C0|FE4,0.10100911458333332,0.06135823567708334,0.14534586588541668,positive,carrier frequency; absolute,26,0,166,17,0,7
BEST32|HALF|ACTIVE_C0|FE5,0.11077473958333334,0.06942545572916667,0.15812174479166657,positive,carrier frequency; absolute,24,0,168,16,0,8
BEST32|HALF|ACTIVE_C0|FE6,0.12119140624999998,0.0779296875,0.16963216145833332,positive,carrier frequency; absolute,24,0,168,16,0,8
BEST32|HALF|ACTIVE_C0|FE7,0.12298177083333334,0.078125,0.171875,positive,carrier frequency; absolute,24,0,168,16,0,8
BEST32|HALF|ACTIVE_C0|FE8,0.12265625000000001,0.078125,0.171875,positive,carrier frequency; absolute,24,0,168,16,0,8
BEST32|HALF|ACTIVE_C0|MLOSS,0.35466893513997394,0.3508157380421957,0.3580202420552572,positive,raw mismatch; absolute,192,0,0,24,0,0
BEST32|HALF|ACTIVE_C0|U,0.645331064860026,0.6419797579447428,0.6491842619578043,positive,raw accuracy; absolute,192,0,0,24,0,0
BEST32|HALF|ACTIVE_C0|U0,0.7163035074869791,0.6938170115152995,0.7402376810709635,positive,raw accuracy; absolute,192,0,0,24,0,0
BEST32|HALF|ACTIVE_C0|U1,0.7331339518229166,0.7140061696370443,0.7535858154296875,positive,raw accuracy; absolute,192,0,0,24,0,0
BEST32|HALF|ACTIVE_C0|U40,0.6326141357421875,0.6169565836588542,0.6488709767659505,positive,raw accuracy; absolute,192,0,0,24,0,0
BEST32|HALF|ACTIVE_C1-NOVEL_C1|D40,0.0,0.0,0.0,observed_exact_zero,sampled equality; not a design guarantee,0,0,192,0,0,24
BEST32|HALF|ACTIVE_C1-NOVEL_C1|E1,1.118977864584166e-05,-3.4612019856757975e-05,5.696614583335091e-05,unresolved,raw accuracy; first minus second arm,2,1,189,2,1,21
BEST32|HALF|ACTIVE_C1-NOVEL_C1|E2,1.7293294270831483e-05,-2.7465820312502776e-05,7.01904296874963e-05,unresolved,raw accuracy; first minus second arm,1,1,190,1,1,22
BEST32|HALF|ACTIVE_C1-NOVEL_C1|E3,1.52587890625e-05,-5.900065104166852e-05,0.00013427734375000278,unresolved,raw accuracy; first minus second arm,1,1,190,1,1,22
BEST32|HALF|ACTIVE_C1-NOVEL_C1|E4,0.00013326009114583703,0.0,0.0003936767578125074,unresolved,raw accuracy; first minus second arm,2,0,190,2,0,22
BEST32|HALF|ACTIVE_C1-NOVEL_C1|E5,-0.00017801920572916666,-0.0004597981770833361,0.0,unresolved,raw accuracy; first minus second arm,0,2,190,0,2,22
BEST32|HALF|ACTIVE_C1-NOVEL_C1|E6,7.731119791666574e-05,-2.2379557291674068e-05,0.0002655029296875083,unresolved,raw accuracy; first minus second arm,1,1,190,1,1,22
BEST32|HALF|ACTIVE_C1-NOVEL_C1|E7,-8.443196614583055e-05,-0.0003295898437499917,5.0862630208333336e-05,unresolved,raw accuracy; first minus second arm,1,1,190,1,1,22
BEST32|HALF|ACTIVE_C1-NOVEL_C1|E8,-2.5431315104166668e-05,-0.00016174316406250555,0.00012817382812500833,unresolved,raw accuracy; first minus second arm,1,1,190,1,1,22
BEST32|HALF|ACTIVE_C1-NOVEL_C1|F,7.731119791666668e-05,0.0,0.00021565755208333333,unresolved,carrier frequency; first minus second arm,3,0,189,3,0,21
BEST32|HALF|ACTIVE_C1-NOVEL_C1|F0,0.0,0.0,0.0,structural_zero,design-implied zero,0,0,192,0,0,24
BEST32|HALF|ACTIVE_C1-NOVEL_C1|F1,0.00016276041666666666,0.0,0.00048828125,unresolved,carrier frequency; first minus second arm,1,0,191,1,0,23
BEST32|HALF|ACTIVE_C1-NOVEL_C1|F40,0.0,0.0,0.0,observed_exact_zero,sampled equality; not a design guarantee,0,0,192,0,0,24
BEST32|HALF|ACTIVE_C1-NOVEL_C1|FE1,0.0006184895833333334,0.0,0.0017252604166666666,unresolved,carrier frequency; first minus second arm,3,0,189,3,0,21
BEST32|HALF|ACTIVE_C1-NOVEL_C1|FE2,0.0,0.0,0.0,observed_exact_zero,sampled equality; not a design guarantee,0,0,192,0,0,24
BEST32|HALF|ACTIVE_C1-NOVEL_C1|FE3,0.0,0.0,0.0,observed_exact_zero,sampled equality; not a design guarantee,0,0,192,0,0,24
BEST32|HALF|ACTIVE_C1-NOVEL_C1|FE4,0.0,0.0,0.0,observed_exact_zero,sampled equality; not a design guarantee,0,0,192,0,0,24
BEST32|HALF|ACTIVE_C1-NOVEL_C1|FE5,0.0,0.0,0.0,observed_exact_zero,sampled equality; not a design guarantee,0,0,192,0,0,24
BEST32|HALF|ACTIVE_C1-NOVEL_C1|FE6,0.0,0.0,0.0,observed_exact_zero,sampled equality; not a design guarantee,0,0,192,0,0,24
BEST32|HALF|ACTIVE_C1-NOVEL_C1|FE7,0.0,0.0,0.0,observed_exact_zero,sampled equality; not a design guarantee,0,0,192,0,0,24
BEST32|HALF|ACTIVE_C1-NOVEL_C1|FE8,0.0,0.0,0.0,observed_exact_zero,sampled equality; not a design guarantee,0,0,192,0,0,24
BEST32|HALF|ACTIVE_C1-NOVEL_C1|MLOSS,4.196166992191201e-06,-5.594889322909265e-06,2.09808349609375e-05,unresolved,raw mismatch; first minus second arm,1,2,189,1,2,21
BEST32|HALF|ACTIVE_C1-NOVEL_C1|U,-4.196166992191201e-06,-2.09808349609375e-05,5.594889322909265e-06,unresolved,raw accuracy; first minus second arm,2,1,189,2,1,21
BEST32|HALF|ACTIVE_C1-NOVEL_C1|U0,0.0,0.0,0.0,structural_zero,design-implied zero,0,0,192,0,0,24
BEST32|HALF|ACTIVE_C1-NOVEL_C1|U1,5.086263020833333e-06,0.0,1.52587890625e-05,unresolved,raw accuracy; first minus second arm,1,0,191,1,0,23
BEST32|HALF|ACTIVE_C1-NOVEL_C1|U40,-1.52587890625e-05,-0.0005849202473958334,0.0008087158203125,unresolved,raw accuracy; first minus second arm,1,1,190,1,1,22
BEST32|HALF|ACTIVE_C1-SHAM_C1|D40,0.0,0.0,0.0,observed_exact_zero,sampled equality; not a design guarantee,0,0,192,0,0,24
BEST32|HALF|ACTIVE_C1-SHAM_C1|E1,2.339680989583981e-05,0.0,6.815592447917869e-05,unresolved,raw accuracy; first minus second arm,2,0,190,2,0,22
BEST32|HALF|ACTIVE_C1-SHAM_C1|E2,2.644856770833241e-05,0.0,7.934570312499722e-05,unresolved,raw accuracy; first minus second arm,1,0,191,1,0,23
BEST32|HALF|ACTIVE_C1-SHAM_C1|E3,-2.950032552083426e-05,-8.850097656250278e-05,0.0,unresolved,raw accuracy; first minus second arm,0,1,191,0,1,23
BEST32|HALF|ACTIVE_C1-SHAM_C1|E4,0.00013020833333333517,0.0,0.00039062500000000555,unresolved,raw accuracy; first minus second arm,1,0,191,1,0,23
BEST32|HALF|ACTIVE_C1-SHAM_C1|E5,-7.42594401041639e-05,-0.00022277832031249167,0.0,unresolved,raw accuracy; first minus second arm,0,1,191,0,1,23
BEST32|HALF|ACTIVE_C1-SHAM_C1|E6,-1.1189778645837034e-05,-3.35693359375111e-05,0.0,unresolved,raw accuracy; first minus second arm,0,1,191,0,1,23
BEST32|HALF|ACTIVE_C1-SHAM_C1|E7,2.5431315104166668e-05,0.0,7.62939453125e-05,unresolved,raw accuracy; first minus second arm,1,0,191,1,0,23
BEST32|HALF|ACTIVE_C1-SHAM_C1|E8,-6.815592447916945e-05,-0.00020446777343750833,0.0,unresolved,raw accuracy; first minus second arm,0,1,191,0,1,23
BEST32|HALF|ACTIVE_C1-SHAM_C1|F,7.32421875e-05,0.0,0.00021158854166666667,unresolved,carrier frequency; first minus second arm,2,0,190,2,0,22
BEST32|HALF|ACTIVE_C1-SHAM_C1|F0,0.0,0.0,0.0,structural_zero,design-implied zero,0,0,192,0,0,24
BEST32|HALF|ACTIVE_C1-SHAM_C1|F1,0.0,0.0,0.0,structural_zero,design-implied zero,0,0,192,0,0,24
BEST32|HALF|ACTIVE_C1-SHAM_C1|F40,0.0,0.0,0.0,observed_exact_zero,sampled equality; not a design guarantee,0,0,192,0,0,24
BEST32|HALF|ACTIVE_C1-SHAM_C1|FE1,0.0005859375,0.0,0.0016927083333333334,unresolved,carrier frequency; first minus second arm,2,0,190,2,0,22
BEST32|HALF|ACTIVE_C1-SHAM_C1|FE2,0.0,0.0,0.0,observed_exact_zero,sampled equality; not a design guarantee,0,0,192,0,0,24
BEST32|HALF|ACTIVE_C1-SHAM_C1|FE3,0.0,0.0,0.0,observed_exact_zero,sampled equality; not a design guarantee,0,0,192,0,0,24
BEST32|HALF|ACTIVE_C1-SHAM_C1|FE4,0.0,0.0,0.0,observed_exact_zero,sampled equality; not a design guarantee,0,0,192,0,0,24
BEST32|HALF|ACTIVE_C1-SHAM_C1|FE5,0.0,0.0,0.0,observed_exact_zero,sampled equality; not a design guarantee,0,0,192,0,0,24
BEST32|HALF|ACTIVE_C1-SHAM_C1|FE6,0.0,0.0,0.0,observed_exact_zero,sampled equality; not a design guarantee,0,0,192,0,0,24
BEST32|HALF|ACTIVE_C1-SHAM_C1|FE7,0.0,0.0,0.0,observed_exact_zero,sampled equality; not a design guarantee,0,0,192,0,0,24
BEST32|HALF|ACTIVE_C1-SHAM_C1|FE8,0.0,0.0,0.0,observed_exact_zero,sampled equality; not a design guarantee,0,0,192,0,0,24
BEST32|HALF|ACTIVE_C1-SHAM_C1|MLOSS,-2.7974446614546324e-06,-8.138020833325932e-06,0.0,unresolved,raw mismatch; first minus second arm,0,2,190,0,2,22
BEST32|HALF|ACTIVE_C1-SHAM_C1|U,2.7974446614546324e-06,0.0,8.138020833325932e-06,unresolved,raw accuracy; first minus second arm,2,0,190,2,0,22
BEST32|HALF|ACTIVE_C1-SHAM_C1|U0,0.0,0.0,0.0,structural_zero,design-implied zero,0,0,192,0,0,24
BEST32|HALF|ACTIVE_C1-SHAM_C1|U1,0.0,0.0,0.0,structural_zero,design-implied zero,0,0,192,0,0,24
BEST32|HALF|ACTIVE_C1-SHAM_C1|U40,-0.0002848307291666667,-0.0008544921875,0.0,unresolved,raw accuracy; first minus second arm,0,1,191,0,1,23
BEST32|HALF|ACTIVE_C1|D40,-0.03125,-0.03125,-0.03125,negative,carrier frequency change; absolute,0,192,0,0,24,0
BEST32|HALF|ACTIVE_C1|E1,0.6898335774739582,0.671524403889974,0.7086146545410157,positive,raw accuracy; absolute,192,0,0,24,0,0
BEST32|HALF|ACTIVE_C1|E2,0.6352996826171875,0.6266392771402994,0.6447452545166016,positive,raw accuracy; absolute,192,0,0,24,0,0
BEST32|HALF|ACTIVE_C1|E3,0.6405751546223958,0.6310269673665364,0.6520408630371095,positive,raw accuracy; absolute,192,0,0,24,0,0
BEST32|HALF|ACTIVE_C1|E4,0.6377695719401042,0.6306100718180339,0.6478277333577473,positive,raw accuracy; absolute,192,0,0,24,0,0
BEST32|HALF|ACTIVE_C1|E5,0.6368560791015625,0.6293798065185546,0.6454010009765624,positive,raw accuracy; absolute,192,0,0,24,0,0
BEST32|HALF|ACTIVE_C1|E6,0.6337320963541667,0.6264886728922526,0.6414105987548828,positive,raw accuracy; absolute,192,0,0,24,0,0
BEST32|HALF|ACTIVE_C1|E7,0.6311208089192708,0.626808598836263,0.635729014078776,positive,raw accuracy; absolute,192,0,0,24,0,0
BEST32|HALF|ACTIVE_C1|E8,0.6424947102864583,0.6355091094970704,0.6497343444824218,positive,raw accuracy; absolute,192,0,0,24,0,0
BEST32|HALF|ACTIVE_C1|F,0.00010579427083333334,1.2207031250000002e-05,0.00025227864583333336,positive,carrier frequency; absolute,8,0,184,6,0,18
BEST32|HALF|ACTIVE_C1|F0,0.03125,0.03125,0.03125,positive,carrier frequency; absolute,192,0,0,24,0,0
BEST32|HALF|ACTIVE_C1|F1,0.0013020833333333333,0.0003255208333333333,0.00244140625,positive,carrier frequency; absolute,8,0,184,6,0,18
BEST32|HALF|ACTIVE_C1|F40,0.0,0.0,0.0,observed_exact_zero,sampled equality; not a design guarantee,0,0,192,0,0,24
BEST32|HALF|ACTIVE_C1|FE1,0.0008463541666666667,9.765625000000002e-05,0.002018229166666667,positive,carrier frequency; absolute,8,0,184,6,0,18
BEST32|HALF|ACTIVE_C1|FE2,0.0,0.0,0.0,observed_exact_zero,sampled equality; not a design guarantee,0,0,192,0,0,24
BEST32|HALF|ACTIVE_C1|FE3,0.0,0.0,0.0,observed_exact_zero,sampled equality; not a design guarantee,0,0,192,0,0,24
BEST32|HALF|ACTIVE_C1|FE4,0.0,0.0,0.0,observed_exact_zero,sampled equality; not a design guarantee,0,0,192,0,0,24
BEST32|HALF|ACTIVE_C1|FE5,0.0,0.0,0.0,observed_exact_zero,sampled equality; not a design guarantee,0,0,192,0,0,24
BEST32|HALF|ACTIVE_C1|FE6,0.0,0.0,0.0,observed_exact_zero,sampled equality; not a design guarantee,0,0,192,0,0,24
BEST32|HALF|ACTIVE_C1|FE7,0.0,0.0,0.0,observed_exact_zero,sampled equality; not a design guarantee,0,0,192,0,0,24
BEST32|HALF|ACTIVE_C1|FE8,0.0,0.0,0.0,observed_exact_zero,sampled equality; not a design guarantee,0,0,192,0,0,24
BEST32|HALF|ACTIVE_C1|MLOSS,0.35653978983561196,0.3527214495340983,0.3601025072733562,positive,raw mismatch; absolute,192,0,0,24,0,0
BEST32|HALF|ACTIVE_C1|U,0.6434602101643879,0.6398974927266439,0.6472785504659018,positive,raw accuracy; absolute,192,0,0,24,0,0
BEST32|HALF|ACTIVE_C1|U0,0.7163035074869791,0.6938170115152995,0.7402376810709635,positive,raw accuracy; absolute,192,0,0,24,0,0
BEST32|HALF|ACTIVE_C1|U1,0.7330780029296875,0.7139205932617188,0.7535603841145834,positive,raw accuracy; absolute,192,0,0,24,0,0
BEST32|HALF|ACTIVE_C1|U40,0.6334889729817709,0.6163785298665364,0.6511151631673178,positive,raw accuracy; absolute,192,0,0,24,0,0
BEST32|HALF|NOVEL_C0-SHAM_C0|D40,-0.005208333333333333,-0.03125,0.020833333333333332,unresolved,carrier frequency change; first minus second arm,4,5,183,3,4,17
BEST32|HALF|NOVEL_C0-SHAM_C0|E1,-0.00020243326822917684,-0.0005869547526041835,0.00019129435221352953,unresolved,raw accuracy; first minus second arm,38,39,115,8,14,2
BEST32|HALF|NOVEL_C0-SHAM_C0|E2,-0.00023498535156248057,-0.0014017995198567308,0.0009919738769531743,unresolved,raw accuracy; first minus second arm,43,53,96,10,14,0
BEST32|HALF|NOVEL_C0-SHAM_C0|E3,-0.0006764729817708565,-0.0033233896891276347,0.0017425791422525875,unresolved,raw accuracy; first minus second arm,42,54,96,14,10,0
BEST32|HALF|NOVEL_C0-SHAM_C0|E4,0.0012827555338541612,-0.0007866923014322753,0.003270492553710928,unresolved,raw accuracy; first minus second arm,53,43,96,13,11,0
BEST32|HALF|NOVEL_C0-SHAM_C0|E5,-0.0002634684244791491,-0.0016652933756510257,0.0010945638020833648,unresolved,raw accuracy; first minus second arm,55,41,96,10,14,0
BEST32|HALF|NOVEL_C0-SHAM_C0|E6,-0.0007944742838541565,-0.003226114908854156,0.0015527852376302231,unresolved,raw accuracy; first minus second arm,48,47,97,14,10,0
BEST32|HALF|NOVEL_C0-SHAM_C0|E7,0.001126098632812512,-0.0010703277587890462,0.003110961914062501,unresolved,raw accuracy; first minus second arm,50,45,97,14,10,0
BEST32|HALF|NOVEL_C0-SHAM_C0|E8,0.0014017740885416685,-0.0008799743652343571,0.0038171132405598876,unresolved,raw accuracy; first minus second arm,52,43,97,16,8,0
BEST32|HALF|NOVEL_C0-SHAM_C0|F,-0.0031412760416666663,-0.021012369791666666,0.014839782714843748,unresolved,carrier frequency; first minus second arm,22,83,87,9,15,0
BEST32|HALF|NOVEL_C0-SHAM_C0|F0,0.0,0.0,0.0,structural_zero,design-implied zero,0,0,192,0,0,24
BEST32|HALF|NOVEL_C0-SHAM_C0|F1,-0.008951822916666666,-0.01123046875,-0.006673177083333333,negative,carrier frequency; first minus second arm,4,59,129,0,22,2
BEST32|HALF|NOVEL_C0-SHAM_C0|F40,-0.005208333333333333,-0.03125,0.020833333333333332,unresolved,carrier frequency; first minus second arm,4,5,183,3,4,17
BEST32|HALF|NOVEL_C0-SHAM_C0|FE1,-0.016927083333333332,-0.021451822916666665,-0.01259765625,negative,carrier frequency; first minus second arm,15,89,88,2,22,0
BEST32|HALF|NOVEL_C0-SHAM_C0|FE2,-0.011490885416666666,-0.02438151041666667,-0.0012695312499999998,negative,carrier frequency; first minus second arm,18,28,146,10,12,2
BEST32|HALF|NOVEL_C0-SHAM_C0|FE3,0.0011718750000000002,-0.018099772135416664,0.020085449218749996,unresolved,carrier frequency; first minus second arm,9,9,174,9,5,10
BEST32|HALF|NOVEL_C0-SHAM_C0|FE4,0.005501302083333334,-0.015789388020833333,0.029333496093749977,unresolved,carrier frequency; first minus second arm,8,6,178,7,3,14
BEST32|HALF|NOVEL_C0-SHAM_C0|FE5,0.0025065104166666677,-0.021877441406249996,0.027158203124999947,unresolved,carrier frequency; first minus second arm,7,5,180,5,4,15
BEST32|HALF|NOVEL_C0-SHAM_C0|FE6,0.0009114583333333324,-0.024348958333333334,0.026041666666666668,unresolved,carrier frequency; first minus second arm,5,5,182,4,4,16
BEST32|HALF|NOVEL_C0-SHAM_C0|FE7,-0.0019205729166666661,-0.026041666666666668,0.023795572916666664,unresolved,carrier frequency; first minus second arm,5,5,182,4,4,16
BEST32|HALF|NOVEL_C0-SHAM_C0|FE8,-0.0048828125,-0.030924479166666668,0.021158854166666668,unresolved,carrier frequency; first minus second arm,5,5,182,3,4,17
BEST32|HALF|NOVEL_C0-SHAM_C0|MLOSS,-0.00020484924316405834,-0.0008959484100341728,0.0005696423848470165,unresolved,raw mismatch; first minus second arm,51,45,96,12,12,0
BEST32|HALF|NOVEL_C0-SHAM_C0|U,0.00020484924316403752,-0.0005696423848470268,0.0008959484100341606,unresolved,raw accuracy; first minus second arm,45,51,96,12,12,0
BEST32|HALF|NOVEL_C0-SHAM_C0|U0,0.0,0.0,0.0,structural_zero,design-implied zero,0,0,192,0,0,24
BEST32|HALF|NOVEL_C0-SHAM_C0|U1,0.0,0.0,0.0,observed_exact_zero,sampled equality; not a design guarantee,0,0,192,0,0,24
BEST32|HALF|NOVEL_C0-SHAM_C0|U40,0.002899169921875,-0.0008602142333984375,0.006791051228841141,unresolved,raw accuracy; first minus second arm,55,41,96,16,8,0
BEST32|HALF|NOVEL_C0|D40,-0.010416666666666666,-0.026041666666666668,0.010416666666666666,unresolved,carrier frequency change; absolute,4,188,0,4,20,0
BEST32|HALF|NOVEL_C0|E1,0.6896850585937498,0.6713274892171225,0.7085065460205078,positive,raw accuracy; absolute,192,0,0,24,0,0
BEST32|HALF|NOVEL_C0|E2,0.6344512939453125,0.6258456929524739,0.6437962849934895,positive,raw accuracy; absolute,192,0,0,24,0,0
BEST32|HALF|NOVEL_C0|E3,0.6401723225911459,0.6313464355468749,0.6506789398193359,positive,raw accuracy; absolute,192,0,0,24,0,0
BEST32|HALF|NOVEL_C0|E4,0.6381500244140625,0.6316555786132814,0.6477117919921875,positive,raw accuracy; absolute,192,0,0,24,0,0
BEST32|HALF|NOVEL_C0|E5,0.6377980550130208,0.6302193196614583,0.6468541208902995,positive,raw accuracy; absolute,192,0,0,24,0,0
BEST32|HALF|NOVEL_C0|E6,0.6325154622395833,0.6262723286946614,0.6394190216064454,positive,raw accuracy; absolute,192,0,0,24,0,0
BEST32|HALF|NOVEL_C0|E7,0.6331807454427083,0.6283972930908203,0.6384807586669922,positive,raw accuracy; absolute,192,0,0,24,0,0
BEST32|HALF|NOVEL_C0|E8,0.6438446044921875,0.6365016682942709,0.6517032114664714,positive,raw accuracy; absolute,192,0,0,24,0,0
BEST32|HALF|NOVEL_C0|F,0.02088623046875,0.007892761230468748,0.03623433430989581,positive,carrier frequency; absolute,105,0,87,24,0,0
BEST32|HALF|NOVEL_C0|F0,0.03125,0.03125,0.03125,positive,carrier frequency; absolute,192,0,0,24,0,0
BEST32|HALF|NOVEL_C0|F1,0.019856770833333332,0.017578125,0.0224609375,positive,carrier frequency; absolute,105,0,87,24,0,0
BEST32|HALF|NOVEL_C0|F40,0.020833333333333332,0.005208333333333333,0.041666666666666664,positive,carrier frequency; absolute,4,0,188,4,0,20
BEST32|HALF|NOVEL_C0|FE1,0.013639322916666669,0.010677083333333335,0.016765950520833326,positive,carrier frequency; absolute,105,0,87,24,0,0
BEST32|HALF|NOVEL_C0|FE2,0.014225260416666668,0.007356770833333334,0.02249348958333333,positive,carrier frequency; absolute,21,0,171,14,0,10
BEST32|HALF|NOVEL_C0|FE3,0.022526041666666666,0.0107421875,0.036526692708333315,positive,carrier frequency; absolute,9,0,183,9,0,15
BEST32|HALF|NOVEL_C0|FE4,0.024967447916666666,0.008268229166666667,0.044698079427083315,positive,carrier frequency; absolute,8,0,184,8,0,16
BEST32|HALF|NOVEL_C0|FE5,0.023111979166666668,0.005989583333333333,0.043427734374999985,positive,carrier frequency; absolute,7,0,185,7,0,17
BEST32|HALF|NOVEL_C0|FE6,0.023665364583333334,0.005208333333333333,0.04449869791666666,positive,carrier frequency; absolute,5,0,187,5,0,19
BEST32|HALF|NOVEL_C0|FE7,0.023795572916666664,0.005208333333333333,0.044628906249999996,positive,carrier frequency; absolute,5,0,187,5,0,19
BEST32|HALF|NOVEL_C0|FE8,0.021158854166666668,0.005208333333333333,0.0419921875,positive,carrier frequency; absolute,5,0,187,5,0,19
BEST32|HALF|NOVEL_C0|MLOSS,0.35627530415852865,0.3527622286478678,0.3596436913808187,positive,raw mismatch; absolute,192,0,0,24,0,0
BEST32|HALF|NOVEL_C0|U,0.6437246958414713,0.6403563086191812,0.6472377713521322,positive,raw accuracy; absolute,192,0,0,24,0,0
BEST32|HALF|NOVEL_C0|U0,0.7163035074869791,0.6938170115152995,0.7402376810709635,positive,raw accuracy; absolute,192,0,0,24,0,0
BEST32|HALF|NOVEL_C0|U1,0.7331339518229166,0.7140061696370443,0.7535858154296875,positive,raw accuracy; absolute,192,0,0,24,0,0
BEST32|HALF|NOVEL_C0|U40,0.6363372802734375,0.6198664347330729,0.6540730794270834,positive,raw accuracy; absolute,192,0,0,24,0,0
BEST32|HALF|NOVEL_C1-SHAM_C1|D40,0.0,0.0,0.0,observed_exact_zero,sampled equality; not a design guarantee,0,0,192,0,0,24
BEST32|HALF|NOVEL_C1-SHAM_C1|E1,1.2207031249998149e-05,0.0,3.662109374999445e-05,unresolved,raw accuracy; first minus second arm,1,0,191,1,0,23
BEST32|HALF|NOVEL_C1-SHAM_C1|E2,9.155273437500925e-06,0.0,2.7465820312502776e-05,unresolved,raw accuracy; first minus second arm,1,0,191,1,0,23
BEST32|HALF|NOVEL_C1-SHAM_C1|E3,-4.475911458333426e-05,-0.00013427734375000278,0.0,unresolved,raw accuracy; first minus second arm,0,1,191,0,1,23
BEST32|HALF|NOVEL_C1-SHAM_C1|E4,-3.0517578125018505e-06,-9.155273437505551e-06,0.0,unresolved,raw accuracy; first minus second arm,0,1,191,0,1,23
BEST32|HALF|NOVEL_C1-SHAM_C1|E5,0.00010375976562500278,0.0,0.0003112792968750083,unresolved,raw accuracy; first minus second arm,1,0,191,1,0,23
BEST32|HALF|NOVEL_C1-SHAM_C1|E6,-8.850097656250278e-05,-0.0002655029296875083,0.0,unresolved,raw accuracy; first minus second arm,0,1,191,0,1,23
BEST32|HALF|NOVEL_C1-SHAM_C1|E7,0.00010986328124999722,0.0,0.0003295898437499917,unresolved,raw accuracy; first minus second arm,1,0,191,1,0,23
BEST32|HALF|NOVEL_C1-SHAM_C1|E8,-4.2724609375002776e-05,-0.00012817382812500833,0.0,unresolved,raw accuracy; first minus second arm,0,1,191,0,1,23
BEST32|HALF|NOVEL_C1-SHAM_C1|F,-4.069010416666667e-06,-1.2207031250000002e-05,0.0,unresolved,carrier frequency; first minus second arm,0,1,191,0,1,23
BEST32|HALF|NOVEL_C1-SHAM_C1|F0,0.0,0.0,0.0,structural_zero,design-implied zero,0,0,192,0,0,24
BEST32|HALF|NOVEL_C1-SHAM_C1|F1,-0.00016276041666666666,-0.00048828125,0.0,unresolved,carrier frequency; first minus second arm,0,1,191,0,1,23
BEST32|HALF|NOVEL_C1-SHAM_C1|F40,0.0,0.0,0.0,observed_exact_zero,sampled equality; not a design guarantee,0,0,192,0,0,24
BEST32|HALF|NOVEL_C1-SHAM_C1|FE1,-3.255208333333333e-05,-9.765625000000002e-05,0.0,unresolved,carrier frequency; first minus second arm,0,1,191,0,1,23
BEST32|HALF|NOVEL_C1-SHAM_C1|FE2,0.0,0.0,0.0,observed_exact_zero,sampled equality; not a design guarantee,0,0,192,0,0,24
BEST32|HALF|NOVEL_C1-SHAM_C1|FE3,0.0,0.0,0.0,observed_exact_zero,sampled equality; not a design guarantee,0,0,192,0,0,24
BEST32|HALF|NOVEL_C1-SHAM_C1|FE4,0.0,0.0,0.0,observed_exact_zero,sampled equality; not a design guarantee,0,0,192,0,0,24
BEST32|HALF|NOVEL_C1-SHAM_C1|FE5,0.0,0.0,0.0,observed_exact_zero,sampled equality; not a design guarantee,0,0,192,0,0,24
BEST32|HALF|NOVEL_C1-SHAM_C1|FE6,0.0,0.0,0.0,observed_exact_zero,sampled equality; not a design guarantee,0,0,192,0,0,24
BEST32|HALF|NOVEL_C1-SHAM_C1|FE7,0.0,0.0,0.0,observed_exact_zero,sampled equality; not a design guarantee,0,0,192,0,0,24
BEST32|HALF|NOVEL_C1-SHAM_C1|FE8,0.0,0.0,0.0,observed_exact_zero,sampled equality; not a design guarantee,0,0,192,0,0,24
BEST32|HALF|NOVEL_C1-SHAM_C1|MLOSS,-6.993611653645833e-06,-2.09808349609375e-05,0.0,unresolved,raw mismatch; first minus second arm,0,1,191,0,1,23
BEST32|HALF|NOVEL_C1-SHAM_C1|U,6.993611653645833e-06,0.0,2.09808349609375e-05,unresolved,raw accuracy; first minus second arm,1,0,191,1,0,23
BEST32|HALF|NOVEL_C1-SHAM_C1|U0,0.0,0.0,0.0,structural_zero,design-implied zero,0,0,192,0,0,24
BEST32|HALF|NOVEL_C1-SHAM_C1|U1,-5.086263020833333e-06,-1.52587890625e-05,0.0,unresolved,raw accuracy; first minus second arm,0,1,191,0,1,23
BEST32|HALF|NOVEL_C1-SHAM_C1|U40,-0.0002695719401041667,-0.0008087158203125,0.0,unresolved,raw accuracy; first minus second arm,0,1,191,0,1,23
BEST32|HALF|NOVEL_C1|D40,-0.03125,-0.03125,-0.03125,negative,carrier frequency change; absolute,0,192,0,0,24,0
BEST32|HALF|NOVEL_C1|E1,0.6898223876953123,0.6715361022949218,0.7086264292399088,positive,raw accuracy; absolute,192,0,0,24,0,0
BEST32|HALF|NOVEL_C1|E2,0.6352823893229167,0.6265870412190755,0.64474609375,positive,raw accuracy; absolute,192,0,0,24,0,0
BEST32|HALF|NOVEL_C1|E3,0.6405598958333333,0.6309564971923828,0.652080307006836,positive,raw accuracy; absolute,192,0,0,24,0,0
BEST32|HALF|NOVEL_C1|E4,0.6376363118489584,0.6305274963378906,0.6476221974690755,positive,raw accuracy; absolute,192,0,0,24,0,0
BEST32|HALF|NOVEL_C1|E5,0.6370340983072916,0.6295745849609375,0.645594736735026,positive,raw accuracy; absolute,192,0,0,24,0,0
BEST32|HALF|NOVEL_C1|E6,0.6336547851562501,0.6264225769042969,0.6413197835286458,positive,raw accuracy; absolute,192,0,0,24,0,0
BEST32|HALF|NOVEL_C1|E7,0.6312052408854166,0.626805419921875,0.6359076436360677,positive,raw accuracy; absolute,192,0,0,24,0,0
BEST32|HALF|NOVEL_C1|E8,0.6425201416015626,0.6355386352539062,0.6497045898437499,positive,raw accuracy; absolute,192,0,0,24,0,0
BEST32|HALF|NOVEL_C1|F,2.848307291666667e-05,8.138020833333333e-06,5.696614583333334e-05,positive,carrier frequency; absolute,7,0,185,5,0,19
BEST32|HALF|NOVEL_C1|F0,0.03125,0.03125,0.03125,positive,carrier frequency; absolute,192,0,0,24,0,0
BEST32|HALF|NOVEL_C1|F1,0.0011393229166666667,0.0003255208333333333,0.0022786458333333335,positive,carrier frequency; absolute,7,0,185,5,0,19
BEST32|HALF|NOVEL_C1|F40,0.0,0.0,0.0,observed_exact_zero,sampled equality; not a design guarantee,0,0,192,0,0,24
BEST32|HALF|NOVEL_C1|FE1,0.00022786458333333336,6.510416666666667e-05,0.00045572916666666673,positive,carrier frequency; absolute,7,0,185,5,0,19
BEST32|HALF|NOVEL_C1|FE2,0.0,0.0,0.0,observed_exact_zero,sampled equality; not a design guarantee,0,0,192,0,0,24
BEST32|HALF|NOVEL_C1|FE3,0.0,0.0,0.0,observed_exact_zero,sampled equality; not a design guarantee,0,0,192,0,0,24
BEST32|HALF|NOVEL_C1|FE4,0.0,0.0,0.0,observed_exact_zero,sampled equality; not a design guarantee,0,0,192,0,0,24
BEST32|HALF|NOVEL_C1|FE5,0.0,0.0,0.0,observed_exact_zero,sampled equality; not a design guarantee,0,0,192,0,0,24
BEST32|HALF|NOVEL_C1|FE6,0.0,0.0,0.0,observed_exact_zero,sampled equality; not a design guarantee,0,0,192,0,0,24
BEST32|HALF|NOVEL_C1|FE7,0.0,0.0,0.0,observed_exact_zero,sampled equality; not a design guarantee,0,0,192,0,0,24
BEST32|HALF|NOVEL_C1|FE8,0.0,0.0,0.0,observed_exact_zero,sampled equality; not a design guarantee,0,0,192,0,0,24
BEST32|HALF|NOVEL_C1|MLOSS,0.3565355936686198,0.35271458307902015,0.36008865356445313,positive,raw mismatch; absolute,192,0,0,24,0,0
BEST32|HALF|NOVEL_C1|U,0.6434644063313802,0.6399113464355468,0.6472854169209799,positive,raw accuracy; absolute,192,0,0,24,0,0
BEST32|HALF|NOVEL_C1|U0,0.7163035074869791,0.6938170115152995,0.7402376810709635,positive,raw accuracy; absolute,192,0,0,24,0,0
BEST32|HALF|NOVEL_C1|U1,0.7330729166666666,0.7139156341552735,0.753555425008138,positive,raw accuracy; absolute,192,0,0,24,0,0
BEST32|HALF|NOVEL_C1|U40,0.6335042317708334,0.6162788391113281,0.6512985229492188,positive,raw accuracy; absolute,192,0,0,24,0,0
BEST32|HALF|SHAM_C0|D40,-0.005208333333333333,-0.020833333333333332,0.015625,unresolved,carrier frequency change; absolute,5,187,0,5,19,0
BEST32|HALF|SHAM_C0|E1,0.6898874918619793,0.6716419474283856,0.7085700734456379,positive,raw accuracy; absolute,192,0,0,24,0,0
BEST32|HALF|SHAM_C0|E2,0.6346862792968749,0.6259618886311848,0.644187494913737,positive,raw accuracy; absolute,192,0,0,24,0,0
BEST32|HALF|SHAM_C0|E3,0.6408487955729166,0.631412836710612,0.6518834431966146,positive,raw accuracy; absolute,192,0,0,24,0,0
BEST32|HALF|SHAM_C0|E4,0.6368672688802083,0.6301836395263671,0.6463581085205078,positive,raw accuracy; absolute,192,0,0,24,0,0
BEST32|HALF|SHAM_C0|E5,0.6380615234375,0.6306892649332682,0.646350860595703,positive,raw accuracy; absolute,192,0,0,24,0,0
BEST32|HALF|SHAM_C0|E6,0.6333099365234375,0.6261964416503906,0.6406527709960936,positive,raw accuracy; absolute,192,0,0,24,0,0
BEST32|HALF|SHAM_C0|E7,0.6320546468098959,0.6274982452392578,0.637023188273112,positive,raw accuracy; absolute,192,0,0,24,0,0
BEST32|HALF|SHAM_C0|E8,0.6424428304036459,0.635871098836263,0.6494919840494792,positive,raw accuracy; absolute,192,0,0,24,0,0
BEST32|HALF|SHAM_C0|F,0.024027506510416668,0.011657307942708334,0.03847747802734374,positive,carrier frequency; absolute,125,0,67,24,0,0
BEST32|HALF|SHAM_C0|F0,0.03125,0.03125,0.03125,positive,carrier frequency; absolute,192,0,0,24,0,0
BEST32|HALF|SHAM_C0|F1,0.02880859375,0.02554931640625,0.032389322916666664,positive,carrier frequency; absolute,125,0,67,24,0,0
BEST32|HALF|SHAM_C0|F40,0.026041666666666668,0.010416666666666666,0.046875,positive,carrier frequency; absolute,5,0,187,5,0,19
BEST32|HALF|SHAM_C0|FE1,0.03056640625,0.02643147786458333,0.03509195963541666,positive,carrier frequency; absolute,125,0,67,24,0,0
BEST32|HALF|SHAM_C0|FE2,0.025716145833333332,0.015558268229166665,0.037957356770833325,positive,carrier frequency; absolute,39,0,153,19,0,5
BEST32|HALF|SHAM_C0|FE3,0.021354166666666664,0.007583821614583332,0.03704508463541666,positive,carrier frequency; absolute,9,0,183,9,0,15
BEST32|HALF|SHAM_C0|FE4,0.019466145833333334,0.0054687500000000005,0.03603922526041664,positive,carrier frequency; absolute,6,0,186,6,0,18
BEST32|HALF|SHAM_C0|FE5,0.020605468749999998,0.005208333333333333,0.038378906250000004,positive,carrier frequency; absolute,5,0,187,5,0,19
BEST32|HALF|SHAM_C0|FE6,0.02275390625,0.006223958333333336,0.041666666666666664,positive,carrier frequency; absolute,5,0,187,5,0,19
BEST32|HALF|SHAM_C0|FE7,0.025716145833333332,0.010083007812500001,0.046549479166666664,positive,carrier frequency; absolute,5,0,187,5,0,19
BEST32|HALF|SHAM_C0|FE8,0.026041666666666668,0.010416666666666666,0.046875,positive,carrier frequency; absolute,5,0,187,5,0,19
BEST32|HALF|SHAM_C0|MLOSS,0.35648015340169276,0.35296075503031415,0.3598280111948649,positive,raw mismatch; absolute,192,0,0,24,0,0
BEST32|HALF|SHAM_C0|U,0.6435198465983073,0.6401719888051352,0.6470392449696859,positive,raw accuracy; absolute,192,0,0,24,0,0
BEST32|HALF|SHAM_C0|U0,0.7163035074869791,0.6938170115152995,0.7402376810709635,positive,raw accuracy; absolute,192,0,0,24,0,0
BEST32|HALF|SHAM_C0|U1,0.7331339518229166,0.7140061696370443,0.7535858154296875,positive,raw accuracy; absolute,192,0,0,24,0,0
BEST32|HALF|SHAM_C0|U40,0.6334381103515625,0.6175426483154297,0.6506601969401041,positive,raw accuracy; absolute,192,0,0,24,0,0
BEST32|HALF|SHAM_C1|D40,-0.03125,-0.03125,-0.03125,negative,carrier frequency change; absolute,0,192,0,0,24,0
BEST32|HALF|SHAM_C1|E1,0.6898101806640624,0.671523895263672,0.7086131032307942,positive,raw accuracy; absolute,192,0,0,24,0,0
BEST32|HALF|SHAM_C1|E2,0.6352732340494791,0.6265870412190755,0.6447369384765625,positive,raw accuracy; absolute,192,0,0,24,0,0
BEST32|HALF|SHAM_C1|E3,0.6406046549479166,0.6310465240478517,0.652080307006836,positive,raw accuracy; absolute,192,0,0,24,0,0
BEST32|HALF|SHAM_C1|E4,0.6376393636067709,0.6305274963378906,0.6476221974690755,positive,raw accuracy; absolute,192,0,0,24,0,0
BEST32|HALF|SHAM_C1|E5,0.6369303385416667,0.6295066324869791,0.6455444844563802,positive,raw accuracy; absolute,192,0,0,24,0,0
BEST32|HALF|SHAM_C1|E6,0.6337432861328125,0.6264991760253906,0.6414105987548828,positive,raw accuracy; absolute,192,0,0,24,0,0
BEST32|HALF|SHAM_C1|E7,0.6310953776041667,0.6267972310384115,0.6356996154785157,positive,raw accuracy; absolute,192,0,0,24,0,0
BEST32|HALF|SHAM_C1|E8,0.6425628662109375,0.6356300608317057,0.6497343444824218,positive,raw accuracy; absolute,192,0,0,24,0,0
BEST32|HALF|SHAM_C1|F,3.255208333333333e-05,8.138020833333333e-06,6.103515625e-05,positive,carrier frequency; absolute,8,0,184,6,0,18
BEST32|HALF|SHAM_C1|F0,0.03125,0.03125,0.03125,positive,carrier frequency; absolute,192,0,0,24,0,0
BEST32|HALF|SHAM_C1|F1,0.0013020833333333333,0.0003255208333333333,0.00244140625,positive,carrier frequency; absolute,8,0,184,6,0,18
BEST32|HALF|SHAM_C1|F40,0.0,0.0,0.0,observed_exact_zero,sampled equality; not a design guarantee,0,0,192,0,0,24
BEST32|HALF|SHAM_C1|FE1,0.00026041666666666666,6.510416666666667e-05,0.00048828125,positive,carrier frequency; absolute,8,0,184,6,0,18
BEST32|HALF|SHAM_C1|FE2,0.0,0.0,0.0,observed_exact_zero,sampled equality; not a design guarantee,0,0,192,0,0,24
BEST32|HALF|SHAM_C1|FE3,0.0,0.0,0.0,observed_exact_zero,sampled equality; not a design guarantee,0,0,192,0,0,24
BEST32|HALF|SHAM_C1|FE4,0.0,0.0,0.0,observed_exact_zero,sampled equality; not a design guarantee,0,0,192,0,0,24
BEST32|HALF|SHAM_C1|FE5,0.0,0.0,0.0,observed_exact_zero,sampled equality; not a design guarantee,0,0,192,0,0,24
BEST32|HALF|SHAM_C1|FE6,0.0,0.0,0.0,observed_exact_zero,sampled equality; not a design guarantee,0,0,192,0,0,24
BEST32|HALF|SHAM_C1|FE7,0.0,0.0,0.0,observed_exact_zero,sampled equality; not a design guarantee,0,0,192,0,0,24
BEST32|HALF|SHAM_C1|FE8,0.0,0.0,0.0,observed_exact_zero,sampled equality; not a design guarantee,0,0,192,0,0,24
BEST32|HALF|SHAM_C1|MLOSS,0.35654258728027344,0.3527215766906738,0.3601025994618734,positive,raw mismatch; absolute,192,0,0,24,0,0
BEST32|HALF|SHAM_C1|U,0.6434574127197266,0.6398974005381266,0.6472784233093262,positive,raw accuracy; absolute,192,0,0,24,0,0
BEST32|HALF|SHAM_C1|U0,0.7163035074869791,0.6938170115152995,0.7402376810709635,positive,raw accuracy; absolute,192,0,0,24,0,0
BEST32|HALF|SHAM_C1|U1,0.7330780029296875,0.7139205932617188,0.7535603841145834,positive,raw accuracy; absolute,192,0,0,24,0,0
BEST32|HALF|SHAM_C1|U40,0.6337738037109375,0.6166670481363933,0.6514019012451172,positive,raw accuracy; absolute,192,0,0,24,0,0
BEST32|ZERO|ACTIVE_C0-NOVEL_C0|D40,-0.00146484375,-0.048990885416666664,0.04248046875,unresolved,carrier frequency change; first minus second arm,15,14,163,6,6,12
BEST32|ZERO|ACTIVE_C0-NOVEL_C0|E1,0.0002665201822916556,-0.0003205362955729353,0.0008820597330729139,unresolved,raw accuracy; first minus second arm,52,60,80,9,15,0
BEST32|ZERO|ACTIVE_C0-NOVEL_C0|E2,0.0004119873046875185,-0.0009482320149739421,0.0017761739095052164,unresolved,raw accuracy; first minus second arm,59,55,78,14,10,0
BEST32|ZERO|ACTIVE_C0-NOVEL_C0|E3,0.000687662760416675,-0.000626653035481756,0.0020336659749348863,unresolved,raw accuracy; first minus second arm,56,56,80,15,9,0
BEST32|ZERO|ACTIVE_C0-NOVEL_C0|E4,0.0021799723307291546,0.0006510416666666666,0.0036123657226562254,positive,raw accuracy; first minus second arm,73,41,78,17,7,0
BEST32|ZERO|ACTIVE_C0-NOVEL_C0|E5,0.000323486328125025,-0.0009595235188802102,0.0017144012451172363,unresolved,raw accuracy; first minus second arm,55,58,79,12,12,0
BEST32|ZERO|ACTIVE_C0-NOVEL_C0|E6,0.0006825764973958278,-0.0007813262939453321,0.0021933492024739654,unresolved,raw accuracy; first minus second arm,59,55,78,16,8,0
BEST32|ZERO|ACTIVE_C0-NOVEL_C0|E7,0.0002105712890624889,-0.0017690277099609432,0.0021179707845052063,unresolved,raw accuracy; first minus second arm,52,62,78,12,12,0
BEST32|ZERO|ACTIVE_C0-NOVEL_C0|E8,-0.0003712972005208287,-0.002086435953776032,0.0016127268473307317,unresolved,raw accuracy; first minus second arm,55,58,79,8,16,0
BEST32|ZERO|ACTIVE_C0-NOVEL_C0|F,0.012150065104166668,-0.02234110514322917,0.044634195963541665,unresolved,carrier frequency; first minus second arm,87,29,76,15,9,0
BEST32|ZERO|ACTIVE_C0-NOVEL_C0|F0,0.0,0.0,0.0,structural_zero,design-implied zero,0,0,192,0,0,24
BEST32|ZERO|ACTIVE_C0-NOVEL_C0|F1,0.008951822916666666,0.006673177083333333,0.01123046875,positive,carrier frequency; first minus second arm,59,4,129,22,0,2
BEST32|ZERO|ACTIVE_C0-NOVEL_C0|F40,-0.00146484375,-0.048990885416666664,0.04248046875,unresolved,carrier frequency; first minus second arm,15,14,163,6,6,12
BEST32|ZERO|ACTIVE_C0-NOVEL_C0|FE1,0.01901041666666667,0.01376953125,0.024544270833333336,positive,carrier frequency; first minus second arm,92,23,77,20,3,1
BEST32|ZERO|ACTIVE_C0-NOVEL_C0|FE2,0.020084635416666666,0.0007804361979166663,0.038542480468749994,positive,carrier frequency; first minus second arm,45,20,127,17,7,0
BEST32|ZERO|ACTIVE_C0-NOVEL_C0|FE3,0.02200520833333333,-0.013999023437500003,0.05621826171874999,unresolved,carrier frequency; first minus second arm,28,19,145,14,8,2
BEST32|ZERO|ACTIVE_C0-NOVEL_C0|FE4,0.01751302083333334,-0.026762695312500005,0.06250732421874997,unresolved,carrier frequency; first minus second arm,21,18,153,9,12,3
BEST32|ZERO|ACTIVE_C0-NOVEL_C0|FE5,0.012044270833333334,-0.03750325520833333,0.06106852213541666,unresolved,carrier frequency; first minus second arm,23,15,154,9,10,5
BEST32|ZERO|ACTIVE_C0-NOVEL_C0|FE6,0.005436197916666667,-0.039656575520833334,0.048046874999999996,unresolved,carrier frequency; first minus second arm,21,15,156,10,9,5
BEST32|ZERO|ACTIVE_C0-NOVEL_C0|FE7,0.0022135416666666636,-0.043330078125,0.04359049479166664,unresolved,carrier frequency; first minus second arm,19,14,159,9,7,8
BEST32|ZERO|ACTIVE_C0-NOVEL_C0|FE8,-0.0011067708333333329,-0.048571777343750004,0.04245035807291665,unresolved,carrier frequency; first minus second arm,16,14,162,7,7,10
BEST32|ZERO|ACTIVE_C0-NOVEL_C0|MLOSS,-0.0005489349365234315,-0.001094697316487622,-1.8415451049806753e-05,negative,raw mismatch; first minus second arm,48,65,79,9,15,0
BEST32|ZERO|ACTIVE_C0-NOVEL_C0|U,0.0005489349365234523,1.8415451049827333e-05,0.0010946973164876561,positive,raw accuracy; first minus second arm,65,48,79,15,9,0
BEST32|ZERO|ACTIVE_C0-NOVEL_C0|U0,0.0,0.0,0.0,structural_zero,design-implied zero,0,0,192,0,0,24
BEST32|ZERO|ACTIVE_C0-NOVEL_C0|U1,0.0,0.0,0.0,observed_exact_zero,sampled equality; not a design guarantee,0,0,192,0,0,24
BEST32|ZERO|ACTIVE_C0-NOVEL_C0|U40,-0.0017496744791666667,-0.005834070841471354,0.0027725219726562472,unresolved,raw accuracy; first minus second arm,52,60,80,9,15,0
BEST32|ZERO|ACTIVE_C0-SHAM_C0|D40,0.040201822916666664,-1.627604166666574e-05,0.08414713541666667,unresolved,carrier frequency change; first minus second arm,14,5,173,11,4,9
BEST32|ZERO|ACTIVE_C0-SHAM_C0|E1,0.00044453938802084075,7.619222005207013e-05,0.0008371988932291733,positive,raw accuracy; first minus second arm,41,20,131,17,6,1
BEST32|ZERO|ACTIVE_C0-SHAM_C0|E2,0.00045267740885418517,-0.0006675211588541377,0.001576843261718754,unresolved,raw accuracy; first minus second arm,38,33,121,14,10,0
BEST32|ZERO|ACTIVE_C0-SHAM_C0|E3,0.0011464436848958454,-0.00015772501627602786,0.002449569702148444,unresolved,raw accuracy; first minus second arm,36,35,121,15,9,0
BEST32|ZERO|ACTIVE_C0-SHAM_C0|E4,0.0008138020833333287,-0.0005422973632812744,0.002128117879231787,unresolved,raw accuracy; first minus second arm,41,29,122,15,9,0
BEST32|ZERO|ACTIVE_C0-SHAM_C0|E5,0.0008056640625000028,-0.00012013753255208532,0.0018016306559244777,unresolved,raw accuracy; first minus second arm,41,29,122,13,10,1
BEST32|ZERO|ACTIVE_C0-SHAM_C0|E6,0.0014973958333333408,0.0003702799479166906,0.0026917012532552023,positive,raw accuracy; first minus second arm,46,25,121,17,7,0
BEST32|ZERO|ACTIVE_C0-SHAM_C0|E7,0.0019795735677083557,0.00022478739420576482,0.0036937967936198175,positive,raw accuracy; first minus second arm,46,25,121,15,9,0
BEST32|ZERO|ACTIVE_C0-SHAM_C0|E8,0.0004221598307291713,-0.0008046976725260409,0.0018069966634114603,unresolved,raw accuracy; first minus second arm,37,34,121,11,13,0
BEST32|ZERO|ACTIVE_C0-SHAM_C0|F,0.034313964843749996,0.0075862630208333335,0.06170583089192706,positive,carrier frequency; first minus second arm,53,18,121,17,7,0
BEST32|ZERO|ACTIVE_C0-SHAM_C0|F0,0.0,0.0,0.0,structural_zero,design-implied zero,0,0,192,0,0,24
BEST32|ZERO|ACTIVE_C0-SHAM_C0|F1,0.0,0.0,0.0,structural_zero,design-implied zero,0,0,192,0,0,24
BEST32|ZERO|ACTIVE_C0-SHAM_C0|F40,0.040201822916666664,-1.627604166666574e-05,0.08414713541666667,unresolved,carrier frequency; first minus second arm,14,5,173,11,4,9
BEST32|ZERO|ACTIVE_C0-SHAM_C0|FE1,0.005729166666666666,0.0032552083333333335,0.008300781249999998,positive,carrier frequency; first minus second arm,49,18,125,20,3,1
BEST32|ZERO|ACTIVE_C0-SHAM_C0|FE2,0.021842447916666664,0.004914550781249999,0.03919352213541666,positive,carrier frequency; first minus second arm,44,16,132,17,7,0
BEST32|ZERO|ACTIVE_C0-SHAM_C0|FE3,0.03792317708333333,0.00754638671875,0.06940266927083333,positive,carrier frequency; first minus second arm,28,9,155,15,5,4
BEST32|ZERO|ACTIVE_C0-SHAM_C0|FE4,0.041829427083333336,0.007484537760416666,0.07588053385416665,positive,carrier frequency; first minus second arm,20,9,163,12,6,6
BEST32|ZERO|ACTIVE_C0-SHAM_C0|FE5,0.043782552083333336,0.007714843750000001,0.08134928385416665,positive,carrier frequency; first minus second arm,17,7,168,12,5,7
BEST32|ZERO|ACTIVE_C0-SHAM_C0|FE6,0.042578125,0.006087239583333332,0.08138264973958331,positive,carrier frequency; first minus second arm,17,7,168,13,4,7
BEST32|ZERO|ACTIVE_C0-SHAM_C0|FE7,0.0404296875,0.0015266927083333356,0.08184407552083328,positive,carrier frequency; first minus second arm,15,6,171,12,4,8
BEST32|ZERO|ACTIVE_C0-SHAM_C0|FE8,0.04039713541666667,-0.00016276041666666668,0.08453776041666666,unresolved,carrier frequency; first minus second arm,15,5,172,12,4,8
BEST32|ZERO|ACTIVE_C0-SHAM_C0|MLOSS,-0.0009452819824218769,-0.0015013504028320273,-0.00040267308553059545,negative,raw mismatch; first minus second arm,26,45,121,6,18,0
BEST32|ZERO|ACTIVE_C0-SHAM_C0|U,0.0009452819824218861,0.00040267308553061784,0.0015013504028320425,positive,raw accuracy; first minus second arm,45,26,121,18,6,0
BEST32|ZERO|ACTIVE_C0-SHAM_C0|U0,0.0,0.0,0.0,structural_zero,design-implied zero,0,0,192,0,0,24
BEST32|ZERO|ACTIVE_C0-SHAM_C0|U1,0.0,0.0,0.0,structural_zero,design-implied zero,0,0,192,0,0,24
BEST32|ZERO|ACTIVE_C0-SHAM_C0|U40,0.001312255859375,-0.0018268585205078124,0.0051221211751302075,unresolved,raw accuracy; first minus second arm,42,29,121,13,11,0
BEST32|ZERO|ACTIVE_C0|D40,0.06103515625,0.026025390625000002,0.09897867838541655,positive,carrier frequency change; absolute,19,173,0,14,10,0
BEST32|ZERO|ACTIVE_C0|E1,0.6532521565755208,0.6454524739583334,0.6618605295817057,positive,raw accuracy; absolute,192,0,0,24,0,0
BEST32|ZERO|ACTIVE_C0|E2,0.6150034586588542,0.6127216084798177,0.6172608947753907,positive,raw accuracy; absolute,192,0,0,24,0,0
BEST32|ZERO|ACTIVE_C0|E3,0.6161265055338542,0.6139495595296225,0.618184560139974,positive,raw accuracy; absolute,192,0,0,24,0,0
BEST32|ZERO|ACTIVE_C0|E4,0.615576171875,0.6131974792480469,0.618028818766276,positive,raw accuracy; absolute,192,0,0,24,0,0
BEST32|ZERO|ACTIVE_C0|E5,0.6162231445312499,0.6137359364827474,0.6192149098714193,positive,raw accuracy; absolute,192,0,0,24,0,0
BEST32|ZERO|ACTIVE_C0|E6,0.6170094807942709,0.6142265065511068,0.6199465179443359,positive,raw accuracy; absolute,192,0,0,24,0,0
BEST32|ZERO|ACTIVE_C0|E7,0.6167144775390625,0.6130438995361328,0.6201908874511718,positive,raw accuracy; absolute,192,0,0,24,0,0
BEST32|ZERO|ACTIVE_C0|E8,0.6152191162109375,0.6121510314941406,0.6185926310221355,positive,raw accuracy; absolute,192,0,0,24,0,0
BEST32|ZERO|ACTIVE_C0|F,0.07804768880208333,0.051504618326822904,0.10665700276692704,positive,carrier frequency; absolute,125,0,67,24,0,0
BEST32|ZERO|ACTIVE_C0|F0,0.03125,0.03125,0.03125,positive,carrier frequency; absolute,192,0,0,24,0,0
BEST32|ZERO|ACTIVE_C0|F1,0.02880859375,0.02554931640625,0.032389322916666664,positive,carrier frequency; absolute,125,0,67,24,0,0
BEST32|ZERO|ACTIVE_C0|F40,0.09228515625,0.057275390625,0.13022867838541657,positive,carrier frequency; absolute,19,0,173,14,0,10
BEST32|ZERO|ACTIVE_C0|FE1,0.03697916666666667,0.031215820312500003,0.04310058593749999,positive,carrier frequency; absolute,125,0,67,24,0,0
BEST32|ZERO|ACTIVE_C0|FE2,0.05566406249999999,0.04072102864583333,0.07184651692708331,positive,carrier frequency; absolute,56,0,136,24,0,0
BEST32|ZERO|ACTIVE_C0|FE3,0.07643229166666667,0.04759033203125001,0.10696940104166666,positive,carrier frequency; absolute,34,0,158,20,0,4
BEST32|ZERO|ACTIVE_C0|FE4,0.08707682291666667,0.05231038411458333,0.12597737630208333,positive,carrier frequency; absolute,25,0,167,16,0,8
BEST32|ZERO|ACTIVE_C0|FE5,0.09296875,0.056083984375,0.13388671875,positive,carrier frequency; absolute,24,0,168,16,0,8
BEST32|ZERO|ACTIVE_C0|FE6,0.09186197916666666,0.05816324869791666,0.12819742838541662,positive,carrier frequency; absolute,23,0,169,15,0,9
BEST32|ZERO|ACTIVE_C0|FE7,0.09134114583333335,0.05644042968749999,0.1280037434895833,positive,carrier frequency; absolute,21,0,171,15,0,9
BEST32|ZERO|ACTIVE_C0|FE8,0.09205729166666665,0.0571142578125,0.13022623697916658,positive,carrier frequency; absolute,19,0,173,14,0,10
BEST32|ZERO|ACTIVE_C0|MLOSS,0.37935943603515626,0.3780735556284587,0.38061860402425124,positive,raw mismatch; absolute,192,0,0,24,0,0
BEST32|ZERO|ACTIVE_C0|U,0.6206405639648438,0.6193813959757487,0.6219264443715413,positive,raw accuracy; absolute,192,0,0,24,0,0
BEST32|ZERO|ACTIVE_C0|U0,0.7163035074869791,0.6938170115152995,0.7402376810709635,positive,raw accuracy; absolute,192,0,0,24,0,0
BEST32|ZERO|ACTIVE_C0|U1,0.7331339518229166,0.7140061696370443,0.7535858154296875,positive,raw accuracy; absolute,192,0,0,24,0,0
BEST32|ZERO|ACTIVE_C0|U40,0.613189697265625,0.6079859415690104,0.618545659383138,positive,raw accuracy; absolute,192,0,0,24,0,0
BEST32|ZERO|ACTIVE_C1-NOVEL_C1|D40,0.0,0.0,0.0,observed_exact_zero,sampled equality; not a design guarantee,0,0,192,0,0,24
BEST32|ZERO|ACTIVE_C1-NOVEL_C1|E1,0.00017801920572916666,0.0,0.00043248494466145736,unresolved,raw accuracy; first minus second arm,3,0,189,3,0,21
BEST32|ZERO|ACTIVE_C1-NOVEL_C1|E2,-2.8483072916668517e-05,-0.00011095682779948476,3.5654703776041345e-05,unresolved,raw accuracy; first minus second arm,1,2,189,1,2,21
BEST32|ZERO|ACTIVE_C1-NOVEL_C1|E3,-9.663899739582871e-05,-0.0003346761067708204,0.00011393229166666481,unresolved,raw accuracy; first minus second arm,1,2,189,1,2,21
BEST32|ZERO|ACTIVE_C1-NOVEL_C1|E4,-3.0517578125e-05,-0.0003195444742838597,0.0002278645833333389,unresolved,raw accuracy; first minus second arm,1,2,189,1,2,21
BEST32|ZERO|ACTIVE_C1-NOVEL_C1|E5,5.6966145833332406e-05,-0.00013834635416666574,0.00028076171874999445,unresolved,raw accuracy; first minus second arm,2,1,189,2,1,21
BEST32|ZERO|ACTIVE_C1-NOVEL_C1|E6,0.00015462239583333148,0.0,0.00033162434895832316,unresolved,raw accuracy; first minus second arm,3,0,189,3,0,21
BEST32|ZERO|ACTIVE_C1-NOVEL_C1|E7,5.086263020833796e-05,-6.917317708332593e-05,0.0002237955729166713,unresolved,raw accuracy; first minus second arm,2,1,189,2,1,21
BEST32|ZERO|ACTIVE_C1-NOVEL_C1|E8,7.120768229166204e-05,-5.6966145833337034e-05,0.00024414062499999076,unresolved,raw accuracy; first minus second arm,2,1,189,2,1,21
BEST32|ZERO|ACTIVE_C1-NOVEL_C1|F,2.4414062499999998e-05,0.0,5.696614583333334e-05,unresolved,carrier frequency; first minus second arm,3,0,189,3,0,21
BEST32|ZERO|ACTIVE_C1-NOVEL_C1|F0,0.0,0.0,0.0,structural_zero,design-implied zero,0,0,192,0,0,24
BEST32|ZERO|ACTIVE_C1-NOVEL_C1|F1,0.00016276041666666666,0.0,0.00048828125,unresolved,carrier frequency; first minus second arm,1,0,191,1,0,23
BEST32|ZERO|ACTIVE_C1-NOVEL_C1|F40,0.0,0.0,0.0,observed_exact_zero,sampled equality; not a design guarantee,0,0,192,0,0,24
BEST32|ZERO|ACTIVE_C1-NOVEL_C1|FE1,0.00019531249999999998,0.0,0.00045572916666666673,unresolved,carrier frequency; first minus second arm,3,0,189,3,0,21
BEST32|ZERO|ACTIVE_C1-NOVEL_C1|FE2,0.0,0.0,0.0,observed_exact_zero,sampled equality; not a design guarantee,0,0,192,0,0,24
BEST32|ZERO|ACTIVE_C1-NOVEL_C1|FE3,0.0,0.0,0.0,observed_exact_zero,sampled equality; not a design guarantee,0,0,192,0,0,24
BEST32|ZERO|ACTIVE_C1-NOVEL_C1|FE4,0.0,0.0,0.0,observed_exact_zero,sampled equality; not a design guarantee,0,0,192,0,0,24
BEST32|ZERO|ACTIVE_C1-NOVEL_C1|FE5,0.0,0.0,0.0,observed_exact_zero,sampled equality; not a design guarantee,0,0,192,0,0,24
BEST32|ZERO|ACTIVE_C1-NOVEL_C1|FE6,0.0,0.0,0.0,observed_exact_zero,sampled equality; not a design guarantee,0,0,192,0,0,24
BEST32|ZERO|ACTIVE_C1-NOVEL_C1|FE7,0.0,0.0,0.0,observed_exact_zero,sampled equality; not a design guarantee,0,0,192,0,0,24
BEST32|ZERO|ACTIVE_C1-NOVEL_C1|FE8,0.0,0.0,0.0,observed_exact_zero,sampled equality; not a design guarantee,0,0,192,0,0,24
BEST32|ZERO|ACTIVE_C1-NOVEL_C1|MLOSS,-4.4504801432291664e-05,-0.00010083516438802222,0.0,unresolved,raw mismatch; first minus second arm,0,3,189,0,3,21
BEST32|ZERO|ACTIVE_C1-NOVEL_C1|U,4.4504801432291664e-05,0.0,0.00010083516438801991,unresolved,raw accuracy; first minus second arm,3,0,189,3,0,21
BEST32|ZERO|ACTIVE_C1-NOVEL_C1|U0,0.0,0.0,0.0,structural_zero,design-implied zero,0,0,192,0,0,24
BEST32|ZERO|ACTIVE_C1-NOVEL_C1|U1,5.086263020833333e-06,0.0,1.52587890625e-05,unresolved,raw accuracy; first minus second arm,1,0,191,1,0,23
BEST32|ZERO|ACTIVE_C1-NOVEL_C1|U40,0.0001373291015625,-0.000640869140625,0.001220703125,unresolved,raw accuracy; first minus second arm,1,2,189,1,2,21
BEST32|ZERO|ACTIVE_C1-SHAM_C1|D40,0.0,0.0,0.0,observed_exact_zero,sampled equality; not a design guarantee,0,0,192,0,0,24
BEST32|ZERO|ACTIVE_C1-SHAM_C1|E1,0.00015563964843749722,0.0,0.0004099527994791639,unresolved,raw accuracy; first minus second arm,2,0,190,2,0,22
BEST32|ZERO|ACTIVE_C1-SHAM_C1|E2,-4.374186197916852e-05,-0.00012105305989583888,0.0,unresolved,raw accuracy; first minus second arm,0,2,190,0,2,22
BEST32|ZERO|ACTIVE_C1-SHAM_C1|E3,-2.2379557291664815e-05,-0.00023803710937499167,0.00017089843749999722,unresolved,raw accuracy; first minus second arm,1,1,190,1,1,22
BEST32|ZERO|ACTIVE_C1-SHAM_C1|E4,7.425944010416852e-05,-1.0172526041666666e-05,0.00023803710937500555,unresolved,raw accuracy; first minus second arm,1,1,190,1,1,22
BEST32|ZERO|ACTIVE_C1-SHAM_C1|E5,4.272460937499815e-05,-0.000152587890625,0.00028076171874999445,unresolved,raw accuracy; first minus second arm,1,1,190,1,1,22
BEST32|ZERO|ACTIVE_C1-SHAM_C1|E6,0.00011088053385416297,0.0,0.00028076171874998984,unresolved,raw accuracy; first minus second arm,2,0,190,2,0,22
BEST32|ZERO|ACTIVE_C1-SHAM_C1|E7,-1.8310546874997224e-05,-0.0001037597656249889,4.8828124999997224e-05,unresolved,raw accuracy; first minus second arm,1,1,190,1,1,22
BEST32|ZERO|ACTIVE_C1-SHAM_C1|E8,4.069010416662966e-06,-8.544921875000555e-05,9.765624999999445e-05,unresolved,raw accuracy; first minus second arm,1,1,190,1,1,22
BEST32|ZERO|ACTIVE_C1-SHAM_C1|F,2.0345052083333332e-05,0.0,5.289713541666667e-05,unresolved,carrier frequency; first minus second arm,2,0,190,2,0,22
BEST32|ZERO|ACTIVE_C1-SHAM_C1|F0,0.0,0.0,0.0,structural_zero,design-implied zero,0,0,192,0,0,24
BEST32|ZERO|ACTIVE_C1-SHAM_C1|F1,0.0,0.0,0.0,structural_zero,design-implied zero,0,0,192,0,0,24
BEST32|ZERO|ACTIVE_C1-SHAM_C1|F40,0.0,0.0,0.0,observed_exact_zero,sampled equality; not a design guarantee,0,0,192,0,0,24
BEST32|ZERO|ACTIVE_C1-SHAM_C1|FE1,0.00016276041666666666,0.0,0.00042317708333333335,unresolved,carrier frequency; first minus second arm,2,0,190,2,0,22
BEST32|ZERO|ACTIVE_C1-SHAM_C1|FE2,0.0,0.0,0.0,observed_exact_zero,sampled equality; not a design guarantee,0,0,192,0,0,24
BEST32|ZERO|ACTIVE_C1-SHAM_C1|FE3,0.0,0.0,0.0,observed_exact_zero,sampled equality; not a design guarantee,0,0,192,0,0,24
BEST32|ZERO|ACTIVE_C1-SHAM_C1|FE4,0.0,0.0,0.0,observed_exact_zero,sampled equality; not a design guarantee,0,0,192,0,0,24
BEST32|ZERO|ACTIVE_C1-SHAM_C1|FE5,0.0,0.0,0.0,observed_exact_zero,sampled equality; not a design guarantee,0,0,192,0,0,24
BEST32|ZERO|ACTIVE_C1-SHAM_C1|FE6,0.0,0.0,0.0,observed_exact_zero,sampled equality; not a design guarantee,0,0,192,0,0,24
BEST32|ZERO|ACTIVE_C1-SHAM_C1|FE7,0.0,0.0,0.0,observed_exact_zero,sampled equality; not a design guarantee,0,0,192,0,0,24
BEST32|ZERO|ACTIVE_C1-SHAM_C1|FE8,0.0,0.0,0.0,observed_exact_zero,sampled equality; not a design guarantee,0,0,192,0,0,24
BEST32|ZERO|ACTIVE_C1-SHAM_C1|MLOSS,-3.789265950520972e-05,-9.524027506510833e-05,0.0,unresolved,raw mismatch; first minus second arm,0,2,190,0,2,22
BEST32|ZERO|ACTIVE_C1-SHAM_C1|U,3.7892659505207406e-05,0.0,9.52402750651014e-05,unresolved,raw accuracy; first minus second arm,2,0,190,2,0,22
BEST32|ZERO|ACTIVE_C1-SHAM_C1|U0,0.0,0.0,0.0,structural_zero,design-implied zero,0,0,192,0,0,24
BEST32|ZERO|ACTIVE_C1-SHAM_C1|U1,0.0,0.0,0.0,structural_zero,design-implied zero,0,0,192,0,0,24
BEST32|ZERO|ACTIVE_C1-SHAM_C1|U40,-0.0002950032552083333,-0.0008036295572916666,0.0,unresolved,raw accuracy; first minus second arm,0,2,190,0,2,22
BEST32|ZERO|ACTIVE_C1|D40,-0.03125,-0.03125,-0.03125,negative,carrier frequency change; absolute,0,192,0,0,24,0
BEST32|ZERO|ACTIVE_C1|E1,0.6532063802083333,0.6452715301513672,0.661905975341797,positive,raw accuracy; absolute,192,0,0,24,0,0
BEST32|ZERO|ACTIVE_C1|E2,0.6141794840494792,0.6117395782470703,0.6165884653727213,positive,raw accuracy; absolute,192,0,0,24,0,0
BEST32|ZERO|ACTIVE_C1|E3,0.6146586100260416,0.6127501169840496,0.6165499369303387,positive,raw accuracy; absolute,192,0,0,24,0,0
BEST32|ZERO|ACTIVE_C1|E4,0.6137969970703124,0.611298573811849,0.6163683064778647,positive,raw accuracy; absolute,192,0,0,24,0,0
BEST32|ZERO|ACTIVE_C1|E5,0.6164703369140626,0.6134825388590496,0.6197720336914063,positive,raw accuracy; absolute,192,0,0,24,0,0
BEST32|ZERO|ACTIVE_C1|E6,0.6158548990885416,0.6135272471110026,0.6182618459065755,positive,raw accuracy; absolute,192,0,0,24,0,0
BEST32|ZERO|ACTIVE_C1|E7,0.6140838623046875,0.6109567260742187,0.6172801971435546,positive,raw accuracy; absolute,192,0,0,24,0,0
BEST32|ZERO|ACTIVE_C1|E8,0.6146341959635417,0.6119159189860026,0.6174878692626954,positive,raw accuracy; absolute,192,0,0,24,0,0
BEST32|ZERO|ACTIVE_C1|F,5.289713541666667e-05,1.2207031250000002e-05,0.00010172526041666667,positive,carrier frequency; absolute,8,0,184,6,0,18
BEST32|ZERO|ACTIVE_C1|F0,0.03125,0.03125,0.03125,positive,carrier frequency; absolute,192,0,0,24,0,0
BEST32|ZERO|ACTIVE_C1|F1,0.0013020833333333333,0.0003255208333333333,0.00244140625,positive,carrier frequency; absolute,8,0,184,6,0,18
BEST32|ZERO|ACTIVE_C1|F40,0.0,0.0,0.0,observed_exact_zero,sampled equality; not a design guarantee,0,0,192,0,0,24
BEST32|ZERO|ACTIVE_C1|FE1,0.00042317708333333335,9.765625000000002e-05,0.0008138020833333334,positive,carrier frequency; absolute,8,0,184,6,0,18
BEST32|ZERO|ACTIVE_C1|FE2,0.0,0.0,0.0,observed_exact_zero,sampled equality; not a design guarantee,0,0,192,0,0,24
BEST32|ZERO|ACTIVE_C1|FE3,0.0,0.0,0.0,observed_exact_zero,sampled equality; not a design guarantee,0,0,192,0,0,24
BEST32|ZERO|ACTIVE_C1|FE4,0.0,0.0,0.0,observed_exact_zero,sampled equality; not a design guarantee,0,0,192,0,0,24
BEST32|ZERO|ACTIVE_C1|FE5,0.0,0.0,0.0,observed_exact_zero,sampled equality; not a design guarantee,0,0,192,0,0,24
BEST32|ZERO|ACTIVE_C1|FE6,0.0,0.0,0.0,observed_exact_zero,sampled equality; not a design guarantee,0,0,192,0,0,24
BEST32|ZERO|ACTIVE_C1|FE7,0.0,0.0,0.0,observed_exact_zero,sampled equality; not a design guarantee,0,0,192,0,0,24
BEST32|ZERO|ACTIVE_C1|FE8,0.0,0.0,0.0,observed_exact_zero,sampled equality; not a design guarantee,0,0,192,0,0,24
BEST32|ZERO|ACTIVE_C1|MLOSS,0.380389404296875,0.3789524459838868,0.381729793548584,positive,raw mismatch; absolute,192,0,0,24,0,0
BEST32|ZERO|ACTIVE_C1|U,0.6196105957031249,0.618270206451416,0.6210475540161133,positive,raw accuracy; absolute,192,0,0,24,0,0
BEST32|ZERO|ACTIVE_C1|U0,0.7163035074869791,0.6938170115152995,0.7402376810709635,positive,raw accuracy; absolute,192,0,0,24,0,0
BEST32|ZERO|ACTIVE_C1|U1,0.7330780029296875,0.7139205932617188,0.7535603841145834,positive,raw accuracy; absolute,192,0,0,24,0,0
BEST32|ZERO|ACTIVE_C1|U40,0.6136372884114584,0.6084645589192709,0.6187597910563151,positive,raw accuracy; absolute,192,0,0,24,0,0
BEST32|ZERO|NOVEL_C0-SHAM_C0|D40,0.041666666666666664,-0.010416666666666666,0.09375,unresolved,carrier frequency change; first minus second arm,16,8,168,11,5,8
BEST32|ZERO|NOVEL_C0-SHAM_C0|E1,0.00017801920572918517,-0.0002777608235676812,0.0006541188557943,unresolved,raw accuracy; first minus second arm,60,42,90,14,10,0
BEST32|ZERO|NOVEL_C0-SHAM_C0|E2,4.0690104166666664e-05,-0.001075312296549468,0.0011404673258463434,unresolved,raw accuracy; first minus second arm,54,48,90,13,11,0
BEST32|ZERO|NOVEL_C0-SHAM_C0|E3,0.00045878092447917035,-0.0009329223632812572,0.0019043223063151247,unresolved,raw accuracy; first minus second arm,59,44,89,12,12,0
BEST32|ZERO|NOVEL_C0-SHAM_C0|E4,-0.001366170247395826,-0.002748667399088544,2.985636393229599e-05,unresolved,raw accuracy; first minus second arm,43,60,89,9,15,0
BEST32|ZERO|NOVEL_C0-SHAM_C0|E5,0.0004821777343749778,-0.000982793172200543,0.001865666707356753,unresolved,raw accuracy; first minus second arm,57,45,90,14,10,0
BEST32|ZERO|NOVEL_C0-SHAM_C0|E6,0.000814819335937513,-0.0007839965820312318,0.0023488362630208486,unresolved,raw accuracy; first minus second arm,57,46,89,14,10,0
BEST32|ZERO|NOVEL_C0-SHAM_C0|E7,0.0017690022786458666,-0.000343017578124966,0.004081242879231796,unresolved,raw accuracy; first minus second arm,59,43,90,15,9,0
BEST32|ZERO|NOVEL_C0-SHAM_C0|E8,0.00079345703125,-0.0007792663574218559,0.0023428599039713198,unresolved,raw accuracy; first minus second arm,52,50,90,14,10,0
BEST32|ZERO|NOVEL_C0-SHAM_C0|F,0.022163899739583336,-0.01134195963541667,0.05556986490885415,unresolved,carrier frequency; first minus second arm,34,74,84,13,11,0
BEST32|ZERO|NOVEL_C0-SHAM_C0|F0,0.0,0.0,0.0,structural_zero,design-implied zero,0,0,192,0,0,24
BEST32|ZERO|NOVEL_C0-SHAM_C0|F1,-0.008951822916666666,-0.01123046875,-0.006673177083333333,negative,carrier frequency; first minus second arm,4,59,129,0,22,2
BEST32|ZERO|NOVEL_C0-SHAM_C0|F40,0.041666666666666664,-0.010416666666666666,0.09375,unresolved,carrier frequency; first minus second arm,16,8,168,11,5,8
BEST32|ZERO|NOVEL_C0-SHAM_C0|FE1,-0.013281250000000001,-0.019075520833333335,-0.008169759114583338,negative,carrier frequency; first minus second arm,26,81,85,7,17,0
BEST32|ZERO|NOVEL_C0-SHAM_C0|FE2,0.001757812500000003,-0.01865804036458333,0.021889648437499923,unresolved,carrier frequency; first minus second arm,26,23,143,12,12,0
BEST32|ZERO|NOVEL_C0-SHAM_C0|FE3,0.015917968749999997,-0.013614095052083332,0.046914062499999964,unresolved,carrier frequency; first minus second arm,22,12,158,13,8,3
BEST32|ZERO|NOVEL_C0-SHAM_C0|FE4,0.024316406250000002,-0.014295247395833332,0.06374023437499998,unresolved,carrier frequency; first minus second arm,18,12,162,13,8,3
BEST32|ZERO|NOVEL_C0-SHAM_C0|FE5,0.03173828125,-0.012111002604166667,0.0749454752604166,unresolved,carrier frequency; first minus second arm,16,12,164,11,8,5
BEST32|ZERO|NOVEL_C0-SHAM_C0|FE6,0.03714192708333333,-0.006598307291666666,0.08157633463541665,unresolved,carrier frequency; first minus second arm,17,9,166,12,5,7
BEST32|ZERO|NOVEL_C0-SHAM_C0|FE7,0.03821614583333333,-0.007864583333333333,0.08353597005208331,unresolved,carrier frequency; first minus second arm,17,9,166,12,5,7
BEST32|ZERO|NOVEL_C0-SHAM_C0|FE8,0.04150390625,-0.009147135416666665,0.09241943359374998,unresolved,carrier frequency; first minus second arm,16,8,168,11,5,8
BEST32|ZERO|NOVEL_C0-SHAM_C0|MLOSS,-0.0003963470458984454,-0.000842199325561516,4.3255488077769774e-05,unresolved,raw mismatch; first minus second arm,48,54,90,7,17,0
BEST32|ZERO|NOVEL_C0-SHAM_C0|U,0.0003963470458984338,-4.325548807782171e-05,0.0008421993255615316,unresolved,raw accuracy; first minus second arm,54,48,90,17,7,0
BEST32|ZERO|NOVEL_C0-SHAM_C0|U0,0.0,0.0,0.0,structural_zero,design-implied zero,0,0,192,0,0,24
BEST32|ZERO|NOVEL_C0-SHAM_C0|U1,0.0,0.0,0.0,observed_exact_zero,sampled equality; not a design guarantee,0,0,192,0,0,24
BEST32|ZERO|NOVEL_C0-SHAM_C0|U40,0.0030619303385416665,-0.0009417215983072916,0.006597137451171874,unresolved,raw accuracy; first minus second arm,65,38,89,16,8,0
BEST32|ZERO|NOVEL_C0|D40,0.0625,0.026041666666666668,0.09895833333333333,positive,carrier frequency change; absolute,18,174,0,14,10,0
BEST32|ZERO|NOVEL_C0|E1,0.6529856363932293,0.6450534311930339,0.6617862701416015,positive,raw accuracy; absolute,192,0,0,24,0,0
BEST32|ZERO|NOVEL_C0|E2,0.6145914713541667,0.6123402404785157,0.6168267567952475,positive,raw accuracy; absolute,192,0,0,24,0,0
BEST32|ZERO|NOVEL_C0|E3,0.6154388427734375,0.6135709126790364,0.6172438303629557,positive,raw accuracy; absolute,192,0,0,24,0,0
BEST32|ZERO|NOVEL_C0|E4,0.6133961995442708,0.6116158040364583,0.6152772521972656,positive,raw accuracy; absolute,192,0,0,24,0,0
BEST32|ZERO|NOVEL_C0|E5,0.615899658203125,0.6132435607910156,0.6187704213460286,positive,raw accuracy; absolute,192,0,0,24,0,0
BEST32|ZERO|NOVEL_C0|E6,0.616326904296875,0.6136196899414063,0.619164555867513,positive,raw accuracy; absolute,192,0,0,24,0,0
BEST32|ZERO|NOVEL_C0|E7,0.61650390625,0.6136198425292969,0.6196107482910156,positive,raw accuracy; absolute,192,0,0,24,0,0
BEST32|ZERO|NOVEL_C0|E8,0.6155904134114584,0.6130450948079427,0.6180149332682292,positive,raw accuracy; absolute,192,0,0,24,0,0
BEST32|ZERO|NOVEL_C0|F,0.06589762369791666,0.043273213704427084,0.09148834228515623,positive,carrier frequency; absolute,105,0,87,24,0,0
BEST32|ZERO|NOVEL_C0|F0,0.03125,0.03125,0.03125,positive,carrier frequency; absolute,192,0,0,24,0,0
BEST32|ZERO|NOVEL_C0|F1,0.019856770833333332,0.017578125,0.0224609375,positive,carrier frequency; absolute,105,0,87,24,0,0
BEST32|ZERO|NOVEL_C0|F40,0.09375,0.057291666666666664,0.13020833333333334,positive,carrier frequency; absolute,18,0,174,14,0,10
BEST32|ZERO|NOVEL_C0|FE1,0.017968750000000002,0.0140625,0.02216796875,positive,carrier frequency; absolute,105,0,87,24,0,0
BEST32|ZERO|NOVEL_C0|FE2,0.03557942708333334,0.02285074869791667,0.04941487630208333,positive,carrier frequency; absolute,31,0,161,17,0,7
BEST32|ZERO|NOVEL_C0|FE3,0.05442708333333333,0.03388590494791666,0.07799560546874999,positive,carrier frequency; absolute,24,0,168,17,0,7
BEST32|ZERO|NOVEL_C0|FE4,0.06956380208333333,0.043943684895833335,0.10019694010416666,positive,carrier frequency; absolute,21,0,171,16,0,8
BEST32|ZERO|NOVEL_C0|FE5,0.08092447916666666,0.05194824218750001,0.11321777343749999,positive,carrier frequency; absolute,19,0,173,14,0,10
BEST32|ZERO|NOVEL_C0|FE6,0.08642578125,0.056438802083333336,0.12005208333333332,positive,carrier frequency; absolute,18,0,174,14,0,10
BEST32|ZERO|NOVEL_C0|FE7,0.08912760416666665,0.057291666666666664,0.12386474609374998,positive,carrier frequency; absolute,18,0,174,14,0,10
BEST32|ZERO|NOVEL_C0|FE8,0.09316406249999999,0.057291666666666664,0.12962239583333332,positive,carrier frequency; absolute,18,0,174,14,0,10
BEST32|ZERO|NOVEL_C0|MLOSS,0.3799083709716797,0.3785439491271973,0.38122621536254886,positive,raw mismatch; absolute,192,0,0,24,0,0
BEST32|ZERO|NOVEL_C0|U,0.6200916290283204,0.6187737846374511,0.6214560508728028,positive,raw accuracy; absolute,192,0,0,24,0,0
BEST32|ZERO|NOVEL_C0|U0,0.7163035074869791,0.6938170115152995,0.7402376810709635,positive,raw accuracy; absolute,192,0,0,24,0,0
BEST32|ZERO|NOVEL_C0|U1,0.7331339518229166,0.7140061696370443,0.7535858154296875,positive,raw accuracy; absolute,192,0,0,24,0,0
BEST32|ZERO|NOVEL_C0|U40,0.6149393717447916,0.6102331797281901,0.6195223490397136,positive,raw accuracy; absolute,192,0,0,24,0,0
BEST32|ZERO|NOVEL_C1-SHAM_C1|D40,0.0,0.0,0.0,observed_exact_zero,sampled equality; not a design guarantee,0,0,192,0,0,24
BEST32|ZERO|NOVEL_C1-SHAM_C1|E1,-2.2379557291669443e-05,-6.713867187500833e-05,0.0,unresolved,raw accuracy; first minus second arm,0,1,191,0,1,23
BEST32|ZERO|NOVEL_C1-SHAM_C1|E2,-1.52587890625e-05,-4.57763671875e-05,0.0,unresolved,raw accuracy; first minus second arm,0,1,191,0,1,23
BEST32|ZERO|NOVEL_C1-SHAM_C1|E3,7.42594401041639e-05,0.0,0.00022277832031249167,unresolved,raw accuracy; first minus second arm,1,0,191,1,0,23
BEST32|ZERO|NOVEL_C1-SHAM_C1|E4,0.00010477701822916852,0.0,0.00031433105468750555,unresolved,raw accuracy; first minus second arm,1,0,191,1,0,23
BEST32|ZERO|NOVEL_C1-SHAM_C1|E5,-1.4241536458334259e-05,-4.2724609375002776e-05,0.0,unresolved,raw accuracy; first minus second arm,0,1,191,0,1,23
BEST32|ZERO|NOVEL_C1-SHAM_C1|E6,-4.374186197916852e-05,-0.00013122558593750555,0.0,unresolved,raw accuracy; first minus second arm,0,1,191,0,1,23
BEST32|ZERO|NOVEL_C1-SHAM_C1|E7,-6.917317708333519e-05,-0.00020751953125000555,0.0,unresolved,raw accuracy; first minus second arm,0,1,191,0,1,23
BEST32|ZERO|NOVEL_C1-SHAM_C1|E8,-6.713867187499907e-05,-0.00020141601562499722,0.0,unresolved,raw accuracy; first minus second arm,0,1,191,0,1,23
BEST32|ZERO|NOVEL_C1-SHAM_C1|F,-4.069010416666667e-06,-1.2207031250000002e-05,0.0,unresolved,carrier frequency; first minus second arm,0,1,191,0,1,23
BEST32|ZERO|NOVEL_C1-SHAM_C1|F0,0.0,0.0,0.0,structural_zero,design-implied zero,0,0,192,0,0,24
BEST32|ZERO|NOVEL_C1-SHAM_C1|F1,-0.00016276041666666666,-0.00048828125,0.0,unresolved,carrier frequency; first minus second arm,0,1,191,0,1,23
BEST32|ZERO|NOVEL_C1-SHAM_C1|F40,0.0,0.0,0.0,observed_exact_zero,sampled equality; not a design guarantee,0,0,192,0,0,24
BEST32|ZERO|NOVEL_C1-SHAM_C1|FE1,-3.255208333333333e-05,-9.765625000000002e-05,0.0,unresolved,carrier frequency; first minus second arm,0,1,191,0,1,23
BEST32|ZERO|NOVEL_C1-SHAM_C1|FE2,0.0,0.0,0.0,observed_exact_zero,sampled equality; not a design guarantee,0,0,192,0,0,24
BEST32|ZERO|NOVEL_C1-SHAM_C1|FE3,0.0,0.0,0.0,observed_exact_zero,sampled equality; not a design guarantee,0,0,192,0,0,24
BEST32|ZERO|NOVEL_C1-SHAM_C1|FE4,0.0,0.0,0.0,observed_exact_zero,sampled equality; not a design guarantee,0,0,192,0,0,24
BEST32|ZERO|NOVEL_C1-SHAM_C1|FE5,0.0,0.0,0.0,observed_exact_zero,sampled equality; not a design guarantee,0,0,192,0,0,24
BEST32|ZERO|NOVEL_C1-SHAM_C1|FE6,0.0,0.0,0.0,observed_exact_zero,sampled equality; not a design guarantee,0,0,192,0,0,24
BEST32|ZERO|NOVEL_C1-SHAM_C1|FE7,0.0,0.0,0.0,observed_exact_zero,sampled equality; not a design guarantee,0,0,192,0,0,24
BEST32|ZERO|NOVEL_C1-SHAM_C1|FE8,0.0,0.0,0.0,observed_exact_zero,sampled equality; not a design guarantee,0,0,192,0,0,24
BEST32|ZERO|NOVEL_C1-SHAM_C1|MLOSS,6.612141927081945e-06,0.0,1.9836425781245837e-05,unresolved,raw mismatch; first minus second arm,1,0,191,1,0,23
BEST32|ZERO|NOVEL_C1-SHAM_C1|U,-6.6121419270842585e-06,-1.9836425781252776e-05,0.0,unresolved,raw accuracy; first minus second arm,0,1,191,0,1,23
BEST32|ZERO|NOVEL_C1-SHAM_C1|U0,0.0,0.0,0.0,structural_zero,design-implied zero,0,0,192,0,0,24
BEST32|ZERO|NOVEL_C1-SHAM_C1|U1,-5.086263020833333e-06,-1.52587890625e-05,0.0,unresolved,raw accuracy; first minus second arm,0,1,191,0,1,23
BEST32|ZERO|NOVEL_C1-SHAM_C1|U40,-0.0004323323567708333,-0.0012969970703125,0.0,unresolved,raw accuracy; first minus second arm,0,1,191,0,1,23
BEST32|ZERO|NOVEL_C1|D40,-0.03125,-0.03125,-0.03125,negative,carrier frequency change; absolute,0,192,0,0,24,0
BEST32|ZERO|NOVEL_C1|E1,0.6530283610026041,0.6451228586832682,0.6617036692301432,positive,raw accuracy; absolute,192,0,0,24,0,0
BEST32|ZERO|NOVEL_C1|E2,0.6142079671223958,0.6117492421468099,0.6166349029541015,positive,raw accuracy; absolute,192,0,0,24,0,0
BEST32|ZERO|NOVEL_C1|E3,0.6147552490234375,0.6128009796142578,0.6166783142089844,positive,raw accuracy; absolute,192,0,0,24,0,0
BEST32|ZERO|NOVEL_C1|E4,0.6138275146484374,0.6114242299397787,0.6164001973470052,positive,raw accuracy; absolute,192,0,0,24,0,0
BEST32|ZERO|NOVEL_C1|E5,0.6164133707682292,0.6133914947509765,0.6197604370117187,positive,raw accuracy; absolute,192,0,0,24,0,0
BEST32|ZERO|NOVEL_C1|E6,0.6157002766927083,0.6133890024820964,0.6181386566162109,positive,raw accuracy; absolute,192,0,0,24,0,0
BEST32|ZERO|NOVEL_C1|E7,0.6140329996744791,0.6108212534586588,0.617261962890625,positive,raw accuracy; absolute,192,0,0,24,0,0
BEST32|ZERO|NOVEL_C1|E8,0.61456298828125,0.611871821085612,0.6174095153808595,positive,raw accuracy; absolute,192,0,0,24,0,0
BEST32|ZERO|NOVEL_C1|F,2.848307291666667e-05,8.138020833333333e-06,5.696614583333334e-05,positive,carrier frequency; absolute,7,0,185,5,0,19
BEST32|ZERO|NOVEL_C1|F0,0.03125,0.03125,0.03125,positive,carrier frequency; absolute,192,0,0,24,0,0
BEST32|ZERO|NOVEL_C1|F1,0.0011393229166666667,0.0003255208333333333,0.0022786458333333335,positive,carrier frequency; absolute,7,0,185,5,0,19
BEST32|ZERO|NOVEL_C1|F40,0.0,0.0,0.0,observed_exact_zero,sampled equality; not a design guarantee,0,0,192,0,0,24
BEST32|ZERO|NOVEL_C1|FE1,0.00022786458333333336,6.510416666666667e-05,0.00045572916666666673,positive,carrier frequency; absolute,7,0,185,5,0,19
BEST32|ZERO|NOVEL_C1|FE2,0.0,0.0,0.0,observed_exact_zero,sampled equality; not a design guarantee,0,0,192,0,0,24
BEST32|ZERO|NOVEL_C1|FE3,0.0,0.0,0.0,observed_exact_zero,sampled equality; not a design guarantee,0,0,192,0,0,24
BEST32|ZERO|NOVEL_C1|FE4,0.0,0.0,0.0,observed_exact_zero,sampled equality; not a design guarantee,0,0,192,0,0,24
BEST32|ZERO|NOVEL_C1|FE5,0.0,0.0,0.0,observed_exact_zero,sampled equality; not a design guarantee,0,0,192,0,0,24
BEST32|ZERO|NOVEL_C1|FE6,0.0,0.0,0.0,observed_exact_zero,sampled equality; not a design guarantee,0,0,192,0,0,24
BEST32|ZERO|NOVEL_C1|FE7,0.0,0.0,0.0,observed_exact_zero,sampled equality; not a design guarantee,0,0,192,0,0,24
BEST32|ZERO|NOVEL_C1|FE8,0.0,0.0,0.0,observed_exact_zero,sampled equality; not a design guarantee,0,0,192,0,0,24
BEST32|ZERO|NOVEL_C1|MLOSS,0.3804339090983073,0.37899859428405763,0.38178114255269374,positive,raw mismatch; absolute,192,0,0,24,0,0
BEST32|ZERO|NOVEL_C1|U,0.6195660909016928,0.6182188574473063,0.6210014057159424,positive,raw accuracy; absolute,192,0,0,24,0,0
BEST32|ZERO|NOVEL_C1|U0,0.7163035074869791,0.6938170115152995,0.7402376810709635,positive,raw accuracy; absolute,192,0,0,24,0,0
BEST32|ZERO|NOVEL_C1|U1,0.7330729166666666,0.7139156341552735,0.753555425008138,positive,raw accuracy; absolute,192,0,0,24,0,0
BEST32|ZERO|NOVEL_C1|U40,0.6134999593098959,0.6080271402994791,0.6187859853108724,positive,raw accuracy; absolute,192,0,0,24,0,0
BEST32|ZERO|SHAM_C0|D40,0.020833333333333332,-0.005208333333333333,0.052083333333333336,unresolved,carrier frequency change; absolute,10,182,0,9,15,0
BEST32|ZERO|SHAM_C0|E1,0.6528076171874999,0.6449876912434895,0.6613536834716797,positive,raw accuracy; absolute,192,0,0,24,0,0
BEST32|ZERO|SHAM_C0|E2,0.6145507812500001,0.6124603017171225,0.6165867106119792,positive,raw accuracy; absolute,192,0,0,24,0,0
BEST32|ZERO|SHAM_C0|E3,0.6149800618489584,0.613162104288737,0.616927235921224,positive,raw accuracy; absolute,192,0,0,24,0,0
BEST32|ZERO|SHAM_C0|E4,0.6147623697916667,0.6121103413899739,0.6174053446451823,positive,raw accuracy; absolute,192,0,0,24,0,0
BEST32|ZERO|SHAM_C0|E5,0.61541748046875,0.6126687622070313,0.6185755920410156,positive,raw accuracy; absolute,192,0,0,24,0,0
BEST32|ZERO|SHAM_C0|E6,0.6155120849609376,0.6123709106445313,0.6186711883544922,positive,raw accuracy; absolute,192,0,0,24,0,0
BEST32|ZERO|SHAM_C0|E7,0.6147349039713541,0.6113300323486328,0.6181855519612629,positive,raw accuracy; absolute,192,0,0,24,0,0
BEST32|ZERO|SHAM_C0|E8,0.6147969563802084,0.6118945821126303,0.6176166280110676,positive,raw accuracy; absolute,192,0,0,24,0,0
BEST32|ZERO|SHAM_C0|F,0.043733723958333325,0.025756327311197917,0.06365386962890623,positive,carrier frequency; absolute,125,0,67,24,0,0
BEST32|ZERO|SHAM_C0|F0,0.03125,0.03125,0.03125,positive,carrier frequency; absolute,192,0,0,24,0,0
BEST32|ZERO|SHAM_C0|F1,0.02880859375,0.02554931640625,0.032389322916666664,positive,carrier frequency; absolute,125,0,67,24,0,0
BEST32|ZERO|SHAM_C0|F40,0.052083333333333336,0.026041666666666668,0.08333333333333333,positive,carrier frequency; absolute,10,0,182,9,0,15
BEST32|ZERO|SHAM_C0|FE1,0.03125,0.026302083333333337,0.03645914713541666,positive,carrier frequency; absolute,125,0,67,24,0,0
BEST32|ZERO|SHAM_C0|FE2,0.03382161458333333,0.019660644531249997,0.05058756510416665,positive,carrier frequency; absolute,33,0,159,21,0,3
BEST32|ZERO|SHAM_C0|FE3,0.03850911458333334,0.020179850260416667,0.05833414713541666,positive,carrier frequency; absolute,17,0,175,13,0,11
BEST32|ZERO|SHAM_C0|FE4,0.045247395833333336,0.025193684895833336,0.06845865885416666,positive,carrier frequency; absolute,14,0,178,12,0,12
BEST32|ZERO|SHAM_C0|FE5,0.04918619791666667,0.0268505859375,0.07379720052083331,positive,carrier frequency; absolute,12,0,180,10,0,14
BEST32|ZERO|SHAM_C0|FE6,0.04928385416666667,0.026041666666666668,0.07487304687499999,positive,carrier frequency; absolute,12,0,180,10,0,14
BEST32|ZERO|SHAM_C0|FE7,0.05091145833333333,0.025940755208333333,0.07888264973958328,positive,carrier frequency; absolute,12,0,180,10,0,14
BEST32|ZERO|SHAM_C0|FE8,0.05166015625,0.026041666666666668,0.08206380208333335,positive,carrier frequency; absolute,10,0,182,9,0,15
BEST32|ZERO|SHAM_C0|MLOSS,0.3803047180175781,0.37904399553934737,0.3815617338816325,positive,raw mismatch; absolute,192,0,0,24,0,0
BEST32|ZERO|SHAM_C0|U,0.6196952819824219,0.6184382661183675,0.6209560044606527,positive,raw accuracy; absolute,192,0,0,24,0,0
BEST32|ZERO|SHAM_C0|U0,0.7163035074869791,0.6938170115152995,0.7402376810709635,positive,raw accuracy; absolute,192,0,0,24,0,0
BEST32|ZERO|SHAM_C0|U1,0.7331339518229166,0.7140061696370443,0.7535858154296875,positive,raw accuracy; absolute,192,0,0,24,0,0
BEST32|ZERO|SHAM_C0|U40,0.61187744140625,0.6068621317545573,0.6166898091634115,positive,raw accuracy; absolute,192,0,0,24,0,0
BEST32|ZERO|SHAM_C1|D40,-0.03125,-0.03125,-0.03125,negative,carrier frequency change; absolute,0,192,0,0,24,0
BEST32|ZERO|SHAM_C1|E1,0.6530507405598959,0.6451323445638021,0.6617254892985025,positive,raw accuracy; absolute,192,0,0,24,0,0
BEST32|ZERO|SHAM_C1|E2,0.6142232259114583,0.611762212117513,0.6166580963134765,positive,raw accuracy; absolute,192,0,0,24,0,0
BEST32|ZERO|SHAM_C1|E3,0.6146809895833333,0.612733891805013,0.6165863291422525,positive,raw accuracy; absolute,192,0,0,24,0,0
BEST32|ZERO|SHAM_C1|E4,0.6137227376302083,0.6112446594238281,0.6163433583577473,positive,raw accuracy; absolute,192,0,0,24,0,0
BEST32|ZERO|SHAM_C1|E5,0.6164276123046876,0.6133951568603516,0.6197724914550782,positive,raw accuracy; absolute,192,0,0,24,0,0
BEST32|ZERO|SHAM_C1|E6,0.6157440185546875,0.61343505859375,0.6181835174560547,positive,raw accuracy; absolute,192,0,0,24,0,0
BEST32|ZERO|SHAM_C1|E7,0.6141021728515624,0.6109462229410807,0.6172963714599609,positive,raw accuracy; absolute,192,0,0,24,0,0
BEST32|ZERO|SHAM_C1|E8,0.614630126953125,0.611939442952474,0.6174760182698568,positive,raw accuracy; absolute,192,0,0,24,0,0
BEST32|ZERO|SHAM_C1|F,3.255208333333333e-05,8.138020833333333e-06,6.103515625e-05,positive,carrier frequency; absolute,8,0,184,6,0,18
BEST32|ZERO|SHAM_C1|F0,0.03125,0.03125,0.03125,positive,carrier frequency; absolute,192,0,0,24,0,0
BEST32|ZERO|SHAM_C1|F1,0.0013020833333333333,0.0003255208333333333,0.00244140625,positive,carrier frequency; absolute,8,0,184,6,0,18
BEST32|ZERO|SHAM_C1|F40,0.0,0.0,0.0,observed_exact_zero,sampled equality; not a design guarantee,0,0,192,0,0,24
BEST32|ZERO|SHAM_C1|FE1,0.00026041666666666666,6.510416666666667e-05,0.00048828125,positive,carrier frequency; absolute,8,0,184,6,0,18
BEST32|ZERO|SHAM_C1|FE2,0.0,0.0,0.0,observed_exact_zero,sampled equality; not a design guarantee,0,0,192,0,0,24
BEST32|ZERO|SHAM_C1|FE3,0.0,0.0,0.0,observed_exact_zero,sampled equality; not a design guarantee,0,0,192,0,0,24
BEST32|ZERO|SHAM_C1|FE4,0.0,0.0,0.0,observed_exact_zero,sampled equality; not a design guarantee,0,0,192,0,0,24
BEST32|ZERO|SHAM_C1|FE5,0.0,0.0,0.0,observed_exact_zero,sampled equality; not a design guarantee,0,0,192,0,0,24
BEST32|ZERO|SHAM_C1|FE6,0.0,0.0,0.0,observed_exact_zero,sampled equality; not a design guarantee,0,0,192,0,0,24
BEST32|ZERO|SHAM_C1|FE7,0.0,0.0,0.0,observed_exact_zero,sampled equality; not a design guarantee,0,0,192,0,0,24
BEST32|ZERO|SHAM_C1|FE8,0.0,0.0,0.0,observed_exact_zero,sampled equality; not a design guarantee,0,0,192,0,0,24
BEST32|ZERO|SHAM_C1|MLOSS,0.3804272969563802,0.3789891306559245,0.3817663065592448,positive,raw mismatch; absolute,192,0,0,24,0,0
BEST32|ZERO|SHAM_C1|U,0.6195727030436199,0.6182336934407553,0.6210108693440755,positive,raw accuracy; absolute,192,0,0,24,0,0
BEST32|ZERO|SHAM_C1|U0,0.7163035074869791,0.6938170115152995,0.7402376810709635,positive,raw accuracy; absolute,192,0,0,24,0,0
BEST32|ZERO|SHAM_C1|U1,0.7330780029296875,0.7139205932617188,0.7535603841145834,positive,raw accuracy; absolute,192,0,0,24,0,0
BEST32|ZERO|SHAM_C1|U40,0.6139322916666666,0.6087950388590495,0.6190748850504557,positive,raw accuracy; absolute,192,0,0,24,0,0
RACE32_MINUS_BEST32|FULL|ACTIVE_C0-NOVEL_C0|D40,-0.11344401041666667,-0.18376464843749998,-0.03856201171875007,negative,carrier frequency change; RACE32-minus-BEST32 total policy contrast,28,50,114,3,18,3
RACE32_MINUS_BEST32|FULL|ACTIVE_C0-NOVEL_C0|E1,-1.3224283854200899e-05,-0.00024009704589850986,0.00021870930989581112,unresolved,raw accuracy; RACE32-minus-BEST32 total policy contrast,58,68,66,11,13,0
RACE32_MINUS_BEST32|FULL|ACTIVE_C0-NOVEL_C0|E2,-0.0014892578125000056,-0.002330602010091114,-0.0006846110026041635,negative,raw accuracy; RACE32-minus-BEST32 total policy contrast,60,79,53,6,18,0
RACE32_MINUS_BEST32|FULL|ACTIVE_C0-NOVEL_C0|E3,-0.006491088867187532,-0.008502934773763095,-0.004524714152018286,negative,raw accuracy; RACE32-minus-BEST32 total policy contrast,55,86,51,0,24,0
RACE32_MINUS_BEST32|FULL|ACTIVE_C0-NOVEL_C0|E4,-0.013724772135416669,-0.016981201171874988,-0.010447896321614594,negative,raw accuracy; RACE32-minus-BEST32 total policy contrast,49,93,50,0,24,0
RACE32_MINUS_BEST32|FULL|ACTIVE_C0-NOVEL_C0|E5,-0.01877034505208333,-0.02348541259765621,-0.014571406046549523,negative,raw accuracy; RACE32-minus-BEST32 total policy contrast,50,92,50,1,23,0
RACE32_MINUS_BEST32|FULL|ACTIVE_C0-NOVEL_C0|E6,-0.023198445638020846,-0.029194666544596366,-0.0177538299560547,negative,raw accuracy; RACE32-minus-BEST32 total policy contrast,53,89,50,1,23,0
RACE32_MINUS_BEST32|FULL|ACTIVE_C0-NOVEL_C0|E7,-0.02657165527343751,-0.03387077331542972,-0.019830017089843756,negative,raw accuracy; RACE32-minus-BEST32 total policy contrast,51,91,50,2,22,0
RACE32_MINUS_BEST32|FULL|ACTIVE_C0-NOVEL_C0|E8,-0.030200195312499983,-0.03858996073404946,-0.022588500976562495,negative,raw accuracy; RACE32-minus-BEST32 total policy contrast,53,92,47,2,22,0
RACE32_MINUS_BEST32|FULL|ACTIVE_C0-NOVEL_C0|F,-0.10536295572916667,-0.1512159220377604,-0.05783365885416676,negative,carrier frequency; RACE32-minus-BEST32 total policy contrast,55,92,45,2,22,0
RACE32_MINUS_BEST32|FULL|ACTIVE_C0-NOVEL_C0|F0,0.0,0.0,0.0,structural_zero,design-implied zero,0,0,192,0,0,24
RACE32_MINUS_BEST32|FULL|ACTIVE_C0-NOVEL_C0|F1,0.00146484375,-0.00146484375,0.00439453125,unresolved,carrier frequency; RACE32-minus-BEST32 total policy contrast,49,40,103,11,10,3
RACE32_MINUS_BEST32|FULL|ACTIVE_C0-NOVEL_C0|F40,-0.11344401041666667,-0.18376464843749998,-0.03856201171875007,negative,carrier frequency; RACE32-minus-BEST32 total policy contrast,28,50,114,3,18,3
RACE32_MINUS_BEST32|FULL|ACTIVE_C0-NOVEL_C0|FE1,-0.0036132812499999997,-0.011101074218749998,0.003938802083333334,unresolved,carrier frequency; RACE32-minus-BEST32 total policy contrast,63,83,46,11,13,0
RACE32_MINUS_BEST32|FULL|ACTIVE_C0-NOVEL_C0|FE2,-0.03857421875,-0.06576090494791666,-0.00894938151041668,negative,carrier frequency; RACE32-minus-BEST32 total policy contrast,44,67,81,7,17,0
RACE32_MINUS_BEST32|FULL|ACTIVE_C0-NOVEL_C0|FE3,-0.1254231770833333,-0.17946533203125,-0.07208740234375008,negative,carrier frequency; RACE32-minus-BEST32 total policy contrast,35,65,92,4,20,0
RACE32_MINUS_BEST32|FULL|ACTIVE_C0-NOVEL_C0|FE4,-0.15403645833333332,-0.2047029622395833,-0.10397054036458332,negative,carrier frequency; RACE32-minus-BEST32 total policy contrast,32,63,97,2,22,0
RACE32_MINUS_BEST32|FULL|ACTIVE_C0-NOVEL_C0|FE5,-0.14492187499999998,-0.19890218098958332,-0.09192464192708336,negative,carrier frequency; RACE32-minus-BEST32 total policy contrast,31,64,97,2,22,0
RACE32_MINUS_BEST32|FULL|ACTIVE_C0-NOVEL_C0|FE6,-0.13473307291666667,-0.19423990885416667,-0.07375895182291667,negative,carrier frequency; RACE32-minus-BEST32 total policy contrast,30,57,105,2,21,1
RACE32_MINUS_BEST32|FULL|ACTIVE_C0-NOVEL_C0|FE7,-0.12646484375,-0.19181315104166669,-0.05688883463541674,negative,carrier frequency; RACE32-minus-BEST32 total policy contrast,28,56,108,2,20,2
RACE32_MINUS_BEST32|FULL|ACTIVE_C0-NOVEL_C0|FE8,-0.11513671875000002,-0.18473388671875,-0.0421386718750001,negative,carrier frequency; RACE32-minus-BEST32 total policy contrast,28,52,112,3,19,2
RACE32_MINUS_BEST32|FULL|ACTIVE_C0-NOVEL_C0|MLOSS,0.015057373046874996,0.011538902918497728,0.01896940231323241,positive,raw mismatch; RACE32-minus-BEST32 total policy contrast,88,57,47,22,2,0
RACE32_MINUS_BEST32|FULL|ACTIVE_C0-NOVEL_C0|U,-0.015057373046874961,-0.018969402313232405,-0.011538902918497657,negative,raw accuracy; RACE32-minus-BEST32 total policy contrast,57,88,47,2,22,0
RACE32_MINUS_BEST32|FULL|ACTIVE_C0-NOVEL_C0|U0,0.0,0.0,0.0,structural_zero,design-implied zero,0,0,192,0,0,24
RACE32_MINUS_BEST32|FULL|ACTIVE_C0-NOVEL_C0|U1,5.5948893229166664e-05,-2.5431315104166668e-05,0.00014241536458333334,unresolved,raw accuracy; RACE32-minus-BEST32 total policy contrast,11,8,173,7,4,13
RACE32_MINUS_BEST32|FULL|ACTIVE_C0-NOVEL_C0|U40,-0.032511393229166664,-0.04207407633463542,-0.023340225219726566,negative,raw accuracy; RACE32-minus-BEST32 total policy contrast,46,95,51,1,23,0
RACE32_MINUS_BEST32|FULL|ACTIVE_C0-SHAM_C0|D40,-0.12646484375,-0.196142578125,-0.057450358072916693,negative,carrier frequency change; RACE32-minus-BEST32 total policy contrast,30,59,103,4,19,1
RACE32_MINUS_BEST32|FULL|ACTIVE_C0-SHAM_C0|E1,-4.8828125000043486e-05,-0.0001973724365235078,0.00010075887044267597,unresolved,raw accuracy; RACE32-minus-BEST32 total policy contrast,36,46,110,10,14,0
RACE32_MINUS_BEST32|FULL|ACTIVE_C0-SHAM_C0|E2,-0.001476033528645851,-0.0022401173909505517,-0.0007086690266927174,negative,raw accuracy; RACE32-minus-BEST32 total policy contrast,40,67,85,5,19,0
RACE32_MINUS_BEST32|FULL|ACTIVE_C0-SHAM_C0|E3,-0.0067260742187499984,-0.00895792643229166,-0.004571507771809891,negative,raw accuracy; RACE32-minus-BEST32 total policy contrast,40,77,75,2,22,0
RACE32_MINUS_BEST32|FULL|ACTIVE_C0-SHAM_C0|E4,-0.013747151692708329,-0.017237930297851537,-0.010374933878580727,negative,raw accuracy; RACE32-minus-BEST32 total policy contrast,37,81,74,0,24,0
RACE32_MINUS_BEST32|FULL|ACTIVE_C0-SHAM_C0|E5,-0.018422444661458332,-0.02325963338216144,-0.014117406209309895,negative,raw accuracy; RACE32-minus-BEST32 total policy contrast,35,83,74,0,24,0
RACE32_MINUS_BEST32|FULL|ACTIVE_C0-SHAM_C0|E6,-0.023732503255208315,-0.029503555297851553,-0.018473892211914058,negative,raw accuracy; RACE32-minus-BEST32 total policy contrast,39,80,73,1,23,0
RACE32_MINUS_BEST32|FULL|ACTIVE_C0-SHAM_C0|E7,-0.026934814453125015,-0.0341741180419922,-0.02014762878417971,negative,raw accuracy; RACE32-minus-BEST32 total policy contrast,38,80,74,2,22,0
RACE32_MINUS_BEST32|FULL|ACTIVE_C0-SHAM_C0|E8,-0.030329386393229147,-0.038735046386718756,-0.022739435831705755,negative,raw accuracy; RACE32-minus-BEST32 total policy contrast,41,78,73,2,22,0
RACE32_MINUS_BEST32|FULL|ACTIVE_C0-SHAM_C0|F,-0.11241048177083335,-0.15360768636067706,-0.07079254150390625,negative,carrier frequency; RACE32-minus-BEST32 total policy contrast,43,75,74,1,23,0
RACE32_MINUS_BEST32|FULL|ACTIVE_C0-SHAM_C0|F0,0.0,0.0,0.0,structural_zero,design-implied zero,0,0,192,0,0,24
RACE32_MINUS_BEST32|FULL|ACTIVE_C0-SHAM_C0|F1,0.0,0.0,0.0,structural_zero,design-implied zero,0,0,192,0,0,24
RACE32_MINUS_BEST32|FULL|ACTIVE_C0-SHAM_C0|F40,-0.12646484375,-0.196142578125,-0.057450358072916693,negative,carrier frequency; RACE32-minus-BEST32 total policy contrast,30,59,103,4,19,1
RACE32_MINUS_BEST32|FULL|ACTIVE_C0-SHAM_C0|FE1,-0.004166666666666665,-0.009831542968749997,0.0012703450520833307,unresolved,carrier frequency; RACE32-minus-BEST32 total policy contrast,37,48,107,8,16,0
RACE32_MINUS_BEST32|FULL|ACTIVE_C0-SHAM_C0|FE2,-0.04342447916666667,-0.06723307291666668,-0.018131510416666673,negative,carrier frequency; RACE32-minus-BEST32 total policy contrast,42,62,88,6,18,0
RACE32_MINUS_BEST32|FULL|ACTIVE_C0-SHAM_C0|FE3,-0.12626953125000004,-0.17601481119791665,-0.0768473307291667,negative,carrier frequency; RACE32-minus-BEST32 total policy contrast,35,65,92,4,20,0
RACE32_MINUS_BEST32|FULL|ACTIVE_C0-SHAM_C0|FE4,-0.1548502604166667,-0.19912516276041667,-0.11220540364583334,negative,carrier frequency; RACE32-minus-BEST32 total policy contrast,31,66,95,1,23,0
RACE32_MINUS_BEST32|FULL|ACTIVE_C0-SHAM_C0|FE5,-0.15283203125,-0.1998063151041667,-0.10706217447916669,negative,carrier frequency; RACE32-minus-BEST32 total policy contrast,29,68,95,1,23,0
RACE32_MINUS_BEST32|FULL|ACTIVE_C0-SHAM_C0|FE6,-0.14830729166666665,-0.20524495442708332,-0.09197591145833339,negative,carrier frequency; RACE32-minus-BEST32 total policy contrast,31,63,98,1,23,0
RACE32_MINUS_BEST32|FULL|ACTIVE_C0-SHAM_C0|FE7,-0.14013671875,-0.20338948567708334,-0.07541910807291669,negative,carrier frequency; RACE32-minus-BEST32 total policy contrast,30,63,99,2,21,1
RACE32_MINUS_BEST32|FULL|ACTIVE_C0-SHAM_C0|FE8,-0.129296875,-0.19668050130208334,-0.06148356119791672,negative,carrier frequency; RACE32-minus-BEST32 total policy contrast,30,61,101,4,19,1
RACE32_MINUS_BEST32|FULL|ACTIVE_C0-SHAM_C0|MLOSS,0.01517715454101562,0.011643794377644864,0.019144468307495124,positive,raw mismatch; RACE32-minus-BEST32 total policy contrast,79,40,73,22,2,0
RACE32_MINUS_BEST32|FULL|ACTIVE_C0-SHAM_C0|U,-0.015177154541015606,-0.01914446830749509,-0.011643794377644812,negative,raw accuracy; RACE32-minus-BEST32 total policy contrast,40,79,73,2,22,0
RACE32_MINUS_BEST32|FULL|ACTIVE_C0-SHAM_C0|U0,0.0,0.0,0.0,structural_zero,design-implied zero,0,0,192,0,0,24
RACE32_MINUS_BEST32|FULL|ACTIVE_C0-SHAM_C0|U1,0.0,0.0,0.0,structural_zero,design-implied zero,0,0,192,0,0,24
RACE32_MINUS_BEST32|FULL|ACTIVE_C0-SHAM_C0|U40,-0.032475789388020836,-0.04172808329264323,-0.023793538411458332,negative,raw accuracy; RACE32-minus-BEST32 total policy contrast,40,78,74,1,23,0
RACE32_MINUS_BEST32|FULL|ACTIVE_C1-NOVEL_C1|D40,-0.005208333333333333,-0.015625,0.0,unresolved,carrier frequency change; RACE32-minus-BEST32 total policy contrast,0,1,191,0,1,23
RACE32_MINUS_BEST32|FULL|ACTIVE_C1-NOVEL_C1|E1,6.510416666667222e-05,-0.00011604309082033926,0.00023295084635414158,unresolved,raw accuracy; RACE32-minus-BEST32 total policy contrast,32,23,137,15,9,0
RACE32_MINUS_BEST32|FULL|ACTIVE_C1-NOVEL_C1|E2,-6.001790364582038e-05,-0.0005412546793619903,0.0003855641682942679,unresolved,raw accuracy; RACE32-minus-BEST32 total policy contrast,35,21,136,12,12,0
RACE32_MINUS_BEST32|FULL|ACTIVE_C1-NOVEL_C1|E3,-0.0004048665364583398,-0.0014416758219401207,0.0003530120849609268,unresolved,raw accuracy; RACE32-minus-BEST32 total policy contrast,29,27,136,12,12,0
RACE32_MINUS_BEST32|FULL|ACTIVE_C1-NOVEL_C1|E4,-0.0006591796874999972,-0.0017426300048828005,0.0001068369547526084,unresolved,raw accuracy; RACE32-minus-BEST32 total policy contrast,28,29,135,10,14,0
RACE32_MINUS_BEST32|FULL|ACTIVE_C1-NOVEL_C1|E5,-0.000805664062500012,-0.0024201965332031356,0.00030113220214841375,unresolved,raw accuracy; RACE32-minus-BEST32 total policy contrast,25,31,136,11,13,0
RACE32_MINUS_BEST32|FULL|ACTIVE_C1-NOVEL_C1|E6,-0.0010528564453125046,-0.0028140258789062533,4.679361979163845e-05,unresolved,raw accuracy; RACE32-minus-BEST32 total policy contrast,27,27,138,8,16,0
RACE32_MINUS_BEST32|FULL|ACTIVE_C1-NOVEL_C1|E7,-0.0009348551432291491,-0.002998123168945297,0.00031331380208333103,unresolved,raw accuracy; RACE32-minus-BEST32 total policy contrast,29,27,136,12,11,1
RACE32_MINUS_BEST32|FULL|ACTIVE_C1-NOVEL_C1|E8,-0.0012797037760416592,-0.00361432393391925,0.00015678405761716956,unresolved,raw accuracy; RACE32-minus-BEST32 total policy contrast,26,30,136,10,14,0
RACE32_MINUS_BEST32|FULL|ACTIVE_C1-NOVEL_C1|F,-0.003247070312500001,-0.011706644694010419,0.00133056640625,unresolved,carrier frequency; RACE32-minus-BEST32 total policy contrast,47,5,140,21,2,1
RACE32_MINUS_BEST32|FULL|ACTIVE_C1-NOVEL_C1|F0,0.0,0.0,0.0,structural_zero,design-implied zero,0,0,192,0,0,24
RACE32_MINUS_BEST32|FULL|ACTIVE_C1-NOVEL_C1|F1,0.005045572916666667,0.0032552083333333335,0.006673177083333333,positive,carrier frequency; RACE32-minus-BEST32 total policy contrast,34,3,155,18,1,5
RACE32_MINUS_BEST32|FULL|ACTIVE_C1-NOVEL_C1|F40,-0.005208333333333333,-0.015625,0.0,unresolved,carrier frequency; RACE32-minus-BEST32 total policy contrast,0,1,191,0,1,23
RACE32_MINUS_BEST32|FULL|ACTIVE_C1-NOVEL_C1|FE1,0.0052734374999999995,0.0029622395833333337,0.008073730468749997,positive,carrier frequency; RACE32-minus-BEST32 total policy contrast,47,5,140,21,2,1
RACE32_MINUS_BEST32|FULL|ACTIVE_C1-NOVEL_C1|FE2,-0.001139322916666666,-0.007032063802083333,0.0028971354166666663,unresolved,carrier frequency; RACE32-minus-BEST32 total policy contrast,10,1,181,8,1,15
RACE32_MINUS_BEST32|FULL|ACTIVE_C1-NOVEL_C1|FE3,-0.004329427083333333,-0.013313802083333333,0.0003255208333333333,unresolved,carrier frequency; RACE32-minus-BEST32 total policy contrast,3,1,188,2,1,21
RACE32_MINUS_BEST32|FULL|ACTIVE_C1-NOVEL_C1|FE4,-0.005045572916666667,-0.01513671875,0.0,unresolved,carrier frequency; RACE32-minus-BEST32 total policy contrast,1,1,190,0,1,23
RACE32_MINUS_BEST32|FULL|ACTIVE_C1-NOVEL_C1|FE5,-0.005110677083333333,-0.015332031249999998,0.0,unresolved,carrier frequency; RACE32-minus-BEST32 total policy contrast,1,1,190,0,1,23
RACE32_MINUS_BEST32|FULL|ACTIVE_C1-NOVEL_C1|FE6,-0.005208333333333333,-0.015625,0.0,unresolved,carrier frequency; RACE32-minus-BEST32 total policy contrast,0,1,191,0,1,23
RACE32_MINUS_BEST32|FULL|ACTIVE_C1-NOVEL_C1|FE7,-0.005208333333333333,-0.015625,0.0,unresolved,carrier frequency; RACE32-minus-BEST32 total policy contrast,0,1,191,0,1,23
RACE32_MINUS_BEST32|FULL|ACTIVE_C1-NOVEL_C1|FE8,-0.005208333333333333,-0.015625,0.0,unresolved,carrier frequency; RACE32-minus-BEST32 total policy contrast,0,1,191,0,1,23
RACE32_MINUS_BEST32|FULL|ACTIVE_C1-NOVEL_C1|MLOSS,0.0006415049235025984,-8.966128031413678e-05,0.0019242922465006476,unresolved,raw mismatch; RACE32-minus-BEST32 total policy contrast,30,27,135,12,12,0
RACE32_MINUS_BEST32|FULL|ACTIVE_C1-NOVEL_C1|U,-0.0006415049235026135,-0.0019242922465006727,8.966128031409941e-05,unresolved,raw accuracy; RACE32-minus-BEST32 total policy contrast,27,30,135,12,12,0
RACE32_MINUS_BEST32|FULL|ACTIVE_C1-NOVEL_C1|U0,0.0,0.0,0.0,structural_zero,design-implied zero,0,0,192,0,0,24
RACE32_MINUS_BEST32|FULL|ACTIVE_C1-NOVEL_C1|U1,1.0172526041666666e-05,-4.57763671875e-05,7.120768229166667e-05,unresolved,raw accuracy; RACE32-minus-BEST32 total policy contrast,4,6,182,4,5,15
RACE32_MINUS_BEST32|FULL|ACTIVE_C1-NOVEL_C1|U40,-0.00201416015625,-0.004877726236979167,0.0004531860351562472,unresolved,raw accuracy; RACE32-minus-BEST32 total policy contrast,23,32,137,10,14,0
RACE32_MINUS_BEST32|FULL|ACTIVE_C1-SHAM_C1|D40,-0.005208333333333333,-0.015625,0.0,unresolved,carrier frequency change; RACE32-minus-BEST32 total policy contrast,0,1,191,0,1,23
RACE32_MINUS_BEST32|FULL|ACTIVE_C1-SHAM_C1|E1,-4.069010416662966e-06,-7.324218749999828e-05,5.696614583333252e-05,unresolved,raw accuracy; RACE32-minus-BEST32 total policy contrast,12,7,173,10,3,11
RACE32_MINUS_BEST32|FULL|ACTIVE_C1-SHAM_C1|E2,-0.0003031412760416685,-0.0008087412516275996,5.900065104166389e-05,unresolved,raw accuracy; RACE32-minus-BEST32 total policy contrast,6,11,175,5,7,12
RACE32_MINUS_BEST32|FULL|ACTIVE_C1-SHAM_C1|E3,-0.0003916422526041667,-0.0013714090983072843,0.00027168273925781466,unresolved,raw accuracy; RACE32-minus-BEST32 total policy contrast,11,7,174,6,7,11
RACE32_MINUS_BEST32|FULL|ACTIVE_C1-SHAM_C1|E4,-0.0008900960286458334,-0.002059987386067718,-0.000169881184895836,negative,raw accuracy; RACE32-minus-BEST32 total policy contrast,3,15,174,2,11,11
RACE32_MINUS_BEST32|FULL|ACTIVE_C1-SHAM_C1|E5,-0.0005950927734375185,-0.00215454101562502,0.00028279622395830777,unresolved,raw accuracy; RACE32-minus-BEST32 total policy contrast,10,8,174,8,5,11
RACE32_MINUS_BEST32|FULL|ACTIVE_C1-SHAM_C1|E6,-0.0011230468749999962,-0.0028432973225911463,-0.00017700195312500544,negative,raw accuracy; RACE32-minus-BEST32 total policy contrast,2,16,174,0,13,11
RACE32_MINUS_BEST32|FULL|ACTIVE_C1-SHAM_C1|E7,-0.0007141113281249981,-0.002852503458658864,0.00049949645996095,unresolved,raw accuracy; RACE32-minus-BEST32 total policy contrast,12,6,174,10,3,11
RACE32_MINUS_BEST32|FULL|ACTIVE_C1-SHAM_C1|E8,-0.0012288411458333353,-0.0034932708740234297,4.679361979166111e-05,unresolved,raw accuracy; RACE32-minus-BEST32 total policy contrast,6,12,174,5,8,11
RACE32_MINUS_BEST32|FULL|ACTIVE_C1-SHAM_C1|F,-0.00391845703125,-0.012353515625,0.00047617594401041597,unresolved,carrier frequency; RACE32-minus-BEST32 total policy contrast,11,4,177,8,4,12
RACE32_MINUS_BEST32|FULL|ACTIVE_C1-SHAM_C1|F0,0.0,0.0,0.0,structural_zero,design-implied zero,0,0,192,0,0,24
RACE32_MINUS_BEST32|FULL|ACTIVE_C1-SHAM_C1|F1,0.0,0.0,0.0,structural_zero,design-implied zero,0,0,192,0,0,24
RACE32_MINUS_BEST32|FULL|ACTIVE_C1-SHAM_C1|F40,-0.005208333333333333,-0.015625,0.0,unresolved,carrier frequency; RACE32-minus-BEST32 total policy contrast,0,1,191,0,1,23
RACE32_MINUS_BEST32|FULL|ACTIVE_C1-SHAM_C1|FE1,0.00042317708333333297,-0.0008138020833333334,0.0016927083333333325,unresolved,carrier frequency; RACE32-minus-BEST32 total policy contrast,10,4,178,7,4,13
RACE32_MINUS_BEST32|FULL|ACTIVE_C1-SHAM_C1|FE2,-0.0015624999999999997,-0.007324218749999999,0.002213541666666667,unresolved,carrier frequency; RACE32-minus-BEST32 total policy contrast,7,1,184,5,1,18
RACE32_MINUS_BEST32|FULL|ACTIVE_C1-SHAM_C1|FE3,-0.004427083333333333,-0.013378906249999998,9.765625000000002e-05,unresolved,carrier frequency; RACE32-minus-BEST32 total policy contrast,2,1,189,1,1,22
RACE32_MINUS_BEST32|FULL|ACTIVE_C1-SHAM_C1|FE4,-0.005045572916666667,-0.01513671875,0.0,unresolved,carrier frequency; RACE32-minus-BEST32 total policy contrast,1,1,190,0,1,23
RACE32_MINUS_BEST32|FULL|ACTIVE_C1-SHAM_C1|FE5,-0.005110677083333333,-0.015332031249999998,0.0,unresolved,carrier frequency; RACE32-minus-BEST32 total policy contrast,1,1,190,0,1,23
RACE32_MINUS_BEST32|FULL|ACTIVE_C1-SHAM_C1|FE6,-0.005208333333333333,-0.015625,0.0,unresolved,carrier frequency; RACE32-minus-BEST32 total policy contrast,0,1,191,0,1,23
RACE32_MINUS_BEST32|FULL|ACTIVE_C1-SHAM_C1|FE7,-0.005208333333333333,-0.015625,0.0,unresolved,carrier frequency; RACE32-minus-BEST32 total policy contrast,0,1,191,0,1,23
RACE32_MINUS_BEST32|FULL|ACTIVE_C1-SHAM_C1|FE8,-0.005208333333333333,-0.015625,0.0,unresolved,carrier frequency; RACE32-minus-BEST32 total policy contrast,0,1,191,0,1,23
RACE32_MINUS_BEST32|FULL|ACTIVE_C1-SHAM_C1|MLOSS,0.0006562550862630202,-3.496805826823154e-05,0.0019485727945963538,unresolved,raw mismatch; RACE32-minus-BEST32 total policy contrast,11,7,174,8,4,12
RACE32_MINUS_BEST32|FULL|ACTIVE_C1-SHAM_C1|U,-0.0006562550862630143,-0.0019485727945963468,3.4968058268229395e-05,unresolved,raw accuracy; RACE32-minus-BEST32 total policy contrast,7,11,174,4,8,12
RACE32_MINUS_BEST32|FULL|ACTIVE_C1-SHAM_C1|U0,0.0,0.0,0.0,structural_zero,design-implied zero,0,0,192,0,0,24
RACE32_MINUS_BEST32|FULL|ACTIVE_C1-SHAM_C1|U1,0.0,0.0,0.0,structural_zero,design-implied zero,0,0,192,0,0,24
RACE32_MINUS_BEST32|FULL|ACTIVE_C1-SHAM_C1|U40,-0.0022176106770833335,-0.004568227132161458,-0.0004779815673828132,negative,raw accuracy; RACE32-minus-BEST32 total policy contrast,5,13,174,2,11,11
RACE32_MINUS_BEST32|HALF|ACTIVE_C0-NOVEL_C0|D40,0.034993489583333336,-0.037109375,0.11312255859374998,unresolved,carrier frequency change; RACE32-minus-BEST32 total policy contrast,28,21,143,9,7,8
RACE32_MINUS_BEST32|HALF|ACTIVE_C0-NOVEL_C0|E1,-0.0006093343098958435,-0.0011424763997396347,-1.419067382810416e-05,negative,raw accuracy; RACE32-minus-BEST32 total policy contrast,57,80,55,6,18,0
RACE32_MINUS_BEST32|HALF|ACTIVE_C0-NOVEL_C0|E2,-0.0008829752604166685,-0.0022910563151042063,0.000415191650390612,unresolved,raw accuracy; RACE32-minus-BEST32 total policy contrast,68,78,46,11,13,0
RACE32_MINUS_BEST32|HALF|ACTIVE_C0-NOVEL_C0|E3,-0.00170288085937501,-0.005035476684570336,0.0016564178466797427,unresolved,raw accuracy; RACE32-minus-BEST32 total policy contrast,77,69,46,10,14,0
RACE32_MINUS_BEST32|HALF|ACTIVE_C0-NOVEL_C0|E4,0.0008178710937499686,-0.0022814941406250075,0.004081776936848921,unresolved,raw accuracy; RACE32-minus-BEST32 total policy contrast,74,72,46,12,12,0
RACE32_MINUS_BEST32|HALF|ACTIVE_C0-NOVEL_C0|E5,0.0024017333984374806,-0.0019496663411458649,0.006390787760416622,unresolved,raw accuracy; RACE32-minus-BEST32 total policy contrast,76,69,47,14,10,0
RACE32_MINUS_BEST32|HALF|ACTIVE_C0-NOVEL_C0|E6,0.00034891764322915464,-0.003341751098632845,0.00403956095377604,unresolved,raw accuracy; RACE32-minus-BEST32 total policy contrast,77,69,46,11,13,0
RACE32_MINUS_BEST32|HALF|ACTIVE_C0-NOVEL_C0|E7,-0.0023488362630208295,-0.005682652791341163,0.0011190032958984198,unresolved,raw accuracy; RACE32-minus-BEST32 total policy contrast,57,89,46,9,15,0
RACE32_MINUS_BEST32|HALF|ACTIVE_C0-NOVEL_C0|E8,0.0005513509114583084,-0.0023844655354817996,0.0036512502034505103,unresolved,raw accuracy; RACE32-minus-BEST32 total policy contrast,72,74,46,11,13,0
RACE32_MINUS_BEST32|HALF|ACTIVE_C0-NOVEL_C0|F,0.021069335937499992,-0.02996785481770834,0.07643788655598958,unresolved,carrier frequency; RACE32-minus-BEST32 total policy contrast,73,74,45,12,12,0
RACE32_MINUS_BEST32|HALF|ACTIVE_C0-NOVEL_C0|F0,0.0,0.0,0.0,structural_zero,design-implied zero,0,0,192,0,0,24
RACE32_MINUS_BEST32|HALF|ACTIVE_C0-NOVEL_C0|F1,0.00146484375,-0.00146484375,0.00439453125,unresolved,carrier frequency; RACE32-minus-BEST32 total policy contrast,49,40,103,11,10,3
RACE32_MINUS_BEST32|HALF|ACTIVE_C0-NOVEL_C0|F40,0.034993489583333336,-0.037109375,0.11312255859374998,unresolved,carrier frequency; RACE32-minus-BEST32 total policy contrast,28,21,143,9,7,8
RACE32_MINUS_BEST32|HALF|ACTIVE_C0-NOVEL_C0|FE1,-0.000781249999999999,-0.008692220052083333,0.007779947916666666,unresolved,carrier frequency; RACE32-minus-BEST32 total policy contrast,65,80,47,10,14,0
RACE32_MINUS_BEST32|HALF|ACTIVE_C0-NOVEL_C0|FE2,-0.005761718749999998,-0.028225097656250007,0.017220865885416665,unresolved,carrier frequency; RACE32-minus-BEST32 total policy contrast,56,50,86,10,14,0
RACE32_MINUS_BEST32|HALF|ACTIVE_C0-NOVEL_C0|FE3,0.012662760416666663,-0.03204020182291667,0.06175374348958331,unresolved,carrier frequency; RACE32-minus-BEST32 total policy contrast,45,30,117,13,10,1
RACE32_MINUS_BEST32|HALF|ACTIVE_C0-NOVEL_C0|FE4,0.030696614583333334,-0.0363330078125,0.10131673177083327,unresolved,carrier frequency; RACE32-minus-BEST32 total policy contrast,34,27,131,11,11,2
RACE32_MINUS_BEST32|HALF|ACTIVE_C0-NOVEL_C0|FE5,0.030696614583333337,-0.03899820963541666,0.10466796874999994,unresolved,carrier frequency; RACE32-minus-BEST32 total policy contrast,32,23,137,11,10,3
RACE32_MINUS_BEST32|HALF|ACTIVE_C0-NOVEL_C0|FE6,0.029069010416666666,-0.04138427734375,0.10553629557291666,unresolved,carrier frequency; RACE32-minus-BEST32 total policy contrast,29,23,140,10,9,5
RACE32_MINUS_BEST32|HALF|ACTIVE_C0-NOVEL_C0|FE7,0.034765625,-0.03685546875,0.11186686197916658,unresolved,carrier frequency; RACE32-minus-BEST32 total policy contrast,29,22,141,9,9,6
RACE32_MINUS_BEST32|HALF|ACTIVE_C0-NOVEL_C0|FE8,0.03720703125,-0.035125325520833334,0.11435709635416667,unresolved,carrier frequency; RACE32-minus-BEST32 total policy contrast,29,22,141,9,8,7
RACE32_MINUS_BEST32|HALF|ACTIVE_C0-NOVEL_C0|MLOSS,0.00017801920572915741,-0.0012757174173990873,0.0015972010294596412,unresolved,raw mismatch; RACE32-minus-BEST32 total policy contrast,80,67,45,12,12,0
RACE32_MINUS_BEST32|HALF|ACTIVE_C0-NOVEL_C0|U,-0.00017801920572918054,-0.0015972010294596666,0.0012757174173990474,unresolved,raw accuracy; RACE32-minus-BEST32 total policy contrast,67,80,45,12,12,0
RACE32_MINUS_BEST32|HALF|ACTIVE_C0-NOVEL_C0|U0,0.0,0.0,0.0,structural_zero,design-implied zero,0,0,192,0,0,24
RACE32_MINUS_BEST32|HALF|ACTIVE_C0-NOVEL_C0|U1,5.5948893229166664e-05,-2.5431315104166668e-05,0.00014241536458333334,unresolved,raw accuracy; RACE32-minus-BEST32 total policy contrast,11,8,173,7,4,13
RACE32_MINUS_BEST32|HALF|ACTIVE_C0-NOVEL_C0|U40,0.0035247802734375,-0.00216827392578125,0.009181340535481766,unresolved,raw accuracy; RACE32-minus-BEST32 total policy contrast,79,65,48,13,11,0
RACE32_MINUS_BEST32|HALF|ACTIVE_C0-SHAM_C0|D40,0.027180989583333332,-0.0483642578125,0.10745035807291652,unresolved,carrier frequency change; RACE32-minus-BEST32 total policy contrast,24,19,149,7,8,9
RACE32_MINUS_BEST32|HALF|ACTIVE_C0-SHAM_C0|E1,-0.00036519368489584353,-0.0005544026692708246,-0.00017491658528647058,negative,raw accuracy; RACE32-minus-BEST32 total policy contrast,34,59,99,5,19,0
RACE32_MINUS_BEST32|HALF|ACTIVE_C0-SHAM_C0|E2,-0.00043741861979169444,-0.001598358154296906,0.0006480662027994593,unresolved,raw accuracy; RACE32-minus-BEST32 total policy contrast,58,54,80,11,13,0
RACE32_MINUS_BEST32|HALF|ACTIVE_C0-SHAM_C0|E3,-0.0014282226562499594,-0.0037335459391275683,0.0006574503580729518,unresolved,raw accuracy; RACE32-minus-BEST32 total policy contrast,49,63,80,12,12,0
RACE32_MINUS_BEST32|HALF|ACTIVE_C0-SHAM_C0|E4,-0.0014607747395833602,-0.00407513936360682,0.0012407430013020347,unresolved,raw accuracy; RACE32-minus-BEST32 total policy contrast,49,63,80,8,16,0
RACE32_MINUS_BEST32|HALF|ACTIVE_C0-SHAM_C0|E5,0.0034027099609374675,-6.635030110678079e-05,0.006629867553710914,unresolved,raw accuracy; RACE32-minus-BEST32 total policy contrast,69,43,80,17,7,0
RACE32_MINUS_BEST32|HALF|ACTIVE_C0-SHAM_C0|E6,0.00034586588541664814,-0.0027822621663411463,0.003520787556966144,unresolved,raw accuracy; RACE32-minus-BEST32 total policy contrast,56,56,80,13,11,0
RACE32_MINUS_BEST32|HALF|ACTIVE_C0-SHAM_C0|E7,-0.0023356119791666705,-0.004539057413736978,-0.00019915262858075225,negative,raw accuracy; RACE32-minus-BEST32 total policy contrast,51,61,80,9,15,0
RACE32_MINUS_BEST32|HALF|ACTIVE_C0-SHAM_C0|E8,-0.00029195149739586385,-0.002663269042968798,0.0022587839762369354,unresolved,raw accuracy; RACE32-minus-BEST32 total policy contrast,51,61,80,10,14,0
RACE32_MINUS_BEST32|HALF|ACTIVE_C0-SHAM_C0|F,0.0134033203125,-0.040101928710937505,0.07105926513671874,unresolved,carrier frequency; RACE32-minus-BEST32 total policy contrast,51,60,81,11,13,0
RACE32_MINUS_BEST32|HALF|ACTIVE_C0-SHAM_C0|F0,0.0,0.0,0.0,structural_zero,design-implied zero,0,0,192,0,0,24
RACE32_MINUS_BEST32|HALF|ACTIVE_C0-SHAM_C0|F1,0.0,0.0,0.0,structural_zero,design-implied zero,0,0,192,0,0,24
RACE32_MINUS_BEST32|HALF|ACTIVE_C0-SHAM_C0|F40,0.027180989583333332,-0.0483642578125,0.10745035807291652,unresolved,carrier frequency; RACE32-minus-BEST32 total policy contrast,24,19,149,7,8,9
RACE32_MINUS_BEST32|HALF|ACTIVE_C0-SHAM_C0|FE1,-0.002669270833333333,-0.006642252604166667,0.0012044270833333314,unresolved,carrier frequency; RACE32-minus-BEST32 total policy contrast,44,53,95,7,16,1
RACE32_MINUS_BEST32|HALF|ACTIVE_C0-SHAM_C0|FE2,-0.011035156249999997,-0.028810221354166665,0.005209960937499992,unresolved,carrier frequency; RACE32-minus-BEST32 total policy contrast,45,56,91,9,15,0
RACE32_MINUS_BEST32|HALF|ACTIVE_C0-SHAM_C0|FE3,0.00013020833333333057,-0.046560058593749995,0.046289876302083324,unresolved,carrier frequency; RACE32-minus-BEST32 total policy contrast,37,36,119,11,12,1
RACE32_MINUS_BEST32|HALF|ACTIVE_C0-SHAM_C0|FE4,0.017773437500000006,-0.054597167968750006,0.0938850911458333,unresolved,carrier frequency; RACE32-minus-BEST32 total policy contrast,32,26,134,11,10,3
RACE32_MINUS_BEST32|HALF|ACTIVE_C0-SHAM_C0|FE5,0.023697916666666662,-0.049716796875,0.10222249348958329,unresolved,carrier frequency; RACE32-minus-BEST32 total policy contrast,28,21,143,10,10,4
RACE32_MINUS_BEST32|HALF|ACTIVE_C0-SHAM_C0|FE6,0.021093749999999994,-0.05392171223958334,0.10190185546874991,unresolved,carrier frequency; RACE32-minus-BEST32 total policy contrast,24,22,146,8,10,6
RACE32_MINUS_BEST32|HALF|ACTIVE_C0-SHAM_C0|FE7,0.029069010416666666,-0.04765706380208332,0.10880126953124993,unresolved,carrier frequency; RACE32-minus-BEST32 total policy contrast,25,19,148,7,9,8
RACE32_MINUS_BEST32|HALF|ACTIVE_C0-SHAM_C0|FE8,0.02916666666666667,-0.04533772786458333,0.10959635416666652,unresolved,carrier frequency; RACE32-minus-BEST32 total policy contrast,25,19,148,7,8,9
RACE32_MINUS_BEST32|HALF|ACTIVE_C0-SHAM_C0|MLOSS,0.0003213246663411375,-0.000891164143880196,0.0015537865956624112,unresolved,raw mismatch; RACE32-minus-BEST32 total policy contrast,62,51,79,13,11,0
RACE32_MINUS_BEST32|HALF|ACTIVE_C0-SHAM_C0|U,-0.00032132466634115137,-0.0015537865956624325,0.000891164143880229,unresolved,raw accuracy; RACE32-minus-BEST32 total policy contrast,51,62,79,11,13,0
RACE32_MINUS_BEST32|HALF|ACTIVE_C0-SHAM_C0|U0,0.0,0.0,0.0,structural_zero,design-implied zero,0,0,192,0,0,24
RACE32_MINUS_BEST32|HALF|ACTIVE_C0-SHAM_C0|U1,0.0,0.0,0.0,structural_zero,design-implied zero,0,0,192,0,0,24
RACE32_MINUS_BEST32|HALF|ACTIVE_C0-SHAM_C0|U40,-0.0009104410807291666,-0.004359308878580729,0.002681096394856767,unresolved,raw accuracy; RACE32-minus-BEST32 total policy contrast,58,51,83,12,12,0
RACE32_MINUS_BEST32|HALF|ACTIVE_C1-NOVEL_C1|D40,0.0,0.0,0.0,observed_exact_zero,sampled equality; not a design guarantee,0,0,192,0,0,24
RACE32_MINUS_BEST32|HALF|ACTIVE_C1-NOVEL_C1|E1,0.00018717447916665833,-0.00022890726725263618,0.0007029978434244918,unresolved,raw accuracy; RACE32-minus-BEST32 total policy contrast,27,27,138,11,12,1
RACE32_MINUS_BEST32|HALF|ACTIVE_C1-NOVEL_C1|E2,-0.0005310058593749889,-0.0016168467203775958,0.00044156392415365113,unresolved,raw accuracy; RACE32-minus-BEST32 total policy contrast,25,31,136,10,13,1
RACE32_MINUS_BEST32|HALF|ACTIVE_C1-NOVEL_C1|E3,0.0006469726562500083,-0.0005513763427734265,0.0018870290120442709,unresolved,raw accuracy; RACE32-minus-BEST32 total policy contrast,31,25,136,11,12,1
RACE32_MINUS_BEST32|HALF|ACTIVE_C1-NOVEL_C1|E4,-0.00015767415364583795,-0.0014598083496093896,0.0011907450358072927,unresolved,raw accuracy; RACE32-minus-BEST32 total policy contrast,28,28,136,11,12,1
RACE32_MINUS_BEST32|HALF|ACTIVE_C1-NOVEL_C1|E5,0.0006754557291666907,-0.0013031768798827832,0.0030234273274740062,unresolved,raw accuracy; RACE32-minus-BEST32 total policy contrast,30,26,136,13,10,1
RACE32_MINUS_BEST32|HALF|ACTIVE_C1-NOVEL_C1|E6,-0.00037333170572918795,-0.0023539479573567996,0.001830622355143195,unresolved,raw accuracy; RACE32-minus-BEST32 total policy contrast,25,31,136,10,13,1
RACE32_MINUS_BEST32|HALF|ACTIVE_C1-NOVEL_C1|E7,0.0004170735677083241,-0.0007621510823567949,0.0016490427652994916,unresolved,raw accuracy; RACE32-minus-BEST32 total policy contrast,34,22,136,12,11,1
RACE32_MINUS_BEST32|HALF|ACTIVE_C1-NOVEL_C1|E8,-7.120768229164816e-06,-0.0019083913167317697,0.0018249766031901095,unresolved,raw accuracy; RACE32-minus-BEST32 total policy contrast,26,30,136,11,12,1
RACE32_MINUS_BEST32|HALF|ACTIVE_C1-NOVEL_C1|F,0.0009073893229166666,0.00026855468749999997,0.001603291829427083,positive,carrier frequency; RACE32-minus-BEST32 total policy contrast,45,9,138,21,2,1
RACE32_MINUS_BEST32|HALF|ACTIVE_C1-NOVEL_C1|F0,0.0,0.0,0.0,structural_zero,design-implied zero,0,0,192,0,0,24
RACE32_MINUS_BEST32|HALF|ACTIVE_C1-NOVEL_C1|F1,0.005045572916666667,0.0032552083333333335,0.006673177083333333,positive,carrier frequency; RACE32-minus-BEST32 total policy contrast,34,3,155,18,1,5
RACE32_MINUS_BEST32|HALF|ACTIVE_C1-NOVEL_C1|F40,0.0,0.0,0.0,observed_exact_zero,sampled equality; not a design guarantee,0,0,192,0,0,24
RACE32_MINUS_BEST32|HALF|ACTIVE_C1-NOVEL_C1|FE1,0.004720052083333333,0.0024405924479166665,0.007291666666666666,positive,carrier frequency; RACE32-minus-BEST32 total policy contrast,46,8,138,20,3,1
RACE32_MINUS_BEST32|HALF|ACTIVE_C1-NOVEL_C1|FE2,0.00234375,-0.00019531250000000004,0.005241699218749996,unresolved,carrier frequency; RACE32-minus-BEST32 total policy contrast,10,3,179,7,2,15
RACE32_MINUS_BEST32|HALF|ACTIVE_C1-NOVEL_C1|FE3,0.00019531249999999988,-0.0010416666666666667,0.0013997395833333333,unresolved,carrier frequency; RACE32-minus-BEST32 total policy contrast,2,2,188,2,2,20
RACE32_MINUS_BEST32|HALF|ACTIVE_C1-NOVEL_C1|FE4,0.0,0.0,0.0,observed_exact_zero,sampled equality; not a design guarantee,0,0,192,0,0,24
RACE32_MINUS_BEST32|HALF|ACTIVE_C1-NOVEL_C1|FE5,0.0,0.0,0.0,observed_exact_zero,sampled equality; not a design guarantee,0,0,192,0,0,24
RACE32_MINUS_BEST32|HALF|ACTIVE_C1-NOVEL_C1|FE6,0.0,0.0,0.0,observed_exact_zero,sampled equality; not a design guarantee,0,0,192,0,0,24
RACE32_MINUS_BEST32|HALF|ACTIVE_C1-NOVEL_C1|FE7,0.0,0.0,0.0,observed_exact_zero,sampled equality; not a design guarantee,0,0,192,0,0,24
RACE32_MINUS_BEST32|HALF|ACTIVE_C1-NOVEL_C1|FE8,0.0,0.0,0.0,observed_exact_zero,sampled equality; not a design guarantee,0,0,192,0,0,24
RACE32_MINUS_BEST32|HALF|ACTIVE_C1-NOVEL_C1|MLOSS,-0.00010719299316407545,-0.0005633163452148625,0.0003850460052490132,unresolved,raw mismatch; RACE32-minus-BEST32 total policy contrast,23,33,136,11,12,1
RACE32_MINUS_BEST32|HALF|ACTIVE_C1-NOVEL_C1|U,0.0001071929931640662,-0.0003850460052490316,0.0005633163452148569,unresolved,raw accuracy; RACE32-minus-BEST32 total policy contrast,33,23,136,12,11,1
RACE32_MINUS_BEST32|HALF|ACTIVE_C1-NOVEL_C1|U0,0.0,0.0,0.0,structural_zero,design-implied zero,0,0,192,0,0,24
RACE32_MINUS_BEST32|HALF|ACTIVE_C1-NOVEL_C1|U1,1.0172526041666666e-05,-4.57763671875e-05,7.120768229166667e-05,unresolved,raw accuracy; RACE32-minus-BEST32 total policy contrast,4,6,182,4,5,15
RACE32_MINUS_BEST32|HALF|ACTIVE_C1-NOVEL_C1|U40,-0.0004018147786458333,-0.003575770060221354,0.0027928670247395807,unresolved,raw accuracy; RACE32-minus-BEST32 total policy contrast,30,26,136,13,10,1
RACE32_MINUS_BEST32|HALF|ACTIVE_C1-SHAM_C1|D40,0.0,0.0,0.0,observed_exact_zero,sampled equality; not a design guarantee,0,0,192,0,0,24
RACE32_MINUS_BEST32|HALF|ACTIVE_C1-SHAM_C1|E1,-1.5258789062513878e-05,-9.361267089845841e-05,6.205240885415661e-05,unresolved,raw accuracy; RACE32-minus-BEST32 total policy contrast,11,9,172,8,5,11
RACE32_MINUS_BEST32|HALF|ACTIVE_C1-SHAM_C1|E2,-0.0006571451822916657,-0.0014112599690755282,-1.9200642903642943e-05,negative,raw accuracy; RACE32-minus-BEST32 total policy contrast,6,13,173,3,10,11
RACE32_MINUS_BEST32|HALF|ACTIVE_C1-SHAM_C1|E3,6.306966145834074e-05,-0.0008454132080078158,0.0010113525390625044,unresolved,raw accuracy; RACE32-minus-BEST32 total policy contrast,10,9,173,7,6,11
RACE32_MINUS_BEST32|HALF|ACTIVE_C1-SHAM_C1|E4,-0.0002980550130208444,-0.0010225931803385553,0.0003621419270833139,unresolved,raw accuracy; RACE32-minus-BEST32 total policy contrast,9,10,173,4,9,11
RACE32_MINUS_BEST32|HALF|ACTIVE_C1-SHAM_C1|E5,0.0003590901692708398,-0.0008972422281900885,0.0021190897623697977,unresolved,raw accuracy; RACE32-minus-BEST32 total policy contrast,12,7,173,8,5,11
RACE32_MINUS_BEST32|HALF|ACTIVE_C1-SHAM_C1|E6,-3.967285156251018e-05,-0.0006724802652994875,0.0005992889404296874,unresolved,raw accuracy; RACE32-minus-BEST32 total policy contrast,11,8,173,6,7,11
RACE32_MINUS_BEST32|HALF|ACTIVE_C1-SHAM_C1|E7,-0.0002390543619791713,-0.0010264841715494847,0.0005677286783854178,unresolved,raw accuracy; RACE32-minus-BEST32 total policy contrast,7,12,173,6,7,11
RACE32_MINUS_BEST32|HALF|ACTIVE_C1-SHAM_C1|E8,-0.0004089355468749889,-0.0014212544759114336,0.0005625406901041687,unresolved,raw accuracy; RACE32-minus-BEST32 total policy contrast,7,12,173,6,7,11
RACE32_MINUS_BEST32|HALF|ACTIVE_C1-SHAM_C1|F,0.00032145182291666666,6.103515625e-05,0.0006266276041666666,positive,carrier frequency; RACE32-minus-BEST32 total policy contrast,10,7,175,9,3,12
RACE32_MINUS_BEST32|HALF|ACTIVE_C1-SHAM_C1|F0,0.0,0.0,0.0,structural_zero,design-implied zero,0,0,192,0,0,24
RACE32_MINUS_BEST32|HALF|ACTIVE_C1-SHAM_C1|F1,0.0,0.0,0.0,structural_zero,design-implied zero,0,0,192,0,0,24
RACE32_MINUS_BEST32|HALF|ACTIVE_C1-SHAM_C1|F40,0.0,0.0,0.0,observed_exact_zero,sampled equality; not a design guarantee,0,0,192,0,0,24
RACE32_MINUS_BEST32|HALF|ACTIVE_C1-SHAM_C1|FE1,3.2552083333333326e-05,-0.0010742187500000003,0.001171875,unresolved,carrier frequency; RACE32-minus-BEST32 total policy contrast,9,8,175,7,5,12
RACE32_MINUS_BEST32|HALF|ACTIVE_C1-SHAM_C1|FE2,0.002180989583333333,0.00035807291666666664,0.004361979166666667,positive,carrier frequency; RACE32-minus-BEST32 total policy contrast,7,2,183,7,1,16
RACE32_MINUS_BEST32|HALF|ACTIVE_C1-SHAM_C1|FE3,0.00035807291666666664,-0.00029296875000000004,0.0013671874999999997,unresolved,carrier frequency; RACE32-minus-BEST32 total policy contrast,2,1,189,1,1,22
RACE32_MINUS_BEST32|HALF|ACTIVE_C1-SHAM_C1|FE4,0.0,0.0,0.0,observed_exact_zero,sampled equality; not a design guarantee,0,0,192,0,0,24
RACE32_MINUS_BEST32|HALF|ACTIVE_C1-SHAM_C1|FE5,0.0,0.0,0.0,observed_exact_zero,sampled equality; not a design guarantee,0,0,192,0,0,24
RACE32_MINUS_BEST32|HALF|ACTIVE_C1-SHAM_C1|FE6,0.0,0.0,0.0,observed_exact_zero,sampled equality; not a design guarantee,0,0,192,0,0,24
RACE32_MINUS_BEST32|HALF|ACTIVE_C1-SHAM_C1|FE7,0.0,0.0,0.0,observed_exact_zero,sampled equality; not a design guarantee,0,0,192,0,0,24
RACE32_MINUS_BEST32|HALF|ACTIVE_C1-SHAM_C1|FE8,0.0,0.0,0.0,observed_exact_zero,sampled equality; not a design guarantee,0,0,192,0,0,24
RACE32_MINUS_BEST32|HALF|ACTIVE_C1-SHAM_C1|MLOSS,0.00015449523925780787,-9.386062622070684e-05,0.00046679814656575106,unresolved,raw mismatch; RACE32-minus-BEST32 total policy contrast,11,9,172,6,7,11
RACE32_MINUS_BEST32|HALF|ACTIVE_C1-SHAM_C1|U,-0.00015449523925780787,-0.0004667981465657443,9.386062622071107e-05,unresolved,raw accuracy; RACE32-minus-BEST32 total policy contrast,9,11,172,7,6,11
RACE32_MINUS_BEST32|HALF|ACTIVE_C1-SHAM_C1|U0,0.0,0.0,0.0,structural_zero,design-implied zero,0,0,192,0,0,24
RACE32_MINUS_BEST32|HALF|ACTIVE_C1-SHAM_C1|U1,0.0,0.0,0.0,structural_zero,design-implied zero,0,0,192,0,0,24
RACE32_MINUS_BEST32|HALF|ACTIVE_C1-SHAM_C1|U40,-0.0013885498046875,-0.0037030537923177084,0.0004428863525390604,unresolved,raw accuracy; RACE32-minus-BEST32 total policy contrast,7,12,173,4,9,11
RACE32_MINUS_BEST32|ZERO|ACTIVE_C0-NOVEL_C0|D40,0.007975260416666666,-0.06331787109374999,0.07764078776041665,unresolved,carrier frequency change; RACE32-minus-BEST32 total policy contrast,29,28,135,12,8,4
RACE32_MINUS_BEST32|ZERO|ACTIVE_C0-NOVEL_C0|E1,-0.0007710774739583445,-0.001501490275065126,-7.731119791665625e-05,negative,raw accuracy; RACE32-minus-BEST32 total policy contrast,73,78,41,9,15,0
RACE32_MINUS_BEST32|ZERO|ACTIVE_C0-NOVEL_C0|E2,-0.0010884602864583333,-0.00256362915039062,0.00035207112630209115,unresolved,raw accuracy; RACE32-minus-BEST32 total policy contrast,71,79,42,9,15,0
RACE32_MINUS_BEST32|ZERO|ACTIVE_C0-NOVEL_C0|E3,-0.0006724039713541935,-0.002446517944335979,0.0011577351888020849,unresolved,raw accuracy; RACE32-minus-BEST32 total policy contrast,77,74,41,13,11,0
RACE32_MINUS_BEST32|ZERO|ACTIVE_C0-NOVEL_C0|E4,-0.0018229166666666418,-0.0036948903401692055,0.00017097473144529697,unresolved,raw accuracy; RACE32-minus-BEST32 total policy contrast,66,84,42,8,16,0
RACE32_MINUS_BEST32|ZERO|ACTIVE_C0-NOVEL_C0|E5,-0.0009857177734375426,-0.003232828776041692,0.001267776489257805,unresolved,raw accuracy; RACE32-minus-BEST32 total policy contrast,79,72,41,10,14,0
RACE32_MINUS_BEST32|ZERO|ACTIVE_C0-NOVEL_C0|E6,-0.0005544026692708195,-0.002978693644205744,0.0016999308268229115,unresolved,raw accuracy; RACE32-minus-BEST32 total policy contrast,83,68,41,13,11,0
RACE32_MINUS_BEST32|ZERO|ACTIVE_C0-NOVEL_C0|E7,-0.0009745279947916454,-0.002735646565755191,0.0011892700195312684,unresolved,raw accuracy; RACE32-minus-BEST32 total policy contrast,72,79,41,8,16,0
RACE32_MINUS_BEST32|ZERO|ACTIVE_C0-NOVEL_C0|E8,0.00047709147135415836,-0.0022441355387369777,0.002989756266276002,unresolved,raw accuracy; RACE32-minus-BEST32 total policy contrast,75,75,42,17,7,0
RACE32_MINUS_BEST32|ZERO|ACTIVE_C0-NOVEL_C0|F,0.00023193359374999722,-0.045496215820312505,0.04449625651041666,unresolved,carrier frequency; RACE32-minus-BEST32 total policy contrast,75,76,41,12,12,0
RACE32_MINUS_BEST32|ZERO|ACTIVE_C0-NOVEL_C0|F0,0.0,0.0,0.0,structural_zero,design-implied zero,0,0,192,0,0,24
RACE32_MINUS_BEST32|ZERO|ACTIVE_C0-NOVEL_C0|F1,0.00146484375,-0.00146484375,0.00439453125,unresolved,carrier frequency; RACE32-minus-BEST32 total policy contrast,49,40,103,11,10,3
RACE32_MINUS_BEST32|ZERO|ACTIVE_C0-NOVEL_C0|F40,0.007975260416666666,-0.06331787109374999,0.07764078776041665,unresolved,carrier frequency; RACE32-minus-BEST32 total policy contrast,29,28,135,12,8,4
RACE32_MINUS_BEST32|ZERO|ACTIVE_C0-NOVEL_C0|FE1,-0.0003580729166666674,-0.008593749999999999,0.008138834635416663,unresolved,carrier frequency; RACE32-minus-BEST32 total policy contrast,75,74,43,11,13,0
RACE32_MINUS_BEST32|ZERO|ACTIVE_C0-NOVEL_C0|FE2,0.0026692708333333364,-0.02360026041666666,0.02958984375,unresolved,carrier frequency; RACE32-minus-BEST32 total policy contrast,52,54,86,12,12,0
RACE32_MINUS_BEST32|ZERO|ACTIVE_C0-NOVEL_C0|FE3,0.0036458333333333343,-0.043012695312499995,0.05027425130208326,unresolved,carrier frequency; RACE32-minus-BEST32 total policy contrast,46,43,103,11,12,1
RACE32_MINUS_BEST32|ZERO|ACTIVE_C0-NOVEL_C0|FE4,-0.009798177083333333,-0.061818033854166676,0.04137451171874999,unresolved,carrier frequency; RACE32-minus-BEST32 total policy contrast,37,37,118,11,11,2
RACE32_MINUS_BEST32|ZERO|ACTIVE_C0-NOVEL_C0|FE5,-0.01022135416666667,-0.06539957682291667,0.04393147786458323,unresolved,carrier frequency; RACE32-minus-BEST32 total policy contrast,31,38,123,14,8,2
RACE32_MINUS_BEST32|ZERO|ACTIVE_C0-NOVEL_C0|FE6,-0.00026041666666666574,-0.06283121744791666,0.05931070963541665,unresolved,carrier frequency; RACE32-minus-BEST32 total policy contrast,32,35,125,14,8,2
RACE32_MINUS_BEST32|ZERO|ACTIVE_C0-NOVEL_C0|FE7,0.008496093750000006,-0.062021484375,0.07582275390624996,unresolved,carrier frequency; RACE32-minus-BEST32 total policy contrast,30,33,129,12,8,4
RACE32_MINUS_BEST32|ZERO|ACTIVE_C0-NOVEL_C0|FE8,0.007682291666666668,-0.0651123046875,0.07886637369791653,unresolved,carrier frequency; RACE32-minus-BEST32 total policy contrast,30,30,132,12,8,4
RACE32_MINUS_BEST32|ZERO|ACTIVE_C0-NOVEL_C0|MLOSS,0.0007990519205729024,-2.7128855387387416e-05,0.0016572475433349167,unresolved,raw mismatch; RACE32-minus-BEST32 total policy contrast,82,69,41,16,8,0
RACE32_MINUS_BEST32|ZERO|ACTIVE_C0-NOVEL_C0|U,-0.0007990519205729046,-0.0016572475433349462,2.7128855387364854e-05,unresolved,raw accuracy; RACE32-minus-BEST32 total policy contrast,69,82,41,8,16,0
RACE32_MINUS_BEST32|ZERO|ACTIVE_C0-NOVEL_C0|U0,0.0,0.0,0.0,structural_zero,design-implied zero,0,0,192,0,0,24
RACE32_MINUS_BEST32|ZERO|ACTIVE_C0-NOVEL_C0|U1,5.5948893229166664e-05,-2.5431315104166668e-05,0.00014241536458333334,unresolved,raw accuracy; RACE32-minus-BEST32 total policy contrast,11,8,173,7,4,13
RACE32_MINUS_BEST32|ZERO|ACTIVE_C0-NOVEL_C0|U40,0.0028279622395833335,-0.003135045369466146,0.008418146769205727,unresolved,raw accuracy; RACE32-minus-BEST32 total policy contrast,78,72,42,15,9,0
RACE32_MINUS_BEST32|ZERO|ACTIVE_C0-SHAM_C0|D40,0.028483072916666668,-0.041182454427083334,0.09505208333333333,unresolved,carrier frequency change; RACE32-minus-BEST32 total policy contrast,21,16,155,10,8,6
RACE32_MINUS_BEST32|ZERO|ACTIVE_C0-SHAM_C0|E1,-0.0007039388020833592,-0.00116582234700524,-0.0002898661295572974,negative,raw accuracy; RACE32-minus-BEST32 total policy contrast,44,60,88,8,16,0
RACE32_MINUS_BEST32|ZERO|ACTIVE_C0-SHAM_C0|E2,-0.0007548014322916694,-0.0022584788004557377,0.0005086517333984146,unresolved,raw accuracy; RACE32-minus-BEST32 total policy contrast,51,65,76,10,13,1
RACE32_MINUS_BEST32|ZERO|ACTIVE_C0-SHAM_C0|E3,0.00014444986979165556,-0.001591186523437533,0.0019178771972656087,unresolved,raw accuracy; RACE32-minus-BEST32 total policy contrast,65,51,76,11,13,0
RACE32_MINUS_BEST32|ZERO|ACTIVE_C0-SHAM_C0|E4,0.00014750162760417593,-0.0014876047770182223,0.0018474324544271049,unresolved,raw accuracy; RACE32-minus-BEST32 total policy contrast,60,55,77,12,12,0
RACE32_MINUS_BEST32|ZERO|ACTIVE_C0-SHAM_C0|E5,-0.00018412272135417962,-0.0018646748860677333,0.0014058430989583135,unresolved,raw accuracy; RACE32-minus-BEST32 total policy contrast,61,55,76,12,12,0
RACE32_MINUS_BEST32|ZERO|ACTIVE_C0-SHAM_C0|E6,-0.0021077473958333406,-0.0041169738769531285,-0.0004788716634114772,negative,raw accuracy; RACE32-minus-BEST32 total policy contrast,51,65,76,9,15,0
RACE32_MINUS_BEST32|ZERO|ACTIVE_C0-SHAM_C0|E7,-0.001101684570312511,-0.0029023996988932627,0.0007080332438151037,unresolved,raw accuracy; RACE32-minus-BEST32 total policy contrast,51,65,76,10,14,0
RACE32_MINUS_BEST32|ZERO|ACTIVE_C0-SHAM_C0|E8,0.0006500244140625009,-0.0012932332356770688,0.0023987325032552276,unresolved,raw accuracy; RACE32-minus-BEST32 total policy contrast,60,55,77,17,7,0
RACE32_MINUS_BEST32|ZERO|ACTIVE_C0-SHAM_C0|F,0.01328531901041666,-0.027548624674479168,0.05376668294270832,unresolved,carrier frequency; RACE32-minus-BEST32 total policy contrast,58,58,76,15,9,0
RACE32_MINUS_BEST32|ZERO|ACTIVE_C0-SHAM_C0|F0,0.0,0.0,0.0,structural_zero,design-implied zero,0,0,192,0,0,24
RACE32_MINUS_BEST32|ZERO|ACTIVE_C0-SHAM_C0|F1,0.0,0.0,0.0,structural_zero,design-implied zero,0,0,192,0,0,24
RACE32_MINUS_BEST32|ZERO|ACTIVE_C0-SHAM_C0|F40,0.028483072916666668,-0.041182454427083334,0.09505208333333333,unresolved,carrier frequency; RACE32-minus-BEST32 total policy contrast,21,16,155,10,8,6
RACE32_MINUS_BEST32|ZERO|ACTIVE_C0-SHAM_C0|FE1,-0.0012369791666666666,-0.004819335937499997,0.00218180338541666,unresolved,carrier frequency; RACE32-minus-BEST32 total policy contrast,49,61,82,9,14,1
RACE32_MINUS_BEST32|ZERO|ACTIVE_C0-SHAM_C0|FE2,0.004003906249999999,-0.018461100260416665,0.02591308593749999,unresolved,carrier frequency; RACE32-minus-BEST32 total policy contrast,49,49,94,14,10,0
RACE32_MINUS_BEST32|ZERO|ACTIVE_C0-SHAM_C0|FE3,0.006640624999999997,-0.0359716796875,0.053158365885416656,unresolved,carrier frequency; RACE32-minus-BEST32 total policy contrast,40,34,118,14,9,1
RACE32_MINUS_BEST32|ZERO|ACTIVE_C0-SHAM_C0|FE4,0.0013997395833333325,-0.04509033203125,0.04967692057291666,unresolved,carrier frequency; RACE32-minus-BEST32 total policy contrast,36,24,132,12,11,1
RACE32_MINUS_BEST32|ZERO|ACTIVE_C0-SHAM_C0|FE5,0.010514322916666666,-0.040787760416666666,0.06246744791666666,unresolved,carrier frequency; RACE32-minus-BEST32 total policy contrast,30,20,142,13,10,1
RACE32_MINUS_BEST32|ZERO|ACTIVE_C0-SHAM_C0|FE6,0.022884114583333327,-0.03443115234374999,0.07780436197916663,unresolved,carrier frequency; RACE32-minus-BEST32 total policy contrast,27,20,145,13,8,3
RACE32_MINUS_BEST32|ZERO|ACTIVE_C0-SHAM_C0|FE7,0.03271484375,-0.03334635416666667,0.0962255859375,unresolved,carrier frequency; RACE32-minus-BEST32 total policy contrast,25,18,149,11,9,4
RACE32_MINUS_BEST32|ZERO|ACTIVE_C0-SHAM_C0|FE8,0.029361979166666663,-0.040604654947916666,0.09512207031249996,unresolved,carrier frequency; RACE32-minus-BEST32 total policy contrast,22,17,153,11,9,4
RACE32_MINUS_BEST32|ZERO|ACTIVE_C0-SHAM_C0|MLOSS,0.0004887898763020851,-0.00022953033447264658,0.0013372294108073052,unresolved,raw mismatch; RACE32-minus-BEST32 total policy contrast,60,56,76,15,9,0
RACE32_MINUS_BEST32|ZERO|ACTIVE_C0-SHAM_C0|U,-0.0004887898763020851,-0.0013372294108072891,0.00022953033447267924,unresolved,raw accuracy; RACE32-minus-BEST32 total policy contrast,56,60,76,9,15,0
RACE32_MINUS_BEST32|ZERO|ACTIVE_C0-SHAM_C0|U0,0.0,0.0,0.0,structural_zero,design-implied zero,0,0,192,0,0,24
RACE32_MINUS_BEST32|ZERO|ACTIVE_C0-SHAM_C0|U1,0.0,0.0,0.0,structural_zero,design-implied zero,0,0,192,0,0,24
RACE32_MINUS_BEST32|ZERO|ACTIVE_C0-SHAM_C0|U40,-0.000152587890625,-0.004338709513346354,0.0037799835205078076,unresolved,raw accuracy; RACE32-minus-BEST32 total policy contrast,54,62,76,14,9,1
RACE32_MINUS_BEST32|ZERO|ACTIVE_C1-NOVEL_C1|D40,0.0,0.0,0.0,observed_exact_zero,sampled equality; not a design guarantee,0,0,192,0,0,24
RACE32_MINUS_BEST32|ZERO|ACTIVE_C1-NOVEL_C1|E1,2.7465820312479645e-05,-0.0005747477213541715,0.0006551361083984014,unresolved,raw accuracy; RACE32-minus-BEST32 total policy contrast,30,27,135,13,10,1
RACE32_MINUS_BEST32|ZERO|ACTIVE_C1-NOVEL_C1|E2,-0.0009328206380208176,-0.002013320922851536,1.7318725585935488e-05,unresolved,raw accuracy; RACE32-minus-BEST32 total policy contrast,23,35,134,8,14,2
RACE32_MINUS_BEST32|ZERO|ACTIVE_C1-NOVEL_C1|E3,-0.0011983235677083398,-0.0021759287516276145,-0.00031026204427085614,negative,raw accuracy; RACE32-minus-BEST32 total policy contrast,18,40,134,8,15,1
RACE32_MINUS_BEST32|ZERO|ACTIVE_C1-NOVEL_C1|E4,-0.00019327799479166205,-0.0013417561848958343,0.0009319559733072896,unresolved,raw accuracy; RACE32-minus-BEST32 total policy contrast,25,33,134,11,12,1
RACE32_MINUS_BEST32|ZERO|ACTIVE_C1-NOVEL_C1|E5,0.0006225585937500074,-0.00040288289388021233,0.0016042327880859493,unresolved,raw accuracy; RACE32-minus-BEST32 total policy contrast,33,25,134,15,8,1
RACE32_MINUS_BEST32|ZERO|ACTIVE_C1-NOVEL_C1|E6,0.0006764729817708334,-0.00012616475423176237,0.0015249379475911235,unresolved,raw accuracy; RACE32-minus-BEST32 total policy contrast,33,25,134,13,10,1
RACE32_MINUS_BEST32|ZERO|ACTIVE_C1-NOVEL_C1|E7,0.0005391438802083426,-0.0002929941813150788,0.0015177663167317917,unresolved,raw accuracy; RACE32-minus-BEST32 total policy contrast,33,24,135,15,8,1
RACE32_MINUS_BEST32|ZERO|ACTIVE_C1-NOVEL_C1|E8,0.00021464029947917498,-0.0008821105957031133,0.0013194274902343776,unresolved,raw accuracy; RACE32-minus-BEST32 total policy contrast,28,30,134,11,12,1
RACE32_MINUS_BEST32|ZERO|ACTIVE_C1-NOVEL_C1|F,0.00034586588541666674,-0.0005615234374999998,0.0010945638020833333,unresolved,carrier frequency; RACE32-minus-BEST32 total policy contrast,48,10,134,20,3,1
RACE32_MINUS_BEST32|ZERO|ACTIVE_C1-NOVEL_C1|F0,0.0,0.0,0.0,structural_zero,design-implied zero,0,0,192,0,0,24
RACE32_MINUS_BEST32|ZERO|ACTIVE_C1-NOVEL_C1|F1,0.005045572916666667,0.0032552083333333335,0.006673177083333333,positive,carrier frequency; RACE32-minus-BEST32 total policy contrast,34,3,155,18,1,5
RACE32_MINUS_BEST32|ZERO|ACTIVE_C1-NOVEL_C1|F40,0.0,0.0,0.0,observed_exact_zero,sampled equality; not a design guarantee,0,0,192,0,0,24
RACE32_MINUS_BEST32|ZERO|ACTIVE_C1-NOVEL_C1|FE1,0.004557291666666667,0.0025390625000000005,0.0068033854166666685,positive,carrier frequency; RACE32-minus-BEST32 total policy contrast,48,10,134,20,3,1
RACE32_MINUS_BEST32|ZERO|ACTIVE_C1-NOVEL_C1|FE2,-0.0004882812500000001,-0.0031249999999999997,0.001822916666666667,unresolved,carrier frequency; RACE32-minus-BEST32 total policy contrast,10,5,177,9,4,11
RACE32_MINUS_BEST32|ZERO|ACTIVE_C1-NOVEL_C1|FE3,-0.0007812499999999999,-0.0027669270833333335,0.0007169596354166623,unresolved,carrier frequency; RACE32-minus-BEST32 total policy contrast,1,2,189,1,2,21
RACE32_MINUS_BEST32|ZERO|ACTIVE_C1-NOVEL_C1|FE4,-0.0005208333333333333,-0.00205078125,0.00048828125,unresolved,carrier frequency; RACE32-minus-BEST32 total policy contrast,1,1,190,1,1,22
RACE32_MINUS_BEST32|ZERO|ACTIVE_C1-NOVEL_C1|FE5,0.0,0.0,0.0,observed_exact_zero,sampled equality; not a design guarantee,0,0,192,0,0,24
RACE32_MINUS_BEST32|ZERO|ACTIVE_C1-NOVEL_C1|FE6,0.0,0.0,0.0,observed_exact_zero,sampled equality; not a design guarantee,0,0,192,0,0,24
RACE32_MINUS_BEST32|ZERO|ACTIVE_C1-NOVEL_C1|FE7,0.0,0.0,0.0,observed_exact_zero,sampled equality; not a design guarantee,0,0,192,0,0,24
RACE32_MINUS_BEST32|ZERO|ACTIVE_C1-NOVEL_C1|FE8,0.0,0.0,0.0,observed_exact_zero,sampled equality; not a design guarantee,0,0,192,0,0,24
RACE32_MINUS_BEST32|ZERO|ACTIVE_C1-NOVEL_C1|MLOSS,3.0517578124997686e-05,-0.00032081604003905717,0.00039115269978839604,unresolved,raw mismatch; RACE32-minus-BEST32 total policy contrast,31,27,134,12,11,1
RACE32_MINUS_BEST32|ZERO|ACTIVE_C1-NOVEL_C1|U,-3.051757812501388e-05,-0.0003911526997884051,0.0003208160400390434,unresolved,raw accuracy; RACE32-minus-BEST32 total policy contrast,27,31,134,11,12,1
RACE32_MINUS_BEST32|ZERO|ACTIVE_C1-NOVEL_C1|U0,0.0,0.0,0.0,structural_zero,design-implied zero,0,0,192,0,0,24
RACE32_MINUS_BEST32|ZERO|ACTIVE_C1-NOVEL_C1|U1,1.0172526041666666e-05,-4.57763671875e-05,7.120768229166667e-05,unresolved,raw accuracy; RACE32-minus-BEST32 total policy contrast,4,6,182,4,5,15
RACE32_MINUS_BEST32|ZERO|ACTIVE_C1-NOVEL_C1|U40,0.0006205240885416666,-0.0015833536783854167,0.0027872721354166665,unresolved,raw accuracy; RACE32-minus-BEST32 total policy contrast,32,25,135,13,9,2
RACE32_MINUS_BEST32|ZERO|ACTIVE_C1-SHAM_C1|D40,0.0,0.0,0.0,observed_exact_zero,sampled equality; not a design guarantee,0,0,192,0,0,24
RACE32_MINUS_BEST32|ZERO|ACTIVE_C1-SHAM_C1|E1,-6.510416666667684e-05,-0.0004323832194010417,0.0002482350667317577,unresolved,raw accuracy; RACE32-minus-BEST32 total policy contrast,13,7,172,8,4,12
RACE32_MINUS_BEST32|ZERO|ACTIVE_C1-SHAM_C1|E2,-0.00010681152343749074,-0.0004414876302083253,0.00028790791829427266,unresolved,raw accuracy; RACE32-minus-BEST32 total policy contrast,9,13,170,4,9,11
RACE32_MINUS_BEST32|ZERO|ACTIVE_C1-SHAM_C1|E3,-2.746582031251203e-05,-0.000846405029296878,0.0006705729166666481,unresolved,raw accuracy; RACE32-minus-BEST32 total policy contrast,14,8,170,9,4,11
RACE32_MINUS_BEST32|ZERO|ACTIVE_C1-SHAM_C1|E4,-0.00031229654947916946,-0.0010122680664062453,0.000315424601236956,unresolved,raw accuracy; RACE32-minus-BEST32 total policy contrast,10,12,170,4,9,11
RACE32_MINUS_BEST32|ZERO|ACTIVE_C1-SHAM_C1|E5,-0.000586954752604151,-0.0012014261881510356,-2.744038899738027e-05,negative,raw accuracy; RACE32-minus-BEST32 total policy contrast,7,15,170,3,10,11
RACE32_MINUS_BEST32|ZERO|ACTIVE_C1-SHAM_C1|E6,0.0005635579427083343,-0.0001994578043619733,0.0013692474365234316,unresolved,raw accuracy; RACE32-minus-BEST32 total policy contrast,12,9,171,8,4,12
RACE32_MINUS_BEST32|ZERO|ACTIVE_C1-SHAM_C1|E7,0.0003865559895833333,-0.00017903645833333739,0.001014200846354165,unresolved,raw accuracy; RACE32-minus-BEST32 total policy contrast,13,9,170,7,6,11
RACE32_MINUS_BEST32|ZERO|ACTIVE_C1-SHAM_C1|E8,4.0690104166666664e-05,-0.0005839792887369937,0.000662256876627621,unresolved,raw accuracy; RACE32-minus-BEST32 total policy contrast,14,8,170,8,5,11
RACE32_MINUS_BEST32|ZERO|ACTIVE_C1-SHAM_C1|F,-6.917317708333329e-05,-0.0005208333333333333,0.0002482096354166667,unresolved,carrier frequency; RACE32-minus-BEST32 total policy contrast,11,9,172,8,5,11
RACE32_MINUS_BEST32|ZERO|ACTIVE_C1-SHAM_C1|F0,0.0,0.0,0.0,structural_zero,design-implied zero,0,0,192,0,0,24
RACE32_MINUS_BEST32|ZERO|ACTIVE_C1-SHAM_C1|F1,0.0,0.0,0.0,structural_zero,design-implied zero,0,0,192,0,0,24
RACE32_MINUS_BEST32|ZERO|ACTIVE_C1-SHAM_C1|F40,0.0,0.0,0.0,observed_exact_zero,sampled equality; not a design guarantee,0,0,192,0,0,24
RACE32_MINUS_BEST32|ZERO|ACTIVE_C1-SHAM_C1|FE1,0.0003580729166666672,-0.0002929687499999995,0.0011075846354166629,unresolved,carrier frequency; RACE32-minus-BEST32 total policy contrast,9,7,176,7,4,13
RACE32_MINUS_BEST32|ZERO|ACTIVE_C1-SHAM_C1|FE2,-9.765624999999998e-05,-0.0019539388020833335,0.0014322916666666668,unresolved,carrier frequency; RACE32-minus-BEST32 total policy contrast,6,3,183,6,3,15
RACE32_MINUS_BEST32|ZERO|ACTIVE_C1-SHAM_C1|FE3,-0.00032552083333333326,-0.0009114583333333331,0.0,unresolved,carrier frequency; RACE32-minus-BEST32 total policy contrast,0,2,190,0,2,22
RACE32_MINUS_BEST32|ZERO|ACTIVE_C1-SHAM_C1|FE4,-0.00039062499999999997,-0.001171875,0.0,unresolved,carrier frequency; RACE32-minus-BEST32 total policy contrast,0,1,191,0,1,23
RACE32_MINUS_BEST32|ZERO|ACTIVE_C1-SHAM_C1|FE5,-9.765624999999999e-05,-0.00029296875,0.0,unresolved,carrier frequency; RACE32-minus-BEST32 total policy contrast,0,1,191,0,1,23
RACE32_MINUS_BEST32|ZERO|ACTIVE_C1-SHAM_C1|FE6,0.0,0.0,0.0,observed_exact_zero,sampled equality; not a design guarantee,0,0,192,0,0,24
RACE32_MINUS_BEST32|ZERO|ACTIVE_C1-SHAM_C1|FE7,0.0,0.0,0.0,observed_exact_zero,sampled equality; not a design guarantee,0,0,192,0,0,24
RACE32_MINUS_BEST32|ZERO|ACTIVE_C1-SHAM_C1|FE8,0.0,0.0,0.0,observed_exact_zero,sampled equality; not a design guarantee,0,0,192,0,0,24
RACE32_MINUS_BEST32|ZERO|ACTIVE_C1-SHAM_C1|MLOSS,1.3478597005206483e-05,-0.00023334185282389795,0.0002441628774007182,unresolved,raw mismatch; RACE32-minus-BEST32 total policy contrast,10,13,169,6,7,11
RACE32_MINUS_BEST32|ZERO|ACTIVE_C1-SHAM_C1|U,-1.3478597005206483e-05,-0.00024416287740073006,0.00023334185282390264,unresolved,raw accuracy; RACE32-minus-BEST32 total policy contrast,13,10,169,7,6,11
RACE32_MINUS_BEST32|ZERO|ACTIVE_C1-SHAM_C1|U0,0.0,0.0,0.0,structural_zero,design-implied zero,0,0,192,0,0,24
RACE32_MINUS_BEST32|ZERO|ACTIVE_C1-SHAM_C1|U1,0.0,0.0,0.0,structural_zero,design-implied zero,0,0,192,0,0,24
RACE32_MINUS_BEST32|ZERO|ACTIVE_C1-SHAM_C1|U40,-0.000274658203125,-0.0017955780029296875,0.0012563069661458333,unresolved,raw accuracy; RACE32-minus-BEST32 total policy contrast,11,10,171,6,6,12
RACE32|FULL_MINUS_HALF|ACTIVE_C0-NOVEL_C0|D40,0.08805338541666667,0.01837158203125,0.16456298828124993,positive,carrier frequency change; direct law difference,29,13,150,14,5,5
RACE32|FULL_MINUS_HALF|ACTIVE_C0-NOVEL_C0|E1,0.00027770996093748795,-0.00016385396321615846,0.0007497660319010393,unresolved,raw accuracy; direct law difference,43,37,112,11,8,5
RACE32|FULL_MINUS_HALF|ACTIVE_C0-NOVEL_C0|E2,0.0007436116536458462,-0.0007306162516276018,0.002300059000651041,unresolved,raw accuracy; direct law difference,57,48,87,13,11,0
RACE32|FULL_MINUS_HALF|ACTIVE_C0-NOVEL_C0|E3,0.0013773600260416536,-0.0007040659586588756,0.0034515889485677376,unresolved,raw accuracy; direct law difference,54,50,88,14,10,0
RACE32|FULL_MINUS_HALF|ACTIVE_C0-NOVEL_C0|E4,0.0011260986328125212,-0.0007802327473957862,0.0028575388590494836,unresolved,raw accuracy; direct law difference,53,52,87,16,8,0
RACE32|FULL_MINUS_HALF|ACTIVE_C0-NOVEL_C0|E5,0.002617390950520835,-0.0009216054280598957,0.0059524536132812495,unresolved,raw accuracy; direct law difference,52,53,87,17,7,0
RACE32|FULL_MINUS_HALF|ACTIVE_C0-NOVEL_C0|E6,0.0051991780598958275,0.0005918121337890418,0.00990318298339845,positive,raw accuracy; direct law difference,64,41,87,16,8,0
RACE32|FULL_MINUS_HALF|ACTIVE_C0-NOVEL_C0|E7,0.012965901692708342,0.008506851196289073,0.017631251017252606,positive,raw accuracy; direct law difference,68,37,87,22,2,0
RACE32|FULL_MINUS_HALF|ACTIVE_C0-NOVEL_C0|E8,0.01630859375000002,0.010819931030273467,0.02194170633951826,positive,raw accuracy; direct law difference,67,38,87,21,3,0
RACE32|FULL_MINUS_HALF|ACTIVE_C0-NOVEL_C0|F,0.0423583984375,-0.003858337402343748,0.0935695393880208,unresolved,carrier frequency; direct law difference,48,33,111,16,7,1
RACE32|FULL_MINUS_HALF|ACTIVE_C0-NOVEL_C0|F0,0.0,0.0,0.0,structural_zero,design-implied zero,0,0,192,0,0,24
RACE32|FULL_MINUS_HALF|ACTIVE_C0-NOVEL_C0|F1,0.0,0.0,0.0,structural_zero,design-implied zero,0,0,192,0,0,24
RACE32|FULL_MINUS_HALF|ACTIVE_C0-NOVEL_C0|F40,0.08805338541666667,0.01837158203125,0.16456298828124993,positive,carrier frequency; direct law difference,29,13,150,14,5,5
RACE32|FULL_MINUS_HALF|ACTIVE_C0-NOVEL_C0|FE1,0.0028645833333333336,-0.00016276041666666603,0.006249999999999999,unresolved,carrier frequency; direct law difference,35,26,131,11,7,6
RACE32|FULL_MINUS_HALF|ACTIVE_C0-NOVEL_C0|FE2,0.013509114583333327,-0.005636393229166673,0.03301025390624998,unresolved,carrier frequency; direct law difference,43,33,116,13,10,1
RACE32|FULL_MINUS_HALF|ACTIVE_C0-NOVEL_C0|FE3,0.012044270833333336,-0.027963053385416662,0.05254069010416665,unresolved,carrier frequency; direct law difference,38,30,124,15,8,1
RACE32|FULL_MINUS_HALF|ACTIVE_C0-NOVEL_C0|FE4,0.027734374999999995,-0.029073079427083343,0.08633300781249996,unresolved,carrier frequency; direct law difference,35,26,131,16,7,1
RACE32|FULL_MINUS_HALF|ACTIVE_C0-NOVEL_C0|FE5,0.04833984375,-0.013579101562500005,0.11387044270833332,unresolved,carrier frequency; direct law difference,36,21,135,15,8,1
RACE32|FULL_MINUS_HALF|ACTIVE_C0-NOVEL_C0|FE6,0.07001953125,0.0030265299479166753,0.14030273437499996,positive,carrier frequency; direct law difference,35,17,140,16,7,1
RACE32|FULL_MINUS_HALF|ACTIVE_C0-NOVEL_C0|FE7,0.0783203125,0.009130859374999994,0.1571492513020832,positive,carrier frequency; direct law difference,32,16,144,16,7,1
RACE32|FULL_MINUS_HALF|ACTIVE_C0-NOVEL_C0|FE8,0.08603515624999998,0.018505859374999992,0.16153320312499994,positive,carrier frequency; direct law difference,30,15,147,15,7,2
RACE32|FULL_MINUS_HALF|ACTIVE_C0-NOVEL_C0|MLOSS,-0.005076980590820305,-0.007398331960042327,-0.002828601201375314,negative,raw mismatch; direct law difference,41,64,87,3,21,0
RACE32|FULL_MINUS_HALF|ACTIVE_C0-NOVEL_C0|U,0.005076980590820281,0.0028286012013753097,0.007398331960042299,positive,raw accuracy; direct law difference,64,41,87,21,3,0
RACE32|FULL_MINUS_HALF|ACTIVE_C0-NOVEL_C0|U0,0.0,0.0,0.0,structural_zero,design-implied zero,0,0,192,0,0,24
RACE32|FULL_MINUS_HALF|ACTIVE_C0-NOVEL_C0|U1,0.0,0.0,0.0,structural_zero,design-implied zero,0,0,192,0,0,24
RACE32|FULL_MINUS_HALF|ACTIVE_C0-NOVEL_C0|U40,0.018040974934895832,0.01100591023763021,0.024477005004882802,positive,raw accuracy; direct law difference,71,33,88,20,4,0
RACE32|FULL_MINUS_HALF|ACTIVE_C0-SHAM_C0|D40,0.059733072916666664,-0.007820638020833333,0.12875569661458328,unresolved,carrier frequency change; direct law difference,27,17,148,14,8,2
RACE32|FULL_MINUS_HALF|ACTIVE_C0-SHAM_C0|E1,0.0002156575520833176,3.967285156250092e-05,0.00039573669433594637,positive,raw accuracy; direct law difference,29,28,135,13,5,6
RACE32|FULL_MINUS_HALF|ACTIVE_C0-SHAM_C0|E2,0.000590006510416676,-0.0004112497965495122,0.0015689849853516358,unresolved,raw accuracy; direct law difference,43,41,108,11,12,1
RACE32|FULL_MINUS_HALF|ACTIVE_C0-SHAM_C0|E3,0.0015543619791666408,-0.0004109954833984436,0.0038118743896484435,unresolved,raw accuracy; direct law difference,49,35,108,15,8,1
RACE32|FULL_MINUS_HALF|ACTIVE_C0-SHAM_C0|E4,0.002129109700520835,-6.261189778646682e-05,0.004137751261393225,unresolved,raw accuracy; direct law difference,48,37,107,17,6,1
RACE32|FULL_MINUS_HALF|ACTIVE_C0-SHAM_C0|E5,0.002180989583333325,-0.0010846710205078122,0.005510559082031211,unresolved,raw accuracy; direct law difference,44,41,107,14,9,1
RACE32|FULL_MINUS_HALF|ACTIVE_C0-SHAM_C0|E6,0.005489095052083347,0.0014271799723307387,0.009189783732096356,positive,raw accuracy; direct law difference,54,31,107,17,6,1
RACE32|FULL_MINUS_HALF|ACTIVE_C0-SHAM_C0|E7,0.011447143554687497,0.007345250447591158,0.01565007527669267,positive,raw accuracy; direct law difference,57,28,107,20,3,1
RACE32|FULL_MINUS_HALF|ACTIVE_C0-SHAM_C0|E8,0.015604654947916704,0.010254542032877637,0.021468251546223987,positive,raw accuracy; direct law difference,61,24,107,20,3,1
RACE32|FULL_MINUS_HALF|ACTIVE_C0-SHAM_C0|F,0.016650390624999997,-0.02317392985026041,0.055402526855468724,unresolved,carrier frequency; direct law difference,39,41,112,14,9,1
RACE32|FULL_MINUS_HALF|ACTIVE_C0-SHAM_C0|F0,0.0,0.0,0.0,structural_zero,design-implied zero,0,0,192,0,0,24
RACE32|FULL_MINUS_HALF|ACTIVE_C0-SHAM_C0|F1,0.0,0.0,0.0,structural_zero,design-implied zero,0,0,192,0,0,24
RACE32|FULL_MINUS_HALF|ACTIVE_C0-SHAM_C0|F40,0.059733072916666664,-0.007820638020833333,0.12875569661458328,unresolved,carrier frequency; direct law difference,27,17,148,14,8,2
RACE32|FULL_MINUS_HALF|ACTIVE_C0-SHAM_C0|FE1,0.0012695312500000018,-0.0009765624999999984,0.0033203125000000016,unresolved,carrier frequency; direct law difference,29,24,139,11,7,6
RACE32|FULL_MINUS_HALF|ACTIVE_C0-SHAM_C0|FE2,-0.004361979166666668,-0.019205729166666668,0.008952636718749993,unresolved,carrier frequency; direct law difference,35,41,116,13,10,1
RACE32|FULL_MINUS_HALF|ACTIVE_C0-SHAM_C0|FE3,-0.011067708333333329,-0.04322916666666666,0.019371744791666652,unresolved,carrier frequency; direct law difference,35,34,123,12,11,1
RACE32|FULL_MINUS_HALF|ACTIVE_C0-SHAM_C0|FE4,-0.0009440104166666703,-0.0486669921875,0.04405436197916661,unresolved,carrier frequency; direct law difference,30,32,130,16,7,1
RACE32|FULL_MINUS_HALF|ACTIVE_C0-SHAM_C0|FE5,0.014453124999999999,-0.039139811197916666,0.06646158854166655,unresolved,carrier frequency; direct law difference,31,26,135,15,8,1
RACE32|FULL_MINUS_HALF|ACTIVE_C0-SHAM_C0|FE6,0.03320312500000001,-0.026695149739583316,0.09121826171874996,unresolved,carrier frequency; direct law difference,30,24,138,15,8,1
RACE32|FULL_MINUS_HALF|ACTIVE_C0-SHAM_C0|FE7,0.04283854166666667,-0.016511230468749995,0.10619140624999997,unresolved,carrier frequency; direct law difference,29,22,141,16,7,1
RACE32|FULL_MINUS_HALF|ACTIVE_C0-SHAM_C0|FE8,0.05781249999999999,-0.005149739583333339,0.12387532552083325,unresolved,carrier frequency; direct law difference,28,19,145,14,8,2
RACE32|FULL_MINUS_HALF|ACTIVE_C0-SHAM_C0|MLOSS,-0.004901377360026029,-0.007226556142171216,-0.0027263228098551254,negative,raw mismatch; direct law difference,33,52,107,3,20,1
RACE32|FULL_MINUS_HALF|ACTIVE_C0-SHAM_C0|U,0.004901377360026035,0.002726322809855146,0.007226556142171221,positive,raw accuracy; direct law difference,52,33,107,20,3,1
RACE32|FULL_MINUS_HALF|ACTIVE_C0-SHAM_C0|U0,0.0,0.0,0.0,structural_zero,design-implied zero,0,0,192,0,0,24
RACE32|FULL_MINUS_HALF|ACTIVE_C0-SHAM_C0|U1,0.0,0.0,0.0,structural_zero,design-implied zero,0,0,192,0,0,24
RACE32|FULL_MINUS_HALF|ACTIVE_C0-SHAM_C0|U40,0.019373575846354168,0.013417180379231772,0.02600657145182291,positive,raw accuracy; direct law difference,63,21,108,22,1,1
RACE32|FULL_MINUS_HALF|ACTIVE_C1-NOVEL_C1|D40,0.0,0.0,0.0,observed_exact_zero,sampled equality; not a design guarantee,0,0,192,0,0,24
RACE32|FULL_MINUS_HALF|ACTIVE_C1-NOVEL_C1|E1,-0.00010782877604165649,-0.0005495961507161509,0.00026858011881511826,unresolved,raw accuracy; direct law difference,24,19,149,11,8,5
RACE32|FULL_MINUS_HALF|ACTIVE_C1-NOVEL_C1|E2,0.0006805419921875056,-0.0002960205078125037,0.0017537943522135779,unresolved,raw accuracy; direct law difference,33,22,137,14,9,1
RACE32|FULL_MINUS_HALF|ACTIVE_C1-NOVEL_C1|E3,-0.0006093343098958481,-0.00198674519856772,0.0007610066731770248,unresolved,raw accuracy; direct law difference,28,27,137,12,11,1
RACE32|FULL_MINUS_HALF|ACTIVE_C1-NOVEL_C1|E4,-5.086263020832871e-05,-0.0014374287923177107,0.0012980651855468881,unresolved,raw accuracy; direct law difference,28,26,138,13,10,1
RACE32|FULL_MINUS_HALF|ACTIVE_C1-NOVEL_C1|E5,-0.0005737304687500333,-0.002822113037109449,0.001402791341145793,unresolved,raw accuracy; direct law difference,29,26,137,12,12,0
RACE32|FULL_MINUS_HALF|ACTIVE_C1-NOVEL_C1|E6,0.00013020833333334905,-0.001950302124023448,0.002040939331054689,unresolved,raw accuracy; direct law difference,33,23,136,12,12,0
RACE32|FULL_MINUS_HALF|ACTIVE_C1-NOVEL_C1|E7,-0.0002624511718749741,-0.0016523742675781385,0.001050847371419314,unresolved,raw accuracy; direct law difference,24,32,136,13,11,0
RACE32|FULL_MINUS_HALF|ACTIVE_C1-NOVEL_C1|E8,-0.0001576741536458287,-0.0018009185791015854,0.0016042327880859445,unresolved,raw accuracy; direct law difference,29,27,136,12,12,0
RACE32|FULL_MINUS_HALF|ACTIVE_C1-NOVEL_C1|F,0.00016276041666666655,-0.00024007161458333346,0.0005373128255208321,unresolved,carrier frequency; direct law difference,15,10,167,9,5,10
RACE32|FULL_MINUS_HALF|ACTIVE_C1-NOVEL_C1|F0,0.0,0.0,0.0,structural_zero,design-implied zero,0,0,192,0,0,24
RACE32|FULL_MINUS_HALF|ACTIVE_C1-NOVEL_C1|F1,0.0,0.0,0.0,structural_zero,design-implied zero,0,0,192,0,0,24
RACE32|FULL_MINUS_HALF|ACTIVE_C1-NOVEL_C1|F40,0.0,0.0,0.0,observed_exact_zero,sampled equality; not a design guarantee,0,0,192,0,0,24
RACE32|FULL_MINUS_HALF|ACTIVE_C1-NOVEL_C1|FE1,0.0005533854166666664,-0.0007812500000000002,0.0020515950520833283,unresolved,carrier frequency; direct law difference,12,10,170,7,5,12
RACE32|FULL_MINUS_HALF|ACTIVE_C1-NOVEL_C1|FE2,-0.00019531249999999988,-0.0021492513020833336,0.0015950520833333335,unresolved,carrier frequency; direct law difference,7,8,177,6,5,13
RACE32|FULL_MINUS_HALF|ACTIVE_C1-NOVEL_C1|FE3,0.0006835937500000001,-0.00026123046874999996,0.0018229166666666665,unresolved,carrier frequency; direct law difference,5,1,186,4,1,19
RACE32|FULL_MINUS_HALF|ACTIVE_C1-NOVEL_C1|FE4,0.00016276041666666666,0.0,0.00048828125,unresolved,carrier frequency; direct law difference,1,0,191,1,0,23
RACE32|FULL_MINUS_HALF|ACTIVE_C1-NOVEL_C1|FE5,9.765624999999999e-05,0.0,0.00029296875,unresolved,carrier frequency; direct law difference,1,0,191,1,0,23
RACE32|FULL_MINUS_HALF|ACTIVE_C1-NOVEL_C1|FE6,0.0,0.0,0.0,observed_exact_zero,sampled equality; not a design guarantee,0,0,192,0,0,24
RACE32|FULL_MINUS_HALF|ACTIVE_C1-NOVEL_C1|FE7,0.0,0.0,0.0,observed_exact_zero,sampled equality; not a design guarantee,0,0,192,0,0,24
RACE32|FULL_MINUS_HALF|ACTIVE_C1-NOVEL_C1|FE8,0.0,0.0,0.0,observed_exact_zero,sampled equality; not a design guarantee,0,0,192,0,0,24
RACE32|FULL_MINUS_HALF|ACTIVE_C1-NOVEL_C1|MLOSS,0.00011889139811198379,-0.000327695210774736,0.0005129655202229901,unresolved,raw mismatch; direct law difference,31,25,136,14,10,0
RACE32|FULL_MINUS_HALF|ACTIVE_C1-NOVEL_C1|U,-0.00011889139811198379,-0.0005129655202229697,0.000327695210774708,unresolved,raw accuracy; direct law difference,25,31,136,10,14,0
RACE32|FULL_MINUS_HALF|ACTIVE_C1-NOVEL_C1|U0,0.0,0.0,0.0,structural_zero,design-implied zero,0,0,192,0,0,24
RACE32|FULL_MINUS_HALF|ACTIVE_C1-NOVEL_C1|U1,0.0,0.0,0.0,structural_zero,design-implied zero,0,0,192,0,0,24
RACE32|FULL_MINUS_HALF|ACTIVE_C1-NOVEL_C1|U40,-0.0004628499348958333,-0.003163782755533854,0.0024060567220052067,unresolved,raw accuracy; direct law difference,24,30,138,9,15,0
RACE32|FULL_MINUS_HALF|ACTIVE_C1-SHAM_C1|D40,0.0,0.0,0.0,observed_exact_zero,sampled equality; not a design guarantee,0,0,192,0,0,24
RACE32|FULL_MINUS_HALF|ACTIVE_C1-SHAM_C1|E1,1.1189778645850912e-05,-4.275004069009697e-05,7.120768229167637e-05,unresolved,raw accuracy; direct law difference,9,7,176,5,5,14
RACE32|FULL_MINUS_HALF|ACTIVE_C1-SHAM_C1|E2,0.0005554199218749991,-0.00013743082682292628,0.0013732910156250095,unresolved,raw accuracy; direct law difference,11,9,172,8,6,10
RACE32|FULL_MINUS_HALF|ACTIVE_C1-SHAM_C1|E3,3.2552083333326855e-05,-0.0009696706136067638,0.0009267425537109049,unresolved,raw accuracy; direct law difference,13,7,172,9,5,10
RACE32|FULL_MINUS_HALF|ACTIVE_C1-SHAM_C1|E4,-0.00013732910156249076,-0.0009277598063150973,0.0006907399495442719,unresolved,raw accuracy; direct law difference,8,12,172,7,7,10
RACE32|FULL_MINUS_HALF|ACTIVE_C1-SHAM_C1|E5,-0.00015055338541669164,-0.0019616444905599393,0.0011698913574218737,unresolved,raw accuracy; direct law difference,10,10,172,8,6,10
RACE32|FULL_MINUS_HALF|ACTIVE_C1-SHAM_C1|E6,-0.00018310546874998612,-0.0009187316894531223,0.00048734029134116474,unresolved,raw accuracy; direct law difference,8,12,172,7,7,10
RACE32|FULL_MINUS_HALF|ACTIVE_C1-SHAM_C1|E7,0.0005055745442708407,-0.00035308837890626156,0.00140688578287762,unresolved,raw accuracy; direct law difference,13,7,172,9,5,10
RACE32|FULL_MINUS_HALF|ACTIVE_C1-SHAM_C1|E8,0.0003407796223958241,-0.0005433146158854226,0.0012554168701171783,unresolved,raw accuracy; direct law difference,13,7,172,7,7,10
RACE32|FULL_MINUS_HALF|ACTIVE_C1-SHAM_C1|F,7.731119791666654e-05,-0.00011393229166666674,0.00026051839192708264,unresolved,carrier frequency; direct law difference,9,6,177,6,4,14
RACE32|FULL_MINUS_HALF|ACTIVE_C1-SHAM_C1|F0,0.0,0.0,0.0,structural_zero,design-implied zero,0,0,192,0,0,24
RACE32|FULL_MINUS_HALF|ACTIVE_C1-SHAM_C1|F1,0.0,0.0,0.0,structural_zero,design-implied zero,0,0,192,0,0,24
RACE32|FULL_MINUS_HALF|ACTIVE_C1-SHAM_C1|F40,0.0,0.0,0.0,observed_exact_zero,sampled equality; not a design guarantee,0,0,192,0,0,24
RACE32|FULL_MINUS_HALF|ACTIVE_C1-SHAM_C1|FE1,0.0003906249999999997,-0.00016357421875000015,0.0011067708333333327,unresolved,carrier frequency; direct law difference,7,5,180,4,4,16
RACE32|FULL_MINUS_HALF|ACTIVE_C1-SHAM_C1|FE2,-0.00045572916666666657,-0.00166015625,0.000489095052083329,unresolved,carrier frequency; direct law difference,4,5,183,3,5,16
RACE32|FULL_MINUS_HALF|ACTIVE_C1-SHAM_C1|FE3,0.0004231770833333333,0.0,0.0010091145833333332,unresolved,carrier frequency; direct law difference,2,1,189,2,0,22
RACE32|FULL_MINUS_HALF|ACTIVE_C1-SHAM_C1|FE4,0.00016276041666666666,0.0,0.00048828125,unresolved,carrier frequency; direct law difference,1,0,191,1,0,23
RACE32|FULL_MINUS_HALF|ACTIVE_C1-SHAM_C1|FE5,9.765624999999999e-05,0.0,0.00029296875,unresolved,carrier frequency; direct law difference,1,0,191,1,0,23
RACE32|FULL_MINUS_HALF|ACTIVE_C1-SHAM_C1|FE6,0.0,0.0,0.0,observed_exact_zero,sampled equality; not a design guarantee,0,0,192,0,0,24
RACE32|FULL_MINUS_HALF|ACTIVE_C1-SHAM_C1|FE7,0.0,0.0,0.0,observed_exact_zero,sampled equality; not a design guarantee,0,0,192,0,0,24
RACE32|FULL_MINUS_HALF|ACTIVE_C1-SHAM_C1|FE8,0.0,0.0,0.0,observed_exact_zero,sampled equality; not a design guarantee,0,0,192,0,0,24
RACE32|FULL_MINUS_HALF|ACTIVE_C1-SHAM_C1|MLOSS,-0.00012181599934895741,-0.000440107981363935,0.00016011555989583492,unresolved,raw mismatch; direct law difference,10,9,173,7,7,10
RACE32|FULL_MINUS_HALF|ACTIVE_C1-SHAM_C1|U,0.00012181599934896666,-0.00016011555989582613,0.00044010798136392634,unresolved,raw accuracy; direct law difference,10,10,172,7,7,10
RACE32|FULL_MINUS_HALF|ACTIVE_C1-SHAM_C1|U0,0.0,0.0,0.0,structural_zero,design-implied zero,0,0,192,0,0,24
RACE32|FULL_MINUS_HALF|ACTIVE_C1-SHAM_C1|U1,0.0,0.0,0.0,structural_zero,design-implied zero,0,0,192,0,0,24
RACE32|FULL_MINUS_HALF|ACTIVE_C1-SHAM_C1|U40,0.0005900065104166666,-0.0008851369222005208,0.0023246765136718736,unresolved,raw accuracy; direct law difference,11,9,172,7,7,10
RACE32|FULL_MINUS_ZERO|ACTIVE_C0-NOVEL_C0|D40,0.22005208333333334,0.14875895182291668,0.3030598958333333,positive,carrier frequency change; direct law difference,45,5,142,20,0,4
RACE32|FULL_MINUS_ZERO|ACTIVE_C0-NOVEL_C0|E1,0.0006612141927083426,0.00015459696451824146,0.0011922709147135263,positive,raw accuracy; direct law difference,57,49,86,18,6,0
RACE32|FULL_MINUS_ZERO|ACTIVE_C0-NOVEL_C0|E2,0.0013183593749999806,-0.00024525960286460893,0.00263270060221352,unresolved,raw accuracy; direct law difference,61,45,86,16,8,0
RACE32|FULL_MINUS_ZERO|ACTIVE_C0-NOVEL_C0|E3,0.0019266764322916814,3.227233886723565e-05,0.003911387125651092,positive,raw accuracy; direct law difference,59,45,88,16,8,0
RACE32|FULL_MINUS_ZERO|ACTIVE_C0-NOVEL_C0|E4,0.0028289794921874944,0.0009530385335286434,0.004929173787434849,positive,raw accuracy; direct law difference,59,47,86,17,7,0
RACE32|FULL_MINUS_ZERO|ACTIVE_C0-NOVEL_C0|E5,0.006475830078125013,0.003935750325520874,0.009425888061523488,positive,raw accuracy; direct law difference,70,36,86,21,2,1
RACE32|FULL_MINUS_ZERO|ACTIVE_C0-NOVEL_C0|E6,0.00971679687499997,0.006366984049479159,0.01328539530436195,positive,raw accuracy; direct law difference,69,37,86,20,4,0
RACE32|FULL_MINUS_ZERO|ACTIVE_C0-NOVEL_C0|E7,0.014491780598958328,0.010420557657877614,0.018934224446614554,positive,raw accuracy; direct law difference,73,33,86,23,1,0
RACE32|FULL_MINUS_ZERO|ACTIVE_C0-NOVEL_C0|E8,0.01662394205729167,0.011400273640950542,0.022123184204101573,positive,raw accuracy; direct law difference,75,31,86,22,2,0
RACE32|FULL_MINUS_ZERO|ACTIVE_C0-NOVEL_C0|F,0.12803955078124998,0.08517008463541668,0.1765108235677083,positive,carrier frequency; direct law difference,70,20,102,22,2,0
RACE32|FULL_MINUS_ZERO|ACTIVE_C0-NOVEL_C0|F0,0.0,0.0,0.0,structural_zero,design-implied zero,0,0,192,0,0,24
RACE32|FULL_MINUS_ZERO|ACTIVE_C0-NOVEL_C0|F1,0.0,0.0,0.0,structural_zero,design-implied zero,0,0,192,0,0,24
RACE32|FULL_MINUS_ZERO|ACTIVE_C0-NOVEL_C0|F40,0.22005208333333334,0.14875895182291668,0.3030598958333333,positive,carrier frequency; direct law difference,45,5,142,20,0,4
RACE32|FULL_MINUS_ZERO|ACTIVE_C0-NOVEL_C0|FE1,0.008365885416666668,0.003548177083333335,0.013281250000000001,positive,carrier frequency; direct law difference,55,33,104,16,8,0
RACE32|FULL_MINUS_ZERO|ACTIVE_C0-NOVEL_C0|FE2,0.04163411458333333,0.01848876953125,0.06738362630208333,positive,carrier frequency; direct law difference,56,24,112,18,6,0
RACE32|FULL_MINUS_ZERO|ACTIVE_C0-NOVEL_C0|FE3,0.07151692708333333,0.03759114583333333,0.10911865234375,positive,carrier frequency; direct law difference,55,20,117,19,4,1
RACE32|FULL_MINUS_ZERO|ACTIVE_C0-NOVEL_C0|FE4,0.1267578125,0.08297444661458332,0.1748274739583332,positive,carrier frequency; direct law difference,51,13,128,22,1,1
RACE32|FULL_MINUS_ZERO|ACTIVE_C0-NOVEL_C0|FE5,0.16487630208333334,0.11767578125,0.21943603515625001,positive,carrier frequency; direct law difference,52,9,131,23,0,1
RACE32|FULL_MINUS_ZERO|ACTIVE_C0-NOVEL_C0|FE6,0.19143880208333333,0.13017415364583332,0.2596044921875,positive,carrier frequency; direct law difference,51,8,133,21,1,2
RACE32|FULL_MINUS_ZERO|ACTIVE_C0-NOVEL_C0|FE7,0.2015625,0.13424235026041667,0.2797216796875,positive,carrier frequency; direct law difference,48,8,136,21,1,2
RACE32|FULL_MINUS_ZERO|ACTIVE_C0-NOVEL_C0|FE8,0.21816406249999998,0.1454402669270833,0.30081705729166663,positive,carrier frequency; direct law difference,46,6,140,20,1,3
RACE32|FULL_MINUS_ZERO|ACTIVE_C0-NOVEL_C0|MLOSS,-0.00675544738769531,-0.009097706476847338,-0.004654512405395509,negative,raw mismatch; direct law difference,28,78,86,1,23,0
RACE32|FULL_MINUS_ZERO|ACTIVE_C0-NOVEL_C0|U,0.006755447387695272,0.00465451240539544,0.009097706476847295,positive,raw accuracy; direct law difference,78,28,86,23,1,0
RACE32|FULL_MINUS_ZERO|ACTIVE_C0-NOVEL_C0|U0,0.0,0.0,0.0,structural_zero,design-implied zero,0,0,192,0,0,24
RACE32|FULL_MINUS_ZERO|ACTIVE_C0-NOVEL_C0|U1,0.0,0.0,0.0,structural_zero,design-implied zero,0,0,192,0,0,24
RACE32|FULL_MINUS_ZERO|ACTIVE_C0-NOVEL_C0|U40,0.016764322916666668,0.009841537475585938,0.02382418314615885,positive,raw accuracy; direct law difference,73,32,87,21,3,0
RACE32|FULL_MINUS_ZERO|ACTIVE_C0-SHAM_C0|D40,0.11653645833333333,0.053544108072916666,0.18457438151041664,positive,carrier frequency change; direct law difference,40,10,142,19,3,2
RACE32|FULL_MINUS_ZERO|ACTIVE_C0-SHAM_C0|E1,0.000395711263020825,8.135477701820676e-05,0.0007354990641276154,positive,raw accuracy; direct law difference,44,34,114,15,8,1
RACE32|FULL_MINUS_ZERO|ACTIVE_C0-SHAM_C0|E2,0.0010009765624999732,-0.0003927866617838856,0.002428538004557265,unresolved,raw accuracy; direct law difference,48,39,105,15,9,0
RACE32|FULL_MINUS_ZERO|ACTIVE_C0-SHAM_C0|E3,0.00042622884114584353,-0.001681645711263018,0.002420298258463546,unresolved,raw accuracy; direct law difference,44,44,104,13,11,0
RACE32|FULL_MINUS_ZERO|ACTIVE_C0-SHAM_C0|E4,0.002231852213541649,0.0004972585042316715,0.0041505686442057,positive,raw accuracy; direct law difference,50,38,104,17,7,0
RACE32|FULL_MINUS_ZERO|ACTIVE_C0-SHAM_C0|E5,0.0054931640625,0.003332239786783867,0.008034337361653666,positive,raw accuracy; direct law difference,56,32,104,23,1,0
RACE32|FULL_MINUS_ZERO|ACTIVE_C0-SHAM_C0|E6,0.009947713216145834,0.006972961425781273,0.01316139221191406,positive,raw accuracy; direct law difference,63,25,104,22,2,0
RACE32|FULL_MINUS_ZERO|ACTIVE_C0-SHAM_C0|E7,0.012470499674479154,0.00810427347819012,0.016987279256184856,positive,raw accuracy; direct law difference,62,26,104,21,3,0
RACE32|FULL_MINUS_ZERO|ACTIVE_C0-SHAM_C0|E8,0.015512084960937506,0.010583012898763034,0.020805308024088535,positive,raw accuracy; direct law difference,66,22,104,22,2,0
RACE32|FULL_MINUS_ZERO|ACTIVE_C0-SHAM_C0|F,0.05630696614583333,0.020123697916666666,0.09507802327473955,positive,carrier frequency; direct law difference,52,35,105,17,7,0
RACE32|FULL_MINUS_ZERO|ACTIVE_C0-SHAM_C0|F0,0.0,0.0,0.0,structural_zero,design-implied zero,0,0,192,0,0,24
RACE32|FULL_MINUS_ZERO|ACTIVE_C0-SHAM_C0|F1,0.0,0.0,0.0,structural_zero,design-implied zero,0,0,192,0,0,24
RACE32|FULL_MINUS_ZERO|ACTIVE_C0-SHAM_C0|F40,0.11653645833333333,0.053544108072916666,0.18457438151041664,positive,carrier frequency; direct law difference,40,10,142,19,3,2
RACE32|FULL_MINUS_ZERO|ACTIVE_C0-SHAM_C0|FE1,0.0021158854166666687,-0.0008463541666666632,0.005436197916666667,unresolved,carrier frequency; direct law difference,45,32,115,14,10,0
RACE32|FULL_MINUS_ZERO|ACTIVE_C0-SHAM_C0|FE2,0.0039062499999999987,-0.013380533854166664,0.023474121093749977,unresolved,carrier frequency; direct law difference,39,41,112,11,13,0
RACE32|FULL_MINUS_ZERO|ACTIVE_C0-SHAM_C0|FE3,0.018131510416666666,-0.014584960937499995,0.05177327473958325,unresolved,carrier frequency; direct law difference,46,26,120,14,9,1
RACE32|FULL_MINUS_ZERO|ACTIVE_C0-SHAM_C0|FE4,0.055143229166666675,0.01764078776041667,0.09219726562499994,positive,carrier frequency; direct law difference,45,22,125,17,6,1
RACE32|FULL_MINUS_ZERO|ACTIVE_C0-SHAM_C0|FE5,0.0740234375,0.03203043619791667,0.11578776041666666,positive,carrier frequency; direct law difference,43,20,129,19,4,1
RACE32|FULL_MINUS_ZERO|ACTIVE_C0-SHAM_C0|FE6,0.08727213541666667,0.03472819010416667,0.143427734375,positive,carrier frequency; direct law difference,42,19,131,18,5,1
RACE32|FULL_MINUS_ZERO|ACTIVE_C0-SHAM_C0|FE7,0.09602864583333333,0.03573404947916666,0.16074300130208333,positive,carrier frequency; direct law difference,40,17,135,17,6,1
RACE32|FULL_MINUS_ZERO|ACTIVE_C0-SHAM_C0|FE8,0.11383463541666665,0.05211344401041667,0.18058024088541658,positive,carrier frequency; direct law difference,41,13,138,19,4,1
RACE32|FULL_MINUS_ZERO|ACTIVE_C0-SHAM_C0|MLOSS,-0.00593477884928385,-0.008130213419596353,-0.003966064453124989,negative,raw mismatch; direct law difference,27,61,104,4,20,0
RACE32|FULL_MINUS_ZERO|ACTIVE_C0-SHAM_C0|U,0.005934778849283839,0.003966064453124965,0.008130213419596358,positive,raw accuracy; direct law difference,61,27,104,20,4,0
RACE32|FULL_MINUS_ZERO|ACTIVE_C0-SHAM_C0|U0,0.0,0.0,0.0,structural_zero,design-implied zero,0,0,192,0,0,24
RACE32|FULL_MINUS_ZERO|ACTIVE_C0-SHAM_C0|U1,0.0,0.0,0.0,structural_zero,design-implied zero,0,0,192,0,0,24
RACE32|FULL_MINUS_ZERO|ACTIVE_C0-SHAM_C0|U40,0.0164794921875,0.010797500610351562,0.02277132670084635,positive,raw accuracy; direct law difference,63,25,104,21,3,0
RACE32|FULL_MINUS_ZERO|ACTIVE_C1-NOVEL_C1|D40,0.0,0.0,0.0,observed_exact_zero,sampled equality; not a design guarantee,0,0,192,0,0,24
RACE32|FULL_MINUS_ZERO|ACTIVE_C1-NOVEL_C1|E1,-0.0001149495442708028,-0.0006511433919270821,0.00043134053548177155,unresolved,raw accuracy; direct law difference,29,28,135,12,11,1
RACE32|FULL_MINUS_ZERO|ACTIVE_C1-NOVEL_C1|E2,0.0011281331380208343,5.592346191406773e-05,0.002369435628255185,positive,raw accuracy; direct law difference,38,20,134,16,8,0
RACE32|FULL_MINUS_ZERO|ACTIVE_C1-NOVEL_C1|E3,0.0013478597005208287,0.00046379089355468684,0.0022908528645833137,positive,raw accuracy; direct law difference,44,14,134,17,7,0
RACE32|FULL_MINUS_ZERO|ACTIVE_C1-NOVEL_C1|E4,0.0001485188802083324,-0.0009725952148437265,0.001315333048502632,unresolved,raw accuracy; direct law difference,33,24,135,10,14,0
RACE32|FULL_MINUS_ZERO|ACTIVE_C1-NOVEL_C1|E5,-0.000755818684895849,-0.0017903900146484517,0.00031845092773436266,unresolved,raw accuracy; direct law difference,27,32,133,10,14,0
RACE32|FULL_MINUS_ZERO|ACTIVE_C1-NOVEL_C1|E6,-0.000996907552083338,-0.0018178304036458137,-0.00015556335449221228,negative,raw accuracy; direct law difference,22,37,133,8,16,0
RACE32|FULL_MINUS_ZERO|ACTIVE_C1-NOVEL_C1|E7,-0.0005198160807291611,-0.0016937510172526226,0.0004994964599609463,unresolved,raw accuracy; direct law difference,27,32,133,9,15,0
RACE32|FULL_MINUS_ZERO|ACTIVE_C1-NOVEL_C1|E8,-0.0004760742187499972,-0.0015584309895832948,0.0005086771647135272,unresolved,raw accuracy; direct law difference,28,31,133,11,13,0
RACE32|FULL_MINUS_ZERO|ACTIVE_C1-NOVEL_C1|F,0.0007771809895833334,-5.299886067708343e-05,0.0017131551106770826,unresolved,carrier frequency; direct law difference,18,20,154,12,9,3
RACE32|FULL_MINUS_ZERO|ACTIVE_C1-NOVEL_C1|F0,0.0,0.0,0.0,structural_zero,design-implied zero,0,0,192,0,0,24
RACE32|FULL_MINUS_ZERO|ACTIVE_C1-NOVEL_C1|F1,0.0,0.0,0.0,structural_zero,design-implied zero,0,0,192,0,0,24
RACE32|FULL_MINUS_ZERO|ACTIVE_C1-NOVEL_C1|F40,0.0,0.0,0.0,observed_exact_zero,sampled equality; not a design guarantee,0,0,192,0,0,24
RACE32|FULL_MINUS_ZERO|ACTIVE_C1-NOVEL_C1|FE1,0.001139322916666666,-0.00045572916666666684,0.0030273437499999992,unresolved,carrier frequency; direct law difference,18,19,155,11,10,3
RACE32|FULL_MINUS_ZERO|ACTIVE_C1-NOVEL_C1|FE2,0.0026367187499999997,-0.00016276041666666666,0.005729166666666667,unresolved,carrier frequency; direct law difference,12,8,172,9,5,10
RACE32|FULL_MINUS_ZERO|ACTIVE_C1-NOVEL_C1|FE3,0.00166015625,-0.0003580729166666667,0.004037272135416662,unresolved,carrier frequency; direct law difference,5,1,186,5,1,18
RACE32|FULL_MINUS_ZERO|ACTIVE_C1-NOVEL_C1|FE4,0.0006835937500000001,-0.0003255208333333333,0.0022143554687499957,unresolved,carrier frequency; direct law difference,2,1,189,2,1,21
RACE32|FULL_MINUS_ZERO|ACTIVE_C1-NOVEL_C1|FE5,9.765624999999999e-05,0.0,0.00029296875,unresolved,carrier frequency; direct law difference,1,0,191,1,0,23
RACE32|FULL_MINUS_ZERO|ACTIVE_C1-NOVEL_C1|FE6,0.0,0.0,0.0,observed_exact_zero,sampled equality; not a design guarantee,0,0,192,0,0,24
RACE32|FULL_MINUS_ZERO|ACTIVE_C1-NOVEL_C1|FE7,0.0,0.0,0.0,observed_exact_zero,sampled equality; not a design guarantee,0,0,192,0,0,24
RACE32|FULL_MINUS_ZERO|ACTIVE_C1-NOVEL_C1|FE8,0.0,0.0,0.0,observed_exact_zero,sampled equality; not a design guarantee,0,0,192,0,0,24
RACE32|FULL_MINUS_ZERO|ACTIVE_C1-NOVEL_C1|MLOSS,2.988179524739352e-05,-0.0003506755828857465,0.00039563814798990545,unresolved,raw mismatch; direct law difference,32,27,133,13,11,0
RACE32|FULL_MINUS_ZERO|ACTIVE_C1-NOVEL_C1|U,-2.9881795247386583e-05,-0.00039563814798987954,0.00035067558288574206,unresolved,raw accuracy; direct law difference,27,32,133,11,13,0
RACE32|FULL_MINUS_ZERO|ACTIVE_C1-NOVEL_C1|U0,0.0,0.0,0.0,structural_zero,design-implied zero,0,0,192,0,0,24
RACE32|FULL_MINUS_ZERO|ACTIVE_C1-NOVEL_C1|U1,0.0,0.0,0.0,structural_zero,design-implied zero,0,0,192,0,0,24
RACE32|FULL_MINUS_ZERO|ACTIVE_C1-NOVEL_C1|U40,-0.0016377766927083333,-0.0041506449381510414,0.0009110768636067673,unresolved,raw accuracy; direct law difference,23,36,133,8,15,1
RACE32|FULL_MINUS_ZERO|ACTIVE_C1-SHAM_C1|D40,0.0,0.0,0.0,observed_exact_zero,sampled equality; not a design guarantee,0,0,192,0,0,24
RACE32|FULL_MINUS_ZERO|ACTIVE_C1-SHAM_C1|E1,-7.120768229164354e-05,-0.0002736663818359236,0.0001342773437500259,unresolved,raw accuracy; direct law difference,13,11,168,8,7,9
RACE32|FULL_MINUS_ZERO|ACTIVE_C1-SHAM_C1|E2,7.5276692708325e-05,-0.00029604593912761236,0.0004191080729166329,unresolved,raw accuracy; direct law difference,13,12,167,10,5,9
RACE32|FULL_MINUS_ZERO|ACTIVE_C1-SHAM_C1|E3,0.00011596679687501017,-0.0006551361083984153,0.0009918467203776044,unresolved,raw accuracy; direct law difference,14,11,167,6,9,9
RACE32|FULL_MINUS_ZERO|ACTIVE_C1-SHAM_C1|E4,-6.713867187499907e-05,-0.0007324727376302079,0.0006338755289713462,unresolved,raw accuracy; direct law difference,12,14,166,8,8,8
RACE32|FULL_MINUS_ZERO|ACTIVE_C1-SHAM_C1|E5,0.0006785074869791371,8.900960286261805e-07,0.001415049235026031,positive,raw accuracy; direct law difference,17,9,166,12,4,8
RACE32|FULL_MINUS_ZERO|ACTIVE_C1-SHAM_C1|E6,-0.0009084065755208306,-0.0017232259114583204,-0.0001739247639973909,negative,raw accuracy; direct law difference,7,19,166,4,12,8
RACE32|FULL_MINUS_ZERO|ACTIVE_C1-SHAM_C1|E7,-7.62939453125e-05,-0.0007703653971354333,0.0005717722574869855,unresolved,raw accuracy; direct law difference,15,11,166,8,8,8
RACE32|FULL_MINUS_ZERO|ACTIVE_C1-SHAM_C1|E8,-0.00018107096354166388,-0.000710169474283874,0.00032145182291667084,unresolved,raw accuracy; direct law difference,11,15,166,6,10,8
RACE32|FULL_MINUS_ZERO|ACTIVE_C1-SHAM_C1|F,0.0005208333333333332,-5.2897135416666696e-05,0.0012248738606770826,unresolved,carrier frequency; direct law difference,12,11,169,6,8,10
RACE32|FULL_MINUS_ZERO|ACTIVE_C1-SHAM_C1|F0,0.0,0.0,0.0,structural_zero,design-implied zero,0,0,192,0,0,24
RACE32|FULL_MINUS_ZERO|ACTIVE_C1-SHAM_C1|F1,0.0,0.0,0.0,structural_zero,design-implied zero,0,0,192,0,0,24
RACE32|FULL_MINUS_ZERO|ACTIVE_C1-SHAM_C1|F40,0.0,0.0,0.0,observed_exact_zero,sampled equality; not a design guarantee,0,0,192,0,0,24
RACE32|FULL_MINUS_ZERO|ACTIVE_C1-SHAM_C1|FE1,0.0004882812499999992,-0.00035807291666666697,0.0016601562499999987,unresolved,carrier frequency; direct law difference,10,9,173,5,7,12
RACE32|FULL_MINUS_ZERO|ACTIVE_C1-SHAM_C1|FE2,0.0018229166666666665,-0.0005867513020833334,0.004655761718749996,unresolved,carrier frequency; direct law difference,7,5,180,5,4,15
RACE32|FULL_MINUS_ZERO|ACTIVE_C1-SHAM_C1|FE3,0.001106770833333333,0.0,0.0027669270833333335,unresolved,carrier frequency; direct law difference,3,0,189,3,0,21
RACE32|FULL_MINUS_ZERO|ACTIVE_C1-SHAM_C1|FE4,0.0005533854166666667,0.0,0.0014990234374999912,unresolved,carrier frequency; direct law difference,2,0,190,2,0,22
RACE32|FULL_MINUS_ZERO|ACTIVE_C1-SHAM_C1|FE5,0.00019531249999999998,0.0,0.00048828125,unresolved,carrier frequency; direct law difference,2,0,190,2,0,22
RACE32|FULL_MINUS_ZERO|ACTIVE_C1-SHAM_C1|FE6,0.0,0.0,0.0,observed_exact_zero,sampled equality; not a design guarantee,0,0,192,0,0,24
RACE32|FULL_MINUS_ZERO|ACTIVE_C1-SHAM_C1|FE7,0.0,0.0,0.0,observed_exact_zero,sampled equality; not a design guarantee,0,0,192,0,0,24
RACE32|FULL_MINUS_ZERO|ACTIVE_C1-SHAM_C1|FE8,0.0,0.0,0.0,observed_exact_zero,sampled equality; not a design guarantee,0,0,192,0,0,24
RACE32|FULL_MINUS_ZERO|ACTIVE_C1-SHAM_C1|MLOSS,5.429585774739907e-05,-0.00015248934427897532,0.0002784824371337867,unresolved,raw mismatch; direct law difference,15,10,167,9,7,8
RACE32|FULL_MINUS_ZERO|ACTIVE_C1-SHAM_C1|U,-5.429585774738751e-05,-0.00027848243713380244,0.0001524893442789732,unresolved,raw accuracy; direct law difference,11,15,166,7,9,8
RACE32|FULL_MINUS_ZERO|ACTIVE_C1-SHAM_C1|U0,0.0,0.0,0.0,structural_zero,design-implied zero,0,0,192,0,0,24
RACE32|FULL_MINUS_ZERO|ACTIVE_C1-SHAM_C1|U1,0.0,0.0,0.0,structural_zero,design-implied zero,0,0,192,0,0,24
RACE32|FULL_MINUS_ZERO|ACTIVE_C1-SHAM_C1|U40,-0.0005137125651041666,-0.002288818359375,0.0010581970214843736,unresolved,raw accuracy; direct law difference,13,13,166,8,8,8
RACE32|FULL|ACTIVE_C0-NOVEL_C0|D40,0.2265625,0.17935791015625,0.2881022135416666,positive,carrier frequency change; first minus second arm,46,0,146,23,0,1
RACE32|FULL|ACTIVE_C0-NOVEL_C0|E1,0.00015665690104165372,-2.1387736002630278e-05,0.00035196940104166135,unresolved,raw accuracy; first minus second arm,51,42,99,15,8,1
RACE32|FULL|ACTIVE_C0-NOVEL_C0|E2,0.0006418863932291657,0.0002034505208333377,0.0011345163981119866,positive,raw accuracy; first minus second arm,61,41,90,18,6,0
RACE32|FULL|ACTIVE_C0-NOVEL_C0|E3,0.001941935221354163,0.0009489186604817772,0.0031067403157551813,positive,raw accuracy; first minus second arm,72,31,89,20,4,0
RACE32|FULL|ACTIVE_C0-NOVEL_C0|E4,0.0031860351562500075,0.0017150878906250307,0.004972229003906244,positive,raw accuracy; first minus second arm,68,37,87,21,2,1
RACE32|FULL|ACTIVE_C0-NOVEL_C0|E5,0.005813598632812496,0.003592834472656253,0.008452987670898434,positive,raw accuracy; first minus second arm,67,36,89,24,0,0
RACE32|FULL|ACTIVE_C0-NOVEL_C0|E6,0.009844970703124978,0.006828486124674449,0.013000895182291626,positive,raw accuracy; first minus second arm,75,29,88,23,1,0
RACE32|FULL|ACTIVE_C0-NOVEL_C0|E7,0.013727823893229171,0.009829457600911442,0.017926050821940084,positive,raw accuracy; first minus second arm,73,29,90,24,0,0
RACE32|FULL|ACTIVE_C0-NOVEL_C0|E8,0.016729736328124998,0.011978123982747382,0.02184544881184895,positive,raw accuracy; first minus second arm,72,33,87,22,2,0
RACE32|FULL|ACTIVE_C0-NOVEL_C0|F,0.14042154947916666,0.11287404378255207,0.17489410400390623,positive,carrier frequency; first minus second arm,99,5,88,24,0,0
RACE32|FULL|ACTIVE_C0-NOVEL_C0|F0,0.0,0.0,0.0,structural_zero,design-implied zero,0,0,192,0,0,24
RACE32|FULL|ACTIVE_C0-NOVEL_C0|F1,0.010416666666666666,0.00845947265625,0.012369791666666666,positive,carrier frequency; first minus second arm,66,2,124,23,0,1
RACE32|FULL|ACTIVE_C0-NOVEL_C0|F40,0.2265625,0.17935791015625,0.2881022135416666,positive,carrier frequency; first minus second arm,46,0,146,23,0,1
RACE32|FULL|ACTIVE_C0-NOVEL_C0|FE1,0.027018229166666668,0.022265625,0.03186848958333333,positive,carrier frequency; first minus second arm,97,5,90,24,0,0
RACE32|FULL|ACTIVE_C0-NOVEL_C0|FE2,0.06438802083333332,0.04944580078125,0.08131591796874998,positive,carrier frequency; first minus second arm,67,1,124,23,0,1
RACE32|FULL|ACTIVE_C0-NOVEL_C0|FE3,0.09716796875,0.07571533203125001,0.12477294921875,positive,carrier frequency; first minus second arm,58,0,134,23,0,1
RACE32|FULL|ACTIVE_C0-NOVEL_C0|FE4,0.13447265625000002,0.10507405598958332,0.16832763671875003,positive,carrier frequency; first minus second arm,51,0,141,23,0,1
RACE32|FULL|ACTIVE_C0-NOVEL_C0|FE5,0.16669921875000002,0.13319905598958334,0.20622314453124996,positive,carrier frequency; first minus second arm,48,0,144,23,0,1
RACE32|FULL|ACTIVE_C0-NOVEL_C0|FE6,0.19661458333333334,0.15872314453125,0.2430061848958333,positive,carrier frequency; first minus second arm,48,0,144,23,0,1
RACE32|FULL|ACTIVE_C0-NOVEL_C0|FE7,0.21227213541666667,0.16935872395833332,0.2697013346354166,positive,carrier frequency; first minus second arm,46,0,146,23,0,1
RACE32|FULL|ACTIVE_C0-NOVEL_C0|FE8,0.22473958333333333,0.1788997395833333,0.28448242187499995,positive,carrier frequency; first minus second arm,46,0,146,23,0,1
RACE32|FULL|ACTIVE_C0-NOVEL_C0|MLOSS,-0.006505330403645839,-0.00862284978230794,-0.004523064295450854,negative,raw mismatch; first minus second arm,28,77,87,1,23,0
RACE32|FULL|ACTIVE_C0-NOVEL_C0|U,0.006505330403645819,0.004523064295450824,0.008622849782307962,positive,raw accuracy; first minus second arm,77,28,87,23,1,0
RACE32|FULL|ACTIVE_C0-NOVEL_C0|U0,0.0,0.0,0.0,structural_zero,design-implied zero,0,0,192,0,0,24
RACE32|FULL|ACTIVE_C0-NOVEL_C0|U1,5.5948893229166664e-05,-2.5431315104166668e-05,0.00014241536458333334,unresolved,raw accuracy; first minus second arm,11,8,173,7,4,13
RACE32|FULL|ACTIVE_C0-NOVEL_C0|U40,0.017842610677083332,0.012292989095052083,0.023499552408854162,positive,raw accuracy; first minus second arm,72,32,88,22,2,0
RACE32|FULL|ACTIVE_C0-SHAM_C0|D40,0.18522135416666666,0.14012858072916667,0.2404012044270833,positive,carrier frequency change; first minus second arm,42,2,148,22,0,2
RACE32|FULL|ACTIVE_C0-SHAM_C0|E1,0.0001363118489583065,3.662109374997571e-05,0.00024419148763018937,positive,raw accuracy; first minus second arm,33,22,137,13,7,4
RACE32|FULL|ACTIVE_C0-SHAM_C0|E2,0.0006988525390624889,0.000279719034830697,0.0011872609456380179,positive,raw accuracy; first minus second arm,48,27,117,17,5,2
RACE32|FULL|ACTIVE_C0-SHAM_C0|E3,0.0017171223958333444,0.0007190195719400984,0.0029655965169270906,positive,raw accuracy; first minus second arm,50,29,113,20,3,1
RACE32|FULL|ACTIVE_C0-SHAM_C0|E4,0.003193155924479154,0.0017373402913411242,0.004964345296223957,positive,raw accuracy; first minus second arm,59,22,111,20,3,1
RACE32|FULL|ACTIVE_C0-SHAM_C0|E5,0.006114705403645823,0.0037657674153645723,0.008864135742187501,positive,raw accuracy; first minus second arm,57,24,111,22,1,1
RACE32|FULL|ACTIVE_C0-SHAM_C0|E6,0.009337361653645834,0.006432800292968751,0.01232920328776043,positive,raw accuracy; first minus second arm,64,17,111,21,2,1
RACE32|FULL|ACTIVE_C0-SHAM_C0|E7,0.013348388671874998,0.009377466837565091,0.017563018798828108,positive,raw accuracy; first minus second arm,56,25,111,23,0,1
RACE32|FULL|ACTIVE_C0-SHAM_C0|E8,0.01658426920572918,0.012088826497395858,0.02154680887858073,positive,raw accuracy; first minus second arm,62,20,110,22,1,1
RACE32|FULL|ACTIVE_C0-SHAM_C0|F,0.10390624999999999,0.08055379231770834,0.13235595703124994,positive,carrier frequency; first minus second arm,69,11,112,23,0,1
RACE32|FULL|ACTIVE_C0-SHAM_C0|F0,0.0,0.0,0.0,structural_zero,design-implied zero,0,0,192,0,0,24
RACE32|FULL|ACTIVE_C0-SHAM_C0|F1,0.0,0.0,0.0,structural_zero,design-implied zero,0,0,192,0,0,24
RACE32|FULL|ACTIVE_C0-SHAM_C0|F40,0.18522135416666666,0.14012858072916667,0.2404012044270833,positive,carrier frequency; first minus second arm,42,2,148,22,0,2
RACE32|FULL|ACTIVE_C0-SHAM_C0|FE1,0.006608072916666668,0.0035156250000000014,0.010123697916666667,positive,carrier frequency; first minus second arm,44,10,138,16,4,4
RACE32|FULL|ACTIVE_C0-SHAM_C0|FE2,0.02975260416666667,0.018033040364583336,0.04313395182291665,positive,carrier frequency; first minus second arm,51,16,125,20,3,1
RACE32|FULL|ACTIVE_C0-SHAM_C0|FE3,0.0626953125,0.044303385416666674,0.084443359375,positive,carrier frequency; first minus second arm,51,11,130,22,1,1
RACE32|FULL|ACTIVE_C0-SHAM_C0|FE4,0.09837239583333335,0.0763330078125,0.1236360677083333,positive,carrier frequency; first minus second arm,49,8,135,23,0,1
RACE32|FULL|ACTIVE_C0-SHAM_C0|FE5,0.1283203125,0.10117024739583334,0.15944254557291668,positive,carrier frequency; first minus second arm,45,7,140,23,0,1
RACE32|FULL|ACTIVE_C0-SHAM_C0|FE6,0.152734375,0.11826171875000001,0.1932942708333333,positive,carrier frequency; first minus second arm,45,7,140,23,0,1
RACE32|FULL|ACTIVE_C0-SHAM_C0|FE7,0.16917317708333335,0.12958821614583335,0.22013020833333324,positive,carrier frequency; first minus second arm,44,5,143,23,0,1
RACE32|FULL|ACTIVE_C0-SHAM_C0|FE8,0.18359375,0.140751953125,0.23655761718749999,positive,carrier frequency; first minus second arm,44,3,145,23,0,1
RACE32|FULL|ACTIVE_C0-SHAM_C0|MLOSS,-0.006391270955403642,-0.008510796229044592,-0.004462645848592114,negative,raw mismatch; first minus second arm,19,63,110,0,23,1
RACE32|FULL|ACTIVE_C0-SHAM_C0|U,0.00639127095540364,0.004462645848592093,0.0085107962290446,positive,raw accuracy; first minus second arm,63,19,110,23,0,1
RACE32|FULL|ACTIVE_C0-SHAM_C0|U0,0.0,0.0,0.0,structural_zero,design-implied zero,0,0,192,0,0,24
RACE32|FULL|ACTIVE_C0-SHAM_C0|U1,0.0,0.0,0.0,structural_zero,design-implied zero,0,0,192,0,0,24
RACE32|FULL|ACTIVE_C0-SHAM_C0|U40,0.01763916015625,0.01295916239420573,0.02253328959147135,positive,raw accuracy; first minus second arm,66,16,110,22,1,1
RACE32|FULL|ACTIVE_C0|D40,0.1953125,0.14810791015625,0.2568522135416666,positive,carrier frequency change; absolute,46,146,0,23,1,0
RACE32|FULL|ACTIVE_C0|E1,0.723992919921875,0.7048770650227865,0.7451191965738931,positive,raw accuracy; absolute,192,0,0,24,0,0
RACE32|FULL|ACTIVE_C0|E2,0.7245869954427082,0.7058141581217448,0.7457038116455078,positive,raw accuracy; absolute,192,0,0,24,0,0
RACE32|FULL|ACTIVE_C0|E3,0.7267903645833332,0.7082709503173827,0.7472820790608724,positive,raw accuracy; absolute,192,0,0,24,0,0
RACE32|FULL|ACTIVE_C0|E4,0.727996826171875,0.7096811421712239,0.7484868876139323,positive,raw accuracy; absolute,192,0,0,24,0,0
RACE32|FULL|ACTIVE_C0|E5,0.7313140869140625,0.7136707560221355,0.751633071899414,positive,raw accuracy; absolute,192,0,0,24,0,0
RACE32|FULL|ACTIVE_C0|E6,0.73431396484375,0.7165550486246743,0.75424072265625,positive,raw accuracy; absolute,192,0,0,24,0,0
RACE32|FULL|ACTIVE_C0|E7,0.7387481689453125,0.7211038208007813,0.7586549377441405,positive,raw accuracy; absolute,192,0,0,24,0,0
RACE32|FULL|ACTIVE_C0|E8,0.7415924072265625,0.7238542175292969,0.7614096832275389,positive,raw accuracy; absolute,192,0,0,24,0,0
RACE32|FULL|ACTIVE_C0|F,0.14180501302083334,0.1140392049153646,0.17647755940755208,positive,carrier frequency; absolute,124,0,68,24,0,0
RACE32|FULL|ACTIVE_C0|F0,0.03125,0.03125,0.03125,positive,carrier frequency; absolute,192,0,0,24,0,0
RACE32|FULL|ACTIVE_C0|F1,0.030598958333333332,0.0263671875,0.034830729166666664,positive,carrier frequency; absolute,124,0,68,24,0,0
RACE32|FULL|ACTIVE_C0|F40,0.2265625,0.17935791015625,0.2881022135416666,positive,carrier frequency; absolute,46,0,146,23,0,1
RACE32|FULL|ACTIVE_C0|FE1,0.03733723958333334,0.031087239583333332,0.043946126302083326,positive,carrier frequency; absolute,124,0,68,24,0,0
RACE32|FULL|ACTIVE_C0|FE2,0.06513671875,0.0500927734375,0.08258626302083331,positive,carrier frequency; absolute,67,0,125,23,0,1
RACE32|FULL|ACTIVE_C0|FE3,0.09716796875,0.07571533203125001,0.12477294921875,positive,carrier frequency; absolute,58,0,134,23,0,1
RACE32|FULL|ACTIVE_C0|FE4,0.13447265625000002,0.10507405598958332,0.16832763671875003,positive,carrier frequency; absolute,51,0,141,23,0,1
RACE32|FULL|ACTIVE_C0|FE5,0.16669921875000002,0.13319905598958334,0.20622314453124996,positive,carrier frequency; absolute,48,0,144,23,0,1
RACE32|FULL|ACTIVE_C0|FE6,0.19661458333333334,0.15872314453125,0.2430061848958333,positive,carrier frequency; absolute,48,0,144,23,0,1
RACE32|FULL|ACTIVE_C0|FE7,0.21227213541666667,0.16935872395833332,0.2697013346354166,positive,carrier frequency; absolute,46,0,146,23,0,1
RACE32|FULL|ACTIVE_C0|FE8,0.22473958333333333,0.1788997395833333,0.28448242187499995,positive,carrier frequency; absolute,46,0,146,23,0,1
RACE32|FULL|ACTIVE_C0|MLOSS,0.26883303324381513,0.24850929896036786,0.28688454310099276,positive,raw mismatch; absolute,192,0,0,24,0,0
RACE32|FULL|ACTIVE_C0|U,0.731166966756185,0.7131154568990071,0.7514907010396322,positive,raw accuracy; absolute,192,0,0,24,0,0
RACE32|FULL|ACTIVE_C0|U0,0.7163035074869791,0.6938170115152995,0.7402376810709635,positive,raw accuracy; absolute,192,0,0,24,0,0
RACE32|FULL|ACTIVE_C0|U1,0.7252298990885416,0.705484135945638,0.7460538228352865,positive,raw accuracy; absolute,192,0,0,24,0,0
RACE32|FULL|ACTIVE_C0|U40,0.7410176595052084,0.7227135976155599,0.7617052714029948,positive,raw accuracy; absolute,192,0,0,24,0,0
RACE32|FULL|ACTIVE_C1-NOVEL_C1|D40,0.0,0.0,0.0,observed_exact_zero,sampled equality; not a design guarantee,0,0,192,0,0,24
RACE32|FULL|ACTIVE_C1-NOVEL_C1|E1,9.053548177084351e-05,-6.001790364580708e-05,0.00023803710937500636,unresolved,raw accuracy; first minus second arm,32,21,139,15,9,0
RACE32|FULL|ACTIVE_C1-NOVEL_C1|E2,0.00016682942708334814,-0.00012817382812496715,0.00048428853352863575,unresolved,raw accuracy; first minus second arm,34,20,138,13,11,0
RACE32|FULL|ACTIVE_C1-NOVEL_C1|E3,5.289713541666019e-05,-0.0002726491292317818,0.00043945312499997074,unresolved,raw accuracy; first minus second arm,29,26,137,12,12,0
RACE32|FULL|ACTIVE_C1-NOVEL_C1|E4,-7.527669270832964e-05,-0.00043134053548177996,0.00026049296061198636,unresolved,raw accuracy; first minus second arm,27,28,137,11,13,0
RACE32|FULL|ACTIVE_C1-NOVEL_C1|E5,-7.629394531250926e-05,-0.0005412292480468867,0.0003703053792317805,unresolved,raw accuracy; first minus second arm,25,30,137,11,13,0
RACE32|FULL|ACTIVE_C1-NOVEL_C1|E6,-0.00016581217447917315,-0.0005269622802734307,0.0001719411214192753,unresolved,raw accuracy; first minus second arm,26,26,140,9,15,0
RACE32|FULL|ACTIVE_C1-NOVEL_C1|E7,7.019042968751943e-05,-0.00028386433919268126,0.00041742960611980813,unresolved,raw accuracy; first minus second arm,28,26,138,13,10,1
RACE32|FULL|ACTIVE_C1-NOVEL_C1|E8,-0.0001902262369791602,-0.0006184895833333215,0.00023106892903644604,unresolved,raw accuracy; first minus second arm,25,29,138,10,14,0
RACE32|FULL|ACTIVE_C1-NOVEL_C1|F,0.0011474609375,0.0005573527018229167,0.0018555704752604163,positive,carrier frequency; first minus second arm,47,3,142,22,1,1
RACE32|FULL|ACTIVE_C1-NOVEL_C1|F0,0.0,0.0,0.0,structural_zero,design-implied zero,0,0,192,0,0,24
RACE32|FULL|ACTIVE_C1-NOVEL_C1|F1,0.005208333333333333,0.00341796875,0.0068359375,positive,carrier frequency; first minus second arm,34,2,156,19,1,4
RACE32|FULL|ACTIVE_C1-NOVEL_C1|F40,0.0,0.0,0.0,observed_exact_zero,sampled equality; not a design guarantee,0,0,192,0,0,24
RACE32|FULL|ACTIVE_C1-NOVEL_C1|FE1,0.005891927083333334,0.003515625,0.008627115885416663,positive,carrier frequency; first minus second arm,47,3,142,22,1,1
RACE32|FULL|ACTIVE_C1-NOVEL_C1|FE2,0.0021484374999999997,0.0005208333333333333,0.00419921875,positive,carrier frequency; first minus second arm,10,0,182,9,0,15
RACE32|FULL|ACTIVE_C1-NOVEL_C1|FE3,0.0008789062499999999,0.0,0.002376302083333333,unresolved,carrier frequency; first minus second arm,3,0,189,3,0,21
RACE32|FULL|ACTIVE_C1-NOVEL_C1|FE4,0.00016276041666666666,0.0,0.00048828125,unresolved,carrier frequency; first minus second arm,1,0,191,1,0,23
RACE32|FULL|ACTIVE_C1-NOVEL_C1|FE5,9.765624999999999e-05,0.0,0.00029296875,unresolved,carrier frequency; first minus second arm,1,0,191,1,0,23
RACE32|FULL|ACTIVE_C1-NOVEL_C1|FE6,0.0,0.0,0.0,observed_exact_zero,sampled equality; not a design guarantee,0,0,192,0,0,24
RACE32|FULL|ACTIVE_C1-NOVEL_C1|FE7,0.0,0.0,0.0,observed_exact_zero,sampled equality; not a design guarantee,0,0,192,0,0,24
RACE32|FULL|ACTIVE_C1-NOVEL_C1|FE8,0.0,0.0,0.0,observed_exact_zero,sampled equality; not a design guarantee,0,0,192,0,0,24
RACE32|FULL|ACTIVE_C1-NOVEL_C1|MLOSS,1.589457194009954e-05,-0.00012959480285644622,0.00016658465067545357,unresolved,raw mismatch; first minus second arm,29,26,137,11,13,0
RACE32|FULL|ACTIVE_C1-NOVEL_C1|U,-1.5894571940108793e-05,-0.00016658465067546495,0.00012959480285642866,unresolved,raw accuracy; first minus second arm,26,29,137,13,11,0
RACE32|FULL|ACTIVE_C1-NOVEL_C1|U0,0.0,0.0,0.0,structural_zero,design-implied zero,0,0,192,0,0,24
RACE32|FULL|ACTIVE_C1-NOVEL_C1|U1,1.52587890625e-05,-3.5603841145833336e-05,7.62939453125e-05,unresolved,raw accuracy; first minus second arm,4,5,183,4,5,15
RACE32|FULL|ACTIVE_C1-NOVEL_C1|U40,-0.0008799235026041666,-0.0023957570393880207,0.000773493448893227,unresolved,raw accuracy; first minus second arm,23,31,138,10,14,0
RACE32|FULL|ACTIVE_C1-SHAM_C1|D40,0.0,0.0,0.0,observed_exact_zero,sampled equality; not a design guarantee,0,0,192,0,0,24
RACE32|FULL|ACTIVE_C1-SHAM_C1|E1,1.9327799479176844e-05,-2.136230468749919e-05,6.306966145834536e-05,unresolved,raw accuracy; first minus second arm,12,6,174,10,3,11
RACE32|FULL|ACTIVE_C1-SHAM_C1|E2,-7.527669270833426e-05,-0.00023905436197916666,8.14056396484281e-05,unresolved,raw accuracy; first minus second arm,6,10,176,5,7,12
RACE32|FULL|ACTIVE_C1-SHAM_C1|E3,6.612141927083333e-05,-0.00017295837402344662,0.00035705566406249467,unresolved,raw accuracy; first minus second arm,11,6,175,7,6,11
RACE32|FULL|ACTIVE_C1-SHAM_C1|E4,-0.00030517578125,-0.0005340576171875001,-0.00010274251302084153,negative,raw accuracy; first minus second arm,3,14,175,3,10,11
RACE32|FULL|ACTIVE_C1-SHAM_C1|E5,0.00013427734374998426,-1.72932942708501e-05,0.0003041585286458159,unresolved,raw accuracy; first minus second arm,10,7,175,8,5,11
RACE32|FULL|ACTIVE_C1-SHAM_C1|E6,-0.00023396809895833334,-0.00039065043131508687,-9.155273437500903e-05,negative,raw accuracy; first minus second arm,2,15,175,1,12,11
RACE32|FULL|ACTIVE_C1-SHAM_C1|E7,0.0002919514973958361,3.3569335937497224e-05,0.0005402119954427167,positive,raw accuracy; first minus second arm,12,5,175,10,3,11
RACE32|FULL|ACTIVE_C1-SHAM_C1|E8,-0.00013631184895833426,-0.0003590901692708352,6.614685058593734e-05,unresolved,raw accuracy; first minus second arm,6,11,175,5,8,11
RACE32|FULL|ACTIVE_C1-SHAM_C1|F,0.0004720052083333332,8.544921874999997e-05,0.0009602864583333331,positive,carrier frequency; first minus second arm,11,3,178,9,3,12
RACE32|FULL|ACTIVE_C1-SHAM_C1|F0,0.0,0.0,0.0,structural_zero,design-implied zero,0,0,192,0,0,24
RACE32|FULL|ACTIVE_C1-SHAM_C1|F1,0.0,0.0,0.0,structural_zero,design-implied zero,0,0,192,0,0,24
RACE32|FULL|ACTIVE_C1-SHAM_C1|F40,0.0,0.0,0.0,observed_exact_zero,sampled equality; not a design guarantee,0,0,192,0,0,24
RACE32|FULL|ACTIVE_C1-SHAM_C1|FE1,0.001009114583333333,0.00022786458333333307,0.002018229166666666,positive,carrier frequency; first minus second arm,10,3,179,8,3,13
RACE32|FULL|ACTIVE_C1-SHAM_C1|FE2,0.0017252604166666664,0.0003255208333333333,0.0034505208333333337,positive,carrier frequency; first minus second arm,7,0,185,6,0,18
RACE32|FULL|ACTIVE_C1-SHAM_C1|FE3,0.0007812499999999999,0.0,0.002278645833333333,unresolved,carrier frequency; first minus second arm,2,0,190,2,0,22
RACE32|FULL|ACTIVE_C1-SHAM_C1|FE4,0.00016276041666666666,0.0,0.00048828125,unresolved,carrier frequency; first minus second arm,1,0,191,1,0,23
RACE32|FULL|ACTIVE_C1-SHAM_C1|FE5,9.765624999999999e-05,0.0,0.00029296875,unresolved,carrier frequency; first minus second arm,1,0,191,1,0,23
RACE32|FULL|ACTIVE_C1-SHAM_C1|FE6,0.0,0.0,0.0,observed_exact_zero,sampled equality; not a design guarantee,0,0,192,0,0,24
RACE32|FULL|ACTIVE_C1-SHAM_C1|FE7,0.0,0.0,0.0,observed_exact_zero,sampled equality; not a design guarantee,0,0,192,0,0,24
RACE32|FULL|ACTIVE_C1-SHAM_C1|FE8,0.0,0.0,0.0,observed_exact_zero,sampled equality; not a design guarantee,0,0,192,0,0,24
RACE32|FULL|ACTIVE_C1-SHAM_C1|MLOSS,2.9881795247395832e-05,-4.642168680826826e-05,0.00011089960734049788,unresolved,raw mismatch; first minus second arm,10,7,175,8,4,12
RACE32|FULL|ACTIVE_C1-SHAM_C1|U,-2.9881795247386583e-05,-0.00011089960734047774,4.642168680828191e-05,unresolved,raw accuracy; first minus second arm,7,10,175,4,8,12
RACE32|FULL|ACTIVE_C1-SHAM_C1|U0,0.0,0.0,0.0,structural_zero,design-implied zero,0,0,192,0,0,24
RACE32|FULL|ACTIVE_C1-SHAM_C1|U1,0.0,0.0,0.0,structural_zero,design-implied zero,0,0,192,0,0,24
RACE32|FULL|ACTIVE_C1-SHAM_C1|U40,-0.0010833740234375,-0.0021058400472005207,-0.000213623046875,negative,raw accuracy; first minus second arm,5,12,175,3,10,11
RACE32|FULL|ACTIVE_C1|D40,-0.03125,-0.03125,-0.03125,negative,carrier frequency change; absolute,0,192,0,0,24,0
RACE32|FULL|ACTIVE_C1|E1,0.7239908854166668,0.7047980753580729,0.7451575978597005,positive,raw accuracy; absolute,192,0,0,24,0,0
RACE32|FULL|ACTIVE_C1|E2,0.7241394042968748,0.705225575764974,0.7454905700683595,positive,raw accuracy; absolute,192,0,0,24,0,0
RACE32|FULL|ACTIVE_C1|E3,0.7249949137369791,0.7060249074300131,0.7462304433186848,positive,raw accuracy; absolute,192,0,0,24,0,0
RACE32|FULL|ACTIVE_C1|E4,0.7244171142578125,0.7056126658121745,0.7457033284505209,positive,raw accuracy; absolute,192,0,0,24,0,0
RACE32|FULL|ACTIVE_C1|E5,0.7253804524739583,0.7061587524414061,0.7466794077555337,positive,raw accuracy; absolute,192,0,0,24,0,0
RACE32|FULL|ACTIVE_C1|E6,0.7243113199869792,0.7054900105794272,0.7455257924397787,positive,raw accuracy; absolute,192,0,0,24,0,0
RACE32|FULL|ACTIVE_C1|E7,0.7253194173177083,0.7063036092122397,0.7467078145345053,positive,raw accuracy; absolute,192,0,0,24,0,0
RACE32|FULL|ACTIVE_C1|E8,0.7245473225911457,0.705655034383138,0.7453894805908202,positive,raw accuracy; absolute,192,0,0,24,0,0
RACE32|FULL|ACTIVE_C1|F,0.0016316731770833332,0.0009600830078125,0.0024131266276041655,positive,carrier frequency; absolute,77,0,115,24,0,0
RACE32|FULL|ACTIVE_C1|F0,0.03125,0.03125,0.03125,positive,carrier frequency; absolute,192,0,0,24,0,0
RACE32|FULL|ACTIVE_C1|F1,0.017252604166666668,0.013997395833333334,0.020670572916666668,positive,carrier frequency; absolute,77,0,115,24,0,0
RACE32|FULL|ACTIVE_C1|F40,0.0,0.0,0.0,observed_exact_zero,sampled equality; not a design guarantee,0,0,192,0,0,24
RACE32|FULL|ACTIVE_C1|FE1,0.009733072916666667,0.00667236328125,0.013314615885416662,positive,carrier frequency; absolute,77,0,115,24,0,0
RACE32|FULL|ACTIVE_C1|FE2,0.002180989583333333,0.0005208333333333333,0.004231770833333333,positive,carrier frequency; absolute,11,0,181,9,0,15
RACE32|FULL|ACTIVE_C1|FE3,0.0008789062499999999,0.0,0.002376302083333333,unresolved,carrier frequency; absolute,3,0,189,3,0,21
RACE32|FULL|ACTIVE_C1|FE4,0.00016276041666666666,0.0,0.00048828125,unresolved,carrier frequency; absolute,1,0,191,1,0,23
RACE32|FULL|ACTIVE_C1|FE5,9.765624999999999e-05,0.0,0.00029296875,unresolved,carrier frequency; absolute,1,0,191,1,0,23
RACE32|FULL|ACTIVE_C1|FE6,0.0,0.0,0.0,observed_exact_zero,sampled equality; not a design guarantee,0,0,192,0,0,24
RACE32|FULL|ACTIVE_C1|FE7,0.0,0.0,0.0,observed_exact_zero,sampled equality; not a design guarantee,0,0,192,0,0,24
RACE32|FULL|ACTIVE_C1|FE8,0.0,0.0,0.0,observed_exact_zero,sampled equality; not a design guarantee,0,0,192,0,0,24
RACE32|FULL|ACTIVE_C1|MLOSS,0.27536239624023434,0.2543020343780517,0.29431071599324543,positive,raw mismatch; absolute,192,0,0,24,0,0
RACE32|FULL|ACTIVE_C1|U,0.7246376037597656,0.7056892840067545,0.7456979656219482,positive,raw accuracy; absolute,192,0,0,24,0,0
RACE32|FULL|ACTIVE_C1|U0,0.7163035074869791,0.6938170115152995,0.7402376810709635,positive,raw accuracy; absolute,192,0,0,24,0,0
RACE32|FULL|ACTIVE_C1|U1,0.7251790364583334,0.7054644266764323,0.745946756998698,positive,raw accuracy; absolute,192,0,0,24,0,0
RACE32|FULL|ACTIVE_C1|U40,0.7222747802734375,0.7034341176350912,0.743423589070638,positive,raw accuracy; absolute,192,0,0,24,0,0
RACE32|FULL|NOVEL_C0-SHAM_C0|D40,-0.041341145833333336,-0.06478271484374999,-0.020670572916666668,negative,carrier frequency change; first minus second arm,0,13,179,0,12,12
RACE32|FULL|NOVEL_C0-SHAM_C0|E1,-2.034505208334721e-05,-0.00018107096354168264,0.00012613932291665418,unresolved,raw accuracy; first minus second arm,43,44,105,12,11,1
RACE32|FULL|NOVEL_C0-SHAM_C0|E2,5.6966145833323156e-05,-0.0002462005615234583,0.0003754679361979213,unresolved,raw accuracy; first minus second arm,48,46,98,10,14,0
RACE32|FULL|NOVEL_C0-SHAM_C0|E3,-0.00022481282552081852,-0.0007151540120442716,0.00032557169596355564,unresolved,raw accuracy; first minus second arm,40,54,98,10,14,0
RACE32|FULL|NOVEL_C0-SHAM_C0|E4,7.120768229146313e-06,-0.0003622182210286724,0.0003642527262369707,unresolved,raw accuracy; first minus second arm,50,47,95,10,13,1
RACE32|FULL|NOVEL_C0-SHAM_C0|E5,0.00030110677083332776,-6.510416666667257e-05,0.0006978861490885448,unresolved,raw accuracy; first minus second arm,55,41,96,16,8,0
RACE32|FULL|NOVEL_C0-SHAM_C0|E6,-0.0005076090494791444,-0.00110280354817707,9.379069010419128e-05,unresolved,raw accuracy; first minus second arm,42,56,94,9,15,0
RACE32|FULL|NOVEL_C0-SHAM_C0|E7,-0.0003794352213541731,-0.000823008219401052,5.1905314127585155e-05,unresolved,raw accuracy; first minus second arm,39,56,97,8,16,0
RACE32|FULL|NOVEL_C0-SHAM_C0|E8,-0.0001454671223958213,-0.0006205240885416668,0.00033569335937502786,unresolved,raw accuracy; first minus second arm,47,50,95,13,11,0
RACE32|FULL|NOVEL_C0-SHAM_C0|F,-0.036515299479166666,-0.04934458414713541,-0.02406351725260417,negative,carrier frequency; first minus second arm,5,93,94,0,24,0
RACE32|FULL|NOVEL_C0-SHAM_C0|F0,0.0,0.0,0.0,structural_zero,design-implied zero,0,0,192,0,0,24
RACE32|FULL|NOVEL_C0-SHAM_C0|F1,-0.010416666666666666,-0.012369791666666666,-0.008459472656250022,negative,carrier frequency; first minus second arm,2,66,124,0,23,1
RACE32|FULL|NOVEL_C0-SHAM_C0|F40,-0.041341145833333336,-0.06478271484374999,-0.020670572916666668,negative,carrier frequency; first minus second arm,0,13,179,0,12,12
RACE32|FULL|NOVEL_C0-SHAM_C0|FE1,-0.02041015625,-0.02444661458333333,-0.016503906250000002,negative,carrier frequency; first minus second arm,5,91,96,0,24,0
RACE32|FULL|NOVEL_C0-SHAM_C0|FE2,-0.03463541666666666,-0.04489176432291666,-0.02509684244791667,negative,carrier frequency; first minus second arm,1,54,137,0,21,3
RACE32|FULL|NOVEL_C0-SHAM_C0|FE3,-0.034472656250000004,-0.04469563802083334,-0.023828125000000002,negative,carrier frequency; first minus second arm,0,38,154,0,19,5
RACE32|FULL|NOVEL_C0-SHAM_C0|FE4,-0.03610026041666666,-0.04889322916666666,-0.023990885416666666,negative,carrier frequency; first minus second arm,0,28,164,0,19,5
RACE32|FULL|NOVEL_C0-SHAM_C0|FE5,-0.038378906250000004,-0.054003906250000004,-0.023794759114583335,negative,carrier frequency; first minus second arm,0,20,172,0,16,8
RACE32|FULL|NOVEL_C0-SHAM_C0|FE6,-0.04388020833333334,-0.0630224609375,-0.026302083333333337,negative,carrier frequency; first minus second arm,0,18,174,0,15,9
RACE32|FULL|NOVEL_C0-SHAM_C0|FE7,-0.043098958333333326,-0.062468261718749994,-0.025032552083333336,negative,carrier frequency; first minus second arm,0,16,176,0,15,9
RACE32|FULL|NOVEL_C0-SHAM_C0|FE8,-0.04114583333333333,-0.06208007812499999,-0.021743164062500007,negative,carrier frequency; first minus second arm,0,14,178,0,13,11
RACE32|FULL|NOVEL_C0-SHAM_C0|MLOSS,0.00011405944824219767,-2.2506713867176022e-05,0.00025088628133139646,unresolved,raw mismatch; first minus second arm,51,47,94,14,10,0
RACE32|FULL|NOVEL_C0-SHAM_C0|U,-0.00011405944824217917,-0.0002508862813314018,2.2506713867193166e-05,unresolved,raw accuracy; first minus second arm,47,51,94,10,14,0
RACE32|FULL|NOVEL_C0-SHAM_C0|U0,0.0,0.0,0.0,structural_zero,design-implied zero,0,0,192,0,0,24
RACE32|FULL|NOVEL_C0-SHAM_C0|U1,-5.5948893229166664e-05,-0.00014241536458333334,2.5431315104166668e-05,unresolved,raw accuracy; first minus second arm,8,11,173,4,7,13
RACE32|FULL|NOVEL_C0-SHAM_C0|U40,-0.00020345052083333334,-0.002049891153971354,0.0015310923258463533,unresolved,raw accuracy; first minus second arm,48,50,94,13,11,0
RACE32|FULL|NOVEL_C0|D40,-0.03125,-0.03125,-0.03125,negative,carrier frequency change; absolute,0,192,0,0,24,0
RACE32|FULL|NOVEL_C0|E1,0.7238362630208334,0.7046719614664713,0.7450162760416668,positive,raw accuracy; absolute,192,0,0,24,0,0
RACE32|FULL|NOVEL_C0|E2,0.7239451090494793,0.7050801595052084,0.7451502990722656,positive,raw accuracy; absolute,192,0,0,24,0,0
RACE32|FULL|NOVEL_C0|E3,0.7248484293619791,0.7058110809326172,0.746111094156901,positive,raw accuracy; absolute,192,0,0,24,0,0
RACE32|FULL|NOVEL_C0|E4,0.7248107910156251,0.7059460449218751,0.7463527425130208,positive,raw accuracy; absolute,192,0,0,24,0,0
RACE32|FULL|NOVEL_C0|E5,0.7255004882812499,0.7064959716796875,0.7465170542399088,positive,raw accuracy; absolute,192,0,0,24,0,0
RACE32|FULL|NOVEL_C0|E6,0.7244689941406252,0.705464833577474,0.7459748586018881,positive,raw accuracy; absolute,192,0,0,24,0,0
RACE32|FULL|NOVEL_C0|E7,0.7250203450520832,0.705985107421875,0.7460465494791666,positive,raw accuracy; absolute,192,0,0,24,0,0
RACE32|FULL|NOVEL_C0|E8,0.7248626708984375,0.7060368347167968,0.745946782430013,positive,raw accuracy; absolute,192,0,0,24,0,0
RACE32|FULL|NOVEL_C0|F,0.0013834635416666667,0.0010374959309895834,0.0017742919921874994,positive,carrier frequency; absolute,93,0,99,23,0,1
RACE32|FULL|NOVEL_C0|F0,0.03125,0.03125,0.03125,positive,carrier frequency; absolute,192,0,0,24,0,0
RACE32|FULL|NOVEL_C0|F1,0.020182291666666668,0.016764322916666668,0.0234375,positive,carrier frequency; absolute,93,0,99,23,0,1
RACE32|FULL|NOVEL_C0|F40,0.0,0.0,0.0,observed_exact_zero,sampled equality; not a design guarantee,0,0,192,0,0,24
RACE32|FULL|NOVEL_C0|FE1,0.010319010416666666,0.0078125,0.013118489583333332,positive,carrier frequency; absolute,93,0,99,23,0,1
RACE32|FULL|NOVEL_C0|FE2,0.0007486979166666667,0.00016276041666666666,0.0015299479166666664,positive,carrier frequency; absolute,8,0,184,6,0,18
RACE32|FULL|NOVEL_C0|FE3,0.0,0.0,0.0,observed_exact_zero,sampled equality; not a design guarantee,0,0,192,0,0,24
RACE32|FULL|NOVEL_C0|FE4,0.0,0.0,0.0,observed_exact_zero,sampled equality; not a design guarantee,0,0,192,0,0,24
RACE32|FULL|NOVEL_C0|FE5,0.0,0.0,0.0,observed_exact_zero,sampled equality; not a design guarantee,0,0,192,0,0,24
RACE32|FULL|NOVEL_C0|FE6,0.0,0.0,0.0,observed_exact_zero,sampled equality; not a design guarantee,0,0,192,0,0,24
RACE32|FULL|NOVEL_C0|FE7,0.0,0.0,0.0,observed_exact_zero,sampled equality; not a design guarantee,0,0,192,0,0,24
RACE32|FULL|NOVEL_C0|FE8,0.0,0.0,0.0,observed_exact_zero,sampled equality; not a design guarantee,0,0,192,0,0,24
RACE32|FULL|NOVEL_C0|MLOSS,0.27533836364746095,0.2543009948730469,0.29428322792053224,positive,raw mismatch; absolute,192,0,0,24,0,0
RACE32|FULL|NOVEL_C0|U,0.7246616363525392,0.7057167720794678,0.7456990051269531,positive,raw accuracy; absolute,192,0,0,24,0,0
RACE32|FULL|NOVEL_C0|U0,0.7163035074869791,0.6938170115152995,0.7402376810709635,positive,raw accuracy; absolute,192,0,0,24,0,0
RACE32|FULL|NOVEL_C0|U1,0.7251739501953125,0.7054519653320312,0.7459573109944662,positive,raw accuracy; absolute,192,0,0,24,0,0
RACE32|FULL|NOVEL_C0|U40,0.723175048828125,0.7044263203938802,0.7448898315429687,positive,raw accuracy; absolute,192,0,0,24,0,0
RACE32|FULL|NOVEL_C1-SHAM_C1|D40,0.0,0.0,0.0,observed_exact_zero,sampled equality; not a design guarantee,0,0,192,0,0,24
RACE32|FULL|NOVEL_C1-SHAM_C1|E1,-7.120768229166667e-05,-0.00020856221516925232,6.612141927082421e-05,unresolved,raw accuracy; first minus second arm,19,27,146,9,13,2
RACE32|FULL|NOVEL_C1-SHAM_C1|E2,-0.0002421061197916824,-0.0005544026692708248,4.984537760414446e-05,unresolved,raw accuracy; first minus second arm,16,32,144,8,14,2
RACE32|FULL|NOVEL_C1-SHAM_C1|E3,1.3224283854173144e-05,-0.00021667480468749283,0.0002288818359375,unresolved,raw accuracy; first minus second arm,26,23,143,12,10,2
RACE32|FULL|NOVEL_C1-SHAM_C1|E4,-0.00022989908854167038,-0.0005432891845703138,9.05609130859474e-05,unresolved,raw accuracy; first minus second arm,20,29,143,9,13,2
RACE32|FULL|NOVEL_C1-SHAM_C1|E5,0.00021057128906249353,-0.0002248636881510409,0.0006510670979817752,unresolved,raw accuracy; first minus second arm,29,19,144,14,8,2
RACE32|FULL|NOVEL_C1-SHAM_C1|E6,-6.815592447916019e-05,-0.00044047037760414586,0.0003041585286458253,unresolved,raw accuracy; first minus second arm,18,29,145,10,12,2
RACE32|FULL|NOVEL_C1-SHAM_C1|E7,0.0002217610677083167,-0.00017199198404950733,0.0006124369303385258,unresolved,raw accuracy; first minus second arm,27,21,144,13,8,3
RACE32|FULL|NOVEL_C1-SHAM_C1|E8,5.391438802082593e-05,-0.00035603841145832903,0.0004915110270182073,unresolved,raw accuracy; first minus second arm,24,24,144,12,9,3
RACE32|FULL|NOVEL_C1-SHAM_C1|F,-0.0006754557291666668,-0.0009806315104166667,-0.0004028320312500001,negative,carrier frequency; first minus second arm,3,44,145,1,21,2
RACE32|FULL|NOVEL_C1-SHAM_C1|F0,0.0,0.0,0.0,structural_zero,design-implied zero,0,0,192,0,0,24
RACE32|FULL|NOVEL_C1-SHAM_C1|F1,-0.005208333333333333,-0.0068359375,-0.00341796875,negative,carrier frequency; first minus second arm,2,34,156,1,19,4
RACE32|FULL|NOVEL_C1-SHAM_C1|F40,0.0,0.0,0.0,observed_exact_zero,sampled equality; not a design guarantee,0,0,192,0,0,24
RACE32|FULL|NOVEL_C1-SHAM_C1|FE1,-0.0048828125,-0.006835937500000001,-0.003059895833333334,negative,carrier frequency; first minus second arm,3,44,145,1,21,2
RACE32|FULL|NOVEL_C1-SHAM_C1|FE2,-0.0004231770833333333,-0.00087890625,-9.765625000000002e-05,negative,carrier frequency; first minus second arm,0,6,186,0,6,18
RACE32|FULL|NOVEL_C1-SHAM_C1|FE3,-9.765624999999999e-05,-0.00029296875,0.0,unresolved,carrier frequency; first minus second arm,0,1,191,0,1,23
RACE32|FULL|NOVEL_C1-SHAM_C1|FE4,0.0,0.0,0.0,observed_exact_zero,sampled equality; not a design guarantee,0,0,192,0,0,24
RACE32|FULL|NOVEL_C1-SHAM_C1|FE5,0.0,0.0,0.0,observed_exact_zero,sampled equality; not a design guarantee,0,0,192,0,0,24
RACE32|FULL|NOVEL_C1-SHAM_C1|FE6,0.0,0.0,0.0,observed_exact_zero,sampled equality; not a design guarantee,0,0,192,0,0,24
RACE32|FULL|NOVEL_C1-SHAM_C1|FE7,0.0,0.0,0.0,observed_exact_zero,sampled equality; not a design guarantee,0,0,192,0,0,24
RACE32|FULL|NOVEL_C1-SHAM_C1|FE8,0.0,0.0,0.0,observed_exact_zero,sampled equality; not a design guarantee,0,0,192,0,0,24
RACE32|FULL|NOVEL_C1-SHAM_C1|MLOSS,1.3987223307296293e-05,-0.00012389500935872346,0.00014242172241211412,unresolved,raw mismatch; first minus second arm,25,24,143,12,10,2
RACE32|FULL|NOVEL_C1-SHAM_C1|U,-1.3987223307277788e-05,-0.00014242172241209553,0.0001238950093587262,unresolved,raw accuracy; first minus second arm,24,25,143,10,12,2
RACE32|FULL|NOVEL_C1-SHAM_C1|U0,0.0,0.0,0.0,structural_zero,design-implied zero,0,0,192,0,0,24
RACE32|FULL|NOVEL_C1-SHAM_C1|U1,-1.52587890625e-05,-7.62939453125e-05,3.5603841145833336e-05,unresolved,raw accuracy; first minus second arm,5,4,183,5,4,15
RACE32|FULL|NOVEL_C1-SHAM_C1|U40,-0.00020345052083333334,-0.0019177754720052084,0.0014242808024088533,unresolved,raw accuracy; first minus second arm,25,23,144,12,10,2
RACE32|FULL|NOVEL_C1|D40,-0.03125,-0.03125,-0.03125,negative,carrier frequency change; absolute,0,192,0,0,24,0
RACE32|FULL|NOVEL_C1|E1,0.7239003499348958,0.7047396596272786,0.7451097106933595,positive,raw accuracy; absolute,192,0,0,24,0,0
RACE32|FULL|NOVEL_C1|E2,0.7239725748697916,0.7050598144531252,0.7451271057128906,positive,raw accuracy; absolute,192,0,0,24,0,0
RACE32|FULL|NOVEL_C1|E3,0.7249420166015624,0.7059402974446615,0.7461494700113932,positive,raw accuracy; absolute,192,0,0,24,0,0
RACE32|FULL|NOVEL_C1|E4,0.7244923909505209,0.705718510945638,0.7458801523844402,positive,raw accuracy; absolute,192,0,0,24,0,0
RACE32|FULL|NOVEL_C1|E5,0.7254567464192707,0.70634765625,0.7465613047281902,positive,raw accuracy; absolute,192,0,0,24,0,0
RACE32|FULL|NOVEL_C1|E6,0.7244771321614584,0.7056543477376301,0.7455956268310546,positive,raw accuracy; absolute,192,0,0,24,0,0
RACE32|FULL|NOVEL_C1|E7,0.7252492268880207,0.7061318461100259,0.7467631276448568,positive,raw accuracy; absolute,192,0,0,24,0,0
RACE32|FULL|NOVEL_C1|E8,0.7247375488281249,0.7059151713053385,0.7456726328531902,positive,raw accuracy; absolute,192,0,0,24,0,0
RACE32|FULL|NOVEL_C1|F,0.0004842122395833333,0.0003580729166666667,0.0006266276041666666,positive,carrier frequency; absolute,62,0,130,22,0,2
RACE32|FULL|NOVEL_C1|F0,0.03125,0.03125,0.03125,positive,carrier frequency; absolute,192,0,0,24,0,0
RACE32|FULL|NOVEL_C1|F1,0.012044270833333334,0.009440104166666666,0.0146484375,positive,carrier frequency; absolute,62,0,130,22,0,2
RACE32|FULL|NOVEL_C1|F40,0.0,0.0,0.0,observed_exact_zero,sampled equality; not a design guarantee,0,0,192,0,0,24
RACE32|FULL|NOVEL_C1|FE1,0.003841145833333333,0.0028320312500000003,0.0049479166666666664,positive,carrier frequency; absolute,62,0,130,22,0,2
RACE32|FULL|NOVEL_C1|FE2,3.255208333333333e-05,0.0,9.765625000000002e-05,unresolved,carrier frequency; absolute,1,0,191,1,0,23
RACE32|FULL|NOVEL_C1|FE3,0.0,0.0,0.0,observed_exact_zero,sampled equality; not a design guarantee,0,0,192,0,0,24
RACE32|FULL|NOVEL_C1|FE4,0.0,0.0,0.0,observed_exact_zero,sampled equality; not a design guarantee,0,0,192,0,0,24
RACE32|FULL|NOVEL_C1|FE5,0.0,0.0,0.0,observed_exact_zero,sampled equality; not a design guarantee,0,0,192,0,0,24
RACE32|FULL|NOVEL_C1|FE6,0.0,0.0,0.0,observed_exact_zero,sampled equality; not a design guarantee,0,0,192,0,0,24
RACE32|FULL|NOVEL_C1|FE7,0.0,0.0,0.0,observed_exact_zero,sampled equality; not a design guarantee,0,0,192,0,0,24
RACE32|FULL|NOVEL_C1|FE8,0.0,0.0,0.0,observed_exact_zero,sampled equality; not a design guarantee,0,0,192,0,0,24
RACE32|FULL|NOVEL_C1|MLOSS,0.2753465016682943,0.25436708132425945,0.2942504024505615,positive,raw mismatch; absolute,192,0,0,24,0,0
RACE32|FULL|NOVEL_C1|U,0.7246534983317057,0.7057495975494384,0.7456329186757406,positive,raw accuracy; absolute,192,0,0,24,0,0
RACE32|FULL|NOVEL_C1|U0,0.7163035074869791,0.6938170115152995,0.7402376810709635,positive,raw accuracy; absolute,192,0,0,24,0,0
RACE32|FULL|NOVEL_C1|U1,0.7251637776692709,0.7054391225179036,0.7459058125813802,positive,raw accuracy; absolute,192,0,0,24,0,0
RACE32|FULL|NOVEL_C1|U40,0.7231547037760416,0.7053258260091146,0.743581517537435,positive,raw accuracy; absolute,192,0,0,24,0,0
RACE32|FULL|SHAM_C0|D40,0.010091145833333334,-0.010579427083333334,0.03353271484374998,unresolved,carrier frequency change; absolute,13,179,0,9,15,0
RACE32|FULL|SHAM_C0|E1,0.7238566080729166,0.7047531890869141,0.7450273132324218,positive,raw accuracy; absolute,192,0,0,24,0,0
RACE32|FULL|SHAM_C0|E2,0.7238881429036459,0.7048638153076172,0.7450526173909504,positive,raw accuracy; absolute,192,0,0,24,0,0
RACE32|FULL|SHAM_C0|E3,0.7250732421875,0.7060502115885416,0.7463036092122396,positive,raw accuracy; absolute,192,0,0,24,0,0
RACE32|FULL|SHAM_C0|E4,0.7248036702473959,0.7059588623046874,0.7462829844156901,positive,raw accuracy; absolute,192,0,0,24,0,0
RACE32|FULL|SHAM_C0|E5,0.7251993815104166,0.7061983235677083,0.7463584391276042,positive,raw accuracy; absolute,192,0,0,24,0,0
RACE32|FULL|SHAM_C0|E6,0.7249766031901043,0.7062507629394531,0.7463150533040366,positive,raw accuracy; absolute,192,0,0,24,0,0
RACE32|FULL|SHAM_C0|E7,0.7253997802734374,0.7063925425211589,0.7465672810872396,positive,raw accuracy; absolute,192,0,0,24,0,0
RACE32|FULL|SHAM_C0|E8,0.7250081380208334,0.7062900543212891,0.7462606048583985,positive,raw accuracy; absolute,192,0,0,24,0,0
RACE32|FULL|SHAM_C0|F,0.03789876302083333,0.025394388834635417,0.051067911783854156,positive,carrier frequency; absolute,124,0,68,24,0,0
RACE32|FULL|SHAM_C0|F0,0.03125,0.03125,0.03125,positive,carrier frequency; absolute,192,0,0,24,0,0
RACE32|FULL|SHAM_C0|F1,0.030598958333333332,0.0263671875,0.034830729166666664,positive,carrier frequency; absolute,124,0,68,24,0,0
RACE32|FULL|SHAM_C0|F40,0.041341145833333336,0.020670572916666668,0.06478271484374998,positive,carrier frequency; absolute,13,0,179,12,0,12
RACE32|FULL|SHAM_C0|FE1,0.030729166666666665,0.025389811197916667,0.03606770833333333,positive,carrier frequency; absolute,124,0,68,24,0,0
RACE32|FULL|SHAM_C0|FE2,0.03538411458333333,0.02568359375,0.04567301432291666,positive,carrier frequency; absolute,54,0,138,21,0,3
RACE32|FULL|SHAM_C0|FE3,0.034472656250000004,0.023828125000000002,0.04469563802083333,positive,carrier frequency; absolute,38,0,154,19,0,5
RACE32|FULL|SHAM_C0|FE4,0.03610026041666666,0.023990885416666666,0.04889322916666666,positive,carrier frequency; absolute,28,0,164,19,0,5
RACE32|FULL|SHAM_C0|FE5,0.038378906250000004,0.02379475911458333,0.054003906250000004,positive,carrier frequency; absolute,20,0,172,16,0,8
RACE32|FULL|SHAM_C0|FE6,0.04388020833333334,0.026302083333333337,0.06302246093749998,positive,carrier frequency; absolute,18,0,174,15,0,9
RACE32|FULL|SHAM_C0|FE7,0.043098958333333326,0.025032552083333336,0.06246826171874999,positive,carrier frequency; absolute,16,0,176,15,0,9
RACE32|FULL|SHAM_C0|FE8,0.04114583333333333,0.0217431640625,0.06208007812499998,positive,carrier frequency; absolute,14,0,178,13,0,11
RACE32|FULL|SHAM_C0|MLOSS,0.27522430419921873,0.2541601308186849,0.2941056156158447,positive,raw mismatch; absolute,192,0,0,24,0,0
RACE32|FULL|SHAM_C0|U,0.7247756958007813,0.7058943843841553,0.745839869181315,positive,raw accuracy; absolute,192,0,0,24,0,0
RACE32|FULL|SHAM_C0|U0,0.7163035074869791,0.6938170115152995,0.7402376810709635,positive,raw accuracy; absolute,192,0,0,24,0,0
RACE32|FULL|SHAM_C0|U1,0.7252298990885416,0.705484135945638,0.7460538228352865,positive,raw accuracy; absolute,192,0,0,24,0,0
RACE32|FULL|SHAM_C0|U40,0.7233784993489584,0.7043256123860677,0.7454353332519531,positive,raw accuracy; absolute,192,0,0,24,0,0
RACE32|FULL|SHAM_C1|D40,-0.03125,-0.03125,-0.03125,negative,carrier frequency change; absolute,0,192,0,0,24,0
RACE32|FULL|SHAM_C1|E1,0.7239715576171877,0.7048073069254558,0.7451548258463542,positive,raw accuracy; absolute,192,0,0,24,0,0
RACE32|FULL|SHAM_C1|E2,0.7242146809895834,0.7052605692545573,0.7454911295572915,positive,raw accuracy; absolute,192,0,0,24,0,0
RACE32|FULL|SHAM_C1|E3,0.7249287923177082,0.705834732055664,0.7462266540527345,positive,raw accuracy; absolute,192,0,0,24,0,0
RACE32|FULL|SHAM_C1|E4,0.7247222900390625,0.7058963775634767,0.7459816233317057,positive,raw accuracy; absolute,192,0,0,24,0,0
RACE32|FULL|SHAM_C1|E5,0.7252461751302084,0.706124750773112,0.7464284515380859,positive,raw accuracy; absolute,192,0,0,24,0,0
RACE32|FULL|SHAM_C1|E6,0.7245452880859377,0.7056759389241537,0.7458083343505859,positive,raw accuracy; absolute,192,0,0,24,0,0
RACE32|FULL|SHAM_C1|E7,0.7250274658203125,0.7061304982503255,0.7463059997558593,positive,raw accuracy; absolute,192,0,0,24,0,0
RACE32|FULL|SHAM_C1|E8,0.7246836344401041,0.7057593536376953,0.7454918924967447,positive,raw accuracy; absolute,192,0,0,24,0,0
RACE32|FULL|SHAM_C1|F,0.00115966796875,0.0007853190104166667,0.0015707397460937495,positive,carrier frequency; absolute,77,0,115,24,0,0
RACE32|FULL|SHAM_C1|F0,0.03125,0.03125,0.03125,positive,carrier frequency; absolute,192,0,0,24,0,0
RACE32|FULL|SHAM_C1|F1,0.017252604166666668,0.013997395833333334,0.020670572916666668,positive,carrier frequency; absolute,77,0,115,24,0,0
RACE32|FULL|SHAM_C1|F40,0.0,0.0,0.0,observed_exact_zero,sampled equality; not a design guarantee,0,0,192,0,0,24
RACE32|FULL|SHAM_C1|FE1,0.008723958333333335,0.006119791666666668,0.011524251302083332,positive,carrier frequency; absolute,77,0,115,24,0,0
RACE32|FULL|SHAM_C1|FE2,0.0004557291666666666,9.765625000000002e-05,0.0009765625,positive,carrier frequency; absolute,7,0,185,6,0,18
RACE32|FULL|SHAM_C1|FE3,9.765624999999999e-05,0.0,0.00029296875,unresolved,carrier frequency; absolute,1,0,191,1,0,23
RACE32|FULL|SHAM_C1|FE4,0.0,0.0,0.0,observed_exact_zero,sampled equality; not a design guarantee,0,0,192,0,0,24
RACE32|FULL|SHAM_C1|FE5,0.0,0.0,0.0,observed_exact_zero,sampled equality; not a design guarantee,0,0,192,0,0,24
RACE32|FULL|SHAM_C1|FE6,0.0,0.0,0.0,observed_exact_zero,sampled equality; not a design guarantee,0,0,192,0,0,24
RACE32|FULL|SHAM_C1|FE7,0.0,0.0,0.0,observed_exact_zero,sampled equality; not a design guarantee,0,0,192,0,0,24
RACE32|FULL|SHAM_C1|FE8,0.0,0.0,0.0,observed_exact_zero,sampled equality; not a design guarantee,0,0,192,0,0,24
RACE32|FULL|SHAM_C1|MLOSS,0.27533251444498696,0.25430061976114904,0.29424639383951817,positive,raw mismatch; absolute,192,0,0,24,0,0
RACE32|FULL|SHAM_C1|U,0.7246674855550131,0.7057536061604818,0.7456993802388507,positive,raw accuracy; absolute,192,0,0,24,0,0
RACE32|FULL|SHAM_C1|U0,0.7163035074869791,0.6938170115152995,0.7402376810709635,positive,raw accuracy; absolute,192,0,0,24,0,0
RACE32|FULL|SHAM_C1|U1,0.7251790364583334,0.7054644266764323,0.745946756998698,positive,raw accuracy; absolute,192,0,0,24,0,0
RACE32|FULL|SHAM_C1|U40,0.723358154296875,0.7045010884602865,0.7443547566731771,positive,raw accuracy; absolute,192,0,0,24,0,0
RACE32|HALF_MINUS_ZERO|ACTIVE_C0-NOVEL_C0|D40,0.13199869791666666,0.055826822916666664,0.21795247395833323,positive,carrier frequency change; direct law difference,33,11,148,17,3,4
RACE32|HALF_MINUS_ZERO|ACTIVE_C0-NOVEL_C0|E1,0.00038350423177085463,-2.9627482096359245e-05,0.0008433278401692904,unresolved,raw accuracy; direct law difference,45,42,105,13,7,4
RACE32|HALF_MINUS_ZERO|ACTIVE_C0-NOVEL_C0|E2,0.0005747477213541343,-0.0014027913411458486,0.002653198242187442,unresolved,raw accuracy; direct law difference,54,51,87,13,11,0
RACE32|HALF_MINUS_ZERO|ACTIVE_C0-NOVEL_C0|E3,0.0005493164062500278,-0.0014539337158202851,0.00263219197591149,unresolved,raw accuracy; direct law difference,56,49,87,11,13,0
RACE32|HALF_MINUS_ZERO|ACTIVE_C0-NOVEL_C0|E4,0.0017028808593749732,-0.0002747344970703168,0.0038407135009765085,unresolved,raw accuracy; direct law difference,54,51,87,13,11,0
RACE32|HALF_MINUS_ZERO|ACTIVE_C0-NOVEL_C0|E5,0.0038584391276041776,0.0007331085205077795,0.007078170776367189,positive,raw accuracy; direct law difference,64,41,87,17,7,0
RACE32|HALF_MINUS_ZERO|ACTIVE_C0-NOVEL_C0|E6,0.004517618815104142,0.0008940124511718395,0.008322321573893213,positive,raw accuracy; direct law difference,61,43,88,17,7,0
RACE32|HALF_MINUS_ZERO|ACTIVE_C0-NOVEL_C0|E7,0.0015258789062499861,-0.0009930928548177252,0.004079310099283825,unresolved,raw accuracy; direct law difference,52,52,88,12,12,0
RACE32|HALF_MINUS_ZERO|ACTIVE_C0-NOVEL_C0|E8,0.00031534830729164814,-0.0018041737874348843,0.002493387858072896,unresolved,raw accuracy; direct law difference,52,52,88,11,13,0
RACE32|HALF_MINUS_ZERO|ACTIVE_C0-NOVEL_C0|F,0.08568115234375,0.037787373860677084,0.14095550537109375,positive,carrier frequency; direct law difference,61,26,105,20,4,0
RACE32|HALF_MINUS_ZERO|ACTIVE_C0-NOVEL_C0|F0,0.0,0.0,0.0,structural_zero,design-implied zero,0,0,192,0,0,24
RACE32|HALF_MINUS_ZERO|ACTIVE_C0-NOVEL_C0|F1,0.0,0.0,0.0,structural_zero,design-implied zero,0,0,192,0,0,24
RACE32|HALF_MINUS_ZERO|ACTIVE_C0-NOVEL_C0|F40,0.13199869791666666,0.055826822916666664,0.21795247395833323,positive,carrier frequency; direct law difference,33,11,148,17,3,4
RACE32|HALF_MINUS_ZERO|ACTIVE_C0-NOVEL_C0|FE1,0.0055013020833333355,0.0013989257812500003,0.009830729166666666,positive,carrier frequency; direct law difference,43,29,120,12,8,4
RACE32|HALF_MINUS_ZERO|ACTIVE_C0-NOVEL_C0|FE2,0.028125,0.004947102864583339,0.05335856119791665,positive,carrier frequency; direct law difference,52,28,112,15,9,0
RACE32|HALF_MINUS_ZERO|ACTIVE_C0-NOVEL_C0|FE3,0.05947265625,0.02056884765625,0.10244873046874994,positive,carrier frequency; direct law difference,44,23,125,18,5,1
RACE32|HALF_MINUS_ZERO|ACTIVE_C0-NOVEL_C0|FE4,0.09902343749999999,0.044684244791666675,0.1605476888020833,positive,carrier frequency; direct law difference,40,19,133,19,3,2
RACE32|HALF_MINUS_ZERO|ACTIVE_C0-NOVEL_C0|FE5,0.11653645833333333,0.055298665364583346,0.18538492838541668,positive,carrier frequency; direct law difference,38,15,139,18,3,3
RACE32|HALF_MINUS_ZERO|ACTIVE_C0-NOVEL_C0|FE6,0.12141927083333333,0.0509326171875,0.20462239583333333,positive,carrier frequency; direct law difference,39,14,139,18,3,3
RACE32|HALF_MINUS_ZERO|ACTIVE_C0-NOVEL_C0|FE7,0.12324218749999999,0.04930908203125,0.2097705078125,positive,carrier frequency; direct law difference,36,13,143,17,4,3
RACE32|HALF_MINUS_ZERO|ACTIVE_C0-NOVEL_C0|FE8,0.13212890624999998,0.054850260416666664,0.21875895182291646,positive,carrier frequency; direct law difference,34,13,145,17,3,4
RACE32|HALF_MINUS_ZERO|ACTIVE_C0-NOVEL_C0|MLOSS,-0.0016784667968750046,-0.002922226587931312,-0.0005341021219889177,negative,raw mismatch; direct law difference,38,67,87,10,14,0
RACE32|HALF_MINUS_ZERO|ACTIVE_C0-NOVEL_C0|U,0.0016784667968749907,0.0005341021219889211,0.0029222265879313048,positive,raw accuracy; direct law difference,67,38,87,14,10,0
RACE32|HALF_MINUS_ZERO|ACTIVE_C0-NOVEL_C0|U0,0.0,0.0,0.0,structural_zero,design-implied zero,0,0,192,0,0,24
RACE32|HALF_MINUS_ZERO|ACTIVE_C0-NOVEL_C0|U1,0.0,0.0,0.0,structural_zero,design-implied zero,0,0,192,0,0,24
RACE32|HALF_MINUS_ZERO|ACTIVE_C0-NOVEL_C0|U40,-0.0012766520182291667,-0.006510416666666667,0.00399538675944009,unresolved,raw accuracy; direct law difference,51,53,88,11,13,0
RACE32|HALF_MINUS_ZERO|ACTIVE_C0-SHAM_C0|D40,0.056803385416666664,-0.009448242187499999,0.1334676106770833,unresolved,carrier frequency change; direct law difference,27,14,151,10,7,7
RACE32|HALF_MINUS_ZERO|ACTIVE_C0-SHAM_C0|E1,0.0001800537109375074,-0.0001007334391276142,0.0004760742187500207,unresolved,raw accuracy; direct law difference,33,31,128,10,10,4
RACE32|HALF_MINUS_ZERO|ACTIVE_C0-SHAM_C0|E2,0.00041097005208329723,-0.0013499450683594416,0.0022329711914062574,unresolved,raw accuracy; direct law difference,42,39,111,13,11,0
RACE32|HALF_MINUS_ZERO|ACTIVE_C0-SHAM_C0|E3,-0.0011281331380207972,-0.002580820719400985,0.0003835296630859956,unresolved,raw accuracy; direct law difference,35,46,111,11,13,0
RACE32|HALF_MINUS_ZERO|ACTIVE_C0-SHAM_C0|E4,0.0001027425130208139,-0.0018363698323567883,0.0023612213134765604,unresolved,raw accuracy; direct law difference,44,37,111,12,12,0
RACE32|HALF_MINUS_ZERO|ACTIVE_C0-SHAM_C0|E5,0.003312174479166675,0.001089223225911485,0.005545196533203132,positive,raw accuracy; direct law difference,53,28,111,18,6,0
RACE32|HALF_MINUS_ZERO|ACTIVE_C0-SHAM_C0|E6,0.004458618164062488,0.001211268107096339,0.007822723388671857,positive,raw accuracy; direct law difference,53,28,111,15,9,0
RACE32|HALF_MINUS_ZERO|ACTIVE_C0-SHAM_C0|E7,0.0010233561197916564,-0.0007460021972656407,0.002894617716471369,unresolved,raw accuracy; direct law difference,40,41,111,14,10,0
RACE32|HALF_MINUS_ZERO|ACTIVE_C0-SHAM_C0|E8,-9.256998697919812e-05,-0.0020192718505859467,0.0019470723470051763,unresolved,raw accuracy; direct law difference,37,44,111,10,14,0
RACE32|HALF_MINUS_ZERO|ACTIVE_C0-SHAM_C0|F,0.039656575520833334,-0.0013192749023437512,0.08824401855468746,unresolved,carrier frequency; direct law difference,51,29,112,12,12,0
RACE32|HALF_MINUS_ZERO|ACTIVE_C0-SHAM_C0|F0,0.0,0.0,0.0,structural_zero,design-implied zero,0,0,192,0,0,24
RACE32|HALF_MINUS_ZERO|ACTIVE_C0-SHAM_C0|F1,0.0,0.0,0.0,structural_zero,design-implied zero,0,0,192,0,0,24
RACE32|HALF_MINUS_ZERO|ACTIVE_C0-SHAM_C0|F40,0.056803385416666664,-0.009448242187499999,0.1334676106770833,unresolved,carrier frequency; direct law difference,27,14,151,10,7,7
RACE32|HALF_MINUS_ZERO|ACTIVE_C0-SHAM_C0|FE1,0.0008463541666666671,-0.0013997395833333338,0.0034830729166666677,unresolved,carrier frequency; direct law difference,33,28,131,9,11,4
RACE32|HALF_MINUS_ZERO|ACTIVE_C0-SHAM_C0|FE2,0.008268229166666669,-0.008858235677083331,0.027186686197916636,unresolved,carrier frequency; direct law difference,39,36,117,10,14,0
RACE32|HALF_MINUS_ZERO|ACTIVE_C0-SHAM_C0|FE3,0.029199218749999995,-0.0016943359374999992,0.06487711588541666,unresolved,carrier frequency; direct law difference,42,22,128,13,9,2
RACE32|HALF_MINUS_ZERO|ACTIVE_C0-SHAM_C0|FE4,0.05608723958333334,0.011065266927083336,0.1098079427083333,positive,carrier frequency; direct law difference,35,21,136,12,9,3
RACE32|HALF_MINUS_ZERO|ACTIVE_C0-SHAM_C0|FE5,0.0595703125,0.008096516927083337,0.12139160156249997,positive,carrier frequency; direct law difference,32,18,142,13,9,2
RACE32|HALF_MINUS_ZERO|ACTIVE_C0-SHAM_C0|FE6,0.05406901041666667,-0.00906575520833333,0.1266438802083331,unresolved,carrier frequency; direct law difference,31,17,144,12,8,4
RACE32|HALF_MINUS_ZERO|ACTIVE_C0-SHAM_C0|FE7,0.05319010416666666,-0.011562500000000007,0.12838623046875,unresolved,carrier frequency; direct law difference,29,17,146,11,9,4
RACE32|HALF_MINUS_ZERO|ACTIVE_C0-SHAM_C0|FE8,0.05602213541666667,-0.009769694010416665,0.13223144531249997,unresolved,carrier frequency; direct law difference,27,17,148,10,9,5
RACE32|HALF_MINUS_ZERO|ACTIVE_C0-SHAM_C0|MLOSS,-0.0010334014892578204,-0.0019913101196289314,-8.531570434573551e-05,negative,raw mismatch; direct law difference,37,44,111,9,15,0
RACE32|HALF_MINUS_ZERO|ACTIVE_C0-SHAM_C0|U,0.0010334014892578042,8.531570434567418e-05,0.001991310119628901,positive,raw accuracy; direct law difference,44,37,111,15,9,0
RACE32|HALF_MINUS_ZERO|ACTIVE_C0-SHAM_C0|U0,0.0,0.0,0.0,structural_zero,design-implied zero,0,0,192,0,0,24
RACE32|HALF_MINUS_ZERO|ACTIVE_C0-SHAM_C0|U1,0.0,0.0,0.0,structural_zero,design-implied zero,0,0,192,0,0,24
RACE32|HALF_MINUS_ZERO|ACTIVE_C0-SHAM_C0|U40,-0.0028940836588541665,-0.006591924031575521,0.0005090077718098938,unresolved,raw accuracy; direct law difference,37,44,111,10,14,0
RACE32|HALF_MINUS_ZERO|ACTIVE_C1-NOVEL_C1|D40,0.0,0.0,0.0,observed_exact_zero,sampled equality; not a design guarantee,0,0,192,0,0,24
RACE32|HALF_MINUS_ZERO|ACTIVE_C1-NOVEL_C1|E1,-7.120768229146313e-06,-0.00038859049479166583,0.00041503906250001143,unresolved,raw accuracy; direct law difference,19,29,144,7,11,6
RACE32|HALF_MINUS_ZERO|ACTIVE_C1-NOVEL_C1|E2,0.0004475911458333287,-0.0010602315266927198,0.0019501241048176649,unresolved,raw accuracy; direct law difference,32,26,134,11,12,1
RACE32|HALF_MINUS_ZERO|ACTIVE_C1-NOVEL_C1|E3,0.001957194010416677,0.0008249155680338714,0.003110605875651058,positive,raw accuracy; direct law difference,37,21,134,18,5,1
RACE32|HALF_MINUS_ZERO|ACTIVE_C1-NOVEL_C1|E4,0.0001993815104166611,-0.0014885965983072976,0.0017197163899739592,unresolved,raw accuracy; direct law difference,34,24,134,14,9,1
RACE32|HALF_MINUS_ZERO|ACTIVE_C1-NOVEL_C1|E5,-0.00018208821614581575,-0.002160822550455707,0.002089029947916707,unresolved,raw accuracy; direct law difference,30,27,135,10,13,1
RACE32|HALF_MINUS_ZERO|ACTIVE_C1-NOVEL_C1|E6,-0.001127115885416687,-0.003514633178710943,0.001472702026367149,unresolved,raw accuracy; direct law difference,24,34,134,9,14,1
RACE32|HALF_MINUS_ZERO|ACTIVE_C1-NOVEL_C1|E7,-0.000257364908854187,-0.0014374796549479596,0.0009065755208333181,unresolved,raw accuracy; direct law difference,31,27,134,14,9,1
RACE32|HALF_MINUS_ZERO|ACTIVE_C1-NOVEL_C1|E8,-0.0003184000651041685,-0.002457707722981775,0.0016857147216796761,unresolved,raw accuracy; direct law difference,26,32,134,11,12,1
RACE32|HALF_MINUS_ZERO|ACTIVE_C1-NOVEL_C1|F,0.0006144205729166668,-1.6377766927083363e-05,0.001290181477864582,unresolved,carrier frequency; direct law difference,17,16,159,13,6,5
RACE32|HALF_MINUS_ZERO|ACTIVE_C1-NOVEL_C1|F0,0.0,0.0,0.0,structural_zero,design-implied zero,0,0,192,0,0,24
RACE32|HALF_MINUS_ZERO|ACTIVE_C1-NOVEL_C1|F1,0.0,0.0,0.0,structural_zero,design-implied zero,0,0,192,0,0,24
RACE32|HALF_MINUS_ZERO|ACTIVE_C1-NOVEL_C1|F40,0.0,0.0,0.0,observed_exact_zero,sampled equality; not a design guarantee,0,0,192,0,0,24
RACE32|HALF_MINUS_ZERO|ACTIVE_C1-NOVEL_C1|FE1,0.0005859374999999997,-0.0002604166666666668,0.001465657552083329,unresolved,carrier frequency; direct law difference,13,16,163,9,6,9
RACE32|HALF_MINUS_ZERO|ACTIVE_C1-NOVEL_C1|FE2,0.00283203125,0.0004874674479166669,0.005403645833333332,positive,carrier frequency; direct law difference,15,7,170,10,4,10
RACE32|HALF_MINUS_ZERO|ACTIVE_C1-NOVEL_C1|FE3,0.0009765624999999997,-0.0007161458333333334,0.0029622395833333332,unresolved,carrier frequency; direct law difference,3,2,187,3,2,19
RACE32|HALF_MINUS_ZERO|ACTIVE_C1-NOVEL_C1|FE4,0.0005208333333333333,-0.00048828125,0.00205078125,unresolved,carrier frequency; direct law difference,1,1,190,1,1,22
RACE32|HALF_MINUS_ZERO|ACTIVE_C1-NOVEL_C1|FE5,0.0,0.0,0.0,observed_exact_zero,sampled equality; not a design guarantee,0,0,192,0,0,24
RACE32|HALF_MINUS_ZERO|ACTIVE_C1-NOVEL_C1|FE6,0.0,0.0,0.0,observed_exact_zero,sampled equality; not a design guarantee,0,0,192,0,0,24
RACE32|HALF_MINUS_ZERO|ACTIVE_C1-NOVEL_C1|FE7,0.0,0.0,0.0,observed_exact_zero,sampled equality; not a design guarantee,0,0,192,0,0,24
RACE32|HALF_MINUS_ZERO|ACTIVE_C1-NOVEL_C1|FE8,0.0,0.0,0.0,observed_exact_zero,sampled equality; not a design guarantee,0,0,192,0,0,24
RACE32|HALF_MINUS_ZERO|ACTIVE_C1-NOVEL_C1|MLOSS,-8.900960286459027e-05,-0.0005775642395019538,0.00040472984313964826,unresolved,raw mismatch; direct law difference,27,31,134,10,13,1
RACE32|HALF_MINUS_ZERO|ACTIVE_C1-NOVEL_C1|U,8.90096028645972e-05,-0.00040472984313964913,0.0005775642395019539,unresolved,raw accuracy; direct law difference,31,27,134,13,10,1
RACE32|HALF_MINUS_ZERO|ACTIVE_C1-NOVEL_C1|U0,0.0,0.0,0.0,structural_zero,design-implied zero,0,0,192,0,0,24
RACE32|HALF_MINUS_ZERO|ACTIVE_C1-NOVEL_C1|U1,0.0,0.0,0.0,structural_zero,design-implied zero,0,0,192,0,0,24
RACE32|HALF_MINUS_ZERO|ACTIVE_C1-NOVEL_C1|U40,-0.0011749267578125,-0.0052696228027343745,0.0026049296061197874,unresolved,raw accuracy; direct law difference,26,32,134,12,10,2
RACE32|HALF_MINUS_ZERO|ACTIVE_C1-SHAM_C1|D40,0.0,0.0,0.0,observed_exact_zero,sampled equality; not a design guarantee,0,0,192,0,0,24
RACE32|HALF_MINUS_ZERO|ACTIVE_C1-SHAM_C1|E1,-8.239746093749445e-05,-0.00024620056152341806,7.324218749999861e-05,unresolved,raw accuracy; direct law difference,9,11,172,5,8,11
RACE32|HALF_MINUS_ZERO|ACTIVE_C1-SHAM_C1|E2,-0.00048014322916667407,-0.001227951049804731,0.00013127644856773127,unresolved,raw accuracy; direct law difference,10,14,168,7,9,8
RACE32|HALF_MINUS_ZERO|ACTIVE_C1-SHAM_C1|E3,8.341471354168332e-05,-0.001042734781901032,0.0012402598063151406,unresolved,raw accuracy; direct law difference,9,16,167,7,9,8
RACE32|HALF_MINUS_ZERO|ACTIVE_C1-SHAM_C1|E4,7.019042968749167e-05,-0.0010254160563151146,0.0010337320963541643,unresolved,raw accuracy; direct law difference,13,12,167,11,5,8
RACE32|HALF_MINUS_ZERO|ACTIVE_C1-SHAM_C1|E5,0.0008290608723958287,-0.0003958129882812418,0.0023794301350911415,unresolved,raw accuracy; direct law difference,17,8,167,10,6,8
RACE32|HALF_MINUS_ZERO|ACTIVE_C1-SHAM_C1|E6,-0.0007253011067708445,-0.0019063568115234247,0.0003774007161458095,unresolved,raw accuracy; direct law difference,9,16,167,4,12,8
RACE32|HALF_MINUS_ZERO|ACTIVE_C1-SHAM_C1|E7,-0.0005818684895833407,-0.0015208435058593978,0.00025845845540366826,unresolved,raw accuracy; direct law difference,11,14,167,7,9,8
RACE32|HALF_MINUS_ZERO|ACTIVE_C1-SHAM_C1|E8,-0.000521850585937488,-0.0015157318115234415,0.000441716512044266,unresolved,raw accuracy; direct law difference,9,16,167,6,10,8
RACE32|HALF_MINUS_ZERO|ACTIVE_C1-SHAM_C1|F,0.0004435221354166666,-4.0690104166666644e-05,0.001013285319010416,unresolved,carrier frequency; direct law difference,10,8,174,6,7,11
RACE32|HALF_MINUS_ZERO|ACTIVE_C1-SHAM_C1|F0,0.0,0.0,0.0,structural_zero,design-implied zero,0,0,192,0,0,24
RACE32|HALF_MINUS_ZERO|ACTIVE_C1-SHAM_C1|F1,0.0,0.0,0.0,structural_zero,design-implied zero,0,0,192,0,0,24
RACE32|HALF_MINUS_ZERO|ACTIVE_C1-SHAM_C1|F40,0.0,0.0,0.0,observed_exact_zero,sampled equality; not a design guarantee,0,0,192,0,0,24
RACE32|HALF_MINUS_ZERO|ACTIVE_C1-SHAM_C1|FE1,9.765624999999948e-05,-0.000520833333333334,0.0008138020833333327,unresolved,carrier frequency; direct law difference,6,8,178,4,6,14
RACE32|HALF_MINUS_ZERO|ACTIVE_C1-SHAM_C1|FE2,0.0022786458333333326,-0.00013020833333333344,0.0052734374999999995,unresolved,carrier frequency; direct law difference,9,5,178,6,5,13
RACE32|HALF_MINUS_ZERO|ACTIVE_C1-SHAM_C1|FE3,0.0006835937499999998,-6.510416666666669e-05,0.001790364583333333,unresolved,carrier frequency; direct law difference,3,1,188,2,1,21
RACE32|HALF_MINUS_ZERO|ACTIVE_C1-SHAM_C1|FE4,0.00039062499999999997,0.0,0.001171875,unresolved,carrier frequency; direct law difference,1,0,191,1,0,23
RACE32|HALF_MINUS_ZERO|ACTIVE_C1-SHAM_C1|FE5,9.765624999999999e-05,0.0,0.00029296875,unresolved,carrier frequency; direct law difference,1,0,191,1,0,23
RACE32|HALF_MINUS_ZERO|ACTIVE_C1-SHAM_C1|FE6,0.0,0.0,0.0,observed_exact_zero,sampled equality; not a design guarantee,0,0,192,0,0,24
RACE32|HALF_MINUS_ZERO|ACTIVE_C1-SHAM_C1|FE7,0.0,0.0,0.0,observed_exact_zero,sampled equality; not a design guarantee,0,0,192,0,0,24
RACE32|HALF_MINUS_ZERO|ACTIVE_C1-SHAM_C1|FE8,0.0,0.0,0.0,observed_exact_zero,sampled equality; not a design guarantee,0,0,192,0,0,24
RACE32|HALF_MINUS_ZERO|ACTIVE_C1-SHAM_C1|MLOSS,0.0001761118570963565,-0.0001136779785156224,0.0005051072438557973,unresolved,raw mismatch; direct law difference,15,9,168,10,6,8
RACE32|HALF_MINUS_ZERO|ACTIVE_C1-SHAM_C1|U,-0.00017611185709635416,-0.0005051072438558001,0.00011367797851563148,unresolved,raw accuracy; direct law difference,10,15,167,6,10,8
RACE32|HALF_MINUS_ZERO|ACTIVE_C1-SHAM_C1|U0,0.0,0.0,0.0,structural_zero,design-implied zero,0,0,192,0,0,24
RACE32|HALF_MINUS_ZERO|ACTIVE_C1-SHAM_C1|U1,0.0,0.0,0.0,structural_zero,design-implied zero,0,0,192,0,0,24
RACE32|HALF_MINUS_ZERO|ACTIVE_C1-SHAM_C1|U40,-0.0011037190755208333,-0.0031993865966796872,0.0007326761881510402,unresolved,raw accuracy; direct law difference,11,14,167,6,10,8
RACE32|HALF|ACTIVE_C0-NOVEL_C0|D40,0.13850911458333334,0.08120524088541667,0.20182291666666666,positive,carrier frequency change; first minus second arm,30,3,159,15,1,8
RACE32|HALF|ACTIVE_C0-NOVEL_C0|E1,-0.00012105305989583426,-0.0005320739746093678,0.0002675628662109483,unresolved,raw accuracy; first minus second arm,49,52,91,11,13,0
RACE32|HALF|ACTIVE_C0-NOVEL_C0|E2,-0.00010172526041668055,-0.001583099365234388,0.0013641611735025847,unresolved,raw accuracy; first minus second arm,48,56,88,14,10,0
RACE32|HALF|ACTIVE_C0-NOVEL_C0|E3,0.0005645751953125092,-0.0012048848470052145,0.0023427327473958494,unresolved,raw accuracy; first minus second arm,61,43,88,13,11,0
RACE32|HALF|ACTIVE_C0-NOVEL_C0|E4,0.002059936523437486,0.0003672281901041744,0.003894119262695309,positive,raw accuracy; first minus second arm,60,44,88,16,8,0
RACE32|HALF|ACTIVE_C0-NOVEL_C0|E5,0.00319620768229166,0.0005614471435547035,0.006002833048502603,positive,raw accuracy; first minus second arm,62,41,89,15,9,0
RACE32|HALF|ACTIVE_C0-NOVEL_C0|E6,0.004645792643229151,0.0015420786539713388,0.007757746378580723,positive,raw accuracy; first minus second arm,66,37,89,19,5,0
RACE32|HALF|ACTIVE_C0-NOVEL_C0|E7,0.0007619222005208296,-0.0014527384440104233,0.002954228719075512,unresolved,raw accuracy; first minus second arm,50,54,88,11,13,0
RACE32|HALF|ACTIVE_C0-NOVEL_C0|E8,0.0004211425781249778,-0.0016073862711588863,0.0024933624267577796,unresolved,raw accuracy; first minus second arm,51,52,89,13,11,0
RACE32|HALF|ACTIVE_C0-NOVEL_C0|F,0.09806315104166667,0.054585774739583336,0.1445692952473958,positive,carrier frequency; first minus second arm,93,12,87,23,1,0
RACE32|HALF|ACTIVE_C0-NOVEL_C0|F0,0.0,0.0,0.0,structural_zero,design-implied zero,0,0,192,0,0,24
RACE32|HALF|ACTIVE_C0-NOVEL_C0|F1,0.010416666666666666,0.00845947265625,0.012369791666666666,positive,carrier frequency; first minus second arm,66,2,124,23,0,1
RACE32|HALF|ACTIVE_C0-NOVEL_C0|F40,0.13850911458333334,0.08120524088541667,0.20182291666666666,positive,carrier frequency; first minus second arm,30,3,159,15,1,8
RACE32|HALF|ACTIVE_C0-NOVEL_C0|FE1,0.024153645833333334,0.0185546875,0.02975260416666667,positive,carrier frequency; first minus second arm,90,12,90,23,1,0
RACE32|HALF|ACTIVE_C0-NOVEL_C0|FE2,0.05087890625,0.030500488281250005,0.07125651041666667,positive,carrier frequency; first minus second arm,59,10,123,21,1,2
RACE32|HALF|ACTIVE_C0-NOVEL_C0|FE3,0.08512369791666667,0.04690511067708334,0.1248445638020833,positive,carrier frequency; first minus second arm,45,5,142,20,1,3
RACE32|HALF|ACTIVE_C0-NOVEL_C0|FE4,0.10673828125,0.05449055989583334,0.16273193359375,positive,carrier frequency; first minus second arm,35,5,152,18,1,5
RACE32|HALF|ACTIVE_C0-NOVEL_C0|FE5,0.118359375,0.060674641927083335,0.17810302734374978,positive,carrier frequency; first minus second arm,33,5,154,17,1,6
RACE32|HALF|ACTIVE_C0-NOVEL_C0|FE6,0.12659505208333333,0.06763671875,0.19150878906249982,positive,carrier frequency; first minus second arm,32,4,156,16,1,7
RACE32|HALF|ACTIVE_C0-NOVEL_C0|FE7,0.13395182291666666,0.07275309244791667,0.19827555338541664,positive,carrier frequency; first minus second arm,31,4,157,16,1,7
RACE32|HALF|ACTIVE_C0-NOVEL_C0|FE8,0.13870442708333333,0.08218994140625001,0.20166097005208333,positive,carrier frequency; first minus second arm,31,4,157,16,1,7
RACE32|HALF|ACTIVE_C0-NOVEL_C0|MLOSS,-0.0014283498128255339,-0.0023853429158528735,-0.0005995146433512508,negative,raw mismatch; first minus second arm,42,63,87,6,18,0
RACE32|HALF|ACTIVE_C0-NOVEL_C0|U,0.0014283498128255384,0.0005995146433512648,0.0023853429158528757,positive,raw accuracy; first minus second arm,63,42,87,18,6,0
RACE32|HALF|ACTIVE_C0-NOVEL_C0|U0,0.0,0.0,0.0,structural_zero,design-implied zero,0,0,192,0,0,24
RACE32|HALF|ACTIVE_C0-NOVEL_C0|U1,5.5948893229166664e-05,-2.5431315104166668e-05,0.00014241536458333334,unresolved,raw accuracy; first minus second arm,11,8,173,7,4,13
RACE32|HALF|ACTIVE_C0-NOVEL_C0|U40,-0.0001983642578125,-0.004513295491536459,0.0042474110921223935,unresolved,raw accuracy; first minus second arm,53,50,89,14,10,0
RACE32|HALF|ACTIVE_C0-SHAM_C0|D40,0.12548828125,0.06770833333333333,0.19124348958333334,positive,carrier frequency change; first minus second arm,28,2,162,14,1,9
RACE32|HALF|ACTIVE_C0-SHAM_C0|E1,-7.93457031250111e-05,-0.00024617513020834097,8.242289225260308e-05,unresolved,raw accuracy; first minus second arm,29,34,129,10,12,2
RACE32|HALF|ACTIVE_C0-SHAM_C0|E2,0.00010884602864581298,-0.0008585866292318038,0.0011536916097004894,unresolved,raw accuracy; first minus second arm,40,36,116,12,11,1
RACE32|HALF|ACTIVE_C0-SHAM_C0|E3,0.00016276041666670368,-0.001407012939453108,0.0015737406412760812,unresolved,raw accuracy; first minus second arm,36,40,116,13,10,1
RACE32|HALF|ACTIVE_C0-SHAM_C0|E4,0.0010640462239583186,-0.0005057017008463887,0.0028911336263020677,unresolved,raw accuracy; first minus second arm,38,38,116,13,10,1
RACE32|HALF|ACTIVE_C0-SHAM_C0|E5,0.0039337158203124984,0.00191953023274739,0.0061576334635416625,positive,raw accuracy; first minus second arm,56,20,116,19,4,1
RACE32|HALF|ACTIVE_C0-SHAM_C0|E6,0.003848266601562488,0.0012884521484374802,0.006505635579427067,positive,raw accuracy; first minus second arm,50,26,116,16,7,1
RACE32|HALF|ACTIVE_C0-SHAM_C0|E7,0.001901245117187501,0.0002754974365234456,0.003564478556315083,positive,raw accuracy; first minus second arm,43,33,116,17,6,1
RACE32|HALF|ACTIVE_C0-SHAM_C0|E8,0.000979614257812474,-0.000700912475585966,0.0027669779459635227,unresolved,raw accuracy; first minus second arm,37,39,116,15,8,1
RACE32|HALF|ACTIVE_C0-SHAM_C0|F,0.08725585937499998,0.047393391927083334,0.13128000895182287,positive,carrier frequency; first minus second arm,56,19,117,18,5,1
RACE32|HALF|ACTIVE_C0-SHAM_C0|F0,0.0,0.0,0.0,structural_zero,design-implied zero,0,0,192,0,0,24
RACE32|HALF|ACTIVE_C0-SHAM_C0|F1,0.0,0.0,0.0,structural_zero,design-implied zero,0,0,192,0,0,24
RACE32|HALF|ACTIVE_C0-SHAM_C0|F40,0.12548828125,0.06770833333333333,0.19124348958333334,positive,carrier frequency; first minus second arm,28,2,162,14,1,9
RACE32|HALF|ACTIVE_C0-SHAM_C0|FE1,0.005338541666666666,0.0023437500000000008,0.008562011718749997,positive,carrier frequency; first minus second arm,45,15,132,15,5,4
RACE32|HALF|ACTIVE_C0-SHAM_C0|FE2,0.03411458333333334,0.019075520833333335,0.050655110677083316,positive,carrier frequency; first minus second arm,45,20,127,19,4,1
RACE32|HALF|ACTIVE_C0-SHAM_C0|FE3,0.07376302083333333,0.040364583333333336,0.1096028645833333,positive,carrier frequency; first minus second arm,39,9,144,19,1,4
RACE32|HALF|ACTIVE_C0-SHAM_C0|FE4,0.09931640625,0.048919270833333334,0.15374999999999997,positive,carrier frequency; first minus second arm,34,5,153,16,3,5
RACE32|HALF|ACTIVE_C0-SHAM_C0|FE5,0.11386718749999998,0.059047851562499996,0.17421875,positive,carrier frequency; first minus second arm,31,4,157,16,3,5
RACE32|HALF|ACTIVE_C0-SHAM_C0|FE6,0.11953124999999999,0.06132486979166666,0.18419840494791656,positive,carrier frequency; first minus second arm,30,3,159,15,2,7
RACE32|HALF|ACTIVE_C0-SHAM_C0|FE7,0.12633463541666667,0.06883463541666666,0.19127604166666667,positive,carrier frequency; first minus second arm,29,3,160,15,2,7
RACE32|HALF|ACTIVE_C0-SHAM_C0|FE8,0.12578124999999998,0.06878173828125,0.19010660807291666,positive,carrier frequency; first minus second arm,29,3,160,15,2,7
RACE32|HALF|ACTIVE_C0-SHAM_C0|MLOSS,-0.001489893595377612,-0.0023720709482828815,-0.0006581465403239002,negative,raw mismatch; first minus second arm,32,45,115,6,17,1
RACE32|HALF|ACTIVE_C0-SHAM_C0|U,0.001489893595377605,0.0006581465403238914,0.0023720709482828927,positive,raw accuracy; first minus second arm,45,32,115,17,6,1
RACE32|HALF|ACTIVE_C0-SHAM_C0|U0,0.0,0.0,0.0,structural_zero,design-implied zero,0,0,192,0,0,24
RACE32|HALF|ACTIVE_C0-SHAM_C0|U1,0.0,0.0,0.0,structural_zero,design-implied zero,0,0,192,0,0,24
RACE32|HALF|ACTIVE_C0-SHAM_C0|U40,-0.0017344156901041667,-0.004491678873697917,0.0012514750162760404,unresolved,raw accuracy; first minus second arm,39,37,116,9,14,1
RACE32|HALF|ACTIVE_C0|D40,0.11507161458333333,0.057779947916666664,0.17903645833333334,positive,carrier frequency change; absolute,30,162,0,15,9,0
RACE32|HALF|ACTIVE_C0|E1,0.6796885172526043,0.6608885447184245,0.6994952392578125,positive,raw accuracy; absolute,192,0,0,24,0,0
RACE32|HALF|ACTIVE_C0|E2,0.6182963053385416,0.609800771077474,0.6281745147705078,positive,raw accuracy; absolute,192,0,0,24,0,0
RACE32|HALF|ACTIVE_C0|E3,0.6228535970052084,0.6146705881754558,0.632746836344401,positive,raw accuracy; absolute,192,0,0,24,0,0
RACE32|HALF|ACTIVE_C0|E4,0.6214914957682292,0.614854227701823,0.6306917572021484,positive,raw accuracy; absolute,192,0,0,24,0,0
RACE32|HALF|ACTIVE_C0|E5,0.6240447998046875,0.6169737752278646,0.6318736775716146,positive,raw accuracy; absolute,192,0,0,24,0,0
RACE32|HALF|ACTIVE_C0|E6,0.619415283203125,0.6119647725423177,0.627642822265625,positive,raw accuracy; absolute,192,0,0,24,0,0
RACE32|HALF|ACTIVE_C0|E7,0.6159037272135417,0.6103798675537109,0.6217445373535156,positive,raw accuracy; absolute,192,0,0,24,0,0
RACE32|HALF|ACTIVE_C0|E8,0.6252919514973958,0.6194608815511068,0.6311323038736979,positive,raw accuracy; absolute,192,0,0,24,0,0
RACE32|HALF|ACTIVE_C0|F,0.110791015625,0.06961079915364585,0.1574066162109375,positive,carrier frequency; absolute,124,0,68,24,0,0
RACE32|HALF|ACTIVE_C0|F0,0.03125,0.03125,0.03125,positive,carrier frequency; absolute,192,0,0,24,0,0
RACE32|HALF|ACTIVE_C0|F1,0.030598958333333332,0.0263671875,0.034830729166666664,positive,carrier frequency; absolute,124,0,68,24,0,0
RACE32|HALF|ACTIVE_C0|F40,0.14632161458333334,0.08902994791666667,0.21028645833333334,positive,carrier frequency; absolute,30,0,162,15,0,9
RACE32|HALF|ACTIVE_C0|FE1,0.03772786458333333,0.03121744791666667,0.04488932291666667,positive,carrier frequency; absolute,124,0,68,24,0,0
RACE32|HALF|ACTIVE_C0|FE2,0.06858723958333333,0.04694010416666667,0.09104899088541668,positive,carrier frequency; absolute,64,0,128,22,0,2
RACE32|HALF|ACTIVE_C0|FE3,0.09853515624999999,0.06158040364583333,0.1386100260416666,positive,carrier frequency; absolute,45,0,147,20,0,4
RACE32|HALF|ACTIVE_C0|FE4,0.11809895833333332,0.06815836588541667,0.1751668294270833,positive,carrier frequency; absolute,36,0,156,18,0,6
RACE32|HALF|ACTIVE_C0|FE5,0.13190104166666666,0.07872884114583333,0.19183268229166664,positive,carrier frequency; absolute,33,0,159,17,0,7
RACE32|HALF|ACTIVE_C0|FE6,0.13857421875,0.08183430989583333,0.20439860026041662,positive,carrier frequency; absolute,32,0,160,16,0,8
RACE32|HALF|ACTIVE_C0|FE7,0.14632161458333334,0.08932291666666665,0.21126708984374998,positive,carrier frequency; absolute,31,0,161,16,0,8
RACE32|HALF|ACTIVE_C0|FE8,0.14658203125,0.09003092447916668,0.21029296874999998,positive,carrier frequency; absolute,31,0,161,16,0,8
RACE32|HALF|ACTIVE_C0|MLOSS,0.3716267903645833,0.36782392183939616,0.3750930531819661,positive,raw mismatch; absolute,192,0,0,24,0,0
RACE32|HALF|ACTIVE_C0|U,0.6283732096354168,0.6249069468180338,0.6321760781606038,positive,raw accuracy; absolute,192,0,0,24,0,0
RACE32|HALF|ACTIVE_C0|U0,0.7163035074869791,0.6938170115152995,0.7402376810709635,positive,raw accuracy; absolute,192,0,0,24,0,0
RACE32|HALF|ACTIVE_C0|U1,0.7252298990885416,0.705484135945638,0.7460538228352865,positive,raw accuracy; absolute,192,0,0,24,0,0
RACE32|HALF|ACTIVE_C0|U40,0.6151529947916666,0.6009860992431642,0.6295046488444009,positive,raw accuracy; absolute,192,0,0,24,0,0
RACE32|HALF|ACTIVE_C1-NOVEL_C1|D40,0.0,0.0,0.0,observed_exact_zero,sampled equality; not a design guarantee,0,0,192,0,0,24
RACE32|HALF|ACTIVE_C1-NOVEL_C1|E1,0.0001983642578125,-0.0002096048990885682,0.0007100677490234525,unresolved,raw accuracy; first minus second arm,26,26,140,11,12,1
RACE32|HALF|ACTIVE_C1-NOVEL_C1|E2,-0.0005137125651041574,-0.0016053009033203053,0.0004618326822916631,unresolved,raw accuracy; first minus second arm,24,30,138,11,12,1
RACE32|HALF|ACTIVE_C1-NOVEL_C1|E3,0.0006622314453125083,-0.0005340576171874866,0.0018708038330078314,unresolved,raw accuracy; first minus second arm,30,24,138,11,12,1
RACE32|HALF|ACTIVE_C1-NOVEL_C1|E4,-2.4414062500000926e-05,-0.0013034820556640438,0.0012861633300781108,unresolved,raw accuracy; first minus second arm,28,26,138,11,12,1
RACE32|HALF|ACTIVE_C1-NOVEL_C1|E5,0.0004974365234375241,-0.001451695760091112,0.0028260040283203595,unresolved,raw accuracy; first minus second arm,28,26,138,12,11,1
RACE32|HALF|ACTIVE_C1-NOVEL_C1|E6,-0.0002960205078125222,-0.0022969563802083637,0.0018627421061197845,unresolved,raw accuracy; first minus second arm,24,30,138,10,13,1
RACE32|HALF|ACTIVE_C1-NOVEL_C1|E7,0.0003326416015624935,-0.000827026367187525,0.0016347249348958412,unresolved,raw accuracy; first minus second arm,33,21,138,12,11,1
RACE32|HALF|ACTIVE_C1-NOVEL_C1|E8,-3.255208333333148e-05,-0.0018753306070963603,0.001768010457356768,unresolved,raw accuracy; first minus second arm,25,29,138,11,12,1
RACE32|HALF|ACTIVE_C1-NOVEL_C1|F,0.0009847005208333333,0.0002929687500000001,0.0017294311523437494,positive,carrier frequency; first minus second arm,45,7,140,21,2,1
RACE32|HALF|ACTIVE_C1-NOVEL_C1|F0,0.0,0.0,0.0,structural_zero,design-implied zero,0,0,192,0,0,24
RACE32|HALF|ACTIVE_C1-NOVEL_C1|F1,0.005208333333333333,0.00341796875,0.0068359375,positive,carrier frequency; first minus second arm,34,2,156,19,1,4
RACE32|HALF|ACTIVE_C1-NOVEL_C1|F40,0.0,0.0,0.0,observed_exact_zero,sampled equality; not a design guarantee,0,0,192,0,0,24
RACE32|HALF|ACTIVE_C1-NOVEL_C1|FE1,0.005338541666666666,0.0029947916666666664,0.007942708333333333,positive,carrier frequency; first minus second arm,46,6,140,21,2,1
RACE32|HALF|ACTIVE_C1-NOVEL_C1|FE2,0.00234375,-0.00019531250000000004,0.005241699218749996,unresolved,carrier frequency; first minus second arm,10,3,179,7,2,15
RACE32|HALF|ACTIVE_C1-NOVEL_C1|FE3,0.00019531249999999988,-0.0010416666666666667,0.0013997395833333333,unresolved,carrier frequency; first minus second arm,2,2,188,2,2,20
RACE32|HALF|ACTIVE_C1-NOVEL_C1|FE4,0.0,0.0,0.0,observed_exact_zero,sampled equality; not a design guarantee,0,0,192,0,0,24
RACE32|HALF|ACTIVE_C1-NOVEL_C1|FE5,0.0,0.0,0.0,observed_exact_zero,sampled equality; not a design guarantee,0,0,192,0,0,24
RACE32|HALF|ACTIVE_C1-NOVEL_C1|FE6,0.0,0.0,0.0,observed_exact_zero,sampled equality; not a design guarantee,0,0,192,0,0,24
RACE32|HALF|ACTIVE_C1-NOVEL_C1|FE7,0.0,0.0,0.0,observed_exact_zero,sampled equality; not a design guarantee,0,0,192,0,0,24
RACE32|HALF|ACTIVE_C1-NOVEL_C1|FE8,0.0,0.0,0.0,observed_exact_zero,sampled equality; not a design guarantee,0,0,192,0,0,24
RACE32|HALF|ACTIVE_C1-NOVEL_C1|MLOSS,-0.00010299682617188426,-0.0005569140116373944,0.0003867912292480353,unresolved,raw mismatch; first minus second arm,22,32,138,12,11,1
RACE32|HALF|ACTIVE_C1-NOVEL_C1|U,0.000102996826171875,-0.00038679122924805857,0.0005569140116373576,unresolved,raw accuracy; first minus second arm,32,22,138,11,12,1
RACE32|HALF|ACTIVE_C1-NOVEL_C1|U0,0.0,0.0,0.0,structural_zero,design-implied zero,0,0,192,0,0,24
RACE32|HALF|ACTIVE_C1-NOVEL_C1|U1,1.52587890625e-05,-3.5603841145833336e-05,7.62939453125e-05,unresolved,raw accuracy; first minus second arm,4,5,183,4,5,15
RACE32|HALF|ACTIVE_C1-NOVEL_C1|U40,-0.0004170735677083333,-0.0035152435302734375,0.002543512980143227,unresolved,raw accuracy; first minus second arm,29,25,138,14,9,1
RACE32|HALF|ACTIVE_C1-SHAM_C1|D40,0.0,0.0,0.0,observed_exact_zero,sampled equality; not a design guarantee,0,0,192,0,0,24
RACE32|HALF|ACTIVE_C1-SHAM_C1|E1,8.138020833325932e-06,-4.781087239584085e-05,7.123311360676546e-05,unresolved,raw accuracy; first minus second arm,11,8,173,8,5,11
RACE32|HALF|ACTIVE_C1-SHAM_C1|E2,-0.0006306966145833334,-0.001392745971679693,-5.874633789058059e-06,negative,raw accuracy; first minus second arm,6,12,174,4,9,11
RACE32|HALF|ACTIVE_C1-SHAM_C1|E3,3.3569335937506474e-05,-0.0008606465657552027,0.0009806569417317808,unresolved,raw accuracy; first minus second arm,9,9,174,7,6,11
RACE32|HALF|ACTIVE_C1-SHAM_C1|E4,-0.00016784667968750924,-0.0009379577636718734,0.0004974365234374964,unresolved,raw accuracy; first minus second arm,9,9,174,5,8,11
RACE32|HALF|ACTIVE_C1-SHAM_C1|E5,0.0002848307291666759,-0.0009817504882812316,0.0020499674479166796,unresolved,raw accuracy; first minus second arm,11,7,174,7,6,11
RACE32|HALF|ACTIVE_C1-SHAM_C1|E6,-5.086263020834721e-05,-0.0006777191162109596,0.0005942026774088447,unresolved,raw accuracy; first minus second arm,10,8,174,6,7,11
RACE32|HALF|ACTIVE_C1-SHAM_C1|E7,-0.00021362304687500463,-0.0010009765624999964,0.0005751546223958264,unresolved,raw accuracy; first minus second arm,7,11,174,6,7,11
RACE32|HALF|ACTIVE_C1-SHAM_C1|E8,-0.00047709147135415836,-0.0014761098225911447,0.0004832967122395785,unresolved,raw accuracy; first minus second arm,6,12,174,6,7,11
RACE32|HALF|ACTIVE_C1-SHAM_C1|F,0.00039469401041666673,6.907145182291666e-05,0.0007893880208333332,positive,carrier frequency; first minus second arm,10,6,176,9,3,12
RACE32|HALF|ACTIVE_C1-SHAM_C1|F0,0.0,0.0,0.0,structural_zero,design-implied zero,0,0,192,0,0,24
RACE32|HALF|ACTIVE_C1-SHAM_C1|F1,0.0,0.0,0.0,structural_zero,design-implied zero,0,0,192,0,0,24
RACE32|HALF|ACTIVE_C1-SHAM_C1|F40,0.0,0.0,0.0,observed_exact_zero,sampled equality; not a design guarantee,0,0,192,0,0,24
RACE32|HALF|ACTIVE_C1-SHAM_C1|FE1,0.0006184895833333333,-9.765625000000013e-05,0.0015299479166666664,unresolved,carrier frequency; first minus second arm,9,7,176,8,4,12
RACE32|HALF|ACTIVE_C1-SHAM_C1|FE2,0.002180989583333333,0.00035807291666666664,0.004361979166666667,positive,carrier frequency; first minus second arm,7,2,183,7,1,16
RACE32|HALF|ACTIVE_C1-SHAM_C1|FE3,0.00035807291666666664,-0.00029296875000000004,0.0013671874999999997,unresolved,carrier frequency; first minus second arm,2,1,189,1,1,22
RACE32|HALF|ACTIVE_C1-SHAM_C1|FE4,0.0,0.0,0.0,observed_exact_zero,sampled equality; not a design guarantee,0,0,192,0,0,24
RACE32|HALF|ACTIVE_C1-SHAM_C1|FE5,0.0,0.0,0.0,observed_exact_zero,sampled equality; not a design guarantee,0,0,192,0,0,24
RACE32|HALF|ACTIVE_C1-SHAM_C1|FE6,0.0,0.0,0.0,observed_exact_zero,sampled equality; not a design guarantee,0,0,192,0,0,24
RACE32|HALF|ACTIVE_C1-SHAM_C1|FE7,0.0,0.0,0.0,observed_exact_zero,sampled equality; not a design guarantee,0,0,192,0,0,24
RACE32|HALF|ACTIVE_C1-SHAM_C1|FE8,0.0,0.0,0.0,observed_exact_zero,sampled equality; not a design guarantee,0,0,192,0,0,24
RACE32|HALF|ACTIVE_C1-SHAM_C1|MLOSS,0.00015169779459635324,-9.682019551595327e-05,0.00046405474344889716,unresolved,raw mismatch; first minus second arm,10,9,173,6,7,11
RACE32|HALF|ACTIVE_C1-SHAM_C1|U,-0.00015169779459635324,-0.00046405474344889466,9.68201955159573e-05,unresolved,raw accuracy; first minus second arm,9,10,173,7,6,11
RACE32|HALF|ACTIVE_C1-SHAM_C1|U0,0.0,0.0,0.0,structural_zero,design-implied zero,0,0,192,0,0,24
RACE32|HALF|ACTIVE_C1-SHAM_C1|U1,0.0,0.0,0.0,structural_zero,design-implied zero,0,0,192,0,0,24
RACE32|HALF|ACTIVE_C1-SHAM_C1|U40,-0.0016733805338541667,-0.0038553873697916665,-8.633931477864654e-05,negative,raw accuracy; first minus second arm,6,12,174,4,9,11
RACE32|HALF|ACTIVE_C1|D40,-0.03125,-0.03125,-0.03125,negative,carrier frequency change; absolute,0,192,0,0,24,0
RACE32|HALF|ACTIVE_C1|E1,0.6800730387369791,0.6615563710530599,0.6996880849202475,positive,raw accuracy; absolute,192,0,0,24,0,0
RACE32|HALF|ACTIVE_C1|E2,0.6169871012369791,0.6081000264485678,0.62732302347819,positive,raw accuracy; absolute,192,0,0,24,0,0
RACE32|HALF|ACTIVE_C1|E3,0.6218536376953125,0.6132210795084636,0.6320341746012369,positive,raw accuracy; absolute,192,0,0,24,0,0
RACE32|HALF|ACTIVE_C1|E4,0.6196329752604167,0.6129119364420572,0.6283840688069661,positive,raw accuracy; absolute,192,0,0,24,0,0
RACE32|HALF|ACTIVE_C1|E5,0.6200734456380208,0.6132887776692708,0.6277997589111328,positive,raw accuracy; absolute,192,0,0,24,0,0
RACE32|HALF|ACTIVE_C1|E6,0.6145772298177083,0.6083574676513672,0.6212865702311198,positive,raw accuracy; absolute,192,0,0,24,0,0
RACE32|HALF|ACTIVE_C1|E7,0.6151580810546875,0.6107796732584634,0.6196030934651692,positive,raw accuracy; absolute,192,0,0,24,0,0
RACE32|HALF|ACTIVE_C1|E8,0.6233937581380208,0.6174051666259767,0.6296534220377604,positive,raw accuracy; absolute,192,0,0,24,0,0
RACE32|HALF|ACTIVE_C1|F,0.0017578125,0.0010498046875000002,0.002640889485677083,positive,carrier frequency; absolute,77,0,115,24,0,0
RACE32|HALF|ACTIVE_C1|F0,0.03125,0.03125,0.03125,positive,carrier frequency; absolute,192,0,0,24,0,0
RACE32|HALF|ACTIVE_C1|F1,0.017252604166666668,0.013997395833333334,0.020670572916666668,positive,carrier frequency; absolute,77,0,115,24,0,0
RACE32|HALF|ACTIVE_C1|F40,0.0,0.0,0.0,observed_exact_zero,sampled equality; not a design guarantee,0,0,192,0,0,24
RACE32|HALF|ACTIVE_C1|FE1,0.009798177083333333,0.006737467447916668,0.013119303385416664,positive,carrier frequency; absolute,77,0,115,24,0,0
RACE32|HALF|ACTIVE_C1|FE2,0.0035807291666666665,0.0009765625,0.007063802083333333,positive,carrier frequency; absolute,11,0,181,7,0,17
RACE32|HALF|ACTIVE_C1|FE3,0.0006835937499999998,0.0,0.0015950520833333335,unresolved,carrier frequency; absolute,2,0,190,2,0,22
RACE32|HALF|ACTIVE_C1|FE4,0.0,0.0,0.0,observed_exact_zero,sampled equality; not a design guarantee,0,0,192,0,0,24
RACE32|HALF|ACTIVE_C1|FE5,0.0,0.0,0.0,observed_exact_zero,sampled equality; not a design guarantee,0,0,192,0,0,24
RACE32|HALF|ACTIVE_C1|FE6,0.0,0.0,0.0,observed_exact_zero,sampled equality; not a design guarantee,0,0,192,0,0,24
RACE32|HALF|ACTIVE_C1|FE7,0.0,0.0,0.0,observed_exact_zero,sampled equality; not a design guarantee,0,0,192,0,0,24
RACE32|HALF|ACTIVE_C1|FE8,0.0,0.0,0.0,observed_exact_zero,sampled equality; not a design guarantee,0,0,192,0,0,24
RACE32|HALF|ACTIVE_C1|MLOSS,0.3735313415527343,0.36958739916483563,0.37704875628153484,positive,raw mismatch; absolute,192,0,0,24,0,0
RACE32|HALF|ACTIVE_C1|U,0.6264686584472656,0.6229512437184652,0.6304126008351645,positive,raw accuracy; absolute,192,0,0,24,0,0
RACE32|HALF|ACTIVE_C1|U0,0.7163035074869791,0.6938170115152995,0.7402376810709635,positive,raw accuracy; absolute,192,0,0,24,0,0
RACE32|HALF|ACTIVE_C1|U1,0.7251790364583334,0.7054644266764323,0.745946756998698,positive,raw accuracy; absolute,192,0,0,24,0,0
RACE32|HALF|ACTIVE_C1|U40,0.6140238444010416,0.6002857208251954,0.6280015309651692,positive,raw accuracy; absolute,192,0,0,24,0,0
RACE32|HALF|NOVEL_C0-SHAM_C0|D40,-0.013020833333333334,-0.03125,0.0026041666666666665,unresolved,carrier frequency change; first minus second arm,3,4,185,1,3,20
RACE32|HALF|NOVEL_C0-SHAM_C0|E1,4.1707356770823156e-05,-0.00035212198893231825,0.00043139139811199746,unresolved,raw accuracy; first minus second arm,50,44,98,13,11,0
RACE32|HALF|NOVEL_C0-SHAM_C0|E2,0.00021057128906249353,-0.0007467905680338737,0.0013448079427083226,unresolved,raw accuracy; first minus second arm,52,44,96,11,13,0
RACE32|HALF|NOVEL_C0-SHAM_C0|E3,-0.00040181477864580556,-0.0023905944824218427,0.0013601175944010766,unresolved,raw accuracy; first minus second arm,48,47,97,11,13,0
RACE32|HALF|NOVEL_C0-SHAM_C0|E4,-0.0009958902994791675,-0.002534052530924478,0.0006521097819010313,unresolved,raw accuracy; first minus second arm,42,54,96,11,13,0
RACE32|HALF|NOVEL_C0-SHAM_C0|E5,0.0007375081380208379,-0.0010335795084635317,0.002493362426757816,unresolved,raw accuracy; first minus second arm,52,44,96,15,9,0
RACE32|HALF|NOVEL_C0-SHAM_C0|E6,-0.000797526041666663,-0.002810846964518227,0.0014303080240885406,unresolved,raw accuracy; first minus second arm,41,55,96,10,14,0
RACE32|HALF|NOVEL_C0-SHAM_C0|E7,0.0011393229166666713,-0.0006225840250651021,0.0029215749104817825,unresolved,raw accuracy; first minus second arm,56,40,96,14,10,0
RACE32|HALF|NOVEL_C0-SHAM_C0|E8,0.0005584716796874963,-0.0012533060709635489,0.0021617380777994746,unresolved,raw accuracy; first minus second arm,49,47,96,15,9,0
RACE32|HALF|NOVEL_C0-SHAM_C0|F,-0.010807291666666668,-0.0249609375,0.0034081013997395698,unresolved,carrier frequency; first minus second arm,18,80,94,2,22,0
RACE32|HALF|NOVEL_C0-SHAM_C0|F0,0.0,0.0,0.0,structural_zero,design-implied zero,0,0,192,0,0,24
RACE32|HALF|NOVEL_C0-SHAM_C0|F1,-0.010416666666666666,-0.012369791666666666,-0.008459472656250022,negative,carrier frequency; first minus second arm,2,66,124,0,23,1
RACE32|HALF|NOVEL_C0-SHAM_C0|F40,-0.013020833333333334,-0.03125,0.0026041666666666665,unresolved,carrier frequency; first minus second arm,3,4,185,1,3,20
RACE32|HALF|NOVEL_C0-SHAM_C0|FE1,-0.018815104166666666,-0.02360107421875,-0.014061686197916671,negative,carrier frequency; first minus second arm,14,80,98,2,22,0
RACE32|HALF|NOVEL_C0-SHAM_C0|FE2,-0.016764322916666668,-0.0306982421875,-0.0018863932291666775,negative,carrier frequency; first minus second arm,14,44,134,5,17,2
RACE32|HALF|NOVEL_C0-SHAM_C0|FE3,-0.011360677083333333,-0.026368815104166665,0.005340169270833323,unresolved,carrier frequency; first minus second arm,6,23,163,2,13,9
RACE32|HALF|NOVEL_C0-SHAM_C0|FE4,-0.007421874999999999,-0.026048990885416668,0.011035970052083328,unresolved,carrier frequency; first minus second arm,7,9,176,4,7,13
RACE32|HALF|NOVEL_C0-SHAM_C0|FE5,-0.0044921875000000005,-0.024024251302083337,0.01468180338541666,unresolved,carrier frequency; first minus second arm,6,7,179,4,6,14
RACE32|HALF|NOVEL_C0-SHAM_C0|FE6,-0.007063802083333333,-0.026041666666666668,0.010481770833333333,unresolved,carrier frequency; first minus second arm,4,4,184,2,3,19
RACE32|HALF|NOVEL_C0-SHAM_C0|FE7,-0.007617187500000001,-0.02786458333333333,0.011002604166666666,unresolved,carrier frequency; first minus second arm,4,4,184,2,3,19
RACE32|HALF|NOVEL_C0-SHAM_C0|FE8,-0.012923177083333334,-0.03121826171875,0.002669270833333333,unresolved,carrier frequency; first minus second arm,4,4,184,2,3,19
RACE32|HALF|NOVEL_C0-SHAM_C0|MLOSS,-6.154378255207825e-05,-0.0006011994679768914,0.0004926840464274038,unresolved,raw mismatch; first minus second arm,53,44,95,10,14,0
RACE32|HALF|NOVEL_C0-SHAM_C0|U,6.154378255206668e-05,-0.0004926840464274384,0.0006011994679768909,unresolved,raw accuracy; first minus second arm,44,53,95,14,10,0
RACE32|HALF|NOVEL_C0-SHAM_C0|U0,0.0,0.0,0.0,structural_zero,design-implied zero,0,0,192,0,0,24
RACE32|HALF|NOVEL_C0-SHAM_C0|U1,-5.5948893229166664e-05,-0.00014241536458333334,2.5431315104166668e-05,unresolved,raw accuracy; first minus second arm,8,11,173,4,7,13
RACE32|HALF|NOVEL_C0-SHAM_C0|U40,-0.0015360514322916667,-0.005941136678059895,0.0025433858235677067,unresolved,raw accuracy; first minus second arm,42,53,97,10,12,2
RACE32|HALF|NOVEL_C0|D40,-0.0234375,-0.03125,-0.010416666666666666,negative,carrier frequency change; absolute,3,189,0,2,22,0
RACE32|HALF|NOVEL_C0|E1,0.6798095703125,0.6610468800862629,0.6994459025065104,positive,raw accuracy; absolute,192,0,0,24,0,0
RACE32|HALF|NOVEL_C0|E2,0.6183980305989584,0.6096747334798178,0.6283943684895833,positive,raw accuracy; absolute,192,0,0,24,0,0
RACE32|HALF|NOVEL_C0|E3,0.6222890218098959,0.613895746866862,0.6324085235595703,positive,raw accuracy; absolute,192,0,0,24,0,0
RACE32|HALF|NOVEL_C0|E4,0.6194315592447917,0.6127247619628906,0.6280597178141276,positive,raw accuracy; absolute,192,0,0,24,0,0
RACE32|HALF|NOVEL_C0|E5,0.6208485921223958,0.6140509796142578,0.629087422688802,positive,raw accuracy; absolute,192,0,0,24,0,0
RACE32|HALF|NOVEL_C0|E6,0.6147694905598958,0.6086371866861979,0.621386973063151,positive,raw accuracy; absolute,192,0,0,24,0,0
RACE32|HALF|NOVEL_C0|E7,0.6151418050130208,0.6101996612548829,0.620138193766276,positive,raw accuracy; absolute,192,0,0,24,0,0
RACE32|HALF|NOVEL_C0|E8,0.6248708089192708,0.6191477203369141,0.6308351643880209,positive,raw accuracy; absolute,192,0,0,24,0,0
RACE32|HALF|NOVEL_C0|F,0.012727864583333331,0.003401692708333334,0.024248046874999995,positive,carrier frequency; absolute,93,0,99,23,0,1
RACE32|HALF|NOVEL_C0|F0,0.03125,0.03125,0.03125,positive,carrier frequency; absolute,192,0,0,24,0,0
RACE32|HALF|NOVEL_C0|F1,0.020182291666666668,0.016764322916666668,0.0234375,positive,carrier frequency; absolute,93,0,99,23,0,1
RACE32|HALF|NOVEL_C0|F40,0.0078125,0.0,0.020833333333333332,unresolved,carrier frequency; absolute,3,0,189,2,0,22
RACE32|HALF|NOVEL_C0|FE1,0.01357421875,0.009667154947916668,0.018001302083333334,positive,carrier frequency; absolute,93,0,99,23,0,1
RACE32|HALF|NOVEL_C0|FE2,0.01770833333333333,0.006575520833333333,0.03200195312499998,positive,carrier frequency; absolute,20,0,172,10,0,14
RACE32|HALF|NOVEL_C0|FE3,0.013411458333333333,0.0036132812500000006,0.02639973958333333,positive,carrier frequency; absolute,11,0,181,6,0,18
RACE32|HALF|NOVEL_C0|FE4,0.011360677083333333,0.0017252604166666666,0.02347005208333333,positive,carrier frequency; absolute,8,0,184,5,0,19
RACE32|HALF|NOVEL_C0|FE5,0.013541666666666667,0.0005859375,0.02767089843749999,positive,carrier frequency; absolute,6,0,186,5,0,19
RACE32|HALF|NOVEL_C0|FE6,0.011979166666666666,0.0,0.026315104166666596,unresolved,carrier frequency; absolute,4,0,188,3,0,21
RACE32|HALF|NOVEL_C0|FE7,0.012369791666666666,0.0,0.027312825520833327,unresolved,carrier frequency; absolute,4,0,188,3,0,21
RACE32|HALF|NOVEL_C0|FE8,0.007877604166666668,0.0,0.020833333333333332,unresolved,carrier frequency; absolute,4,0,188,3,0,21
RACE32|HALF|NOVEL_C0|MLOSS,0.3730551401774089,0.36934601783752435,0.37639729817708323,positive,raw mismatch; absolute,192,0,0,24,0,0
RACE32|HALF|NOVEL_C0|U,0.6269448598225912,0.6236027018229167,0.6306539821624756,positive,raw accuracy; absolute,192,0,0,24,0,0
RACE32|HALF|NOVEL_C0|U0,0.7163035074869791,0.6938170115152995,0.7402376810709635,positive,raw accuracy; absolute,192,0,0,24,0,0
RACE32|HALF|NOVEL_C0|U1,0.7251739501953125,0.7054519653320312,0.7459573109944662,positive,raw accuracy; absolute,192,0,0,24,0,0
RACE32|HALF|NOVEL_C0|U40,0.6153513590494791,0.6007567087809245,0.6300876617431641,positive,raw accuracy; absolute,192,0,0,24,0,0
RACE32|HALF|NOVEL_C1-SHAM_C1|D40,0.0,0.0,0.0,observed_exact_zero,sampled equality; not a design guarantee,0,0,192,0,0,24
RACE32|HALF|NOVEL_C1-SHAM_C1|E1,-0.00019022623697917407,-0.0007020823160807473,0.00021364847819008606,unresolved,raw accuracy; first minus second arm,26,23,143,13,9,2
RACE32|HALF|NOVEL_C1-SHAM_C1|E2,-0.00011698404947917591,-0.0008270517985026014,0.0006614939371744817,unresolved,raw accuracy; first minus second arm,26,24,142,9,13,2
RACE32|HALF|NOVEL_C1-SHAM_C1|E3,-0.0006286621093750019,-0.0015982818603515665,0.0003727722167968722,unresolved,raw accuracy; first minus second arm,24,26,142,10,12,2
RACE32|HALF|NOVEL_C1-SHAM_C1|E4,-0.00014343261718750833,-0.0014306640625000083,0.0011698913574218794,unresolved,raw accuracy; first minus second arm,25,25,142,9,13,2
RACE32|HALF|NOVEL_C1-SHAM_C1|E5,-0.00021260579427084814,-0.0014193216959635512,0.0012064870198567567,unresolved,raw accuracy; first minus second arm,22,28,142,8,13,3
RACE32|HALF|NOVEL_C1-SHAM_C1|E6,0.000245157877604175,-0.001667760213216147,0.002125066121419281,unresolved,raw accuracy; first minus second arm,30,20,142,12,10,2
RACE32|HALF|NOVEL_C1-SHAM_C1|E7,-0.0005462646484374981,-0.0017814636230468876,0.0006225840250651116,unresolved,raw accuracy; first minus second arm,19,31,142,8,14,2
RACE32|HALF|NOVEL_C1-SHAM_C1|E8,-0.0004445393880208269,-0.0021800231933593764,0.0014405568440755195,unresolved,raw accuracy; first minus second arm,23,27,142,9,13,2
RACE32|HALF|NOVEL_C1-SHAM_C1|F,-0.0005900065104166666,-0.0011027018229166667,-9.358723958333337e-05,negative,carrier frequency; first minus second arm,6,43,143,2,20,2
RACE32|HALF|NOVEL_C1-SHAM_C1|F0,0.0,0.0,0.0,structural_zero,design-implied zero,0,0,192,0,0,24
RACE32|HALF|NOVEL_C1-SHAM_C1|F1,-0.005208333333333333,-0.0068359375,-0.00341796875,negative,carrier frequency; first minus second arm,2,34,156,1,19,4
RACE32|HALF|NOVEL_C1-SHAM_C1|F40,0.0,0.0,0.0,observed_exact_zero,sampled equality; not a design guarantee,0,0,192,0,0,24
RACE32|HALF|NOVEL_C1-SHAM_C1|FE1,-0.004720052083333333,-0.006999511718750001,-0.0026041666666666665,negative,carrier frequency; first minus second arm,6,43,143,2,20,2
RACE32|HALF|NOVEL_C1-SHAM_C1|FE2,-0.00016276041666666666,-0.0015950520833333335,0.0013020833333333333,unresolved,carrier frequency; first minus second arm,3,6,183,2,5,17
RACE32|HALF|NOVEL_C1-SHAM_C1|FE3,0.00016276041666666666,-0.0008463541666666667,0.0013346354166666665,unresolved,carrier frequency; first minus second arm,2,1,189,2,1,21
RACE32|HALF|NOVEL_C1-SHAM_C1|FE4,0.0,0.0,0.0,observed_exact_zero,sampled equality; not a design guarantee,0,0,192,0,0,24
RACE32|HALF|NOVEL_C1-SHAM_C1|FE5,0.0,0.0,0.0,observed_exact_zero,sampled equality; not a design guarantee,0,0,192,0,0,24
RACE32|HALF|NOVEL_C1-SHAM_C1|FE6,0.0,0.0,0.0,observed_exact_zero,sampled equality; not a design guarantee,0,0,192,0,0,24
RACE32|HALF|NOVEL_C1-SHAM_C1|FE7,0.0,0.0,0.0,observed_exact_zero,sampled equality; not a design guarantee,0,0,192,0,0,24
RACE32|HALF|NOVEL_C1-SHAM_C1|FE8,0.0,0.0,0.0,observed_exact_zero,sampled equality; not a design guarantee,0,0,192,0,0,24
RACE32|HALF|NOVEL_C1-SHAM_C1|MLOSS,0.0002546946207682375,-0.00019981702168781477,0.0006774902343750084,unresolved,raw mismatch; first minus second arm,27,23,142,12,10,2
RACE32|HALF|NOVEL_C1-SHAM_C1|U,-0.00025469462076822824,-0.0006774902343749995,0.00019981702168783195,unresolved,raw accuracy; first minus second arm,23,27,142,10,12,2
RACE32|HALF|NOVEL_C1-SHAM_C1|U0,0.0,0.0,0.0,structural_zero,design-implied zero,0,0,192,0,0,24
RACE32|HALF|NOVEL_C1-SHAM_C1|U1,-1.52587890625e-05,-7.62939453125e-05,3.5603841145833336e-05,unresolved,raw accuracy; first minus second arm,5,4,183,5,4,15
RACE32|HALF|NOVEL_C1-SHAM_C1|U40,-0.0012563069661458333,-0.0039675394694010414,0.0015513102213541667,unresolved,raw accuracy; first minus second arm,22,28,142,8,14,2
RACE32|HALF|NOVEL_C1|D40,-0.03125,-0.03125,-0.03125,negative,carrier frequency change; absolute,0,192,0,0,24,0
RACE32|HALF|NOVEL_C1|E1,0.6798746744791666,0.6612518564860026,0.6994839986165365,positive,raw accuracy; absolute,192,0,0,24,0,0
RACE32|HALF|NOVEL_C1|E2,0.6175008138020833,0.6087003326416016,0.6278519948323567,positive,raw accuracy; absolute,192,0,0,24,0,0
RACE32|HALF|NOVEL_C1|E3,0.62119140625,0.6125871022542317,0.6313541666666667,positive,raw accuracy; absolute,192,0,0,24,0,0
RACE32|HALF|NOVEL_C1|E4,0.6196573893229167,0.613098882039388,0.6285098012288411,positive,raw accuracy; absolute,192,0,0,24,0,0
RACE32|HALF|NOVEL_C1|E5,0.6195760091145833,0.61304443359375,0.6272305806477866,positive,raw accuracy; absolute,192,0,0,24,0,0
RACE32|HALF|NOVEL_C1|E6,0.6148732503255209,0.6084141286214193,0.6218531290690104,positive,raw accuracy; absolute,192,0,0,24,0,0
RACE32|HALF|NOVEL_C1|E7,0.614825439453125,0.6102681223551433,0.6193909200032552,positive,raw accuracy; absolute,192,0,0,24,0,0
RACE32|HALF|NOVEL_C1|E8,0.6234263102213542,0.6178160603841146,0.6293480173746745,positive,raw accuracy; absolute,192,0,0,24,0,0
RACE32|HALF|NOVEL_C1|F,0.0007731119791666666,0.0004352823893229166,0.0012125651041666665,positive,carrier frequency; absolute,62,0,130,22,0,2
RACE32|HALF|NOVEL_C1|F0,0.03125,0.03125,0.03125,positive,carrier frequency; absolute,192,0,0,24,0,0
RACE32|HALF|NOVEL_C1|F1,0.012044270833333334,0.009440104166666666,0.0146484375,positive,carrier frequency; absolute,62,0,130,22,0,2
RACE32|HALF|NOVEL_C1|F40,0.0,0.0,0.0,observed_exact_zero,sampled equality; not a design guarantee,0,0,192,0,0,24
RACE32|HALF|NOVEL_C1|FE1,0.0044596354166666664,0.0030598958333333333,0.006282552083333333,positive,carrier frequency; absolute,62,0,130,22,0,2
RACE32|HALF|NOVEL_C1|FE2,0.0012369791666666668,0.0,0.0027343750000000003,unresolved,carrier frequency; absolute,3,0,189,3,0,21
RACE32|HALF|NOVEL_C1|FE3,0.00048828125,0.0,0.0013997395833333333,unresolved,carrier frequency; absolute,2,0,190,2,0,22
RACE32|HALF|NOVEL_C1|FE4,0.0,0.0,0.0,observed_exact_zero,sampled equality; not a design guarantee,0,0,192,0,0,24
RACE32|HALF|NOVEL_C1|FE5,0.0,0.0,0.0,observed_exact_zero,sampled equality; not a design guarantee,0,0,192,0,0,24
RACE32|HALF|NOVEL_C1|FE6,0.0,0.0,0.0,observed_exact_zero,sampled equality; not a design guarantee,0,0,192,0,0,24
RACE32|HALF|NOVEL_C1|FE7,0.0,0.0,0.0,observed_exact_zero,sampled equality; not a design guarantee,0,0,192,0,0,24
RACE32|HALF|NOVEL_C1|FE8,0.0,0.0,0.0,observed_exact_zero,sampled equality; not a design guarantee,0,0,192,0,0,24
RACE32|HALF|NOVEL_C1|MLOSS,0.37363433837890625,0.369811855951945,0.3771087741851806,positive,raw mismatch; absolute,192,0,0,24,0,0
RACE32|HALF|NOVEL_C1|U,0.6263656616210938,0.6228912258148193,0.630188144048055,positive,raw accuracy; absolute,192,0,0,24,0,0
RACE32|HALF|NOVEL_C1|U0,0.7163035074869791,0.6938170115152995,0.7402376810709635,positive,raw accuracy; absolute,192,0,0,24,0,0
RACE32|HALF|NOVEL_C1|U1,0.7251637776692709,0.7054391225179036,0.7459058125813802,positive,raw accuracy; absolute,192,0,0,24,0,0
RACE32|HALF|NOVEL_C1|U40,0.61444091796875,0.6010842641194661,0.6283013661702475,positive,raw accuracy; absolute,192,0,0,24,0,0
RACE32|HALF|SHAM_C0|D40,-0.010416666666666666,-0.026041666666666668,0.010416666666666666,unresolved,carrier frequency change; absolute,4,188,0,4,20,0
RACE32|HALF|SHAM_C0|E1,0.6797678629557292,0.6609493764241537,0.6996156056722005,positive,raw accuracy; absolute,192,0,0,24,0,0
RACE32|HALF|SHAM_C0|E2,0.6181874593098958,0.6097472127278646,0.6280255381266276,positive,raw accuracy; absolute,192,0,0,24,0,0
RACE32|HALF|SHAM_C0|E3,0.6226908365885416,0.6144600423177082,0.6326800282796224,positive,raw accuracy; absolute,192,0,0,24,0,0
RACE32|HALF|SHAM_C0|E4,0.6204274495442709,0.6137764485677083,0.6290375264485677,positive,raw accuracy; absolute,192,0,0,24,0,0
RACE32|HALF|SHAM_C0|E5,0.620111083984375,0.6132788085937501,0.627621815999349,positive,raw accuracy; absolute,192,0,0,24,0,0
RACE32|HALF|SHAM_C0|E6,0.6155670166015624,0.6092882029215495,0.6222555287679036,positive,raw accuracy; absolute,192,0,0,24,0,0
RACE32|HALF|SHAM_C0|E7,0.6140024820963542,0.608855183919271,0.6194899495442707,positive,raw accuracy; absolute,192,0,0,24,0,0
RACE32|HALF|SHAM_C0|E8,0.6243123372395833,0.6186326090494791,0.6301770273844401,positive,raw accuracy; absolute,192,0,0,24,0,0
RACE32|HALF|SHAM_C0|F,0.023535156249999998,0.012304077148437502,0.0375372314453125,positive,carrier frequency; absolute,124,0,68,24,0,0
RACE32|HALF|SHAM_C0|F0,0.03125,0.03125,0.03125,positive,carrier frequency; absolute,192,0,0,24,0,0
RACE32|HALF|SHAM_C0|F1,0.030598958333333332,0.0263671875,0.034830729166666664,positive,carrier frequency; absolute,124,0,68,24,0,0
RACE32|HALF|SHAM_C0|F40,0.020833333333333332,0.005208333333333333,0.041666666666666664,positive,carrier frequency; absolute,4,0,188,4,0,20
RACE32|HALF|SHAM_C0|FE1,0.032389322916666664,0.026626790364583337,0.03824951171874999,positive,carrier frequency; absolute,124,0,68,24,0,0
RACE32|HALF|SHAM_C0|FE2,0.034472656250000004,0.022097167968750005,0.04742919921874999,positive,carrier frequency; absolute,53,0,139,22,0,2
RACE32|HALF|SHAM_C0|FE3,0.024772135416666664,0.01370361328125,0.03665445963541666,positive,carrier frequency; absolute,23,0,169,14,0,10
RACE32|HALF|SHAM_C0|FE4,0.018782552083333334,0.004845377604166667,0.03603515625,positive,carrier frequency; absolute,10,0,182,9,0,15
RACE32|HALF|SHAM_C0|FE5,0.01803385416666667,0.00286376953125,0.03642822265624999,positive,carrier frequency; absolute,7,0,185,7,0,17
RACE32|HALF|SHAM_C0|FE6,0.01904296875,0.00341796875,0.0380859375,positive,carrier frequency; absolute,4,0,188,4,0,20
RACE32|HALF|SHAM_C0|FE7,0.019986979166666665,0.004361979166666667,0.03997395833333334,positive,carrier frequency; absolute,4,0,188,4,0,20
RACE32|HALF|SHAM_C0|FE8,0.02080078125,0.00517578125,0.0416015625,positive,carrier frequency; absolute,4,0,188,4,0,20
RACE32|HALF|SHAM_C0|MLOSS,0.37311668395996095,0.36936938285827636,0.3766245969136556,positive,raw mismatch; absolute,192,0,0,24,0,0
RACE32|HALF|SHAM_C0|U,0.6268833160400391,0.6233754030863444,0.6306306171417236,positive,raw accuracy; absolute,192,0,0,24,0,0
RACE32|HALF|SHAM_C0|U0,0.7163035074869791,0.6938170115152995,0.7402376810709635,positive,raw accuracy; absolute,192,0,0,24,0,0
RACE32|HALF|SHAM_C0|U1,0.7252298990885416,0.705484135945638,0.7460538228352865,positive,raw accuracy; absolute,192,0,0,24,0,0
RACE32|HALF|SHAM_C0|U40,0.6168874104817709,0.60270144144694,0.6317495981852214,positive,raw accuracy; absolute,192,0,0,24,0,0
RACE32|HALF|SHAM_C1|D40,-0.03125,-0.03125,-0.03125,negative,carrier frequency change; absolute,0,192,0,0,24,0
RACE32|HALF|SHAM_C1|E1,0.6800649007161459,0.6615336354573568,0.6996903483072917,positive,raw accuracy; absolute,192,0,0,24,0,0
RACE32|HALF|SHAM_C1|E2,0.6176177978515625,0.60880126953125,0.6279608154296875,positive,raw accuracy; absolute,192,0,0,24,0,0
RACE32|HALF|SHAM_C1|E3,0.621820068359375,0.6132931772867838,0.6318909200032552,positive,raw accuracy; absolute,192,0,0,24,0,0
RACE32|HALF|SHAM_C1|E4,0.6198008219401042,0.6131397247314453,0.6290404510498048,positive,raw accuracy; absolute,192,0,0,24,0,0
RACE32|HALF|SHAM_C1|E5,0.6197886149088542,0.6131638844807943,0.6275122833251954,positive,raw accuracy; absolute,192,0,0,24,0,0
RACE32|HALF|SHAM_C1|E6,0.6146280924479167,0.6081967417399089,0.6214389038085937,positive,raw accuracy; absolute,192,0,0,24,0,0
RACE32|HALF|SHAM_C1|E7,0.6153717041015625,0.6109692128499349,0.6198532104492187,positive,raw accuracy; absolute,192,0,0,24,0,0
RACE32|HALF|SHAM_C1|E8,0.623870849609375,0.6179286193847656,0.6300045522054036,positive,raw accuracy; absolute,192,0,0,24,0,0
RACE32|HALF|SHAM_C1|F,0.0013631184895833333,0.0008585611979166668,0.0020100911458333336,positive,carrier frequency; absolute,77,0,115,24,0,0
RACE32|HALF|SHAM_C1|F0,0.03125,0.03125,0.03125,positive,carrier frequency; absolute,192,0,0,24,0,0
RACE32|HALF|SHAM_C1|F1,0.017252604166666668,0.013997395833333334,0.020670572916666668,positive,carrier frequency; absolute,77,0,115,24,0,0
RACE32|HALF|SHAM_C1|F40,0.0,0.0,0.0,observed_exact_zero,sampled equality; not a design guarantee,0,0,192,0,0,24
RACE32|HALF|SHAM_C1|FE1,0.0091796875,0.006477864583333333,0.012207845052083329,positive,carrier frequency; absolute,77,0,115,24,0,0
RACE32|HALF|SHAM_C1|FE2,0.0013997395833333336,0.00013020833333333333,0.0032226562500000007,positive,carrier frequency; absolute,7,0,185,5,0,19
RACE32|HALF|SHAM_C1|FE3,0.0003255208333333333,0.0,0.0009765625,unresolved,carrier frequency; absolute,1,0,191,1,0,23
RACE32|HALF|SHAM_C1|FE4,0.0,0.0,0.0,observed_exact_zero,sampled equality; not a design guarantee,0,0,192,0,0,24
RACE32|HALF|SHAM_C1|FE5,0.0,0.0,0.0,observed_exact_zero,sampled equality; not a design guarantee,0,0,192,0,0,24
RACE32|HALF|SHAM_C1|FE6,0.0,0.0,0.0,observed_exact_zero,sampled equality; not a design guarantee,0,0,192,0,0,24
RACE32|HALF|SHAM_C1|FE7,0.0,0.0,0.0,observed_exact_zero,sampled equality; not a design guarantee,0,0,192,0,0,24
RACE32|HALF|SHAM_C1|FE8,0.0,0.0,0.0,observed_exact_zero,sampled equality; not a design guarantee,0,0,192,0,0,24
RACE32|HALF|SHAM_C1|MLOSS,0.37337964375813804,0.36942394574483234,0.3769201532999674,positive,raw mismatch; absolute,192,0,0,24,0,0
RACE32|HALF|SHAM_C1|U,0.626620356241862,0.6230798467000325,0.6305760542551677,positive,raw accuracy; absolute,192,0,0,24,0,0
RACE32|HALF|SHAM_C1|U0,0.7163035074869791,0.6938170115152995,0.7402376810709635,positive,raw accuracy; absolute,192,0,0,24,0,0
RACE32|HALF|SHAM_C1|U1,0.7251790364583334,0.7054644266764323,0.745946756998698,positive,raw accuracy; absolute,192,0,0,24,0,0
RACE32|HALF|SHAM_C1|U40,0.6156972249348959,0.602182133992513,0.6293214162190756,positive,raw accuracy; absolute,192,0,0,24,0,0
RACE32|ZERO|ACTIVE_C0-NOVEL_C0|D40,0.006510416666666667,-0.04443766276041666,0.055338541666666664,unresolved,carrier frequency change; first minus second arm,17,15,160,9,8,7
RACE32|ZERO|ACTIVE_C0-NOVEL_C0|E1,-0.0005045572916666888,-0.0009542592366536751,-5.7957967122421434e-05,negative,raw accuracy; first minus second arm,47,55,90,8,16,0
RACE32|ZERO|ACTIVE_C0-NOVEL_C0|E2,-0.0006764729817708148,-0.0019473775227864133,0.0007568359375000103,unresolved,raw accuracy; first minus second arm,48,56,88,10,14,0
RACE32|ZERO|ACTIVE_C0-NOVEL_C0|E3,1.5258789062481496e-05,-0.0013427988688151321,0.0013236236572265467,unresolved,raw accuracy; first minus second arm,53,51,88,12,12,0
RACE32|ZERO|ACTIVE_C0-NOVEL_C0|E4,0.00035705566406251293,-0.0009563191731770603,0.0016643524169922045,unresolved,raw accuracy; first minus second arm,56,47,89,13,11,0
RACE32|ZERO|ACTIVE_C0-NOVEL_C0|E5,-0.0006622314453125175,-0.0019706980387369866,0.000763956705729152,unresolved,raw accuracy; first minus second arm,49,55,88,10,14,0
RACE32|ZERO|ACTIVE_C0-NOVEL_C0|E6,0.00012817382812500833,-0.001738510131835934,0.0017958577473958359,unresolved,raw accuracy; first minus second arm,56,45,91,15,9,0
RACE32|ZERO|ACTIVE_C0-NOVEL_C0|E7,-0.0007639567057291565,-0.0021343485514322843,0.0005168660481771071,unresolved,raw accuracy; first minus second arm,49,55,88,10,14,0
RACE32|ZERO|ACTIVE_C0-NOVEL_C0|E8,0.00010579427083332964,-0.0010369110107421877,0.0012068939208984344,unresolved,raw accuracy; first minus second arm,49,54,89,12,12,0
RACE32|ZERO|ACTIVE_C0-NOVEL_C0|F,0.012381998697916665,-0.018368225097656243,0.04169138590494792,unresolved,carrier frequency; first minus second arm,76,30,86,16,8,0
RACE32|ZERO|ACTIVE_C0-NOVEL_C0|F0,0.0,0.0,0.0,structural_zero,design-implied zero,0,0,192,0,0,24
RACE32|ZERO|ACTIVE_C0-NOVEL_C0|F1,0.010416666666666666,0.00845947265625,0.012369791666666666,positive,carrier frequency; first minus second arm,66,2,124,23,0,1
RACE32|ZERO|ACTIVE_C0-NOVEL_C0|F40,0.006510416666666667,-0.04443766276041666,0.055338541666666664,unresolved,carrier frequency; first minus second arm,17,15,160,9,8,7
RACE32|ZERO|ACTIVE_C0-NOVEL_C0|FE1,0.018652343749999998,0.013899739583333329,0.0236328125,positive,carrier frequency; first minus second arm,82,18,92,23,1,0
RACE32|ZERO|ACTIVE_C0-NOVEL_C0|FE2,0.022753906249999997,0.0055330403645833335,0.04082438151041664,positive,carrier frequency; first minus second arm,42,26,124,17,7,0
RACE32|ZERO|ACTIVE_C0-NOVEL_C0|FE3,0.02565104166666667,3.2552083333337236e-05,0.05195475260416667,positive,carrier frequency; first minus second arm,33,23,136,13,9,2
RACE32|ZERO|ACTIVE_C0-NOVEL_C0|FE4,0.0077148437499999995,-0.02269287109375,0.03805338541666667,unresolved,carrier frequency; first minus second arm,25,18,149,11,8,5
RACE32|ZERO|ACTIVE_C0-NOVEL_C0|FE5,0.0018229166666666637,-0.03287923177083333,0.035096028645833305,unresolved,carrier frequency; first minus second arm,19,17,156,11,8,5
RACE32|ZERO|ACTIVE_C0-NOVEL_C0|FE6,0.005175781249999995,-0.03860758463541667,0.04772216796874999,unresolved,carrier frequency; first minus second arm,19,17,156,11,8,5
RACE32|ZERO|ACTIVE_C0-NOVEL_C0|FE7,0.010709635416666669,-0.03818603515625,0.05852864583333334,unresolved,carrier frequency; first minus second arm,18,17,157,9,8,7
RACE32|ZERO|ACTIVE_C0-NOVEL_C0|FE8,0.006575520833333333,-0.045443522135416664,0.05764973958333333,unresolved,carrier frequency; first minus second arm,18,16,158,9,8,7
RACE32|ZERO|ACTIVE_C0-NOVEL_C0|MLOSS,0.00025011698404947086,-0.00039521217346191766,0.000916315714518225,unresolved,raw mismatch; first minus second arm,53,51,88,12,12,0
RACE32|ZERO|ACTIVE_C0-NOVEL_C0|U,-0.0002501169840494523,-0.0009163157145181994,0.0003952121734619317,unresolved,raw accuracy; first minus second arm,51,53,88,12,12,0
RACE32|ZERO|ACTIVE_C0-NOVEL_C0|U0,0.0,0.0,0.0,structural_zero,design-implied zero,0,0,192,0,0,24
RACE32|ZERO|ACTIVE_C0-NOVEL_C0|U1,5.5948893229166664e-05,-2.5431315104166668e-05,0.00014241536458333334,unresolved,raw accuracy; first minus second arm,11,8,173,7,4,13
RACE32|ZERO|ACTIVE_C0-NOVEL_C0|U40,0.0010782877604166667,-0.0018464406331380207,0.004114913940429687,unresolved,raw accuracy; first minus second arm,51,50,91,11,13,0
RACE32|ZERO|ACTIVE_C0-SHAM_C0|D40,0.06868489583333333,0.025215657552083333,0.11606445312499991,positive,carrier frequency change; first minus second arm,18,5,169,11,3,10
RACE32|ZERO|ACTIVE_C0-SHAM_C0|E1,-0.0002593994140625185,-0.0005625915527343999,7.1207682291370604e-06,unresolved,raw accuracy; first minus second arm,33,32,127,11,13,0
RACE32|ZERO|ACTIVE_C0-SHAM_C0|E2,-0.0003021240234374843,-0.0015849558512369582,0.000897343953450541,unresolved,raw accuracy; first minus second arm,32,39,121,12,12,0
RACE32|ZERO|ACTIVE_C0-SHAM_C0|E3,0.001290893554687501,-9.579976399738734e-05,0.002882003784179684,unresolved,raw accuracy; first minus second arm,42,28,122,16,8,0
RACE32|ZERO|ACTIVE_C0-SHAM_C0|E4,0.0009613037109375047,-0.0002777608235676876,0.0021007792154947905,unresolved,raw accuracy; first minus second arm,40,31,121,14,10,0
RACE32|ZERO|ACTIVE_C0-SHAM_C0|E5,0.0006215413411458232,-0.0005138142903645656,0.0017091623942057275,unresolved,raw accuracy; first minus second arm,43,28,121,15,9,0
RACE32|ZERO|ACTIVE_C0-SHAM_C0|E6,-0.0006103515625,-0.002271677652994794,0.0008454132080078113,unresolved,raw accuracy; first minus second arm,36,35,121,11,13,0
RACE32|ZERO|ACTIVE_C0-SHAM_C0|E7,0.0008778889973958445,-0.00033887227376301854,0.002172876993815121,unresolved,raw accuracy; first minus second arm,40,30,122,13,11,0
RACE32|ZERO|ACTIVE_C0-SHAM_C0|E8,0.0010721842447916723,-1.4266967773442564e-05,0.0020853932698567702,unresolved,raw accuracy; first minus second arm,40,29,123,18,6,0
RACE32|ZERO|ACTIVE_C0-SHAM_C0|F,0.047599283854166674,0.020591227213541667,0.07559275309244791,positive,carrier frequency; first minus second arm,55,16,121,19,5,0
RACE32|ZERO|ACTIVE_C0-SHAM_C0|F0,0.0,0.0,0.0,structural_zero,design-implied zero,0,0,192,0,0,24
RACE32|ZERO|ACTIVE_C0-SHAM_C0|F1,0.0,0.0,0.0,structural_zero,design-implied zero,0,0,192,0,0,24
RACE32|ZERO|ACTIVE_C0-SHAM_C0|F40,0.06868489583333333,0.025215657552083333,0.11606445312499991,positive,carrier frequency; first minus second arm,18,5,169,11,3,10
RACE32|ZERO|ACTIVE_C0-SHAM_C0|FE1,0.004492187499999999,0.0013997395833333338,0.007650553385416662,positive,carrier frequency; first minus second arm,42,21,129,19,5,0
RACE32|ZERO|ACTIVE_C0-SHAM_C0|FE2,0.025846354166666665,0.012044270833333334,0.039431966145833275,positive,carrier frequency; first minus second arm,48,15,129,20,4,0
RACE32|ZERO|ACTIVE_C0-SHAM_C0|FE3,0.044563802083333326,0.0203076171875,0.07132812499999998,positive,carrier frequency; first minus second arm,35,13,144,18,3,3
RACE32|ZERO|ACTIVE_C0-SHAM_C0|FE4,0.04322916666666667,0.015556640624999998,0.07315266927083328,positive,carrier frequency; first minus second arm,28,9,155,14,4,6
RACE32|ZERO|ACTIVE_C0-SHAM_C0|FE5,0.054296875,0.021995442708333337,0.08695312499999998,positive,carrier frequency; first minus second arm,25,7,160,15,3,6
RACE32|ZERO|ACTIVE_C0-SHAM_C0|FE6,0.06546223958333332,0.02746988932291667,0.10466308593749996,positive,carrier frequency; first minus second arm,22,6,164,13,4,7
RACE32|ZERO|ACTIVE_C0-SHAM_C0|FE7,0.07314453125,0.03134440104166667,0.11834147135416659,positive,carrier frequency; first minus second arm,21,6,165,13,4,7
RACE32|ZERO|ACTIVE_C0-SHAM_C0|FE8,0.06975911458333334,0.027754720052083338,0.1161474609375,positive,carrier frequency; first minus second arm,19,5,168,12,3,9
RACE32|ZERO|ACTIVE_C0-SHAM_C0|MLOSS,-0.0004564921061197917,-0.0009216562906901094,-2.021789550779307e-06,negative,raw mismatch; first minus second arm,29,42,121,8,16,0
RACE32|ZERO|ACTIVE_C0-SHAM_C0|U,0.0004564921061198009,2.0217895508111576e-06,0.0009216562906901222,positive,raw accuracy; first minus second arm,42,29,121,16,8,0
RACE32|ZERO|ACTIVE_C0-SHAM_C0|U0,0.0,0.0,0.0,structural_zero,design-implied zero,0,0,192,0,0,24
RACE32|ZERO|ACTIVE_C0-SHAM_C0|U1,0.0,0.0,0.0,structural_zero,design-implied zero,0,0,192,0,0,24
RACE32|ZERO|ACTIVE_C0-SHAM_C0|U40,0.00115966796875,-0.0013987223307291667,0.004232279459635413,unresolved,raw accuracy; first minus second arm,37,34,121,16,8,0
RACE32|ZERO|ACTIVE_C0|D40,0.06429036458333333,0.018546549479166667,0.11816813151041665,positive,carrier frequency change; absolute,21,171,0,11,12,1
RACE32|ZERO|ACTIVE_C0|E1,0.6398478190104165,0.6325086466471355,0.6481564076741536,positive,raw accuracy; absolute,192,0,0,24,0,0
RACE32|ZERO|ACTIVE_C0|E2,0.59619140625,0.5941466522216797,0.598146718343099,positive,raw accuracy; absolute,192,0,0,24,0,0
RACE32|ZERO|ACTIVE_C0|E3,0.5977325439453125,0.595569839477539,0.5999023691813151,positive,raw accuracy; absolute,192,0,0,24,0,0
RACE32|ZERO|ACTIVE_C0|E4,0.5989420572916666,0.5971952056884765,0.6007620239257813,positive,raw accuracy; absolute,192,0,0,24,0,0
RACE32|ZERO|ACTIVE_C0|E5,0.597039794921875,0.5951342519124349,0.599132359822591,positive,raw accuracy; absolute,192,0,0,24,0,0
RACE32|ZERO|ACTIVE_C0|E6,0.5981770833333334,0.5959234873453776,0.6004498291015625,positive,raw accuracy; absolute,192,0,0,24,0,0
RACE32|ZERO|ACTIVE_C0|E7,0.5985931396484375,0.5961760711669922,0.6010081481933595,positive,raw accuracy; absolute,192,0,0,24,0,0
RACE32|ZERO|ACTIVE_C0|E8,0.5975758870442709,0.595520502726237,0.5997601064046223,positive,raw accuracy; absolute,192,0,0,24,0,0
RACE32|ZERO|ACTIVE_C0|F,0.07331136067708334,0.04509521484375,0.10682098388671873,positive,carrier frequency; absolute,124,0,68,24,0,0
RACE32|ZERO|ACTIVE_C0|F0,0.03125,0.03125,0.03125,positive,carrier frequency; absolute,192,0,0,24,0,0
RACE32|ZERO|ACTIVE_C0|F1,0.030598958333333332,0.0263671875,0.034830729166666664,positive,carrier frequency; absolute,124,0,68,24,0,0
RACE32|ZERO|ACTIVE_C0|F40,0.09554036458333333,0.04979654947916667,0.14941813151041664,positive,carrier frequency; absolute,21,0,171,12,0,12
RACE32|ZERO|ACTIVE_C0|FE1,0.03665364583333333,0.030631510416666664,0.043457845052083326,positive,carrier frequency; absolute,124,0,68,24,0,0
RACE32|ZERO|ACTIVE_C0|FE2,0.05423177083333334,0.03834472656250001,0.07168538411458329,positive,carrier frequency; absolute,61,0,131,24,0,0
RACE32|ZERO|ACTIVE_C0|FE3,0.06901041666666666,0.04381429036458334,0.0993831380208333,positive,carrier frequency; absolute,42,0,150,20,0,4
RACE32|ZERO|ACTIVE_C0|FE4,0.06891276041666666,0.040625,0.10351643880208333,positive,carrier frequency; absolute,33,0,159,16,0,8
RACE32|ZERO|ACTIVE_C0|FE5,0.07688802083333333,0.044755045572916666,0.11272867838541667,positive,carrier frequency; absolute,27,0,165,16,0,8
RACE32|ZERO|ACTIVE_C0|FE6,0.0890625,0.04996663411458333,0.13268310546874998,positive,carrier frequency; absolute,25,0,167,15,0,9
RACE32|ZERO|ACTIVE_C0|FE7,0.09628906250000001,0.05201253255208334,0.14759765624999996,positive,carrier frequency; absolute,24,0,168,14,0,10
RACE32|ZERO|ACTIVE_C0|FE8,0.09544270833333333,0.04998860677083333,0.14944742838541666,positive,carrier frequency; absolute,22,0,170,13,0,11
RACE32|ZERO|ACTIVE_C0|MLOSS,0.39698753356933597,0.3958041477203369,0.3981522305806478,positive,raw mismatch; absolute,192,0,0,24,0,0
RACE32|ZERO|ACTIVE_C0|U,0.6030124664306641,0.6018477694193523,0.604195852279663,positive,raw accuracy; absolute,192,0,0,24,0,0
RACE32|ZERO|ACTIVE_C0|U0,0.7163035074869791,0.6938170115152995,0.7402376810709635,positive,raw accuracy; absolute,192,0,0,24,0,0
RACE32|ZERO|ACTIVE_C0|U1,0.7252298990885416,0.705484135945638,0.7460538228352865,positive,raw accuracy; absolute,192,0,0,24,0,0
RACE32|ZERO|ACTIVE_C0|U40,0.5969187418619791,0.5929005940755209,0.600723393758138,positive,raw accuracy; absolute,192,0,0,24,0,0
RACE32|ZERO|ACTIVE_C1-NOVEL_C1|D40,0.0,0.0,0.0,observed_exact_zero,sampled equality; not a design guarantee,0,0,192,0,0,24
RACE32|ZERO|ACTIVE_C1-NOVEL_C1|E1,0.0002054850260416463,-0.00033264160156251665,0.0007782491048176939,unresolved,raw accuracy; first minus second arm,30,25,137,14,9,1
RACE32|ZERO|ACTIVE_C1-NOVEL_C1|E2,-0.0009613037109374861,-0.0020264180501301746,-8.061726888022822e-06,negative,raw accuracy; first minus second arm,22,34,136,8,14,2
RACE32|ZERO|ACTIVE_C1-NOVEL_C1|E3,-0.0012949625651041685,-0.002169850667317715,-0.0005115763346354189,negative,raw accuracy; first minus second arm,16,40,136,7,16,1
RACE32|ZERO|ACTIVE_C1-NOVEL_C1|E4,-0.00022379557291666205,-0.0013775126139323243,0.0008473968505859485,unresolved,raw accuracy; first minus second arm,23,33,136,11,12,1
RACE32|ZERO|ACTIVE_C1-NOVEL_C1|E5,0.0006795247395833398,-0.0003450012207031438,0.0016175079345703215,unresolved,raw accuracy; first minus second arm,33,23,136,16,7,1
RACE32|ZERO|ACTIVE_C1-NOVEL_C1|E6,0.0008310953776041649,3.0314127604184792e-05,0.0016643778483072668,positive,raw accuracy; first minus second arm,33,23,136,14,9,1
RACE32|ZERO|ACTIVE_C1-NOVEL_C1|E7,0.0005900065104166805,-0.0002474466959635205,0.0015819040934244564,unresolved,raw accuracy; first minus second arm,32,23,137,15,8,1
RACE32|ZERO|ACTIVE_C1-NOVEL_C1|E8,0.00028584798177083703,-0.000751902262369788,0.0013448588053385573,unresolved,raw accuracy; first minus second arm,28,28,136,12,11,1
RACE32|ZERO|ACTIVE_C1-NOVEL_C1|F,0.0003702799479166668,-0.0005411783854166666,0.0011190795898437494,unresolved,carrier frequency; first minus second arm,48,8,136,20,3,1
RACE32|ZERO|ACTIVE_C1-NOVEL_C1|F0,0.0,0.0,0.0,structural_zero,design-implied zero,0,0,192,0,0,24
RACE32|ZERO|ACTIVE_C1-NOVEL_C1|F1,0.005208333333333333,0.00341796875,0.0068359375,positive,carrier frequency; first minus second arm,34,2,156,19,1,4
RACE32|ZERO|ACTIVE_C1-NOVEL_C1|F40,0.0,0.0,0.0,observed_exact_zero,sampled equality; not a design guarantee,0,0,192,0,0,24
RACE32|ZERO|ACTIVE_C1-NOVEL_C1|FE1,0.004752604166666667,0.002701822916666667,0.006966145833333334,positive,carrier frequency; first minus second arm,48,8,136,20,3,1
RACE32|ZERO|ACTIVE_C1-NOVEL_C1|FE2,-0.0004882812500000001,-0.0031249999999999997,0.001822916666666667,unresolved,carrier frequency; first minus second arm,10,5,177,9,4,11
RACE32|ZERO|ACTIVE_C1-NOVEL_C1|FE3,-0.0007812499999999999,-0.0027669270833333335,0.0007169596354166623,unresolved,carrier frequency; first minus second arm,1,2,189,1,2,21
RACE32|ZERO|ACTIVE_C1-NOVEL_C1|FE4,-0.0005208333333333333,-0.00205078125,0.00048828125,unresolved,carrier frequency; first minus second arm,1,1,190,1,1,22
RACE32|ZERO|ACTIVE_C1-NOVEL_C1|FE5,0.0,0.0,0.0,observed_exact_zero,sampled equality; not a design guarantee,0,0,192,0,0,24
RACE32|ZERO|ACTIVE_C1-NOVEL_C1|FE6,0.0,0.0,0.0,observed_exact_zero,sampled equality; not a design guarantee,0,0,192,0,0,24
RACE32|ZERO|ACTIVE_C1-NOVEL_C1|FE7,0.0,0.0,0.0,observed_exact_zero,sampled equality; not a design guarantee,0,0,192,0,0,24
RACE32|ZERO|ACTIVE_C1-NOVEL_C1|FE8,0.0,0.0,0.0,observed_exact_zero,sampled equality; not a design guarantee,0,0,192,0,0,24
RACE32|ZERO|ACTIVE_C1-NOVEL_C1|MLOSS,-1.398722330729398e-05,-0.00036710421244302816,0.0003465620676676316,unresolved,raw mismatch; first minus second arm,29,27,136,12,11,1
RACE32|ZERO|ACTIVE_C1-NOVEL_C1|U,1.3987223307277788e-05,-0.0003465620676676619,0.00036710421244302036,unresolved,raw accuracy; first minus second arm,27,29,136,11,12,1
RACE32|ZERO|ACTIVE_C1-NOVEL_C1|U0,0.0,0.0,0.0,structural_zero,design-implied zero,0,0,192,0,0,24
RACE32|ZERO|ACTIVE_C1-NOVEL_C1|U1,1.52587890625e-05,-3.5603841145833336e-05,7.62939453125e-05,unresolved,raw accuracy; first minus second arm,4,5,183,4,5,15
RACE32|ZERO|ACTIVE_C1-NOVEL_C1|U40,0.0007578531901041666,-0.0010534922281901042,0.002848688761393227,unresolved,raw accuracy; first minus second arm,30,25,137,13,9,2
RACE32|ZERO|ACTIVE_C1-SHAM_C1|D40,0.0,0.0,0.0,observed_exact_zero,sampled equality; not a design guarantee,0,0,192,0,0,24
RACE32|ZERO|ACTIVE_C1-SHAM_C1|E1,9.053548177082038e-05,-0.00010073343912762334,0.00028889973958331577,unresolved,raw accuracy; first minus second arm,13,6,173,8,4,12
RACE32|ZERO|ACTIVE_C1-SHAM_C1|E2,-0.00015055338541665927,-0.0004770914713541314,0.00023910522460937478,unresolved,raw accuracy; first minus second arm,8,13,171,3,10,11
RACE32|ZERO|ACTIVE_C1-SHAM_C1|E3,-4.9845377604176844e-05,-0.0007578786214192938,0.0006063588460286541,unresolved,raw accuracy; first minus second arm,13,8,171,9,4,11
RACE32|ZERO|ACTIVE_C1-SHAM_C1|E4,-0.00023803710937500092,-0.000903447469075509,0.0003662363688150945,unresolved,raw accuracy; first minus second arm,9,12,171,4,9,11
RACE32|ZERO|ACTIVE_C1-SHAM_C1|E5,-0.0005442301432291528,-0.0011873118082682136,5.396525065105695e-05,unresolved,raw accuracy; first minus second arm,7,14,171,4,9,11
RACE32|ZERO|ACTIVE_C1-SHAM_C1|E6,0.0006744384765624972,-4.788716634115281e-05,0.0014426676432291625,unresolved,raw accuracy; first minus second arm,12,8,172,9,4,11
RACE32|ZERO|ACTIVE_C1-SHAM_C1|E7,0.0003682454427083361,-0.00021568298339843075,0.001008275349934908,unresolved,raw accuracy; first minus second arm,12,9,171,7,6,11
RACE32|ZERO|ACTIVE_C1-SHAM_C1|E8,4.475911458332963e-05,-0.0005687713623047023,0.0006368509928385269,unresolved,raw accuracy; first minus second arm,14,7,171,9,4,11
RACE32|ZERO|ACTIVE_C1-SHAM_C1|F,-4.882812499999994e-05,-0.0004924519856770833,0.00026448567708333337,unresolved,carrier frequency; first minus second arm,11,7,174,8,3,13
RACE32|ZERO|ACTIVE_C1-SHAM_C1|F0,0.0,0.0,0.0,structural_zero,design-implied zero,0,0,192,0,0,24
RACE32|ZERO|ACTIVE_C1-SHAM_C1|F1,0.0,0.0,0.0,structural_zero,design-implied zero,0,0,192,0,0,24
RACE32|ZERO|ACTIVE_C1-SHAM_C1|F40,0.0,0.0,0.0,observed_exact_zero,sampled equality; not a design guarantee,0,0,192,0,0,24
RACE32|ZERO|ACTIVE_C1-SHAM_C1|FE1,0.0005208333333333339,-3.2552083333332784e-05,0.001204427083333334,unresolved,carrier frequency; first minus second arm,9,5,178,7,2,15
RACE32|ZERO|ACTIVE_C1-SHAM_C1|FE2,-9.765624999999998e-05,-0.0019539388020833335,0.0014322916666666668,unresolved,carrier frequency; first minus second arm,6,3,183,6,3,15
RACE32|ZERO|ACTIVE_C1-SHAM_C1|FE3,-0.00032552083333333326,-0.0009114583333333331,0.0,unresolved,carrier frequency; first minus second arm,0,2,190,0,2,22
RACE32|ZERO|ACTIVE_C1-SHAM_C1|FE4,-0.00039062499999999997,-0.001171875,0.0,unresolved,carrier frequency; first minus second arm,0,1,191,0,1,23
RACE32|ZERO|ACTIVE_C1-SHAM_C1|FE5,-9.765624999999999e-05,-0.00029296875,0.0,unresolved,carrier frequency; first minus second arm,0,1,191,0,1,23
RACE32|ZERO|ACTIVE_C1-SHAM_C1|FE6,0.0,0.0,0.0,observed_exact_zero,sampled equality; not a design guarantee,0,0,192,0,0,24
RACE32|ZERO|ACTIVE_C1-SHAM_C1|FE7,0.0,0.0,0.0,observed_exact_zero,sampled equality; not a design guarantee,0,0,192,0,0,24
RACE32|ZERO|ACTIVE_C1-SHAM_C1|FE8,0.0,0.0,0.0,observed_exact_zero,sampled equality; not a design guarantee,0,0,192,0,0,24
RACE32|ZERO|ACTIVE_C1-SHAM_C1|MLOSS,-2.4414062500003237e-05,-0.0002468140920003307,0.0001846377054850313,unresolved,raw mismatch; first minus second arm,9,13,170,6,7,11
RACE32|ZERO|ACTIVE_C1-SHAM_C1|U,2.4414062500000926e-05,-0.00018463770548503172,0.0002468140920003192,unresolved,raw accuracy; first minus second arm,13,9,170,7,6,11
RACE32|ZERO|ACTIVE_C1-SHAM_C1|U0,0.0,0.0,0.0,structural_zero,design-implied zero,0,0,192,0,0,24
RACE32|ZERO|ACTIVE_C1-SHAM_C1|U1,0.0,0.0,0.0,structural_zero,design-implied zero,0,0,192,0,0,24
RACE32|ZERO|ACTIVE_C1-SHAM_C1|U40,-0.0005696614583333334,-0.0019938151041666665,0.0009006500244140604,unresolved,raw accuracy; first minus second arm,9,11,172,5,7,12
RACE32|ZERO|ACTIVE_C1|D40,-0.03125,-0.03125,-0.03125,negative,carrier frequency change; absolute,0,192,0,0,24,0
RACE32|ZERO|ACTIVE_C1|E1,0.6405263264973958,0.6331858317057292,0.64874267578125,positive,raw accuracy; absolute,192,0,0,24,0,0
RACE32|ZERO|ACTIVE_C1|E2,0.5957214355468751,0.5939676157633464,0.597527109781901,positive,raw accuracy; absolute,192,0,0,24,0,0
RACE32|ZERO|ACTIVE_C1|E3,0.5963114420572917,0.5943002319335938,0.5983501180013021,positive,raw accuracy; absolute,192,0,0,24,0,0
RACE32|ZERO|ACTIVE_C1|E4,0.5978098551432292,0.5960325876871745,0.5997223409016927,positive,raw accuracy; absolute,192,0,0,24,0,0
RACE32|ZERO|ACTIVE_C1|E5,0.5979644775390626,0.5962432861328125,0.5999026743570964,positive,raw accuracy; absolute,192,0,0,24,0,0
RACE32|ZERO|ACTIVE_C1|E6,0.5977895100911458,0.5954945627848308,0.6001507568359375,positive,raw accuracy; absolute,192,0,0,24,0,0
RACE32|ZERO|ACTIVE_C1|E7,0.5983154296875001,0.5962595367431641,0.6003847503662109,positive,raw accuracy; absolute,192,0,0,24,0,0
RACE32|ZERO|ACTIVE_C1|E8,0.5973541259765626,0.5944107818603516,0.6002700042724609,positive,raw accuracy; absolute,192,0,0,24,0,0
RACE32|ZERO|ACTIVE_C1|F,0.001456705729166667,0.0010536702473958335,0.0019287109375000003,positive,carrier frequency; absolute,77,0,115,24,0,0
RACE32|ZERO|ACTIVE_C1|F0,0.03125,0.03125,0.03125,positive,carrier frequency; absolute,192,0,0,24,0,0
RACE32|ZERO|ACTIVE_C1|F1,0.017252604166666668,0.013997395833333334,0.020670572916666668,positive,carrier frequency; absolute,77,0,115,24,0,0
RACE32|ZERO|ACTIVE_C1|F40,0.0,0.0,0.0,observed_exact_zero,sampled equality; not a design guarantee,0,0,192,0,0,24
RACE32|ZERO|ACTIVE_C1|FE1,0.00966796875,0.00703125,0.012565104166666667,positive,carrier frequency; absolute,77,0,115,24,0,0
RACE32|ZERO|ACTIVE_C1|FE2,0.00146484375,0.0005859375,0.0025716145833333333,positive,carrier frequency; absolute,10,0,182,9,0,15
RACE32|ZERO|ACTIVE_C1|FE3,0.0003580729166666667,0.0,0.00107421875,unresolved,carrier frequency; absolute,1,0,191,1,0,23
RACE32|ZERO|ACTIVE_C1|FE4,0.00016276041666666666,0.0,0.00048828125,unresolved,carrier frequency; absolute,1,0,191,1,0,23
RACE32|ZERO|ACTIVE_C1|FE5,0.0,0.0,0.0,observed_exact_zero,sampled equality; not a design guarantee,0,0,192,0,0,24
RACE32|ZERO|ACTIVE_C1|FE6,0.0,0.0,0.0,observed_exact_zero,sampled equality; not a design guarantee,0,0,192,0,0,24
RACE32|ZERO|ACTIVE_C1|FE7,0.0,0.0,0.0,observed_exact_zero,sampled equality; not a design guarantee,0,0,192,0,0,24
RACE32|ZERO|ACTIVE_C1|FE8,0.0,0.0,0.0,observed_exact_zero,sampled equality; not a design guarantee,0,0,192,0,0,24
RACE32|ZERO|ACTIVE_C1|MLOSS,0.3972759246826172,0.3961205609639486,0.398342227935791,positive,raw mismatch; absolute,192,0,0,24,0,0
RACE32|ZERO|ACTIVE_C1|U,0.6027240753173828,0.601657772064209,0.6038794390360515,positive,raw accuracy; absolute,192,0,0,24,0,0
RACE32|ZERO|ACTIVE_C1|U0,0.7163035074869791,0.6938170115152995,0.7402376810709635,positive,raw accuracy; absolute,192,0,0,24,0,0
RACE32|ZERO|ACTIVE_C1|U1,0.7251790364583334,0.7054644266764323,0.745946756998698,positive,raw accuracy; absolute,192,0,0,24,0,0
RACE32|ZERO|ACTIVE_C1|U40,0.5952351888020834,0.5903727213541666,0.600469716389974,positive,raw accuracy; absolute,192,0,0,24,0,0
RACE32|ZERO|NOVEL_C0-SHAM_C0|D40,0.062174479166666664,0.024251302083333332,0.09961751302083328,positive,carrier frequency change; first minus second arm,19,8,165,13,4,7
RACE32|ZERO|NOVEL_C0-SHAM_C0|E1,0.00024515787760417035,-0.00021161397298178155,0.0006765747070312714,unresolved,raw accuracy; first minus second arm,51,46,95,14,10,0
RACE32|ZERO|NOVEL_C0-SHAM_C0|E2,0.00037434895833333054,-0.0010346476236979289,0.001719233194987009,unresolved,raw accuracy; first minus second arm,51,49,92,10,14,0
RACE32|ZERO|NOVEL_C0-SHAM_C0|E3,0.0012756347656250194,-0.00023518880208332724,0.0028210703531901275,unresolved,raw accuracy; first minus second arm,55,44,93,14,10,0
RACE32|ZERO|NOVEL_C0-SHAM_C0|E4,0.0006042480468749917,-0.0010386403401692929,0.002234929402669278,unresolved,raw accuracy; first minus second arm,57,43,92,16,8,0
RACE32|ZERO|NOVEL_C0-SHAM_C0|E5,0.0012837727864583408,-1.0172526042582023e-07,0.002623596191406254,unresolved,raw accuracy; first minus second arm,54,46,92,13,11,0
RACE32|ZERO|NOVEL_C0-SHAM_C0|E6,-0.0007385253906250083,-0.0021138763427734487,0.0005830383300780986,unresolved,raw accuracy; first minus second arm,43,55,94,11,13,0
RACE32|ZERO|NOVEL_C0-SHAM_C0|E7,0.001641845703125001,0.0005593109130859154,0.0026540629069010512,positive,raw accuracy; first minus second arm,58,41,93,16,8,0
RACE32|ZERO|NOVEL_C0-SHAM_C0|E8,0.0009663899739583426,1.9200642903647574e-05,0.0018605550130208208,positive,raw accuracy; first minus second arm,60,40,92,18,6,0
RACE32|ZERO|NOVEL_C0-SHAM_C0|F,0.03521728515625,0.011310221354166667,0.05905385335286455,positive,carrier frequency; first minus second arm,33,68,91,13,11,0
RACE32|ZERO|NOVEL_C0-SHAM_C0|F0,0.0,0.0,0.0,structural_zero,design-implied zero,0,0,192,0,0,24
RACE32|ZERO|NOVEL_C0-SHAM_C0|F1,-0.010416666666666666,-0.012369791666666666,-0.008459472656250022,negative,carrier frequency; first minus second arm,2,66,124,0,23,1
RACE32|ZERO|NOVEL_C0-SHAM_C0|F40,0.062174479166666664,0.024251302083333332,0.09961751302083328,positive,carrier frequency; first minus second arm,19,8,165,13,4,7
RACE32|ZERO|NOVEL_C0-SHAM_C0|FE1,-0.01416015625,-0.017838541666666666,-0.010644531249999999,negative,carrier frequency; first minus second arm,24,73,95,1,22,1
RACE32|ZERO|NOVEL_C0-SHAM_C0|FE2,0.0030924479166666683,-0.008172200520833332,0.014943033854166657,unresolved,carrier frequency; first minus second arm,27,31,134,9,12,3
RACE32|ZERO|NOVEL_C0-SHAM_C0|FE3,0.018912760416666664,-0.002669270833333334,0.04036783854166665,unresolved,carrier frequency; first minus second arm,23,21,148,14,6,4
RACE32|ZERO|NOVEL_C0-SHAM_C0|FE4,0.03551432291666667,0.008884277343750004,0.06097005208333334,positive,carrier frequency; first minus second arm,20,14,158,13,5,6
RACE32|ZERO|NOVEL_C0-SHAM_C0|FE5,0.05247395833333333,0.02050048828125,0.08330322265624998,positive,carrier frequency; first minus second arm,20,11,161,13,5,6
RACE32|ZERO|NOVEL_C0-SHAM_C0|FE6,0.06028645833333333,0.026819661458333335,0.09475911458333335,positive,carrier frequency; first minus second arm,19,10,163,13,5,6
RACE32|ZERO|NOVEL_C0-SHAM_C0|FE7,0.06243489583333334,0.02743977864583333,0.09834472656249997,positive,carrier frequency; first minus second arm,20,9,163,13,5,6
RACE32|ZERO|NOVEL_C0-SHAM_C0|FE8,0.06318359375,0.026188151041666663,0.10081380208333333,positive,carrier frequency; first minus second arm,19,9,164,13,5,6
RACE32|ZERO|NOVEL_C0-SHAM_C0|MLOSS,-0.0007066090901692625,-0.0012567806243896495,-0.0001400788625081336,negative,raw mismatch; first minus second arm,44,57,91,8,16,0
RACE32|ZERO|NOVEL_C0-SHAM_C0|U,0.0007066090901692532,0.00014007886250811918,0.001256780624389597,positive,raw accuracy; first minus second arm,57,44,91,16,8,0
RACE32|ZERO|NOVEL_C0-SHAM_C0|U0,0.0,0.0,0.0,structural_zero,design-implied zero,0,0,192,0,0,24
RACE32|ZERO|NOVEL_C0-SHAM_C0|U1,-5.5948893229166664e-05,-0.00014241536458333334,2.5431315104166668e-05,unresolved,raw accuracy; first minus second arm,8,11,173,4,7,13
RACE32|ZERO|NOVEL_C0-SHAM_C0|U40,8.138020833333333e-05,-0.002950159708658854,0.0031483968098958335,unresolved,raw accuracy; first minus second arm,46,49,97,14,10,0
RACE32|ZERO|NOVEL_C0|D40,0.057779947916666664,0.022294108072916666,0.09571533203124993,positive,carrier frequency change; absolute,20,172,0,13,11,0
RACE32|ZERO|NOVEL_C0|E1,0.6403523763020834,0.6329296112060546,0.6486706797281901,positive,raw accuracy; absolute,192,0,0,24,0,0
RACE32|ZERO|NOVEL_C0|E2,0.5968678792317709,0.5948801167805989,0.5986847432454427,positive,raw accuracy; absolute,192,0,0,24,0,0
RACE32|ZERO|NOVEL_C0|E3,0.59771728515625,0.5957751973470051,0.5996572875976562,positive,raw accuracy; absolute,192,0,0,24,0,0
RACE32|ZERO|NOVEL_C0|E4,0.5985850016276041,0.596729482014974,0.6003632354736328,positive,raw accuracy; absolute,192,0,0,24,0,0
RACE32|ZERO|NOVEL_C0|E5,0.5977020263671875,0.595710194905599,0.5997044372558594,positive,raw accuracy; absolute,192,0,0,24,0,0
RACE32|ZERO|NOVEL_C0|E6,0.5980489095052083,0.5955277506510417,0.6007610066731771,positive,raw accuracy; absolute,192,0,0,24,0,0
RACE32|ZERO|NOVEL_C0|E7,0.5993570963541667,0.5970915730794271,0.6015830993652345,positive,raw accuracy; absolute,192,0,0,24,0,0
RACE32|ZERO|NOVEL_C0|E8,0.5974700927734375,0.5950448862711589,0.6000286356608073,positive,raw accuracy; absolute,192,0,0,24,0,0
RACE32|ZERO|NOVEL_C0|F,0.06092936197916666,0.03747884114583333,0.08562194824218741,positive,carrier frequency; absolute,93,0,99,23,0,1
RACE32|ZERO|NOVEL_C0|F0,0.03125,0.03125,0.03125,positive,carrier frequency; absolute,192,0,0,24,0,0
RACE32|ZERO|NOVEL_C0|F1,0.020182291666666668,0.016764322916666668,0.0234375,positive,carrier frequency; absolute,93,0,99,23,0,1
RACE32|ZERO|NOVEL_C0|F40,0.08902994791666667,0.053544108072916666,0.12696533203124993,positive,carrier frequency; absolute,20,0,172,13,0,11
RACE32|ZERO|NOVEL_C0|FE1,0.018001302083333334,0.013053385416666669,0.02298339843749999,positive,carrier frequency; absolute,93,0,99,23,0,1
RACE32|ZERO|NOVEL_C0|FE2,0.031477864583333334,0.019628906249999998,0.044238281250000004,positive,carrier frequency; absolute,33,0,159,16,0,8
RACE32|ZERO|NOVEL_C0|FE3,0.043359375,0.026073404947916667,0.06253255208333333,positive,carrier frequency; absolute,26,0,166,15,0,9
RACE32|ZERO|NOVEL_C0|FE4,0.061197916666666664,0.03733561197916667,0.08653483072916661,positive,carrier frequency; absolute,21,0,171,13,0,11
RACE32|ZERO|NOVEL_C0|FE5,0.07506510416666666,0.04511637369791666,0.10638183593749997,positive,carrier frequency; absolute,21,0,171,13,0,11
RACE32|ZERO|NOVEL_C0|FE6,0.08388671874999999,0.050388997395833336,0.11937581380208331,positive,carrier frequency; absolute,20,0,172,13,0,11
RACE32|ZERO|NOVEL_C0|FE7,0.08557942708333333,0.05077392578125,0.12324300130208334,positive,carrier frequency; absolute,20,0,172,13,0,11
RACE32|ZERO|NOVEL_C0|FE8,0.0888671875,0.053505859375000006,0.12643473307291667,positive,carrier frequency; absolute,20,0,172,13,0,11
RACE32|ZERO|NOVEL_C0|MLOSS,0.39673741658528644,0.3956465180714925,0.39781621615091955,positive,raw mismatch; absolute,192,0,0,24,0,0
RACE32|ZERO|NOVEL_C0|U,0.6032625834147135,0.6021837838490804,0.6043534819285075,positive,raw accuracy; absolute,192,0,0,24,0,0
RACE32|ZERO|NOVEL_C0|U0,0.7163035074869791,0.6938170115152995,0.7402376810709635,positive,raw accuracy; absolute,192,0,0,24,0,0
RACE32|ZERO|NOVEL_C0|U1,0.7251739501953125,0.7054519653320312,0.7459573109944662,positive,raw accuracy; absolute,192,0,0,24,0,0
RACE32|ZERO|NOVEL_C0|U40,0.5958404541015625,0.5906522115071614,0.6005659739176432,positive,raw accuracy; absolute,192,0,0,24,0,0
RACE32|ZERO|NOVEL_C1-SHAM_C1|D40,0.0,0.0,0.0,observed_exact_zero,sampled equality; not a design guarantee,0,0,192,0,0,24
RACE32|ZERO|NOVEL_C1-SHAM_C1|E1,-0.00011494954427082593,-0.0006940460205077835,0.00039774576822916574,unresolved,raw accuracy; first minus second arm,25,28,139,10,12,2
RACE32|ZERO|NOVEL_C1-SHAM_C1|E2,0.0008107503255208268,-3.7638346354169555e-05,0.0017446899414062169,unresolved,raw accuracy; first minus second arm,32,21,139,15,7,2
RACE32|ZERO|NOVEL_C1-SHAM_C1|E3,0.0012451171874999917,0.00026751200358069425,0.0022544352213541693,positive,raw accuracy; first minus second arm,39,14,139,17,5,2
RACE32|ZERO|NOVEL_C1-SHAM_C1|E4,-1.4241536458338885e-05,-0.0008384195963541722,0.0009043375651041544,unresolved,raw accuracy; first minus second arm,29,24,139,9,13,2
RACE32|ZERO|NOVEL_C1-SHAM_C1|E5,-0.0012237548828124927,-0.0021454366048177043,-0.0002590942382812426,negative,raw accuracy; first minus second arm,17,36,139,5,17,2
RACE32|ZERO|NOVEL_C1-SHAM_C1|E6,-0.0001566569010416676,-0.0011465454101562346,0.0008240000406900946,unresolved,raw accuracy; first minus second arm,26,27,139,10,12,2
RACE32|ZERO|NOVEL_C1-SHAM_C1|E7,-0.00022176106770834444,-0.0009013366699218698,0.0004395294189452736,unresolved,raw accuracy; first minus second arm,28,25,139,11,11,2
RACE32|ZERO|NOVEL_C1-SHAM_C1|E8,-0.0002410888671875074,-0.0011037190755208198,0.0005320231119791409,unresolved,raw accuracy; first minus second arm,24,29,139,12,9,3
RACE32|ZERO|NOVEL_C1-SHAM_C1|F,-0.00041910807291666664,-0.0013756306966145832,0.0005740356445312486,unresolved,carrier frequency; first minus second arm,9,44,139,3,19,2
RACE32|ZERO|NOVEL_C1-SHAM_C1|F0,0.0,0.0,0.0,structural_zero,design-implied zero,0,0,192,0,0,24
RACE32|ZERO|NOVEL_C1-SHAM_C1|F1,-0.005208333333333333,-0.0068359375,-0.00341796875,negative,carrier frequency; first minus second arm,2,34,156,1,19,4
RACE32|ZERO|NOVEL_C1-SHAM_C1|F40,0.0,0.0,0.0,observed_exact_zero,sampled equality; not a design guarantee,0,0,192,0,0,24
RACE32|ZERO|NOVEL_C1-SHAM_C1|FE1,-0.004231770833333333,-0.006217447916666667,-0.00234375,negative,carrier frequency; first minus second arm,9,44,139,3,19,2
RACE32|ZERO|NOVEL_C1-SHAM_C1|FE2,0.0003906250000000001,-0.0027343749999999994,0.0034505208333333332,unresolved,carrier frequency; first minus second arm,5,4,183,4,4,16
RACE32|ZERO|NOVEL_C1-SHAM_C1|FE3,0.00045572916666666673,-0.0015950520833333335,0.002670084635416662,unresolved,carrier frequency; first minus second arm,2,2,188,2,2,20
RACE32|ZERO|NOVEL_C1-SHAM_C1|FE4,0.00013020833333333339,-0.00166015625,0.00205078125,unresolved,carrier frequency; first minus second arm,1,1,190,1,1,22
RACE32|ZERO|NOVEL_C1-SHAM_C1|FE5,-9.765624999999999e-05,-0.00029296875,0.0,unresolved,carrier frequency; first minus second arm,0,1,191,0,1,23
RACE32|ZERO|NOVEL_C1-SHAM_C1|FE6,0.0,0.0,0.0,observed_exact_zero,sampled equality; not a design guarantee,0,0,192,0,0,24
RACE32|ZERO|NOVEL_C1-SHAM_C1|FE7,0.0,0.0,0.0,observed_exact_zero,sampled equality; not a design guarantee,0,0,192,0,0,24
RACE32|ZERO|NOVEL_C1-SHAM_C1|FE8,0.0,0.0,0.0,observed_exact_zero,sampled equality; not a design guarantee,0,0,192,0,0,24
RACE32|ZERO|NOVEL_C1-SHAM_C1|MLOSS,-1.0426839192709259e-05,-0.00030484835306803453,0.00028687795003255436,unresolved,raw mismatch; first minus second arm,23,30,139,10,12,2
RACE32|ZERO|NOVEL_C1-SHAM_C1|U,1.0426839192723136e-05,-0.00028687795003253175,0.00030484835306803925,unresolved,raw accuracy; first minus second arm,30,23,139,12,10,2
RACE32|ZERO|NOVEL_C1-SHAM_C1|U0,0.0,0.0,0.0,structural_zero,design-implied zero,0,0,192,0,0,24
RACE32|ZERO|NOVEL_C1-SHAM_C1|U1,-1.52587890625e-05,-7.62939453125e-05,3.5603841145833336e-05,unresolved,raw accuracy; first minus second arm,5,4,183,5,4,15
RACE32|ZERO|NOVEL_C1-SHAM_C1|U40,-0.0013275146484375,-0.003947067260742188,0.0009721120198567673,unresolved,raw accuracy; first minus second arm,23,30,139,9,13,2
RACE32|ZERO|NOVEL_C1|D40,-0.03125,-0.03125,-0.03125,negative,carrier frequency change; absolute,0,192,0,0,24,0
RACE32|ZERO|NOVEL_C1|E1,0.6403208414713542,0.6328216044108073,0.6486430104573567,positive,raw accuracy; absolute,192,0,0,24,0,0
RACE32|ZERO|NOVEL_C1|E2,0.5966827392578125,0.5947801971435547,0.5985546875000001,positive,raw accuracy; absolute,192,0,0,24,0,0
RACE32|ZERO|NOVEL_C1|E3,0.5976064046223958,0.5956071472167969,0.5995809682210286,positive,raw accuracy; absolute,192,0,0,24,0,0
RACE32|ZERO|NOVEL_C1|E4,0.5980336507161458,0.596393814086914,0.5997721608479817,positive,raw accuracy; absolute,192,0,0,24,0,0
RACE32|ZERO|NOVEL_C1|E5,0.5972849527994791,0.5952717590332031,0.5996170552571615,positive,raw accuracy; absolute,192,0,0,24,0,0
RACE32|ZERO|NOVEL_C1|E6,0.5969584147135416,0.5945575459798178,0.5992890930175782,positive,raw accuracy; absolute,192,0,0,24,0,0
RACE32|ZERO|NOVEL_C1|E7,0.5977254231770833,0.595359853108724,0.6002329762776693,positive,raw accuracy; absolute,192,0,0,24,0,0
RACE32|ZERO|NOVEL_C1|E8,0.5970682779947917,0.5944323730468749,0.5999017079671224,positive,raw accuracy; absolute,192,0,0,24,0,0
RACE32|ZERO|NOVEL_C1|F,0.00108642578125,0.0005207316080729166,0.0019003295898437497,positive,carrier frequency; absolute,62,0,130,22,0,2
RACE32|ZERO|NOVEL_C1|F0,0.03125,0.03125,0.03125,positive,carrier frequency; absolute,192,0,0,24,0,0
RACE32|ZERO|NOVEL_C1|F1,0.012044270833333334,0.009440104166666666,0.0146484375,positive,carrier frequency; absolute,62,0,130,22,0,2
RACE32|ZERO|NOVEL_C1|F40,0.0,0.0,0.0,observed_exact_zero,sampled equality; not a design guarantee,0,0,192,0,0,24
RACE32|ZERO|NOVEL_C1|FE1,0.004915364583333333,0.003482259114583333,0.006608072916666666,positive,carrier frequency; absolute,62,0,130,22,0,2
RACE32|ZERO|NOVEL_C1|FE2,0.001953125,0.00019531249999999998,0.0043294270833333336,positive,carrier frequency; absolute,5,0,187,5,0,19
RACE32|ZERO|NOVEL_C1|FE3,0.0011393229166666667,0.0,0.0030924479166666665,unresolved,carrier frequency; absolute,2,0,190,2,0,22
RACE32|ZERO|NOVEL_C1|FE4,0.0006835937500000001,0.0,0.00205078125,unresolved,carrier frequency; absolute,1,0,191,1,0,23
RACE32|ZERO|NOVEL_C1|FE5,0.0,0.0,0.0,observed_exact_zero,sampled equality; not a design guarantee,0,0,192,0,0,24
RACE32|ZERO|NOVEL_C1|FE6,0.0,0.0,0.0,observed_exact_zero,sampled equality; not a design guarantee,0,0,192,0,0,24
RACE32|ZERO|NOVEL_C1|FE7,0.0,0.0,0.0,observed_exact_zero,sampled equality; not a design guarantee,0,0,192,0,0,24
RACE32|ZERO|NOVEL_C1|FE8,0.0,0.0,0.0,observed_exact_zero,sampled equality; not a design guarantee,0,0,192,0,0,24
RACE32|ZERO|NOVEL_C1|MLOSS,0.3972899119059245,0.3961231994628906,0.3983645852406819,positive,raw mismatch; absolute,192,0,0,24,0,0
RACE32|ZERO|NOVEL_C1|U,0.6027100880940756,0.601635414759318,0.6038768005371093,positive,raw accuracy; absolute,192,0,0,24,0,0
RACE32|ZERO|NOVEL_C1|U0,0.7163035074869791,0.6938170115152995,0.7402376810709635,positive,raw accuracy; absolute,192,0,0,24,0,0
RACE32|ZERO|NOVEL_C1|U1,0.7251637776692709,0.7054391225179036,0.7459058125813802,positive,raw accuracy; absolute,192,0,0,24,0,0
RACE32|ZERO|NOVEL_C1|U40,0.5944773356119791,0.5892232259114584,0.599401092529297,positive,raw accuracy; absolute,192,0,0,24,0,0
RACE32|ZERO|SHAM_C0|D40,-0.00439453125,-0.020182291666666668,0.014322916666666666,unresolved,carrier frequency change; absolute,8,184,0,7,17,0
RACE32|ZERO|SHAM_C0|E1,0.6401072184244793,0.6327061462402344,0.6483907572428386,positive,raw accuracy; absolute,192,0,0,24,0,0
RACE32|ZERO|SHAM_C0|E2,0.5964935302734374,0.5946134440104167,0.5984742228190104,positive,raw accuracy; absolute,192,0,0,24,0,0
RACE32|ZERO|SHAM_C0|E3,0.596441650390625,0.5946733601888021,0.5981233978271484,positive,raw accuracy; absolute,192,0,0,24,0,0
RACE32|ZERO|SHAM_C0|E4,0.5979807535807291,0.5958871968587239,0.600115254720052,positive,raw accuracy; absolute,192,0,0,24,0,0
RACE32|ZERO|SHAM_C0|E5,0.5964182535807292,0.5941211700439454,0.5988517506917318,positive,raw accuracy; absolute,192,0,0,24,0,0
RACE32|ZERO|SHAM_C0|E6,0.5987874348958333,0.5964507039388021,0.6013550567626953,positive,raw accuracy; absolute,192,0,0,24,0,0
RACE32|ZERO|SHAM_C0|E7,0.5977152506510417,0.5951687622070313,0.600221939086914,positive,raw accuracy; absolute,192,0,0,24,0,0
RACE32|ZERO|SHAM_C0|E8,0.5965037027994792,0.5942899576822916,0.5987279001871746,positive,raw accuracy; absolute,192,0,0,24,0,0
RACE32|ZERO|SHAM_C0|F,0.025712076822916666,0.015338541666666664,0.038582865397135416,positive,carrier frequency; absolute,124,0,68,24,0,0
RACE32|ZERO|SHAM_C0|F0,0.03125,0.03125,0.03125,positive,carrier frequency; absolute,192,0,0,24,0,0
RACE32|ZERO|SHAM_C0|F1,0.030598958333333332,0.0263671875,0.034830729166666664,positive,carrier frequency; absolute,124,0,68,24,0,0
RACE32|ZERO|SHAM_C0|F40,0.02685546875,0.011067708333333334,0.045572916666666664,positive,carrier frequency; absolute,8,0,184,8,0,16
RACE32|ZERO|SHAM_C0|FE1,0.03216145833333333,0.026171061197916668,0.03844482421874999,positive,carrier frequency; absolute,124,0,68,24,0,0
RACE32|ZERO|SHAM_C0|FE2,0.028385416666666663,0.020475260416666665,0.03736979166666666,positive,carrier frequency; absolute,44,0,148,20,0,4
RACE32|ZERO|SHAM_C0|FE3,0.02444661458333333,0.01334635416666667,0.038248697916666664,positive,carrier frequency; absolute,24,0,168,16,0,8
RACE32|ZERO|SHAM_C0|FE4,0.02568359375,0.01321533203125,0.04050048828124997,positive,carrier frequency; absolute,15,0,177,12,0,12
RACE32|ZERO|SHAM_C0|FE5,0.022591145833333336,0.009569498697916668,0.038186035156249985,positive,carrier frequency; absolute,11,0,181,11,0,13
RACE32|ZERO|SHAM_C0|FE6,0.023600260416666668,0.009764811197916667,0.041081542968749996,positive,carrier frequency; absolute,10,0,182,10,0,14
RACE32|ZERO|SHAM_C0|FE7,0.02314453125,0.009601236979166667,0.040495605468749994,positive,carrier frequency; absolute,10,0,182,10,0,14
RACE32|ZERO|SHAM_C0|FE8,0.02568359375,0.010546061197916666,0.04423828124999999,positive,carrier frequency; absolute,9,0,183,9,0,15
RACE32|ZERO|SHAM_C0|MLOSS,0.39744402567545567,0.3961431312561035,0.3986646779378255,positive,raw mismatch; absolute,192,0,0,24,0,0
RACE32|ZERO|SHAM_C0|U,0.6025559743245443,0.6013353220621745,0.6038568687438964,positive,raw accuracy; absolute,192,0,0,24,0,0
RACE32|ZERO|SHAM_C0|U0,0.7163035074869791,0.6938170115152995,0.7402376810709635,positive,raw accuracy; absolute,192,0,0,24,0,0
RACE32|ZERO|SHAM_C0|U1,0.7252298990885416,0.705484135945638,0.7460538228352865,positive,raw accuracy; absolute,192,0,0,24,0,0
RACE32|ZERO|SHAM_C0|U40,0.5957590738932291,0.590570322672526,0.600561014811198,positive,raw accuracy; absolute,192,0,0,24,0,0
RACE32|ZERO|SHAM_C1|D40,-0.03125,-0.03125,-0.03125,negative,carrier frequency change; absolute,0,192,0,0,24,0
RACE32|ZERO|SHAM_C1|E1,0.640435791015625,0.6331241607666016,0.6486817677815754,positive,raw accuracy; absolute,192,0,0,24,0,0
RACE32|ZERO|SHAM_C1|E2,0.5958719889322917,0.594043935139974,0.5976431020100912,positive,raw accuracy; absolute,192,0,0,24,0,0
RACE32|ZERO|SHAM_C1|E3,0.5963612874348958,0.5942681630452474,0.5985098266601563,positive,raw accuracy; absolute,192,0,0,24,0,0
RACE32|ZERO|SHAM_C1|E4,0.5980478922526041,0.5963134256998698,0.5998342386881511,positive,raw accuracy; absolute,192,0,0,24,0,0
RACE32|ZERO|SHAM_C1|E5,0.5985087076822917,0.5965891011555989,0.6007237243652344,positive,raw accuracy; absolute,192,0,0,24,0,0
RACE32|ZERO|SHAM_C1|E6,0.5971150716145833,0.5946614329020182,0.5995829518636067,positive,raw accuracy; absolute,192,0,0,24,0,0
RACE32|ZERO|SHAM_C1|E7,0.5979471842447917,0.5957630157470704,0.6002667999267578,positive,raw accuracy; absolute,192,0,0,24,0,0
RACE32|ZERO|SHAM_C1|E8,0.5973093668619792,0.5945767720540365,0.6000357818603516,positive,raw accuracy; absolute,192,0,0,24,0,0
RACE32|ZERO|SHAM_C1|F,0.0015055338541666667,0.0009317016601562499,0.0022786458333333335,positive,carrier frequency; absolute,77,0,115,24,0,0
RACE32|ZERO|SHAM_C1|F0,0.03125,0.03125,0.03125,positive,carrier frequency; absolute,192,0,0,24,0,0
RACE32|ZERO|SHAM_C1|F1,0.017252604166666668,0.013997395833333334,0.020670572916666668,positive,carrier frequency; absolute,77,0,115,24,0,0
RACE32|ZERO|SHAM_C1|F40,0.0,0.0,0.0,observed_exact_zero,sampled equality; not a design guarantee,0,0,192,0,0,24
RACE32|ZERO|SHAM_C1|FE1,0.009147135416666667,0.00667236328125,0.011883951822916653,positive,carrier frequency; absolute,77,0,115,24,0,0
RACE32|ZERO|SHAM_C1|FE2,0.0015624999999999999,6.510416666666667e-05,0.0038736979166666663,positive,carrier frequency; absolute,4,0,188,4,0,20
RACE32|ZERO|SHAM_C1|FE3,0.0006835937500000001,0.0,0.0019856770833333332,unresolved,carrier frequency; absolute,2,0,190,2,0,22
RACE32|ZERO|SHAM_C1|FE4,0.0005533854166666667,0.0,0.00166015625,unresolved,carrier frequency; absolute,1,0,191,1,0,23
RACE32|ZERO|SHAM_C1|FE5,9.765624999999999e-05,0.0,0.00029296875,unresolved,carrier frequency; absolute,1,0,191,1,0,23
RACE32|ZERO|SHAM_C1|FE6,0.0,0.0,0.0,observed_exact_zero,sampled equality; not a design guarantee,0,0,192,0,0,24
RACE32|ZERO|SHAM_C1|FE7,0.0,0.0,0.0,observed_exact_zero,sampled equality; not a design guarantee,0,0,192,0,0,24
RACE32|ZERO|SHAM_C1|FE8,0.0,0.0,0.0,observed_exact_zero,sampled equality; not a design guarantee,0,0,192,0,0,24
RACE32|ZERO|SHAM_C1|MLOSS,0.3973003387451172,0.39615049680074055,0.39838356653849283,positive,raw mismatch; absolute,192,0,0,24,0,0
RACE32|ZERO|SHAM_C1|U,0.6026996612548828,0.6016164334615072,0.6038495031992595,positive,raw accuracy; absolute,192,0,0,24,0,0
RACE32|ZERO|SHAM_C1|U0,0.7163035074869791,0.6938170115152995,0.7402376810709635,positive,raw accuracy; absolute,192,0,0,24,0,0
RACE32|ZERO|SHAM_C1|U1,0.7251790364583334,0.7054644266764323,0.745946756998698,positive,raw accuracy; absolute,192,0,0,24,0,0
RACE32|ZERO|SHAM_C1|U40,0.5958048502604166,0.59136962890625,0.6005611419677734,positive,raw accuracy; absolute,192,0,0,24,0,0
