key,mean,ci_low,ci_high,classification,interpretation,individual_positive,individual_negative,individual_zero,block_positive,block_negative,block_zero
RARE|IID|ACTIVE_C0-NOVEL_C0|D40,-0.13313802083333334,-0.18523763020833334,-0.078125,negative,carrier frequency change; first minus second arm,9,34,149,2,17,5
RARE|IID|ACTIVE_C0-NOVEL_C0|E1,-0.00047810872395835186,-0.0012644449869791783,0.0002930450439452912,unresolved,raw accuracy; first minus second arm,55,66,71,9,15,0
RARE|IID|ACTIVE_C0-NOVEL_C0|E2,0.00016581217447917315,-0.0010559590657552096,0.0014323933919270983,unresolved,raw accuracy; first minus second arm,61,61,70,14,10,0
RARE|IID|ACTIVE_C0-NOVEL_C0|E3,-0.0012451171874999962,-0.002570775349934917,0.00010378519694013881,unresolved,raw accuracy; first minus second arm,55,67,70,9,15,0
RARE|IID|ACTIVE_C0-NOVEL_C0|E4,-0.0017059326171875073,-0.0031231689453125135,-0.0003356424967447737,negative,raw accuracy; first minus second arm,55,67,70,7,17,0
RARE|IID|ACTIVE_C0-NOVEL_C0|E5,-0.0017944335937500149,-0.0033976491292318075,-0.00035191853841144444,negative,raw accuracy; first minus second arm,49,71,72,7,17,0
RARE|IID|ACTIVE_C0-NOVEL_C0|E6,-0.0016957600911458547,-0.003315378824869815,-0.00017059326171877228,negative,raw accuracy; first minus second arm,52,69,71,7,17,0
RARE|IID|ACTIVE_C0-NOVEL_C0|E7,-0.0017588297526041536,-0.0038127644856770803,0.00019554138183594392,unresolved,raw accuracy; first minus second arm,54,66,72,10,14,0
RARE|IID|ACTIVE_C0-NOVEL_C0|E8,-0.0037302652994791927,-0.005859578450520861,-0.001707916259765677,negative,raw accuracy; first minus second arm,38,84,70,5,19,0
RARE|IID|ACTIVE_C0-NOVEL_C0|F,-0.09253743489583334,-0.1312462361653646,-0.05322804768880212,negative,carrier frequency; first minus second arm,30,95,67,4,20,0
RARE|IID|ACTIVE_C0-NOVEL_C0|F0,0.0,0.0,0.0,structural_zero,design-implied zero,0,0,192,0,0,24
RARE|IID|ACTIVE_C0-NOVEL_C0|F1,-0.012044270833333334,-0.017256673177083334,-0.006998697916666667,negative,carrier frequency; first minus second arm,12,62,118,4,18,2
RARE|IID|ACTIVE_C0-NOVEL_C0|F40,-0.13313802083333334,-0.18523763020833334,-0.078125,negative,carrier frequency; first minus second arm,9,34,149,2,17,5
RARE|IID|ACTIVE_C0-NOVEL_C0|FE1,-0.019759114583333334,-0.02793050130208333,-0.010382486979166675,negative,carrier frequency; first minus second arm,35,87,70,2,22,0
RARE|IID|ACTIVE_C0-NOVEL_C0|FE2,-0.046875,-0.07291666666666667,-0.02173746744791671,negative,carrier frequency; first minus second arm,21,62,109,5,18,1
RARE|IID|ACTIVE_C0-NOVEL_C0|FE3,-0.0779296875,-0.11657226562499999,-0.039453125000000006,negative,carrier frequency; first minus second arm,17,49,126,4,19,1
RARE|IID|ACTIVE_C0-NOVEL_C0|FE4,-0.09798177083333333,-0.14775472005208332,-0.04722981770833335,negative,carrier frequency; first minus second arm,16,43,133,4,19,1
RARE|IID|ACTIVE_C0-NOVEL_C0|FE5,-0.11253255208333335,-0.15970296223958333,-0.06321451822916668,negative,carrier frequency; first minus second arm,12,41,139,5,18,1
RARE|IID|ACTIVE_C0-NOVEL_C0|FE6,-0.12288411458333333,-0.17071044921874998,-0.07451090494791666,negative,carrier frequency; first minus second arm,11,37,144,3,18,3
RARE|IID|ACTIVE_C0-NOVEL_C0|FE7,-0.128515625,-0.18005208333333333,-0.07612630208333339,negative,carrier frequency; first minus second arm,10,35,147,2,18,4
RARE|IID|ACTIVE_C0-NOVEL_C0|FE8,-0.13382161458333333,-0.18645263671875,-0.078125,negative,carrier frequency; first minus second arm,9,34,149,2,17,5
RARE|IID|ACTIVE_C0-NOVEL_C0|MLOSS,0.0015303293863932362,0.0008578427632649839,0.00221774737040201,positive,raw mismatch; first minus second arm,80,42,70,21,3,0
RARE|IID|ACTIVE_C0-NOVEL_C0|U,-0.0015303293863932245,-0.0022177473704019985,-0.0008578427632649661,negative,raw accuracy; first minus second arm,42,80,70,3,21,0
RARE|IID|ACTIVE_C0-NOVEL_C0|U0,0.0,0.0,0.0,structural_zero,design-implied zero,0,0,192,0,0,24
RARE|IID|ACTIVE_C0-NOVEL_C0|U1,-0.0011850992838541667,-0.0016633351643880207,-0.0007120768229166666,negative,raw accuracy; first minus second arm,1,58,133,0,20,4
RARE|IID|ACTIVE_C0-NOVEL_C0|U40,-0.004720052083333333,-0.00825513203938802,-0.0012958526611328187,negative,raw accuracy; first minus second arm,47,74,71,5,19,0
RARE|IID|ACTIVE_C0-SHAM_C0|D40,0.057291666666666664,0.020833333333333332,0.09895833333333333,positive,carrier frequency change; first minus second arm,14,3,175,11,2,11
RARE|IID|ACTIVE_C0-SHAM_C0|E1,-7.93457031250111e-05,-0.0004944101969401353,0.0002929941813150876,unresolved,raw accuracy; first minus second arm,29,37,126,11,12,1
RARE|IID|ACTIVE_C0-SHAM_C0|E2,0.0003845214843749926,-0.000860061645507817,0.001814829508463583,unresolved,raw accuracy; first minus second arm,35,31,126,11,12,1
RARE|IID|ACTIVE_C0-SHAM_C0|E3,-1.1189778645837034e-05,-0.000962397257487005,0.0009572601318359402,unresolved,raw accuracy; first minus second arm,35,31,126,11,11,2
RARE|IID|ACTIVE_C0-SHAM_C0|E4,0.0008138020833333148,-0.00014582316080730267,0.0018138885498046786,unresolved,raw accuracy; first minus second arm,35,31,126,13,10,1
RARE|IID|ACTIVE_C0-SHAM_C0|E5,0.00039469401041665925,-0.000989939371744812,0.0017069753011067542,unresolved,raw accuracy; first minus second arm,33,33,126,13,10,1
RARE|IID|ACTIVE_C0-SHAM_C0|E6,-0.0003214518229166889,-0.0015361531575521197,0.0007395935058593633,unresolved,raw accuracy; first minus second arm,39,27,126,13,10,1
RARE|IID|ACTIVE_C0-SHAM_C0|E7,0.0016103108723958444,0.0006184641520182359,0.0026978047688802106,positive,raw accuracy; first minus second arm,42,24,126,18,5,1
RARE|IID|ACTIVE_C0-SHAM_C0|E8,-0.0006276448567708407,-0.001681594848632823,0.0004689788818359223,unresolved,raw accuracy; first minus second arm,30,36,126,9,14,1
RARE|IID|ACTIVE_C0-SHAM_C0|F,0.045694986979166664,0.01908243815104167,0.07531758626302083,positive,carrier frequency; first minus second arm,42,23,127,17,5,2
RARE|IID|ACTIVE_C0-SHAM_C0|F0,0.0,0.0,0.0,structural_zero,design-implied zero,0,0,192,0,0,24
RARE|IID|ACTIVE_C0-SHAM_C0|F1,0.0,0.0,0.0,structural_zero,design-implied zero,0,0,192,0,0,24
RARE|IID|ACTIVE_C0-SHAM_C0|F40,0.057291666666666664,0.020833333333333332,0.09895833333333333,positive,carrier frequency; first minus second arm,14,3,175,11,2,11
RARE|IID|ACTIVE_C0-SHAM_C0|FE1,0.0038411458333333323,-0.003483072916666667,0.01165364583333333,unresolved,carrier frequency; first minus second arm,34,30,128,12,10,2
RARE|IID|ACTIVE_C0-SHAM_C0|FE2,0.030110677083333332,0.011746419270833332,0.05039388020833332,positive,carrier frequency; first minus second arm,35,10,147,17,4,3
RARE|IID|ACTIVE_C0-SHAM_C0|FE3,0.04615885416666667,0.0188134765625,0.07688802083333333,positive,carrier frequency; first minus second arm,24,5,163,14,4,6
RARE|IID|ACTIVE_C0-SHAM_C0|FE4,0.05491536458333333,0.025742187500000003,0.08714518229166665,positive,carrier frequency; first minus second arm,21,3,168,15,2,7
RARE|IID|ACTIVE_C0-SHAM_C0|FE5,0.05699869791666667,0.023629557291666665,0.09163981119791663,positive,carrier frequency; first minus second arm,18,3,171,14,2,8
RARE|IID|ACTIVE_C0-SHAM_C0|FE6,0.05748697916666667,0.02183919270833333,0.09469563802083332,positive,carrier frequency; first minus second arm,15,3,174,12,2,10
RARE|IID|ACTIVE_C0-SHAM_C0|FE7,0.058756510416666664,0.0212890625,0.09817708333333335,positive,carrier frequency; first minus second arm,14,3,175,11,2,11
RARE|IID|ACTIVE_C0-SHAM_C0|FE8,0.057291666666666664,0.020833333333333332,0.09895833333333333,positive,carrier frequency; first minus second arm,14,3,175,11,2,11
RARE|IID|ACTIVE_C0-SHAM_C0|MLOSS,-0.0002704620361328111,-0.0006351502736409475,0.00010631561279296924,unresolved,raw mismatch; first minus second arm,30,36,126,8,15,1
RARE|IID|ACTIVE_C0-SHAM_C0|U,0.00027046203613281344,-0.00010631561279296221,0.0006351502736409697,unresolved,raw accuracy; first minus second arm,36,30,126,15,8,1
RARE|IID|ACTIVE_C0-SHAM_C0|U0,0.0,0.0,0.0,structural_zero,design-implied zero,0,0,192,0,0,24
RARE|IID|ACTIVE_C0-SHAM_C0|U1,0.0,0.0,0.0,structural_zero,design-implied zero,0,0,192,0,0,24
RARE|IID|ACTIVE_C0-SHAM_C0|U40,-0.0031789143880208335,-0.007019170125325521,0.000396728515625,unresolved,raw accuracy; first minus second arm,26,39,127,6,16,2
RARE|IID|ACTIVE_C0|D40,0.052083333333333336,0.015625,0.08854166666666667,positive,carrier frequency change; absolute,16,176,0,13,11,0
RARE|IID|ACTIVE_C0|E1,0.6074493408203124,0.6049224090576173,0.6100379943847656,positive,raw accuracy; absolute,192,0,0,24,0,0
RARE|IID|ACTIVE_C0|E2,0.6159657796223958,0.6132069142659506,0.618362553914388,positive,raw accuracy; absolute,192,0,0,24,0,0
RARE|IID|ACTIVE_C0|E3,0.6139943440755208,0.6123267873128255,0.6160730997721354,positive,raw accuracy; absolute,192,0,0,24,0,0
RARE|IID|ACTIVE_C0|E4,0.6132934570312499,0.6108317057291667,0.6158226521809895,positive,raw accuracy; absolute,192,0,0,24,0,0
RARE|IID|ACTIVE_C0|E5,0.6158498128255209,0.6135516611735026,0.6180491383870442,positive,raw accuracy; absolute,192,0,0,24,0,0
RARE|IID|ACTIVE_C0|E6,0.6151845296223958,0.6127806345621746,0.6173699188232421,positive,raw accuracy; absolute,192,0,0,24,0,0
RARE|IID|ACTIVE_C0|E7,0.6145833333333334,0.6117974090576171,0.6173588307698569,positive,raw accuracy; absolute,192,0,0,24,0,0
RARE|IID|ACTIVE_C0|E8,0.6146972656249999,0.6118028004964192,0.617641347249349,positive,raw accuracy; absolute,192,0,0,24,0,0
RARE|IID|ACTIVE_C0|F,0.07038167317708333,0.0429840087890625,0.09926798502604166,positive,carrier frequency; absolute,123,0,69,24,0,0
RARE|IID|ACTIVE_C0|F0,0.03125,0.03125,0.03125,positive,carrier frequency; absolute,192,0,0,24,0,0
RARE|IID|ACTIVE_C0|F1,0.03173828125,0.027018229166666668,0.03613688151041664,positive,carrier frequency; absolute,123,0,69,24,0,0
RARE|IID|ACTIVE_C0|F40,0.08333333333333333,0.046875,0.11979166666666667,positive,carrier frequency; absolute,16,0,176,13,0,11
RARE|IID|ACTIVE_C0|FE1,0.038769531249999996,0.028742675781250004,0.050001627604166654,positive,carrier frequency; absolute,123,0,69,24,0,0
RARE|IID|ACTIVE_C0|FE2,0.05475260416666666,0.03414713541666667,0.07849609374999993,positive,carrier frequency; absolute,38,0,154,19,0,5
RARE|IID|ACTIVE_C0|FE3,0.06640625,0.03828043619791666,0.09713541666666665,positive,carrier frequency; absolute,27,0,165,17,0,7
RARE|IID|ACTIVE_C0|FE4,0.07307942708333333,0.0421533203125,0.10551025390624996,positive,carrier frequency; absolute,23,0,169,16,0,8
RARE|IID|ACTIVE_C0|FE5,0.07897135416666667,0.04661458333333333,0.11240641276041663,positive,carrier frequency; absolute,20,0,172,15,0,9
RARE|IID|ACTIVE_C0|FE6,0.08294270833333334,0.050223795572916674,0.11686604817708332,positive,carrier frequency; absolute,17,0,175,14,0,10
RARE|IID|ACTIVE_C0|FE7,0.08479817708333333,0.0506494140625,0.12060953776041665,positive,carrier frequency; absolute,17,0,175,14,0,10
RARE|IID|ACTIVE_C0|FE8,0.08333333333333333,0.046875,0.11979166666666667,positive,carrier frequency; absolute,16,0,176,13,0,11
RARE|IID|ACTIVE_C0|MLOSS,0.38612276713053384,0.38521808306376143,0.38713410695393874,positive,raw mismatch; absolute,192,0,0,24,0,0
RARE|IID|ACTIVE_C0|U,0.6138772328694662,0.6128658930460612,0.6147819169362386,positive,raw accuracy; absolute,192,0,0,24,0,0
RARE|IID|ACTIVE_C0|U0,0.5143229166666666,0.4856770833333333,0.5455729166666666,positive,raw accuracy; absolute,192,0,0,24,0,0
RARE|IID|ACTIVE_C0|U1,0.5885060628255209,0.5790705362955729,0.5997572580973307,positive,raw accuracy; absolute,192,0,0,24,0,0
RARE|IID|ACTIVE_C0|U40,0.6110331217447916,0.6060227711995443,0.6158162434895833,positive,raw accuracy; absolute,192,0,0,24,0,0
RARE|IID|ACTIVE_C1-NOVEL_C1|D40,0.0,0.0,0.0,observed_exact_zero,sampled equality; not a design guarantee,0,0,192,0,0,24
RARE|IID|ACTIVE_C1-NOVEL_C1|E1,-0.0005279541015624963,-0.0011444091796874818,6.843566894533165e-05,unresolved,raw accuracy; first minus second arm,29,39,124,9,13,2
RARE|IID|ACTIVE_C1-NOVEL_C1|E2,0.00039062500000002404,-0.00043561299641924956,0.0011831156412760754,unresolved,raw accuracy; first minus second arm,34,35,123,14,8,2
RARE|IID|ACTIVE_C1-NOVEL_C1|E3,2.8483072916682395e-05,-0.001031519571940073,0.0011933135986328185,unresolved,raw accuracy; first minus second arm,39,30,123,11,11,2
RARE|IID|ACTIVE_C1-NOVEL_C1|E4,-0.00014953613281251665,-0.0014153035481770785,0.001205469767252581,unresolved,raw accuracy; first minus second arm,35,33,124,9,12,3
RARE|IID|ACTIVE_C1-NOVEL_C1|E5,0.00041300455729167035,-0.0006787109374999889,0.0013968658447265547,unresolved,raw accuracy; first minus second arm,35,33,124,14,8,2
RARE|IID|ACTIVE_C1-NOVEL_C1|E6,0.00046488444010416946,-0.000643920898437493,0.0016140747070312498,unresolved,raw accuracy; first minus second arm,38,31,123,12,10,2
RARE|IID|ACTIVE_C1-NOVEL_C1|E7,0.00037740071614583703,-0.0005070749918619854,0.0013957214355469047,unresolved,raw accuracy; first minus second arm,34,34,124,9,13,2
RARE|IID|ACTIVE_C1-NOVEL_C1|E8,-0.0008626302083333167,-0.00236414591471352,0.0006155395507812588,unresolved,raw accuracy; first minus second arm,29,39,124,9,12,3
RARE|IID|ACTIVE_C1-NOVEL_C1|F,-0.0014200846354166668,-0.00228271484375,-0.0007080078125,negative,carrier frequency; first minus second arm,11,58,123,3,18,3
RARE|IID|ACTIVE_C1-NOVEL_C1|F0,0.0,0.0,0.0,structural_zero,design-implied zero,0,0,192,0,0,24
RARE|IID|ACTIVE_C1-NOVEL_C1|F1,-0.011067708333333334,-0.015299479166666666,-0.007161458333333333,negative,carrier frequency; first minus second arm,0,47,145,0,19,5
RARE|IID|ACTIVE_C1-NOVEL_C1|F40,0.0,0.0,0.0,observed_exact_zero,sampled equality; not a design guarantee,0,0,192,0,0,24
RARE|IID|ACTIVE_C1-NOVEL_C1|FE1,-0.00703125,-0.009537760416666666,-0.004264322916666667,negative,carrier frequency; first minus second arm,12,57,123,2,20,2
RARE|IID|ACTIVE_C1-NOVEL_C1|FE2,-0.0033203125000000003,-0.006966145833333333,-0.0002604166666666666,negative,carrier frequency; first minus second arm,3,8,181,3,6,15
RARE|IID|ACTIVE_C1-NOVEL_C1|FE3,-0.0007812500000000002,-0.002180989583333334,0.0,unresolved,carrier frequency; first minus second arm,0,3,189,0,3,21
RARE|IID|ACTIVE_C1-NOVEL_C1|FE4,-0.0002278645833333333,-0.0006835937499999998,0.0,unresolved,carrier frequency; first minus second arm,0,1,191,0,1,23
RARE|IID|ACTIVE_C1-NOVEL_C1|FE5,0.0,0.0,0.0,observed_exact_zero,sampled equality; not a design guarantee,0,0,192,0,0,24
RARE|IID|ACTIVE_C1-NOVEL_C1|FE6,0.0,0.0,0.0,observed_exact_zero,sampled equality; not a design guarantee,0,0,192,0,0,24
RARE|IID|ACTIVE_C1-NOVEL_C1|FE7,0.0,0.0,0.0,observed_exact_zero,sampled equality; not a design guarantee,0,0,192,0,0,24
RARE|IID|ACTIVE_C1-NOVEL_C1|FE8,0.0,0.0,0.0,observed_exact_zero,sampled equality; not a design guarantee,0,0,192,0,0,24
RARE|IID|ACTIVE_C1-NOVEL_C1|MLOSS,-1.6784667968748612e-05,-0.0004125404357910173,0.0003507010142008341,unresolved,raw mismatch; first minus second arm,36,36,120,11,11,2
RARE|IID|ACTIVE_C1-NOVEL_C1|U,1.6784667968746298e-05,-0.0003507010142008459,0.0004125404357910122,unresolved,raw accuracy; first minus second arm,36,36,120,11,11,2
RARE|IID|ACTIVE_C1-NOVEL_C1|U0,0.0,0.0,0.0,structural_zero,design-implied zero,0,0,192,0,0,24
RARE|IID|ACTIVE_C1-NOVEL_C1|U1,-0.0010935465494791667,-0.0015717824300130207,-0.0006305694580078132,negative,raw accuracy; first minus second arm,0,47,145,0,19,5
RARE|IID|ACTIVE_C1-NOVEL_C1|U40,-0.0008290608723958334,-0.0035961151123046872,0.0021316528320312472,unresolved,raw accuracy; first minus second arm,30,39,123,8,14,2
RARE|IID|ACTIVE_C1-SHAM_C1|D40,0.0,0.0,0.0,observed_exact_zero,sampled equality; not a design guarantee,0,0,192,0,0,24
RARE|IID|ACTIVE_C1-SHAM_C1|E1,6.001790364583889e-05,-0.000219751993815112,0.00037236531575522095,unresolved,raw accuracy; first minus second arm,16,10,166,9,7,8
RARE|IID|ACTIVE_C1-SHAM_C1|E2,0.0002248128255208324,-0.00018615722656249733,0.0006348164876302271,unresolved,raw accuracy; first minus second arm,14,10,168,9,6,9
RARE|IID|ACTIVE_C1-SHAM_C1|E3,-0.00021870930989583795,-0.0008107757568359451,0.00038762410481771136,unresolved,raw accuracy; first minus second arm,12,13,167,6,9,9
RARE|IID|ACTIVE_C1-SHAM_C1|E4,-0.0006215413411458278,-0.0015921783447265581,0.00021873474121095112,unresolved,raw accuracy; first minus second arm,12,13,167,7,8,9
RARE|IID|ACTIVE_C1-SHAM_C1|E5,0.00032653808593751293,-0.00024419148763019045,0.0009898122151692956,unresolved,raw accuracy; first minus second arm,15,10,167,8,7,9
RARE|IID|ACTIVE_C1-SHAM_C1|E6,-9.867350260415557e-05,-0.0005208841959635077,0.00028485616048177966,unresolved,raw accuracy; first minus second arm,9,16,167,6,9,9
RARE|IID|ACTIVE_C1-SHAM_C1|E7,-0.00012512207031250186,-0.0007580057779947963,0.0004984792073567758,unresolved,raw accuracy; first minus second arm,12,13,167,7,8,9
RARE|IID|ACTIVE_C1-SHAM_C1|E8,0.0001302083333333398,-0.00024719238281248806,0.0005076599121093757,unresolved,raw accuracy; first minus second arm,13,12,167,8,7,9
RARE|IID|ACTIVE_C1-SHAM_C1|F,-0.00037027994791666665,-0.0011475626627604166,0.00014658610026041616,unresolved,carrier frequency; first minus second arm,13,13,166,7,9,8
RARE|IID|ACTIVE_C1-SHAM_C1|F0,0.0,0.0,0.0,structural_zero,design-implied zero,0,0,192,0,0,24
RARE|IID|ACTIVE_C1-SHAM_C1|F1,0.0,0.0,0.0,structural_zero,design-implied zero,0,0,192,0,0,24
RARE|IID|ACTIVE_C1-SHAM_C1|F40,0.0,0.0,0.0,observed_exact_zero,sampled equality; not a design guarantee,0,0,192,0,0,24
RARE|IID|ACTIVE_C1-SHAM_C1|FE1,-0.001432291666666667,-0.0035815429687500013,0.00048828124999999984,unresolved,carrier frequency; first minus second arm,13,13,166,7,9,8
RARE|IID|ACTIVE_C1-SHAM_C1|FE2,-0.0015299479166666667,-0.005859375000000001,0.0010742187499999999,unresolved,carrier frequency; first minus second arm,3,3,186,3,3,18
RARE|IID|ACTIVE_C1-SHAM_C1|FE3,0.0,0.0,0.0,observed_exact_zero,sampled equality; not a design guarantee,0,0,192,0,0,24
RARE|IID|ACTIVE_C1-SHAM_C1|FE4,0.0,0.0,0.0,observed_exact_zero,sampled equality; not a design guarantee,0,0,192,0,0,24
RARE|IID|ACTIVE_C1-SHAM_C1|FE5,0.0,0.0,0.0,observed_exact_zero,sampled equality; not a design guarantee,0,0,192,0,0,24
RARE|IID|ACTIVE_C1-SHAM_C1|FE6,0.0,0.0,0.0,observed_exact_zero,sampled equality; not a design guarantee,0,0,192,0,0,24
RARE|IID|ACTIVE_C1-SHAM_C1|FE7,0.0,0.0,0.0,observed_exact_zero,sampled equality; not a design guarantee,0,0,192,0,0,24
RARE|IID|ACTIVE_C1-SHAM_C1|FE8,0.0,0.0,0.0,observed_exact_zero,sampled equality; not a design guarantee,0,0,192,0,0,24
RARE|IID|ACTIVE_C1-SHAM_C1|MLOSS,4.0308634440109716e-05,-0.00014903386433917756,0.0002849896748860794,unresolved,raw mismatch; first minus second arm,11,15,166,7,9,8
RARE|IID|ACTIVE_C1-SHAM_C1|U,-4.030863444009584e-05,-0.00028498967488605235,0.00014903386433919824,unresolved,raw accuracy; first minus second arm,15,11,166,9,7,8
RARE|IID|ACTIVE_C1-SHAM_C1|U0,0.0,0.0,0.0,structural_zero,design-implied zero,0,0,192,0,0,24
RARE|IID|ACTIVE_C1-SHAM_C1|U1,0.0,0.0,0.0,structural_zero,design-implied zero,0,0,192,0,0,24
RARE|IID|ACTIVE_C1-SHAM_C1|U40,0.000244140625,-0.0011089324951171875,0.0019382476806640604,unresolved,raw accuracy; first minus second arm,12,13,167,7,8,9
RARE|IID|ACTIVE_C1|D40,-0.03125,-0.03125,-0.03125,negative,carrier frequency change; absolute,0,192,0,0,24,0
RARE|IID|ACTIVE_C1|E1,0.6064453125,0.6040811665852865,0.608938725789388,positive,raw accuracy; absolute,192,0,0,24,0,0
RARE|IID|ACTIVE_C1|E2,0.6154561360677083,0.6127501932779948,0.6181407674153646,positive,raw accuracy; absolute,192,0,0,24,0,0
RARE|IID|ACTIVE_C1|E3,0.6133636474609375,0.6113236236572265,0.6155632019042969,positive,raw accuracy; absolute,192,0,0,24,0,0
RARE|IID|ACTIVE_C1|E4,0.6126169840494792,0.6099403635660807,0.6154676564534506,positive,raw accuracy; absolute,192,0,0,24,0,0
RARE|IID|ACTIVE_C1|E5,0.6155985514322917,0.613638178507487,0.6175162251790365,positive,raw accuracy; absolute,192,0,0,24,0,0
RARE|IID|ACTIVE_C1|E6,0.6137705485026043,0.6113745880126953,0.6159993489583333,positive,raw accuracy; absolute,192,0,0,24,0,0
RARE|IID|ACTIVE_C1|E7,0.613372802734375,0.6101847076416017,0.6164016469319662,positive,raw accuracy; absolute,192,0,0,24,0,0
RARE|IID|ACTIVE_C1|E8,0.6143157958984374,0.6116414388020833,0.6170284016927083,positive,raw accuracy; absolute,192,0,0,24,0,0
RARE|IID|ACTIVE_C1|F,0.00128173828125,0.0008341471354166666,0.0017659505208333336,positive,carrier frequency; absolute,67,0,125,23,0,1
RARE|IID|ACTIVE_C1|F0,0.03125,0.03125,0.03125,positive,carrier frequency; absolute,192,0,0,24,0,0
RARE|IID|ACTIVE_C1|F1,0.017740885416666668,0.013346354166666666,0.022135416666666668,positive,carrier frequency; absolute,67,0,125,23,0,1
RARE|IID|ACTIVE_C1|F40,0.0,0.0,0.0,observed_exact_zero,sampled equality; not a design guarantee,0,0,192,0,0,24
RARE|IID|ACTIVE_C1|FE1,0.00966796875,0.006217447916666667,0.013379720052083327,positive,carrier frequency; absolute,67,0,125,23,0,1
RARE|IID|ACTIVE_C1|FE2,0.0005859375,3.255208333333333e-05,0.0013997395833333336,positive,carrier frequency; absolute,4,0,188,4,0,20
RARE|IID|ACTIVE_C1|FE3,0.0,0.0,0.0,observed_exact_zero,sampled equality; not a design guarantee,0,0,192,0,0,24
RARE|IID|ACTIVE_C1|FE4,0.0,0.0,0.0,observed_exact_zero,sampled equality; not a design guarantee,0,0,192,0,0,24
RARE|IID|ACTIVE_C1|FE5,0.0,0.0,0.0,observed_exact_zero,sampled equality; not a design guarantee,0,0,192,0,0,24
RARE|IID|ACTIVE_C1|FE6,0.0,0.0,0.0,observed_exact_zero,sampled equality; not a design guarantee,0,0,192,0,0,24
RARE|IID|ACTIVE_C1|FE7,0.0,0.0,0.0,observed_exact_zero,sampled equality; not a design guarantee,0,0,192,0,0,24
RARE|IID|ACTIVE_C1|FE8,0.0,0.0,0.0,observed_exact_zero,sampled equality; not a design guarantee,0,0,192,0,0,24
RARE|IID|ACTIVE_C1|MLOSS,0.38688252766927084,0.3860554122924805,0.38776093800862627,positive,raw mismatch; absolute,192,0,0,24,0,0
RARE|IID|ACTIVE_C1|U,0.6131174723307292,0.6122390619913738,0.6139445877075196,positive,raw accuracy; absolute,192,0,0,24,0,0
RARE|IID|ACTIVE_C1|U0,0.5143229166666666,0.4856770833333333,0.5455729166666666,positive,raw accuracy; absolute,192,0,0,24,0,0
RARE|IID|ACTIVE_C1|U1,0.5883585611979166,0.5789380391438802,0.599614715576172,positive,raw accuracy; absolute,192,0,0,24,0,0
RARE|IID|ACTIVE_C1|U40,0.6126963297526041,0.6078427632649739,0.6177523295084636,positive,raw accuracy; absolute,192,0,0,24,0,0
RARE|IID|NOVEL_C0-SHAM_C0|D40,0.1904296875,0.13541666666666666,0.24544270833333334,positive,carrier frequency change; first minus second arm,39,2,151,19,0,5
RARE|IID|NOVEL_C0-SHAM_C0|E1,0.00039876302083334075,-0.0003918711344400902,0.0012299346923828267,unresolved,raw accuracy; first minus second arm,67,52,73,14,10,0
RARE|IID|NOVEL_C0-SHAM_C0|E2,0.00021870930989581946,-0.0012300872802734392,0.001696879069010376,unresolved,raw accuracy; first minus second arm,62,57,73,11,13,0
RARE|IID|NOVEL_C0-SHAM_C0|E3,0.0012339274088541592,-0.0003408050537109693,0.0028362019856770625,unresolved,raw accuracy; first minus second arm,73,46,73,14,10,0
RARE|IID|NOVEL_C0-SHAM_C0|E4,0.0025197347005208224,0.001108525594075485,0.003886998494466145,positive,raw accuracy; first minus second arm,74,45,73,19,5,0
RARE|IID|NOVEL_C0-SHAM_C0|E5,0.002189127604166674,0.0011220041910807448,0.0032709503173828417,positive,raw accuracy; first minus second arm,71,46,75,17,7,0
RARE|IID|NOVEL_C0-SHAM_C0|E6,0.0013743082682291657,-0.0002556864420572863,0.0030417124430338668,unresolved,raw accuracy; first minus second arm,66,51,75,15,9,0
RARE|IID|NOVEL_C0-SHAM_C0|E7,0.003369140624999998,0.0015614573160807116,0.005080286661783845,positive,raw accuracy; first minus second arm,73,44,75,19,5,0
RARE|IID|NOVEL_C0-SHAM_C0|E8,0.0031026204427083517,0.0009621429443359737,0.005190048217773427,positive,raw accuracy; first minus second arm,76,43,73,18,6,0
RARE|IID|NOVEL_C0-SHAM_C0|F,0.13823242187499998,0.10140248616536457,0.17598327636718747,positive,carrier frequency; first minus second arm,104,22,66,23,1,0
RARE|IID|NOVEL_C0-SHAM_C0|F0,0.0,0.0,0.0,structural_zero,design-implied zero,0,0,192,0,0,24
RARE|IID|NOVEL_C0-SHAM_C0|F1,0.012044270833333334,0.006998697916666667,0.017256673177083313,positive,carrier frequency; first minus second arm,62,12,118,18,4,2
RARE|IID|NOVEL_C0-SHAM_C0|F40,0.1904296875,0.13541666666666666,0.24544270833333334,positive,carrier frequency; first minus second arm,39,2,151,19,0,5
RARE|IID|NOVEL_C0-SHAM_C0|FE1,0.023600260416666668,0.014972330729166664,0.03177164713541666,positive,carrier frequency; first minus second arm,96,28,68,22,2,0
RARE|IID|NOVEL_C0-SHAM_C0|FE2,0.07698567708333333,0.05234293619791667,0.10010009765624998,positive,carrier frequency; first minus second arm,68,13,111,21,2,1
RARE|IID|NOVEL_C0-SHAM_C0|FE3,0.12408854166666668,0.08912434895833334,0.15957438151041664,positive,carrier frequency; first minus second arm,54,6,132,22,1,1
RARE|IID|NOVEL_C0-SHAM_C0|FE4,0.15289713541666666,0.10927571614583335,0.19662434895833328,positive,carrier frequency; first minus second arm,48,5,139,21,2,1
RARE|IID|NOVEL_C0-SHAM_C0|FE5,0.16953125,0.12499918619791667,0.21337972005208333,positive,carrier frequency; first minus second arm,46,3,143,21,1,2
RARE|IID|NOVEL_C0-SHAM_C0|FE6,0.18037109375000002,0.13212646484374999,0.22809326171875002,positive,carrier frequency; first minus second arm,44,2,146,21,0,3
RARE|IID|NOVEL_C0-SHAM_C0|FE7,0.18727213541666668,0.13385091145833333,0.2396866861979166,positive,carrier frequency; first minus second arm,40,2,150,20,0,4
RARE|IID|NOVEL_C0-SHAM_C0|FE8,0.19111328125000002,0.13538411458333333,0.24684244791666665,positive,carrier frequency; first minus second arm,39,2,151,19,0,5
RARE|IID|NOVEL_C0-SHAM_C0|MLOSS,-0.0018007914225260473,-0.002557023366292322,-0.0010723972320556706,negative,raw mismatch; first minus second arm,38,82,72,3,21,0
RARE|IID|NOVEL_C0-SHAM_C0|U,0.001800791422526038,0.0010723972320556888,0.00255702336629232,positive,raw accuracy; first minus second arm,82,38,72,21,3,0
RARE|IID|NOVEL_C0-SHAM_C0|U0,0.0,0.0,0.0,structural_zero,design-implied zero,0,0,192,0,0,24
RARE|IID|NOVEL_C0-SHAM_C0|U1,0.0011850992838541667,0.0007120768229166666,0.00166333516438802,positive,raw accuracy; first minus second arm,58,1,133,20,0,4
RARE|IID|NOVEL_C0-SHAM_C0|U40,0.0015411376953125,-0.0020963033040364582,0.005457687377929687,unresolved,raw accuracy; first minus second arm,68,51,73,14,9,1
RARE|IID|NOVEL_C0|D40,0.18522135416666666,0.13020833333333334,0.23795572916666666,positive,carrier frequency change; absolute,42,150,0,22,2,0
RARE|IID|NOVEL_C0|E1,0.6079274495442708,0.6054371643066406,0.6106459045410155,positive,raw accuracy; absolute,192,0,0,24,0,0
RARE|IID|NOVEL_C0|E2,0.6157999674479167,0.6131499989827475,0.6181509399414062,positive,raw accuracy; absolute,192,0,0,24,0,0
RARE|IID|NOVEL_C0|E3,0.6152394612630209,0.6134458669026692,0.6172669219970703,positive,raw accuracy; absolute,192,0,0,24,0,0
RARE|IID|NOVEL_C0|E4,0.6149993896484375,0.6122169494628905,0.617802734375,positive,raw accuracy; absolute,192,0,0,24,0,0
RARE|IID|NOVEL_C0|E5,0.617644246419271,0.6153502400716147,0.6198344421386719,positive,raw accuracy; absolute,192,0,0,24,0,0
RARE|IID|NOVEL_C0|E6,0.6168802897135417,0.614678955078125,0.6190513356526692,positive,raw accuracy; absolute,192,0,0,24,0,0
RARE|IID|NOVEL_C0|E7,0.6163421630859375,0.6140469360351564,0.6186803181966145,positive,raw accuracy; absolute,192,0,0,24,0,0
RARE|IID|NOVEL_C0|E8,0.6184275309244791,0.6163368225097656,0.6207672373453775,positive,raw accuracy; absolute,192,0,0,24,0,0
RARE|IID|NOVEL_C0|F,0.16291910807291668,0.12610931396484373,0.1988409423828125,positive,carrier frequency; absolute,136,0,56,24,0,0
RARE|IID|NOVEL_C0|F0,0.03125,0.03125,0.03125,positive,carrier frequency; absolute,192,0,0,24,0,0
RARE|IID|NOVEL_C0|F1,0.043782552083333336,0.036458333333333336,0.050948079427083307,positive,carrier frequency; absolute,136,0,56,24,0,0
RARE|IID|NOVEL_C0|F40,0.21647135416666666,0.16145833333333334,0.2692057291666667,positive,carrier frequency; absolute,42,0,150,22,0,2
RARE|IID|NOVEL_C0|FE1,0.05852864583333334,0.04989990234375,0.06673258463541666,positive,carrier frequency; absolute,136,0,56,24,0,0
RARE|IID|NOVEL_C0|FE2,0.10162760416666668,0.07896809895833334,0.12347086588541667,positive,carrier frequency; absolute,73,0,119,23,0,1
RARE|IID|NOVEL_C0|FE3,0.14433593749999998,0.11165120442708333,0.17604248046874998,positive,carrier frequency; absolute,55,0,137,23,0,1
RARE|IID|NOVEL_C0|FE4,0.17106119791666666,0.13020751953125,0.2111124674479166,positive,carrier frequency; absolute,50,0,142,23,0,1
RARE|IID|NOVEL_C0|FE5,0.19150390625,0.14928141276041668,0.23372965494791664,positive,carrier frequency; absolute,47,0,145,23,0,1
RARE|IID|NOVEL_C0|FE6,0.20582682291666665,0.15872395833333333,0.25185546875000003,positive,carrier frequency; absolute,45,0,147,23,0,1
RARE|IID|NOVEL_C0|FE7,0.21331380208333336,0.16130615234375,0.26543050130208334,positive,carrier frequency; absolute,43,0,149,23,0,1
RARE|IID|NOVEL_C0|FE8,0.21715494791666667,0.16145833333333334,0.2713541666666666,positive,carrier frequency; absolute,42,0,150,22,0,2
RARE|IID|NOVEL_C0|MLOSS,0.3845924377441406,0.38382287343343097,0.38539951006571455,positive,raw mismatch; absolute,192,0,0,24,0,0
RARE|IID|NOVEL_C0|U,0.6154075622558594,0.6146004899342855,0.616177126566569,positive,raw accuracy; absolute,192,0,0,24,0,0
RARE|IID|NOVEL_C0|U0,0.5143229166666666,0.4856770833333333,0.5455729166666666,positive,raw accuracy; absolute,192,0,0,24,0,0
RARE|IID|NOVEL_C0|U1,0.589691162109375,0.5805917104085286,0.6005250295003255,positive,raw accuracy; absolute,192,0,0,24,0,0
RARE|IID|NOVEL_C0|U40,0.615753173828125,0.6115261077880859,0.6202396392822266,positive,raw accuracy; absolute,192,0,0,24,0,0
RARE|IID|NOVEL_C1-NOVEL_C0|D40,-0.21647135416666666,-0.2692057291666667,-0.16145833333333334,negative,carrier frequency change; first minus second arm,0,42,150,0,22,2
RARE|IID|NOVEL_C1-NOVEL_C0|E1,-0.0009541829427083445,-0.002018280029296867,0.00010182698567705088,unresolved,raw accuracy; first minus second arm,58,72,62,7,17,0
RARE|IID|NOVEL_C1-NOVEL_C0|E2,-0.0007344563802083407,-0.0020468393961588843,0.0006074269612630046,unresolved,raw accuracy; first minus second arm,64,67,61,10,14,0
RARE|IID|NOVEL_C1-NOVEL_C0|E3,-0.0019042968750000167,-0.003228022257486981,-0.000572662353515632,negative,raw accuracy; first minus second arm,58,73,61,7,17,0
RARE|IID|NOVEL_C1-NOVEL_C0|E4,-0.0022328694661458196,-0.003825988769531249,-0.000532938639322895,negative,raw accuracy; first minus second arm,56,73,63,5,19,0
RARE|IID|NOVEL_C1-NOVEL_C0|E5,-0.0024586995442708363,-0.004574661254882837,-0.0004981994628906406,negative,raw accuracy; first minus second arm,52,79,61,9,15,0
RARE|IID|NOVEL_C1-NOVEL_C0|E6,-0.0035746256510416677,-0.005423024495442708,-0.0017540232340494703,negative,raw accuracy; first minus second arm,45,87,60,5,19,0
RARE|IID|NOVEL_C1-NOVEL_C0|E7,-0.003346761067708324,-0.005405909220377599,-0.0013030242919921957,negative,raw accuracy; first minus second arm,44,87,61,6,18,0
RARE|IID|NOVEL_C1-NOVEL_C0|E8,-0.003249104817708367,-0.0050242614746094354,-0.0014309438069661877,negative,raw accuracy; first minus second arm,48,84,60,5,19,0
RARE|IID|NOVEL_C1-NOVEL_C0|F,-0.16021728515624997,-0.19556294759114584,-0.12375111897786462,negative,carrier frequency; first minus second arm,10,116,66,0,24,0
RARE|IID|NOVEL_C1-NOVEL_C0|F0,0.0,0.0,0.0,structural_zero,design-implied zero,0,0,192,0,0,24
RARE|IID|NOVEL_C1-NOVEL_C0|F1,-0.014973958333333334,-0.0185546875,-0.011555989583333334,negative,carrier frequency; first minus second arm,0,77,115,0,24,0
RARE|IID|NOVEL_C1-NOVEL_C0|F40,-0.21647135416666666,-0.2692057291666667,-0.16145833333333334,negative,carrier frequency; first minus second arm,0,42,150,0,22,2
RARE|IID|NOVEL_C1-NOVEL_C0|FE1,-0.041829427083333336,-0.04853597005208334,-0.03538248697916667,negative,carrier frequency; first minus second arm,9,116,67,0,24,0
RARE|IID|NOVEL_C1-NOVEL_C0|FE2,-0.09772135416666666,-0.11923909505208331,-0.07587565104166669,negative,carrier frequency; first minus second arm,3,72,117,0,23,1
RARE|IID|NOVEL_C1-NOVEL_C0|FE3,-0.1435546875,-0.17522949218749997,-0.11143391927083346,negative,carrier frequency; first minus second arm,1,55,136,0,23,1
RARE|IID|NOVEL_C1-NOVEL_C0|FE4,-0.1708333333333333,-0.21065104166666662,-0.13020751953125,negative,carrier frequency; first minus second arm,1,50,141,0,23,1
RARE|IID|NOVEL_C1-NOVEL_C0|FE5,-0.19150390625,-0.23372965494791667,-0.14928141276041668,negative,carrier frequency; first minus second arm,0,47,145,0,23,1
RARE|IID|NOVEL_C1-NOVEL_C0|FE6,-0.20582682291666665,-0.25185546875000003,-0.15872395833333333,negative,carrier frequency; first minus second arm,0,45,147,0,23,1
RARE|IID|NOVEL_C1-NOVEL_C0|FE7,-0.21331380208333336,-0.26543050130208334,-0.16130615234375015,negative,carrier frequency; first minus second arm,0,43,149,0,23,1
RARE|IID|NOVEL_C1-NOVEL_C0|FE8,-0.21715494791666667,-0.2713541666666666,-0.16145833333333334,negative,carrier frequency; first minus second arm,0,42,150,0,22,2
RARE|IID|NOVEL_C1-NOVEL_C0|MLOSS,0.002306874593098957,0.0015158303578694556,0.003050874074300125,positive,raw mismatch; first minus second arm,91,41,60,21,3,0
RARE|IID|NOVEL_C1-NOVEL_C0|U,-0.0023068745930989593,-0.0030508740743001436,-0.0015158303578694736,negative,raw accuracy; first minus second arm,41,91,60,3,21,0
RARE|IID|NOVEL_C1-NOVEL_C0|U0,0.0,0.0,0.0,structural_zero,design-implied zero,0,0,192,0,0,24
RARE|IID|NOVEL_C1-NOVEL_C0|U1,-0.00023905436197916666,-0.0003204345703125,-0.0001678466796875,negative,raw accuracy; first minus second arm,0,42,150,0,20,4
RARE|IID|NOVEL_C1-NOVEL_C0|U40,-0.002227783203125,-0.005646260579427083,0.0011650085449218736,unresolved,raw accuracy; first minus second arm,61,71,60,6,18,0
RARE|IID|NOVEL_C1-SHAM_C1|D40,0.0,0.0,0.0,observed_exact_zero,sampled equality; not a design guarantee,0,0,192,0,0,24
RARE|IID|NOVEL_C1-SHAM_C1|E1,0.0005879720052083351,-6.627400716143541e-05,0.0012522888183593647,unresolved,raw accuracy; first minus second arm,40,25,127,12,10,2
RARE|IID|NOVEL_C1-SHAM_C1|E2,-0.00016581217447919164,-0.0009501902262370166,0.0006531270345051921,unresolved,raw accuracy; first minus second arm,35,32,125,9,13,2
RARE|IID|NOVEL_C1-SHAM_C1|E3,-0.00024719238281252037,-0.0013601430257161712,0.0008709208170572718,unresolved,raw accuracy; first minus second arm,31,36,125,9,13,2
RARE|IID|NOVEL_C1-SHAM_C1|E4,-0.0004720052083333111,-0.0021250406901041404,0.00114250183105473,unresolved,raw accuracy; first minus second arm,31,35,126,10,11,3
RARE|IID|NOVEL_C1-SHAM_C1|E5,-8.646647135415741e-05,-0.0013042449951171946,0.0011884562174479215,unresolved,raw accuracy; first minus second arm,33,34,125,10,12,2
RARE|IID|NOVEL_C1-SHAM_C1|E6,-0.000563557942708325,-0.0016568756103515327,0.00047025044759116093,unresolved,raw accuracy; first minus second arm,29,38,125,9,13,2
RARE|IID|NOVEL_C1-SHAM_C1|E7,-0.0005025227864583389,-0.001406987508138036,0.0003665161132812437,unresolved,raw accuracy; first minus second arm,31,35,126,11,10,3
RARE|IID|NOVEL_C1-SHAM_C1|E8,0.0009928385416666564,-0.00048632303873697645,0.002482147216796856,unresolved,raw accuracy; first minus second arm,39,27,126,15,7,2
RARE|IID|NOVEL_C1-SHAM_C1|F,0.0010498046875,2.0141601562499977e-05,0.0019938151041666665,positive,carrier frequency; first minus second arm,60,8,124,19,3,2
RARE|IID|NOVEL_C1-SHAM_C1|F0,0.0,0.0,0.0,structural_zero,design-implied zero,0,0,192,0,0,24
RARE|IID|NOVEL_C1-SHAM_C1|F1,0.011067708333333334,0.007161458333333333,0.015299479166666666,positive,carrier frequency; first minus second arm,47,0,145,19,0,5
RARE|IID|NOVEL_C1-SHAM_C1|F40,0.0,0.0,0.0,observed_exact_zero,sampled equality; not a design guarantee,0,0,192,0,0,24
RARE|IID|NOVEL_C1-SHAM_C1|FE1,0.005598958333333332,0.0021158854166666665,0.00869140625,positive,carrier frequency; first minus second arm,59,9,124,19,3,2
RARE|IID|NOVEL_C1-SHAM_C1|FE2,0.0017903645833333337,-0.003645833333333333,0.006315104166666668,unresolved,carrier frequency; first minus second arm,8,1,183,6,1,17
RARE|IID|NOVEL_C1-SHAM_C1|FE3,0.0007812500000000002,0.0,0.002180989583333334,unresolved,carrier frequency; first minus second arm,3,0,189,3,0,21
RARE|IID|NOVEL_C1-SHAM_C1|FE4,0.0002278645833333333,0.0,0.0006835937499999998,unresolved,carrier frequency; first minus second arm,1,0,191,1,0,23
RARE|IID|NOVEL_C1-SHAM_C1|FE5,0.0,0.0,0.0,observed_exact_zero,sampled equality; not a design guarantee,0,0,192,0,0,24
RARE|IID|NOVEL_C1-SHAM_C1|FE6,0.0,0.0,0.0,observed_exact_zero,sampled equality; not a design guarantee,0,0,192,0,0,24
RARE|IID|NOVEL_C1-SHAM_C1|FE7,0.0,0.0,0.0,observed_exact_zero,sampled equality; not a design guarantee,0,0,192,0,0,24
RARE|IID|NOVEL_C1-SHAM_C1|FE8,0.0,0.0,0.0,observed_exact_zero,sampled equality; not a design guarantee,0,0,192,0,0,24
RARE|IID|NOVEL_C1-SHAM_C1|MLOSS,5.709330240885833e-05,-0.0003430906931559207,0.00044751803080241725,unresolved,raw mismatch; first minus second arm,33,36,123,12,10,2
RARE|IID|NOVEL_C1-SHAM_C1|U,-5.709330240884214e-05,-0.0004475180308023743,0.00034309069315592935,unresolved,raw accuracy; first minus second arm,36,33,123,10,12,2
RARE|IID|NOVEL_C1-SHAM_C1|U0,0.0,0.0,0.0,structural_zero,design-implied zero,0,0,192,0,0,24
RARE|IID|NOVEL_C1-SHAM_C1|U1,0.0010935465494791667,0.0006305694580078125,0.00157178243001302,positive,raw accuracy; first minus second arm,47,0,145,19,0,5
RARE|IID|NOVEL_C1-SHAM_C1|U40,0.0010732014973958333,-0.0015316009521484375,0.0037129720052083335,unresolved,raw accuracy; first minus second arm,36,30,126,11,10,3
RARE|IID|NOVEL_C1|D40,-0.03125,-0.03125,-0.03125,negative,carrier frequency change; absolute,0,192,0,0,24,0
RARE|IID|NOVEL_C1|E1,0.6069732666015625,0.6043718973795573,0.6097117614746094,positive,raw accuracy; absolute,192,0,0,24,0,0
RARE|IID|NOVEL_C1|E2,0.6150655110677082,0.6124250030517577,0.6174685668945312,positive,raw accuracy; absolute,192,0,0,24,0,0
RARE|IID|NOVEL_C1|E3,0.6133351643880208,0.6115182240804037,0.6153850301106771,positive,raw accuracy; absolute,192,0,0,24,0,0
RARE|IID|NOVEL_C1|E4,0.6127665201822916,0.6103626759847006,0.6152802022298177,positive,raw accuracy; absolute,192,0,0,24,0,0
RARE|IID|NOVEL_C1|E5,0.615185546875,0.6129766337076823,0.6173340606689454,positive,raw accuracy; absolute,192,0,0,24,0,0
RARE|IID|NOVEL_C1|E6,0.6133056640625,0.6105641428629558,0.6159658559163411,positive,raw accuracy; absolute,192,0,0,24,0,0
RARE|IID|NOVEL_C1|E7,0.6129954020182292,0.6102384948730468,0.6155888875325521,positive,raw accuracy; absolute,192,0,0,24,0,0
RARE|IID|NOVEL_C1|E8,0.6151784261067709,0.6128641001383464,0.6175303904215494,positive,raw accuracy; absolute,192,0,0,24,0,0
RARE|IID|NOVEL_C1|F,0.002701822916666667,0.0018554687500000001,0.0037719726562499994,positive,carrier frequency; absolute,95,0,97,23,0,1
RARE|IID|NOVEL_C1|F0,0.03125,0.03125,0.03125,positive,carrier frequency; absolute,192,0,0,24,0,0
RARE|IID|NOVEL_C1|F1,0.02880859375,0.021809895833333332,0.03564453125,positive,carrier frequency; absolute,95,0,97,23,0,1
RARE|IID|NOVEL_C1|F40,0.0,0.0,0.0,observed_exact_zero,sampled equality; not a design guarantee,0,0,192,0,0,24
RARE|IID|NOVEL_C1|FE1,0.016699218749999998,0.012466634114583335,0.02119140625,positive,carrier frequency; absolute,95,0,97,23,0,1
RARE|IID|NOVEL_C1|FE2,0.003906250000000001,0.0011393229166666667,0.007390136718749996,positive,carrier frequency; absolute,8,0,184,6,0,18
RARE|IID|NOVEL_C1|FE3,0.0007812500000000002,0.0,0.002180989583333334,unresolved,carrier frequency; absolute,3,0,189,3,0,21
RARE|IID|NOVEL_C1|FE4,0.0002278645833333333,0.0,0.0006835937499999998,unresolved,carrier frequency; absolute,1,0,191,1,0,23
RARE|IID|NOVEL_C1|FE5,0.0,0.0,0.0,observed_exact_zero,sampled equality; not a design guarantee,0,0,192,0,0,24
RARE|IID|NOVEL_C1|FE6,0.0,0.0,0.0,observed_exact_zero,sampled equality; not a design guarantee,0,0,192,0,0,24
RARE|IID|NOVEL_C1|FE7,0.0,0.0,0.0,observed_exact_zero,sampled equality; not a design guarantee,0,0,192,0,0,24
RARE|IID|NOVEL_C1|FE8,0.0,0.0,0.0,observed_exact_zero,sampled equality; not a design guarantee,0,0,192,0,0,24
RARE|IID|NOVEL_C1|MLOSS,0.38689931233723956,0.3861176045735677,0.38770421981811526,positive,raw mismatch; absolute,192,0,0,24,0,0
RARE|IID|NOVEL_C1|U,0.6131006876627604,0.6122957801818847,0.6138823954264323,positive,raw accuracy; absolute,192,0,0,24,0,0
RARE|IID|NOVEL_C1|U0,0.5143229166666666,0.4856770833333333,0.5455729166666666,positive,raw accuracy; absolute,192,0,0,24,0,0
RARE|IID|NOVEL_C1|U1,0.5894521077473959,0.5803167978922525,0.6003322601318359,positive,raw accuracy; absolute,192,0,0,24,0,0
RARE|IID|NOVEL_C1|U40,0.613525390625,0.6086617787679037,0.6185558319091796,positive,raw accuracy; absolute,192,0,0,24,0,0
RARE|IID|SHAM_C0|D40,-0.005208333333333333,-0.026041666666666668,0.015625,unresolved,carrier frequency change; absolute,5,187,0,5,19,0
RARE|IID|SHAM_C0|E1,0.6075286865234375,0.6048694101969402,0.6102691904703775,positive,raw accuracy; absolute,192,0,0,24,0,0
RARE|IID|SHAM_C0|E2,0.6155812581380209,0.6127511596679687,0.6183382924397787,positive,raw accuracy; absolute,192,0,0,24,0,0
RARE|IID|SHAM_C0|E3,0.6140055338541667,0.6119821675618489,0.6161296590169271,positive,raw accuracy; absolute,192,0,0,24,0,0
RARE|IID|SHAM_C0|E4,0.6124796549479167,0.609829610188802,0.6153305053710938,positive,raw accuracy; absolute,192,0,0,24,0,0
RARE|IID|SHAM_C0|E5,0.6154551188151042,0.6131344350179037,0.6176039377848308,positive,raw accuracy; absolute,192,0,0,24,0,0
RARE|IID|SHAM_C0|E6,0.6155059814453125,0.613666483561198,0.6173951212565104,positive,raw accuracy; absolute,192,0,0,24,0,0
RARE|IID|SHAM_C0|E7,0.6129730224609374,0.6105017598470053,0.6153952026367188,positive,raw accuracy; absolute,192,0,0,24,0,0
RARE|IID|SHAM_C0|E8,0.6153249104817707,0.6125841013590495,0.6180264282226564,positive,raw accuracy; absolute,192,0,0,24,0,0
RARE|IID|SHAM_C0|F,0.02468668619791667,0.011144917805989583,0.03985880533854165,positive,carrier frequency; absolute,123,0,69,24,0,0
RARE|IID|SHAM_C0|F0,0.03125,0.03125,0.03125,positive,carrier frequency; absolute,192,0,0,24,0,0
RARE|IID|SHAM_C0|F1,0.03173828125,0.027018229166666668,0.03613688151041664,positive,carrier frequency; absolute,123,0,69,24,0,0
RARE|IID|SHAM_C0|F40,0.026041666666666668,0.005208333333333333,0.046875,positive,carrier frequency; absolute,5,0,187,5,0,19
RARE|IID|SHAM_C0|FE1,0.03492838541666667,0.024933268229166666,0.04587158203124997,positive,carrier frequency; absolute,123,0,69,24,0,0
RARE|IID|SHAM_C0|FE2,0.02464192708333333,0.014549153645833333,0.036494140624999984,positive,carrier frequency; absolute,27,0,165,17,0,7
RARE|IID|SHAM_C0|FE3,0.020247395833333334,0.00843017578125,0.033594563802083324,positive,carrier frequency; absolute,12,0,180,12,0,12
RARE|IID|SHAM_C0|FE4,0.018164062499999998,0.005042317708333334,0.033369954427083307,positive,carrier frequency; absolute,7,0,185,7,0,17
RARE|IID|SHAM_C0|FE5,0.02197265625,0.0051708984375,0.04030517578124997,positive,carrier frequency; absolute,6,0,186,6,0,18
RARE|IID|SHAM_C0|FE6,0.025455729166666666,0.005208333333333333,0.04615885416666667,positive,carrier frequency; absolute,5,0,187,5,0,19
RARE|IID|SHAM_C0|FE7,0.026041666666666668,0.005208333333333333,0.046875,positive,carrier frequency; absolute,5,0,187,5,0,19
RARE|IID|SHAM_C0|FE8,0.026041666666666668,0.005208333333333333,0.046875,positive,carrier frequency; absolute,5,0,187,5,0,19
RARE|IID|SHAM_C0|MLOSS,0.3863932291666667,0.385482521057129,0.3873992697397867,positive,raw mismatch; absolute,192,0,0,24,0,0
RARE|IID|SHAM_C0|U,0.6136067708333334,0.6126007302602132,0.6145174789428711,positive,raw accuracy; absolute,192,0,0,24,0,0
RARE|IID|SHAM_C0|U0,0.5143229166666666,0.4856770833333333,0.5455729166666666,positive,raw accuracy; absolute,192,0,0,24,0,0
RARE|IID|SHAM_C0|U1,0.5885060628255209,0.5790705362955729,0.5997572580973307,positive,raw accuracy; absolute,192,0,0,24,0,0
RARE|IID|SHAM_C0|U40,0.6142120361328125,0.6085945129394531,0.6199855804443359,positive,raw accuracy; absolute,192,0,0,24,0,0
RARE|IID|SHAM_C1|D40,-0.03125,-0.03125,-0.03125,negative,carrier frequency change; absolute,0,192,0,0,24,0
RARE|IID|SHAM_C1|E1,0.6063852945963542,0.6040352884928385,0.6089009602864582,positive,raw accuracy; absolute,192,0,0,24,0,0
RARE|IID|SHAM_C1|E2,0.6152313232421875,0.612495854695638,0.617941385904948,positive,raw accuracy; absolute,192,0,0,24,0,0
RARE|IID|SHAM_C1|E3,0.6135823567708334,0.611635258992513,0.6157695007324219,positive,raw accuracy; absolute,192,0,0,24,0,0
RARE|IID|SHAM_C1|E4,0.6132385253906251,0.6103487141927083,0.6163026682535807,positive,raw accuracy; absolute,192,0,0,24,0,0
RARE|IID|SHAM_C1|E5,0.6152720133463542,0.6131702423095704,0.6173680114746094,positive,raw accuracy; absolute,192,0,0,24,0,0
RARE|IID|SHAM_C1|E6,0.6138692220052083,0.6114664967854817,0.6161329396565756,positive,raw accuracy; absolute,192,0,0,24,0,0
RARE|IID|SHAM_C1|E7,0.6134979248046876,0.6105352528889975,0.6163768005371094,positive,raw accuracy; absolute,192,0,0,24,0,0
RARE|IID|SHAM_C1|E8,0.6141855875651041,0.6116818237304688,0.6167473347981771,positive,raw accuracy; absolute,192,0,0,24,0,0
RARE|IID|SHAM_C1|F,0.0016520182291666667,0.0009318033854166669,0.0025390625,positive,carrier frequency; absolute,67,0,125,23,0,1
RARE|IID|SHAM_C1|F0,0.03125,0.03125,0.03125,positive,carrier frequency; absolute,192,0,0,24,0,0
RARE|IID|SHAM_C1|F1,0.017740885416666668,0.013346354166666666,0.022135416666666668,positive,carrier frequency; absolute,67,0,125,23,0,1
RARE|IID|SHAM_C1|F40,0.0,0.0,0.0,observed_exact_zero,sampled equality; not a design guarantee,0,0,192,0,0,24
RARE|IID|SHAM_C1|FE1,0.011100260416666667,0.006640625000000001,0.016145833333333335,positive,carrier frequency; absolute,67,0,125,23,0,1
RARE|IID|SHAM_C1|FE2,0.0021158854166666665,0.0,0.00615234375,unresolved,carrier frequency; absolute,3,0,189,3,0,21
RARE|IID|SHAM_C1|FE3,0.0,0.0,0.0,observed_exact_zero,sampled equality; not a design guarantee,0,0,192,0,0,24
RARE|IID|SHAM_C1|FE4,0.0,0.0,0.0,observed_exact_zero,sampled equality; not a design guarantee,0,0,192,0,0,24
RARE|IID|SHAM_C1|FE5,0.0,0.0,0.0,observed_exact_zero,sampled equality; not a design guarantee,0,0,192,0,0,24
RARE|IID|SHAM_C1|FE6,0.0,0.0,0.0,observed_exact_zero,sampled equality; not a design guarantee,0,0,192,0,0,24
RARE|IID|SHAM_C1|FE7,0.0,0.0,0.0,observed_exact_zero,sampled equality; not a design guarantee,0,0,192,0,0,24
RARE|IID|SHAM_C1|FE8,0.0,0.0,0.0,observed_exact_zero,sampled equality; not a design guarantee,0,0,192,0,0,24
RARE|IID|SHAM_C1|MLOSS,0.3868422190348307,0.385961831410726,0.38779420216878246,positive,raw mismatch; absolute,192,0,0,24,0,0
RARE|IID|SHAM_C1|U,0.6131577809651693,0.6122057978312174,0.6140381685892741,positive,raw accuracy; absolute,192,0,0,24,0,0
RARE|IID|SHAM_C1|U0,0.5143229166666666,0.4856770833333333,0.5455729166666666,positive,raw accuracy; absolute,192,0,0,24,0,0
RARE|IID|SHAM_C1|U1,0.5883585611979166,0.5789380391438802,0.599614715576172,positive,raw accuracy; absolute,192,0,0,24,0,0
RARE|IID|SHAM_C1|U40,0.6124521891276041,0.6079456329345704,0.617055638631185,positive,raw accuracy; absolute,192,0,0,24,0,0
RARE|RECUR_MINUS_IID|ACTIVE_C0-NOVEL_C0|D40,0.2581380208333333,0.17708333333333334,0.3466796875,positive,carrier frequency change; recurrence-minus-IID difference,47,7,138,21,2,1
RARE|RECUR_MINUS_IID|ACTIVE_C0-NOVEL_C0|E1,0.0011535644531250056,0.00023887634277342911,0.0020914967854817877,positive,raw accuracy; recurrence-minus-IID difference,78,48,66,19,5,0
RARE|RECUR_MINUS_IID|ACTIVE_C0-NOVEL_C0|E2,0.002997843424479174,0.0006031290690104417,0.005051778157552108,positive,raw accuracy; recurrence-minus-IID difference,72,53,67,19,5,0
RARE|RECUR_MINUS_IID|ACTIVE_C0-NOVEL_C0|E3,0.0066029866536458605,0.003366622924804705,0.009873809814453145,positive,raw accuracy; recurrence-minus-IID difference,84,42,66,20,4,0
RARE|RECUR_MINUS_IID|ACTIVE_C0-NOVEL_C0|E4,0.009382120768229169,0.0051003265380859695,0.014342320760091155,positive,raw accuracy; recurrence-minus-IID difference,77,49,66,22,2,0
RARE|RECUR_MINUS_IID|ACTIVE_C0-NOVEL_C0|E5,0.013054402669270859,0.00701474507649739,0.02014633178710941,positive,raw accuracy; recurrence-minus-IID difference,89,37,66,21,3,0
RARE|RECUR_MINUS_IID|ACTIVE_C0-NOVEL_C0|E6,0.015145874023437514,0.0078448232014974,0.024005813598632863,positive,raw accuracy; recurrence-minus-IID difference,79,45,68,18,6,0
RARE|RECUR_MINUS_IID|ACTIVE_C0-NOVEL_C0|E7,0.018648274739583314,0.00999010721842445,0.02854525248209633,positive,raw accuracy; recurrence-minus-IID difference,86,39,67,20,4,0
RARE|RECUR_MINUS_IID|ACTIVE_C0-NOVEL_C0|E8,0.02284342447916669,0.012846552530924508,0.03463742574055987,positive,raw accuracy; recurrence-minus-IID difference,92,33,67,21,3,0
RARE|RECUR_MINUS_IID|ACTIVE_C0-NOVEL_C0|F,0.19114176432291666,0.12978240966796875,0.2584153238932292,positive,carrier frequency; recurrence-minus-IID difference,81,33,78,21,3,0
RARE|RECUR_MINUS_IID|ACTIVE_C0-NOVEL_C0|F0,0.0,0.0,0.0,structural_zero,design-implied zero,0,0,192,0,0,24
RARE|RECUR_MINUS_IID|ACTIVE_C0-NOVEL_C0|F1,0.0,0.0,0.0,structural_zero,design-implied zero,0,0,192,0,0,24
RARE|RECUR_MINUS_IID|ACTIVE_C0-NOVEL_C0|F40,0.2581380208333333,0.17708333333333334,0.3466796875,positive,carrier frequency; recurrence-minus-IID difference,47,7,138,21,2,1
RARE|RECUR_MINUS_IID|ACTIVE_C0-NOVEL_C0|FE1,0.019498697916666665,0.007779134114583329,0.03222737630208332,positive,carrier frequency; recurrence-minus-IID difference,73,39,80,17,7,0
RARE|RECUR_MINUS_IID|ACTIVE_C0-NOVEL_C0|FE2,0.12014973958333335,0.0734033203125,0.17194091796875002,positive,carrier frequency; recurrence-minus-IID difference,75,21,96,20,4,0
RARE|RECUR_MINUS_IID|ACTIVE_C0-NOVEL_C0|FE3,0.18151041666666665,0.11974609375,0.25055501302083333,positive,carrier frequency; recurrence-minus-IID difference,65,15,112,22,2,0
RARE|RECUR_MINUS_IID|ACTIVE_C0-NOVEL_C0|FE4,0.21497395833333333,0.14059163411458334,0.29551269531249996,positive,carrier frequency; recurrence-minus-IID difference,57,15,120,22,2,0
RARE|RECUR_MINUS_IID|ACTIVE_C0-NOVEL_C0|FE5,0.23512369791666665,0.1601041666666667,0.31477945963541665,positive,carrier frequency; recurrence-minus-IID difference,54,13,125,22,2,0
RARE|RECUR_MINUS_IID|ACTIVE_C0-NOVEL_C0|FE6,0.24599609375,0.16990478515625,0.33007893880208333,positive,carrier frequency; recurrence-minus-IID difference,50,10,132,21,3,0
RARE|RECUR_MINUS_IID|ACTIVE_C0-NOVEL_C0|FE7,0.2530598958333333,0.17301106770833335,0.3412784830729167,positive,carrier frequency; recurrence-minus-IID difference,49,9,134,21,2,1
RARE|RECUR_MINUS_IID|ACTIVE_C0-NOVEL_C0|FE8,0.25882161458333336,0.17708251953125,0.3473771158854166,positive,carrier frequency; recurrence-minus-IID difference,47,7,138,21,2,1
RARE|RECUR_MINUS_IID|ACTIVE_C0-NOVEL_C0|MLOSS,-0.011228561401367182,-0.016846055984497062,-0.006473751068115225,negative,raw mismatch; recurrence-minus-IID difference,33,93,66,3,21,0
RARE|RECUR_MINUS_IID|ACTIVE_C0-NOVEL_C0|U,0.011228561401367188,0.0064737510681152095,0.016846055984497094,positive,raw accuracy; recurrence-minus-IID difference,93,33,66,21,3,0
RARE|RECUR_MINUS_IID|ACTIVE_C0-NOVEL_C0|U0,0.0,0.0,0.0,structural_zero,design-implied zero,0,0,192,0,0,24
RARE|RECUR_MINUS_IID|ACTIVE_C0-NOVEL_C0|U1,0.0,0.0,0.0,structural_zero,design-implied zero,0,0,192,0,0,24
RARE|RECUR_MINUS_IID|ACTIVE_C0-NOVEL_C0|U40,0.024373372395833332,0.012531280517578125,0.038692728678385406,positive,raw accuracy; recurrence-minus-IID difference,81,43,68,19,4,1
RARE|RECUR_MINUS_IID|ACTIVE_C1-NOVEL_C1|D40,0.010416666666666666,0.0,0.026041666666666668,unresolved,carrier frequency change; recurrence-minus-IID difference,2,0,190,2,0,22
RARE|RECUR_MINUS_IID|ACTIVE_C1-NOVEL_C1|E1,0.00029500325520835646,-0.0005798594156900956,0.001205698649088559,unresolved,raw accuracy; recurrence-minus-IID difference,41,34,117,11,12,1
RARE|RECUR_MINUS_IID|ACTIVE_C1-NOVEL_C1|E2,0.00015970865885415556,-0.0013126627604166854,0.0015411885579426987,unresolved,raw accuracy; recurrence-minus-IID difference,38,37,117,11,12,1
RARE|RECUR_MINUS_IID|ACTIVE_C1-NOVEL_C1|E3,0.0003031412760416731,-0.002017237345377633,0.002425664265950519,unresolved,raw accuracy; recurrence-minus-IID difference,33,42,117,12,11,1
RARE|RECUR_MINUS_IID|ACTIVE_C1-NOVEL_C1|E4,0.00031534830729168517,-0.001683781941731707,0.0023422241210937812,unresolved,raw accuracy; recurrence-minus-IID difference,34,40,118,12,11,1
RARE|RECUR_MINUS_IID|ACTIVE_C1-NOVEL_C1|E5,0.0004252115885416685,-0.0011446889241536406,0.002177098592122409,unresolved,raw accuracy; recurrence-minus-IID difference,35,41,116,11,12,1
RARE|RECUR_MINUS_IID|ACTIVE_C1-NOVEL_C1|E6,0.0004486083984375222,-0.0016152445475260356,0.002829004923502644,unresolved,raw accuracy; recurrence-minus-IID difference,31,43,118,11,12,1
RARE|RECUR_MINUS_IID|ACTIVE_C1-NOVEL_C1|E7,0.0012349446614583297,-0.0005818939208984495,0.003430226643880206,unresolved,raw accuracy; recurrence-minus-IID difference,42,34,116,13,10,1
RARE|RECUR_MINUS_IID|ACTIVE_C1-NOVEL_C1|E8,0.002396647135416652,0.00031384785970050357,0.0048919932047525785,positive,raw accuracy; recurrence-minus-IID difference,40,34,118,14,9,1
RARE|RECUR_MINUS_IID|ACTIVE_C1-NOVEL_C1|F,0.008207194010416667,-0.0008139038085937503,0.020887451171874995,unresolved,carrier frequency; recurrence-minus-IID difference,30,18,144,15,7,2
RARE|RECUR_MINUS_IID|ACTIVE_C1-NOVEL_C1|F0,0.0,0.0,0.0,structural_zero,design-implied zero,0,0,192,0,0,24
RARE|RECUR_MINUS_IID|ACTIVE_C1-NOVEL_C1|F1,0.0,0.0,0.0,structural_zero,design-implied zero,0,0,192,0,0,24
RARE|RECUR_MINUS_IID|ACTIVE_C1-NOVEL_C1|F40,0.010416666666666666,0.0,0.026041666666666668,unresolved,carrier frequency; recurrence-minus-IID difference,2,0,190,2,0,22
RARE|RECUR_MINUS_IID|ACTIVE_C1-NOVEL_C1|FE1,0.0030273437499999992,-0.0003255208333333341,0.006120605468749995,unresolved,carrier frequency; recurrence-minus-IID difference,28,20,144,14,8,2
RARE|RECUR_MINUS_IID|ACTIVE_C1-NOVEL_C1|FE2,0.009147135416666667,9.684244791666751e-05,0.01949869791666667,positive,carrier frequency; recurrence-minus-IID difference,15,6,171,12,4,8
RARE|RECUR_MINUS_IID|ACTIVE_C1-NOVEL_C1|FE3,0.005013020833333334,-0.008400065104166667,0.019791666666666666,unresolved,carrier frequency; recurrence-minus-IID difference,6,1,185,6,1,17
RARE|RECUR_MINUS_IID|ACTIVE_C1-NOVEL_C1|FE4,0.006803385416666666,-0.0035807291666666665,0.020410156250000002,unresolved,carrier frequency; recurrence-minus-IID difference,4,1,187,4,1,19
RARE|RECUR_MINUS_IID|ACTIVE_C1-NOVEL_C1|FE5,0.010416666666666666,0.0,0.026041666666666668,unresolved,carrier frequency; recurrence-minus-IID difference,2,0,190,2,0,22
RARE|RECUR_MINUS_IID|ACTIVE_C1-NOVEL_C1|FE6,0.010416666666666666,0.0,0.026041666666666668,unresolved,carrier frequency; recurrence-minus-IID difference,2,0,190,2,0,22
RARE|RECUR_MINUS_IID|ACTIVE_C1-NOVEL_C1|FE7,0.010416666666666666,0.0,0.026041666666666668,unresolved,carrier frequency; recurrence-minus-IID difference,2,0,190,2,0,22
RARE|RECUR_MINUS_IID|ACTIVE_C1-NOVEL_C1|FE8,0.010416666666666666,0.0,0.026041666666666668,unresolved,carrier frequency; recurrence-minus-IID difference,2,0,190,2,0,22
RARE|RECUR_MINUS_IID|ACTIVE_C1-NOVEL_C1|MLOSS,-0.0006973266601562507,-0.002037051518758149,0.00038366953531901123,unresolved,raw mismatch; recurrence-minus-IID difference,39,37,116,13,10,1
RARE|RECUR_MINUS_IID|ACTIVE_C1-NOVEL_C1|U,0.0006973266601562333,-0.0003836695353190292,0.002037051518758103,unresolved,raw accuracy; recurrence-minus-IID difference,36,39,117,10,13,1
RARE|RECUR_MINUS_IID|ACTIVE_C1-NOVEL_C1|U0,0.0,0.0,0.0,structural_zero,design-implied zero,0,0,192,0,0,24
RARE|RECUR_MINUS_IID|ACTIVE_C1-NOVEL_C1|U1,0.0,0.0,0.0,structural_zero,design-implied zero,0,0,192,0,0,24
RARE|RECUR_MINUS_IID|ACTIVE_C1-NOVEL_C1|U40,0.0016581217447916667,-0.0020600636800130207,0.005457560221354167,unresolved,raw accuracy; recurrence-minus-IID difference,39,36,117,11,11,2
RARE|RECUR_MINUS_IID|NOVEL_C0|D40,-0.2060546875,-0.26564127604166665,-0.14876302083333334,negative,carrier frequency change; recurrence-minus-IID difference,2,42,148,0,20,4
RARE|RECUR_MINUS_IID|NOVEL_C0|E1,0.013656616210937505,0.008801752726236975,0.018868382771809883,positive,raw accuracy; recurrence-minus-IID difference,146,45,1,21,3,0
RARE|RECUR_MINUS_IID|NOVEL_C0|E2,0.05632731119791668,0.046748784383138,0.06639956156412762,positive,raw accuracy; recurrence-minus-IID difference,188,4,0,24,0,0
RARE|RECUR_MINUS_IID|NOVEL_C0|E3,0.08837687174479165,0.07516764322916664,0.10138336181640623,positive,raw accuracy; recurrence-minus-IID difference,192,0,0,24,0,0
RARE|RECUR_MINUS_IID|NOVEL_C0|E4,0.10585327148437501,0.08961952209472655,0.1219334157307943,positive,raw accuracy; recurrence-minus-IID difference,192,0,0,24,0,0
RARE|RECUR_MINUS_IID|NOVEL_C0|E5,0.10958760579427079,0.09171513875325517,0.12746643066406246,positive,raw accuracy; recurrence-minus-IID difference,192,0,0,24,0,0
RARE|RECUR_MINUS_IID|NOVEL_C0|E6,0.11206970214843748,0.09290280659993484,0.13119176228841142,positive,raw accuracy; recurrence-minus-IID difference,192,0,0,24,0,0
RARE|RECUR_MINUS_IID|NOVEL_C0|E7,0.1132354736328125,0.09523694356282555,0.13174410502115885,positive,raw accuracy; recurrence-minus-IID difference,192,0,0,24,0,0
RARE|RECUR_MINUS_IID|NOVEL_C0|E8,0.1107818603515625,0.09133249918619789,0.1307813262939453,positive,raw accuracy; recurrence-minus-IID difference,192,0,0,24,0,0
RARE|RECUR_MINUS_IID|NOVEL_C0|F,-0.14578857421875,-0.1851982625325521,-0.10604614257812503,negative,carrier frequency; recurrence-minus-IID difference,28,78,86,3,21,0
RARE|RECUR_MINUS_IID|NOVEL_C0|F0,0.0,0.0,0.0,structural_zero,design-implied zero,0,0,192,0,0,24
RARE|RECUR_MINUS_IID|NOVEL_C0|F1,0.0,0.0,0.0,structural_zero,design-implied zero,0,0,192,0,0,24
RARE|RECUR_MINUS_IID|NOVEL_C0|F40,-0.2060546875,-0.26564127604166665,-0.14876302083333334,negative,carrier frequency; recurrence-minus-IID difference,2,42,148,0,20,4
RARE|RECUR_MINUS_IID|NOVEL_C0|FE1,-0.0126953125,-0.01998942057291667,-0.005598958333333332,negative,carrier frequency; recurrence-minus-IID difference,37,70,85,7,17,0
RARE|RECUR_MINUS_IID|NOVEL_C0|FE2,-0.08450520833333332,-0.10957275390625,-0.05738932291666667,negative,carrier frequency; recurrence-minus-IID difference,12,71,109,3,21,0
RARE|RECUR_MINUS_IID|NOVEL_C0|FE3,-0.12965494791666668,-0.1669295247395833,-0.09211914062500001,negative,carrier frequency; recurrence-minus-IID difference,3,55,134,2,21,1
RARE|RECUR_MINUS_IID|NOVEL_C0|FE4,-0.15748697916666668,-0.20195475260416665,-0.11207194010416668,negative,carrier frequency; recurrence-minus-IID difference,2,50,140,2,21,1
RARE|RECUR_MINUS_IID|NOVEL_C0|FE5,-0.1792643229166667,-0.22634033203124998,-0.1312467447916667,negative,carrier frequency; recurrence-minus-IID difference,2,47,143,2,21,1
RARE|RECUR_MINUS_IID|NOVEL_C0|FE6,-0.19352213541666666,-0.24503580729166669,-0.14156901041666667,negative,carrier frequency; recurrence-minus-IID difference,2,45,145,1,21,2
RARE|RECUR_MINUS_IID|NOVEL_C0|FE7,-0.20244140625000004,-0.25980224609374997,-0.14716389973958338,negative,carrier frequency; recurrence-minus-IID difference,2,43,147,0,21,3
RARE|RECUR_MINUS_IID|NOVEL_C0|FE8,-0.20673828125000002,-0.26618326822916666,-0.14944661458333333,negative,carrier frequency; recurrence-minus-IID difference,2,42,148,0,20,4
RARE|RECUR_MINUS_IID|NOVEL_C0|MLOSS,-0.08873608907063803,-0.1033124669392904,-0.07425748507181805,negative,raw mismatch; recurrence-minus-IID difference,0,192,0,0,24,0
RARE|RECUR_MINUS_IID|NOVEL_C0|U,0.08873608907063801,0.07425748507181804,0.10331246693929035,positive,raw accuracy; recurrence-minus-IID difference,192,0,0,24,0,0
RARE|RECUR_MINUS_IID|NOVEL_C0|U0,0.0,0.0,0.0,structural_zero,design-implied zero,0,0,192,0,0,24
RARE|RECUR_MINUS_IID|NOVEL_C0|U1,0.0,0.0,0.0,structural_zero,design-implied zero,0,0,192,0,0,24
RARE|RECUR_MINUS_IID|NOVEL_C0|U40,0.11282857259114583,0.09214859008789061,0.13288065592447917,positive,raw accuracy; recurrence-minus-IID difference,187,5,0,24,0,0
RARE|RECUR_MINUS_IID|NOVEL_C1|D40,0.0,0.0,0.0,observed_exact_zero,sampled equality; not a design guarantee,0,0,192,0,0,24
RARE|RECUR_MINUS_IID|NOVEL_C1|E1,0.014343261718749991,0.009955673217773424,0.01900047302246091,positive,raw accuracy; recurrence-minus-IID difference,155,36,1,20,4,0
RARE|RECUR_MINUS_IID|NOVEL_C1|E2,0.05736694335937501,0.047837956746419275,0.06699737548828126,positive,raw accuracy; recurrence-minus-IID difference,188,4,0,24,0,0
RARE|RECUR_MINUS_IID|NOVEL_C1|E3,0.0905314127604167,0.07706316630045575,0.10330853780110677,positive,raw accuracy; recurrence-minus-IID difference,192,0,0,24,0,0
RARE|RECUR_MINUS_IID|NOVEL_C1|E4,0.1079701741536458,0.09134508768717449,0.12447349548339845,positive,raw accuracy; recurrence-minus-IID difference,192,0,0,24,0,0
RARE|RECUR_MINUS_IID|NOVEL_C1|E5,0.11295369466145833,0.09445103963216142,0.13152269999186197,positive,raw accuracy; recurrence-minus-IID difference,192,0,0,24,0,0
RARE|RECUR_MINUS_IID|NOVEL_C1|E6,0.11549072265624998,0.09627126057942702,0.13476033528645828,positive,raw accuracy; recurrence-minus-IID difference,192,0,0,24,0,0
RARE|RECUR_MINUS_IID|NOVEL_C1|E7,0.11681009928385418,0.09909098307291668,0.13523218790690103,positive,raw accuracy; recurrence-minus-IID difference,192,0,0,24,0,0
RARE|RECUR_MINUS_IID|NOVEL_C1|E8,0.1136942545572917,0.09398966471354168,0.1338931783040365,positive,raw accuracy; recurrence-minus-IID difference,192,0,0,24,0,0
RARE|RECUR_MINUS_IID|NOVEL_C1|F,0.0005411783854166668,-0.0013715616861979165,0.003198343912760416,unresolved,carrier frequency; recurrence-minus-IID difference,20,21,151,13,8,3
RARE|RECUR_MINUS_IID|NOVEL_C1|F0,0.0,0.0,0.0,structural_zero,design-implied zero,0,0,192,0,0,24
RARE|RECUR_MINUS_IID|NOVEL_C1|F1,0.0,0.0,0.0,structural_zero,design-implied zero,0,0,192,0,0,24
RARE|RECUR_MINUS_IID|NOVEL_C1|F40,0.0,0.0,0.0,observed_exact_zero,sampled equality; not a design guarantee,0,0,192,0,0,24
RARE|RECUR_MINUS_IID|NOVEL_C1|FE1,0.0003255208333333341,-0.002996419270833333,0.003483072916666667,unresolved,carrier frequency; recurrence-minus-IID difference,21,20,151,13,8,3
RARE|RECUR_MINUS_IID|NOVEL_C1|FE2,-0.0012695312500000005,-0.00612060546875,0.0040388997395833185,unresolved,carrier frequency; recurrence-minus-IID difference,5,8,179,5,5,14
RARE|RECUR_MINUS_IID|NOVEL_C1|FE3,0.003515625,-0.0021158854166666665,0.012825520833333333,unresolved,carrier frequency; recurrence-minus-IID difference,1,3,188,1,3,20
RARE|RECUR_MINUS_IID|NOVEL_C1|FE4,0.0017578124999999998,-0.0006835937499999998,0.005957031249999999,unresolved,carrier frequency; recurrence-minus-IID difference,1,1,190,1,1,22
RARE|RECUR_MINUS_IID|NOVEL_C1|FE5,0.0,0.0,0.0,observed_exact_zero,sampled equality; not a design guarantee,0,0,192,0,0,24
RARE|RECUR_MINUS_IID|NOVEL_C1|FE6,0.0,0.0,0.0,observed_exact_zero,sampled equality; not a design guarantee,0,0,192,0,0,24
RARE|RECUR_MINUS_IID|NOVEL_C1|FE7,0.0,0.0,0.0,observed_exact_zero,sampled equality; not a design guarantee,0,0,192,0,0,24
RARE|RECUR_MINUS_IID|NOVEL_C1|FE8,0.0,0.0,0.0,observed_exact_zero,sampled equality; not a design guarantee,0,0,192,0,0,24
RARE|RECUR_MINUS_IID|NOVEL_C1|MLOSS,-0.09114507039388021,-0.10570824940999349,-0.07659608840942385,negative,raw mismatch; recurrence-minus-IID difference,0,192,0,0,24,0
RARE|RECUR_MINUS_IID|NOVEL_C1|U,0.09114507039388021,0.07659608840942382,0.10570824940999347,positive,raw accuracy; recurrence-minus-IID difference,192,0,0,24,0,0
RARE|RECUR_MINUS_IID|NOVEL_C1|U0,0.0,0.0,0.0,structural_zero,design-implied zero,0,0,192,0,0,24
RARE|RECUR_MINUS_IID|NOVEL_C1|U1,0.0,0.0,0.0,structural_zero,design-implied zero,0,0,192,0,0,24
RARE|RECUR_MINUS_IID|NOVEL_C1|U40,0.11364237467447917,0.09294662475585938,0.13444557189941406,positive,raw accuracy; recurrence-minus-IID difference,189,3,0,24,0,0
RARE|RECUR|ACTIVE_C0-NOVEL_C0|D40,0.125,0.07291666666666667,0.1875,positive,carrier frequency change; first minus second arm,25,1,166,13,0,11
RARE|RECUR|ACTIVE_C0-NOVEL_C0|E1,0.0006754557291666538,7.095336914051307e-06,0.0013095347086588096,positive,raw accuracy; first minus second arm,73,42,77,18,6,0
RARE|RECUR|ACTIVE_C0-NOVEL_C0|E2,0.0031636555989583474,0.000976562500000023,0.005341593424479166,positive,raw accuracy; first minus second arm,75,42,75,18,6,0
RARE|RECUR|ACTIVE_C0-NOVEL_C0|E3,0.005357869466145864,0.0024215952555338587,0.00836710611979167,positive,raw accuracy; first minus second arm,74,44,74,19,5,0
RARE|RECUR|ACTIVE_C0-NOVEL_C0|E4,0.007676188151041661,0.003533884684244784,0.012603073120117173,positive,raw accuracy; first minus second arm,66,51,75,19,5,0
RARE|RECUR|ACTIVE_C0-NOVEL_C0|E5,0.011259969075520843,0.005824483235677078,0.01793828328450521,positive,raw accuracy; first minus second arm,73,40,79,20,4,0
RARE|RECUR|ACTIVE_C0-NOVEL_C0|E6,0.01345011393229166,0.006673355102539041,0.02180013020833332,positive,raw accuracy; first minus second arm,67,45,80,17,7,0
RARE|RECUR|ACTIVE_C0-NOVEL_C0|E7,0.016889444986979158,0.009420700073242177,0.0259933980305989,positive,raw accuracy; first minus second arm,77,36,79,19,5,0
RARE|RECUR|ACTIVE_C0-NOVEL_C0|E8,0.019113159179687495,0.010194753011067693,0.02978225708007811,positive,raw accuracy; first minus second arm,67,45,80,17,7,0
RARE|RECUR|ACTIVE_C0-NOVEL_C0|F,0.09860432942708335,0.05356801350911458,0.15173583984375,positive,carrier frequency; first minus second arm,48,72,72,14,10,0
RARE|RECUR|ACTIVE_C0-NOVEL_C0|F0,0.0,0.0,0.0,structural_zero,design-implied zero,0,0,192,0,0,24
RARE|RECUR|ACTIVE_C0-NOVEL_C0|F1,-0.012044270833333334,-0.017256673177083334,-0.006998697916666667,negative,carrier frequency; first minus second arm,12,62,118,4,18,2
RARE|RECUR|ACTIVE_C0-NOVEL_C0|F40,0.125,0.07291666666666667,0.1875,positive,carrier frequency; first minus second arm,25,1,166,13,0,11
RARE|RECUR|ACTIVE_C0-NOVEL_C0|FE1,-0.0002604166666666673,-0.012078450520833336,0.012662760416666667,unresolved,carrier frequency; first minus second arm,47,73,72,10,14,0
RARE|RECUR|ACTIVE_C0-NOVEL_C0|FE2,0.07327473958333335,0.03492757161458334,0.11966715494791665,positive,carrier frequency; first minus second arm,35,19,138,16,6,2
RARE|RECUR|ACTIVE_C0-NOVEL_C0|FE3,0.10358072916666666,0.05605305989583333,0.16201660156249997,positive,carrier frequency; first minus second arm,29,4,159,14,2,8
RARE|RECUR|ACTIVE_C0-NOVEL_C0|FE4,0.1169921875,0.06474283854166667,0.17946207682291665,positive,carrier frequency; first minus second arm,27,3,162,13,1,10
RARE|RECUR|ACTIVE_C0-NOVEL_C0|FE5,0.12259114583333335,0.06952636718750001,0.1852880859375,positive,carrier frequency; first minus second arm,25,3,164,13,1,10
RARE|RECUR|ACTIVE_C0-NOVEL_C0|FE6,0.12311197916666666,0.069140625,0.1856119791666667,positive,carrier frequency; first minus second arm,25,2,165,13,1,10
RARE|RECUR|ACTIVE_C0-NOVEL_C0|FE7,0.12454427083333335,0.07200520833333333,0.18704427083333333,positive,carrier frequency; first minus second arm,25,2,165,13,1,10
RARE|RECUR|ACTIVE_C0-NOVEL_C0|FE8,0.125,0.07291666666666667,0.1875,positive,carrier frequency; first minus second arm,25,1,166,13,0,11
RARE|RECUR|ACTIVE_C0-NOVEL_C0|MLOSS,-0.009698232014973945,-0.01507896741231281,-0.005230518976847319,negative,raw mismatch; first minus second arm,40,79,73,4,20,0
RARE|RECUR|ACTIVE_C0-NOVEL_C0|U,0.009698232014973962,0.00523051897684734,0.015078967412312835,positive,raw accuracy; first minus second arm,79,40,73,20,4,0
RARE|RECUR|ACTIVE_C0-NOVEL_C0|U0,0.0,0.0,0.0,structural_zero,design-implied zero,0,0,192,0,0,24
RARE|RECUR|ACTIVE_C0-NOVEL_C0|U1,-0.0011850992838541667,-0.0016633351643880207,-0.0007120768229166666,negative,raw accuracy; first minus second arm,1,58,133,0,20,4
RARE|RECUR|ACTIVE_C0-NOVEL_C0|U40,0.0196533203125,0.0093170166015625,0.03214645385742187,positive,raw accuracy; first minus second arm,62,47,83,17,7,0
RARE|RECUR|ACTIVE_C0-SHAM_C0|D40,0.08251953125,0.03125,0.14339192708333334,positive,carrier frequency change; first minus second arm,18,2,172,11,2,11
RARE|RECUR|ACTIVE_C0-SHAM_C0|E1,0.00039774576822917035,-3.565470377605029e-05,0.0009104410807291483,unresolved,raw accuracy; first minus second arm,40,29,123,16,7,1
RARE|RECUR|ACTIVE_C0-SHAM_C0|E2,0.0027791341145833592,0.0009816233317057835,0.00467638651529951,positive,raw accuracy; first minus second arm,48,22,122,18,5,1
RARE|RECUR|ACTIVE_C0-SHAM_C0|E3,0.0045583089192708275,0.002051366170247398,0.007224553426106764,positive,raw accuracy; first minus second arm,46,23,123,16,7,1
RARE|RECUR|ACTIVE_C0-SHAM_C0|E4,0.008267211914062498,0.0038877868652343727,0.01343376159667965,positive,raw accuracy; first minus second arm,48,14,130,17,6,1
RARE|RECUR|ACTIVE_C0-SHAM_C0|E5,0.010589599609374986,0.005318730672200516,0.0169892120361328,positive,raw accuracy; first minus second arm,44,24,124,18,5,1
RARE|RECUR|ACTIVE_C0-SHAM_C0|E6,0.0144287109375,0.007664337158203107,0.02276588439941406,positive,raw accuracy; first minus second arm,50,16,126,19,3,2
RARE|RECUR|ACTIVE_C0-SHAM_C0|E7,0.016213989257812506,0.00870592753092449,0.02520764668782554,positive,raw accuracy; first minus second arm,42,23,127,16,7,1
RARE|RECUR|ACTIVE_C0-SHAM_C0|E8,0.01974690755208336,0.010845972696940124,0.030412063598632775,positive,raw accuracy; first minus second arm,49,19,124,20,3,1
RARE|RECUR|ACTIVE_C0-SHAM_C0|F,0.06587320963541667,0.02429005940755208,0.11448811848958321,positive,carrier frequency; first minus second arm,43,26,123,18,5,1
RARE|RECUR|ACTIVE_C0-SHAM_C0|F0,0.0,0.0,0.0,structural_zero,design-implied zero,0,0,192,0,0,24
RARE|RECUR|ACTIVE_C0-SHAM_C0|F1,0.0,0.0,0.0,structural_zero,design-implied zero,0,0,192,0,0,24
RARE|RECUR|ACTIVE_C0-SHAM_C0|F40,0.08251953125,0.03125,0.14339192708333334,positive,carrier frequency; first minus second arm,18,2,172,11,2,11
RARE|RECUR|ACTIVE_C0-SHAM_C0|FE1,0.009212239583333335,0.0014965820312500017,0.018490397135416666,positive,carrier frequency; first minus second arm,41,28,123,16,7,1
RARE|RECUR|ACTIVE_C0-SHAM_C0|FE2,0.04300130208333334,0.00849446614583333,0.08466796875,positive,carrier frequency; first minus second arm,28,12,152,13,6,5
RARE|RECUR|ACTIVE_C0-SHAM_C0|FE3,0.06611328124999999,0.018749186197916667,0.11976236979166664,positive,carrier frequency; first minus second arm,21,7,164,11,6,7
RARE|RECUR|ACTIVE_C0-SHAM_C0|FE4,0.07835286458333333,0.029971516927083334,0.1367862955729167,positive,carrier frequency; first minus second arm,20,3,169,12,2,10
RARE|RECUR|ACTIVE_C0-SHAM_C0|FE5,0.08209635416666666,0.03205891927083333,0.1412451171875,positive,carrier frequency; first minus second arm,19,2,171,12,2,10
RARE|RECUR|ACTIVE_C0-SHAM_C0|FE6,0.08229166666666667,0.03197998046875,0.14137369791666668,positive,carrier frequency; first minus second arm,19,2,171,12,2,10
RARE|RECUR|ACTIVE_C0-SHAM_C0|FE7,0.083203125,0.031376953125,0.14505533854166663,positive,carrier frequency; first minus second arm,19,2,171,12,2,10
RARE|RECUR|ACTIVE_C0-SHAM_C0|FE8,0.08271484375,0.03125,0.1439778645833333,positive,carrier frequency; first minus second arm,18,2,172,11,2,11
RARE|RECUR|ACTIVE_C0-SHAM_C0|MLOSS,-0.009622701009114575,-0.01498436927795409,-0.00512621561686197,negative,raw mismatch; first minus second arm,15,55,122,4,19,1
RARE|RECUR|ACTIVE_C0-SHAM_C0|U,0.009622701009114623,0.005126215616862007,0.014984369277954162,positive,raw accuracy; first minus second arm,55,15,122,19,4,1
RARE|RECUR|ACTIVE_C0-SHAM_C0|U0,0.0,0.0,0.0,structural_zero,design-implied zero,0,0,192,0,0,24
RARE|RECUR|ACTIVE_C0-SHAM_C0|U1,0.0,0.0,0.0,structural_zero,design-implied zero,0,0,192,0,0,24
RARE|RECUR|ACTIVE_C0-SHAM_C0|U40,0.0228271484375,0.012354151407877604,0.03539072672526042,positive,raw accuracy; first minus second arm,49,15,128,19,4,1
RARE|RECUR|ACTIVE_C0|D40,0.10416666666666667,0.052083333333333336,0.16666666666666666,positive,carrier frequency change; absolute,26,166,0,14,10,0
RARE|RECUR|ACTIVE_C0|E1,0.622259521484375,0.6181358846028646,0.626204833984375,positive,raw accuracy; absolute,192,0,0,24,0,0
RARE|RECUR|ACTIVE_C0|E2,0.6752909342447917,0.6666249593098958,0.6837977345784505,positive,raw accuracy; absolute,192,0,0,24,0,0
RARE|RECUR|ACTIVE_C0|E3,0.7089742024739584,0.6977423095703126,0.719862543741862,positive,raw accuracy; absolute,192,0,0,24,0,0
RARE|RECUR|ACTIVE_C0|E4,0.7285288492838541,0.714119160970052,0.7426305898030597,positive,raw accuracy; absolute,192,0,0,24,0,0
RARE|RECUR|ACTIVE_C0|E5,0.7384918212890627,0.7230344899495442,0.753519541422526,positive,raw accuracy; absolute,192,0,0,24,0,0
RARE|RECUR|ACTIVE_C0|E6,0.742400105794271,0.7267330169677733,0.757817637125651,positive,raw accuracy; absolute,192,0,0,24,0,0
RARE|RECUR|ACTIVE_C0|E7,0.7464670817057293,0.7312460581461588,0.7615987904866536,positive,raw accuracy; absolute,192,0,0,24,0,0
RARE|RECUR|ACTIVE_C0|E8,0.7483225504557293,0.7326068623860675,0.7631329600016274,positive,raw accuracy; absolute,192,0,0,24,0,0
RARE|RECUR|ACTIVE_C0|F,0.11573486328125,0.07122456868489584,0.169979756673177,positive,carrier frequency; absolute,123,0,69,24,0,0
RARE|RECUR|ACTIVE_C0|F0,0.03125,0.03125,0.03125,positive,carrier frequency; absolute,192,0,0,24,0,0
RARE|RECUR|ACTIVE_C0|F1,0.03173828125,0.027018229166666668,0.03613688151041664,positive,carrier frequency; absolute,123,0,69,24,0,0
RARE|RECUR|ACTIVE_C0|F40,0.13541666666666666,0.08333333333333333,0.19791666666666666,positive,carrier frequency; absolute,26,0,166,14,0,10
RARE|RECUR|ACTIVE_C0|FE1,0.045572916666666664,0.034472656250000004,0.05820475260416666,positive,carrier frequency; absolute,123,0,69,24,0,0
RARE|RECUR|ACTIVE_C0|FE2,0.09039713541666668,0.052960611979166676,0.13798909505208332,positive,carrier frequency; absolute,37,0,155,19,0,5
RARE|RECUR|ACTIVE_C0|FE3,0.11826171875000001,0.06754475911458334,0.1785904947916666,positive,carrier frequency; absolute,30,0,162,16,0,8
RARE|RECUR|ACTIVE_C0|FE4,0.13056640625,0.07717692057291667,0.19492431640625,positive,carrier frequency; absolute,27,0,165,14,0,10
RARE|RECUR|ACTIVE_C0|FE5,0.13483072916666666,0.08235677083333333,0.19752604166666665,positive,carrier frequency; absolute,26,0,166,14,0,10
RARE|RECUR|ACTIVE_C0|FE6,0.13541666666666666,0.08333333333333333,0.19791666666666666,positive,carrier frequency; absolute,26,0,166,14,0,10
RARE|RECUR|ACTIVE_C0|FE7,0.13541666666666666,0.08333333333333333,0.19791666666666666,positive,carrier frequency; absolute,26,0,166,14,0,10
RARE|RECUR|ACTIVE_C0|FE8,0.13541666666666666,0.08333333333333333,0.19791666666666666,positive,carrier frequency; absolute,26,0,166,14,0,10
RARE|RECUR|ACTIVE_C0|MLOSS,0.28615811665852864,0.2743222459157308,0.298631846110026,positive,raw mismatch; absolute,192,0,0,24,0,0
RARE|RECUR|ACTIVE_C0|U,0.7138418833414714,0.701368153889974,0.7256777540842693,positive,raw accuracy; absolute,192,0,0,24,0,0
RARE|RECUR|ACTIVE_C0|U0,0.5143229166666666,0.4856770833333333,0.5455729166666666,positive,raw accuracy; absolute,192,0,0,24,0,0
RARE|RECUR|ACTIVE_C0|U1,0.5885060628255209,0.5790705362955729,0.5997572580973307,positive,raw accuracy; absolute,192,0,0,24,0,0
RARE|RECUR|ACTIVE_C0|U40,0.7482350667317709,0.732141367594401,0.7637026468912761,positive,raw accuracy; absolute,192,0,0,24,0,0
RARE|RECUR|ACTIVE_C1-NOVEL_C1|D40,0.010416666666666666,0.0,0.026041666666666668,unresolved,carrier frequency change; first minus second arm,2,0,190,2,0,22
RARE|RECUR|ACTIVE_C1-NOVEL_C1|E1,-0.00023295084635413985,-0.0007344563802083132,0.00021263122558597933,unresolved,raw accuracy; first minus second arm,35,38,119,13,10,1
RARE|RECUR|ACTIVE_C1-NOVEL_C1|E2,0.0005503336588541796,-0.00046694437662757267,0.0015757497151692808,unresolved,raw accuracy; first minus second arm,33,37,122,14,9,1
RARE|RECUR|ACTIVE_C1-NOVEL_C1|E3,0.0003316243489583555,-0.0013053639729817548,0.0016706085205078413,unresolved,raw accuracy; first minus second arm,31,37,124,12,11,1
RARE|RECUR|ACTIVE_C1-NOVEL_C1|E4,0.00016581217447916852,-0.0009847768147786481,0.0014851888020833198,unresolved,raw accuracy; first minus second arm,36,35,121,11,12,1
RARE|RECUR|ACTIVE_C1-NOVEL_C1|E5,0.0008382161458333389,-0.0003967285156249866,0.0024121348063151065,unresolved,raw accuracy; first minus second arm,35,35,122,14,9,1
RARE|RECUR|ACTIVE_C1-NOVEL_C1|E6,0.0009134928385416916,-0.0005473581949869766,0.0028718312581380314,unresolved,raw accuracy; first minus second arm,35,33,124,10,13,1
RARE|RECUR|ACTIVE_C1-NOVEL_C1|E7,0.0016123453776041667,5.999247233071624e-05,0.0037073262532551794,positive,raw accuracy; first minus second arm,35,34,123,14,9,1
RARE|RECUR|ACTIVE_C1-NOVEL_C1|E8,0.0015340169270833353,-0.0003347524007161506,0.004137751261393201,unresolved,raw accuracy; first minus second arm,39,32,121,10,13,1
RARE|RECUR|ACTIVE_C1-NOVEL_C1|F,0.006787109375,-0.002430216471354167,0.019616699218750002,unresolved,carrier frequency; first minus second arm,16,56,120,8,15,1
RARE|RECUR|ACTIVE_C1-NOVEL_C1|F0,0.0,0.0,0.0,structural_zero,design-implied zero,0,0,192,0,0,24
RARE|RECUR|ACTIVE_C1-NOVEL_C1|F1,-0.011067708333333334,-0.015299479166666666,-0.007161458333333333,negative,carrier frequency; first minus second arm,0,47,145,0,19,5
RARE|RECUR|ACTIVE_C1-NOVEL_C1|F40,0.010416666666666666,0.0,0.026041666666666668,unresolved,carrier frequency; first minus second arm,2,0,190,2,0,22
RARE|RECUR|ACTIVE_C1-NOVEL_C1|FE1,-0.004003906250000001,-0.007714843750000001,-0.0002929687500000007,negative,carrier frequency; first minus second arm,17,55,120,8,15,1
RARE|RECUR|ACTIVE_C1-NOVEL_C1|FE2,0.005826822916666666,-0.0025073242187500003,0.01605224609374998,unresolved,carrier frequency; first minus second arm,8,3,181,8,3,13
RARE|RECUR|ACTIVE_C1-NOVEL_C1|FE3,0.004231770833333334,-0.008951822916666664,0.01894612630208333,unresolved,carrier frequency; first minus second arm,4,1,187,4,1,19
RARE|RECUR|ACTIVE_C1-NOVEL_C1|FE4,0.006575520833333334,-0.00380859375,0.020182291666666668,unresolved,carrier frequency; first minus second arm,3,1,188,3,1,20
RARE|RECUR|ACTIVE_C1-NOVEL_C1|FE5,0.010416666666666666,0.0,0.026041666666666668,unresolved,carrier frequency; first minus second arm,2,0,190,2,0,22
RARE|RECUR|ACTIVE_C1-NOVEL_C1|FE6,0.010416666666666666,0.0,0.026041666666666668,unresolved,carrier frequency; first minus second arm,2,0,190,2,0,22
RARE|RECUR|ACTIVE_C1-NOVEL_C1|FE7,0.010416666666666666,0.0,0.026041666666666668,unresolved,carrier frequency; first minus second arm,2,0,190,2,0,22
RARE|RECUR|ACTIVE_C1-NOVEL_C1|FE8,0.010416666666666666,0.0,0.026041666666666668,unresolved,carrier frequency; first minus second arm,2,0,190,2,0,22
RARE|RECUR|ACTIVE_C1-NOVEL_C1|MLOSS,-0.0007141113281249993,-0.002032702763875317,0.00026614189147948936,unresolved,raw mismatch; first minus second arm,44,30,118,12,11,1
RARE|RECUR|ACTIVE_C1-NOVEL_C1|U,0.0007141113281249797,-0.0002661418914795281,0.0020327027638753128,unresolved,raw accuracy; first minus second arm,30,44,118,11,12,1
RARE|RECUR|ACTIVE_C1-NOVEL_C1|U0,0.0,0.0,0.0,structural_zero,design-implied zero,0,0,192,0,0,24
RARE|RECUR|ACTIVE_C1-NOVEL_C1|U1,-0.0010935465494791667,-0.0015717824300130207,-0.0006305694580078132,negative,raw accuracy; first minus second arm,0,47,145,0,19,5
RARE|RECUR|ACTIVE_C1-NOVEL_C1|U40,0.0008290608723958334,-0.0021820068359375,0.004314422607421868,unresolved,raw accuracy; first minus second arm,36,34,122,9,14,1
RARE|RECUR|ACTIVE_C1-SHAM_C1|D40,0.010416666666666666,0.0,0.026041666666666668,unresolved,carrier frequency change; first minus second arm,2,0,190,2,0,22
RARE|RECUR|ACTIVE_C1-SHAM_C1|E1,-3.763834635416019e-05,-0.0002472432454427149,0.00015360514322916599,unresolved,raw accuracy; first minus second arm,9,12,171,7,10,7
RARE|RECUR|ACTIVE_C1-SHAM_C1|E2,5.594889322917592e-05,-0.0005422210693359345,0.0006765492757161455,unresolved,raw accuracy; first minus second arm,9,13,170,8,10,6
RARE|RECUR|ACTIVE_C1-SHAM_C1|E3,-5.7983398437493526e-05,-0.0008881378173827921,0.0008322652180989638,unresolved,raw accuracy; first minus second arm,9,13,170,8,10,6
RARE|RECUR|ACTIVE_C1-SHAM_C1|E4,0.0007080078124999991,-0.00029713948567708625,0.001911443074544285,unresolved,raw accuracy; first minus second arm,13,9,170,10,8,6
RARE|RECUR|ACTIVE_C1-SHAM_C1|E5,0.0008494059244791574,-0.00025227864583333065,0.0022573089599609198,unresolved,raw accuracy; first minus second arm,10,11,171,8,10,6
RARE|RECUR|ACTIVE_C1-SHAM_C1|E6,0.0014780680338541685,0.00010167439778648081,0.003297958374023435,positive,raw accuracy; first minus second arm,15,7,170,13,5,6
RARE|RECUR|ACTIVE_C1-SHAM_C1|E7,0.001339721679687489,-0.00017807006835938882,0.003531214396158828,unresolved,raw accuracy; first minus second arm,11,10,171,10,7,7
RARE|RECUR|ACTIVE_C1-SHAM_C1|E8,0.001810709635416662,5.889892578125635e-05,0.004284998575846341,positive,raw accuracy; first minus second arm,14,7,171,13,5,6
RARE|RECUR|ACTIVE_C1-SHAM_C1|F,0.007169596354166668,-0.002274576822916666,0.019844767252604166,unresolved,carrier frequency; first minus second arm,14,8,170,11,6,7
RARE|RECUR|ACTIVE_C1-SHAM_C1|F0,0.0,0.0,0.0,structural_zero,design-implied zero,0,0,192,0,0,24
RARE|RECUR|ACTIVE_C1-SHAM_C1|F1,0.0,0.0,0.0,structural_zero,design-implied zero,0,0,192,0,0,24
RARE|RECUR|ACTIVE_C1-SHAM_C1|F40,0.010416666666666666,0.0,0.026041666666666668,unresolved,carrier frequency; first minus second arm,2,0,190,2,0,22
RARE|RECUR|ACTIVE_C1-SHAM_C1|FE1,0.0013020833333333337,-0.0013671874999999997,0.0040039062500000005,unresolved,carrier frequency; first minus second arm,13,9,170,10,7,7
RARE|RECUR|ACTIVE_C1-SHAM_C1|FE2,0.004329427083333333,-0.005599772135416668,0.014813639322916653,unresolved,carrier frequency; first minus second arm,8,1,183,8,1,15
RARE|RECUR|ACTIVE_C1-SHAM_C1|FE3,0.0046875,-0.007486979166666667,0.018587239583333335,unresolved,carrier frequency; first minus second arm,3,1,188,3,1,20
RARE|RECUR|ACTIVE_C1-SHAM_C1|FE4,0.005501302083333333,-0.0059570312500000005,0.01930745442708331,unresolved,carrier frequency; first minus second arm,3,1,188,3,1,20
RARE|RECUR|ACTIVE_C1-SHAM_C1|FE5,0.010286458333333333,-0.00026041666666666666,0.02591145833333333,unresolved,carrier frequency; first minus second arm,2,1,189,2,1,21
RARE|RECUR|ACTIVE_C1-SHAM_C1|FE6,0.010416666666666666,0.0,0.026041666666666668,unresolved,carrier frequency; first minus second arm,2,0,190,2,0,22
RARE|RECUR|ACTIVE_C1-SHAM_C1|FE7,0.010416666666666666,0.0,0.026041666666666668,unresolved,carrier frequency; first minus second arm,2,0,190,2,0,22
RARE|RECUR|ACTIVE_C1-SHAM_C1|FE8,0.010416666666666666,0.0,0.026041666666666668,unresolved,carrier frequency; first minus second arm,2,0,190,2,0,22
RARE|RECUR|ACTIVE_C1-SHAM_C1|MLOSS,-0.0007682800292968679,-0.002060702641805009,0.0001909923553466943,unresolved,raw mismatch; first minus second arm,11,12,169,8,10,6
RARE|RECUR|ACTIVE_C1-SHAM_C1|U,0.0007682800292968528,-0.00019099235534670832,0.002060702641804979,unresolved,raw accuracy; first minus second arm,12,11,169,10,8,6
RARE|RECUR|ACTIVE_C1-SHAM_C1|U0,0.0,0.0,0.0,structural_zero,design-implied zero,0,0,192,0,0,24
RARE|RECUR|ACTIVE_C1-SHAM_C1|U1,0.0,0.0,0.0,structural_zero,design-implied zero,0,0,192,0,0,24
RARE|RECUR|ACTIVE_C1-SHAM_C1|U40,0.0023905436197916665,0.00017801920572916666,0.005055745442708333,positive,raw accuracy; first minus second arm,12,7,173,10,6,8
RARE|RECUR|ACTIVE_C1|D40,-0.020833333333333332,-0.03125,-0.005208333333333333,negative,carrier frequency change; absolute,2,190,0,2,22,0
RARE|RECUR|ACTIVE_C1|E1,0.6210835774739584,0.6169352213541667,0.6250306193033854,positive,raw accuracy; absolute,192,0,0,24,0,0
RARE|RECUR|ACTIVE_C1|E2,0.6729827880859376,0.663506825764974,0.6821493275960286,positive,raw accuracy; absolute,192,0,0,24,0,0
RARE|RECUR|ACTIVE_C1|E3,0.7041982014973959,0.6919513193766277,0.7159585316975912,positive,raw accuracy; absolute,192,0,0,24,0,0
RARE|RECUR|ACTIVE_C1|E4,0.7209025065104168,0.7043677266438804,0.7367705281575521,positive,raw accuracy; absolute,192,0,0,24,0,0
RARE|RECUR|ACTIVE_C1|E5,0.7289774576822916,0.710935821533203,0.7467166646321614,positive,raw accuracy; absolute,192,0,0,24,0,0
RARE|RECUR|ACTIVE_C1|E6,0.7297098795572916,0.7107397969563803,0.7484926859537759,positive,raw accuracy; absolute,192,0,0,24,0,0
RARE|RECUR|ACTIVE_C1|E7,0.7314178466796873,0.7128656005859375,0.7502659606933594,positive,raw accuracy; absolute,192,0,0,24,0,0
RARE|RECUR|ACTIVE_C1|E8,0.7304066975911457,0.7113828277587891,0.749483642578125,positive,raw accuracy; absolute,192,0,0,24,0,0
RARE|RECUR|ACTIVE_C1|F,0.010030110677083334,0.0015093994140625,0.022400004069010417,positive,carrier frequency; absolute,67,0,125,23,0,1
RARE|RECUR|ACTIVE_C1|F0,0.03125,0.03125,0.03125,positive,carrier frequency; absolute,192,0,0,24,0,0
RARE|RECUR|ACTIVE_C1|F1,0.017740885416666668,0.013346354166666666,0.022135416666666668,positive,carrier frequency; absolute,67,0,125,23,0,1
RARE|RECUR|ACTIVE_C1|F40,0.010416666666666666,0.0,0.026041666666666668,unresolved,carrier frequency; absolute,2,0,190,2,0,22
RARE|RECUR|ACTIVE_C1|FE1,0.013020833333333334,0.009374186197916667,0.01683024088541666,positive,carrier frequency; absolute,67,0,125,23,0,1
RARE|RECUR|ACTIVE_C1|FE2,0.008463541666666666,0.0013020833333333333,0.01790445963541666,positive,carrier frequency; absolute,9,0,183,9,0,15
RARE|RECUR|ACTIVE_C1|FE3,0.008528645833333334,9.765624999999999e-05,0.020770670572916657,positive,carrier frequency; absolute,4,0,188,4,0,20
RARE|RECUR|ACTIVE_C1|FE4,0.008561197916666667,0.0,0.02200520833333333,unresolved,carrier frequency; absolute,3,0,189,3,0,21
RARE|RECUR|ACTIVE_C1|FE5,0.010416666666666666,0.0,0.026041666666666668,unresolved,carrier frequency; absolute,2,0,190,2,0,22
RARE|RECUR|ACTIVE_C1|FE6,0.010416666666666666,0.0,0.026041666666666668,unresolved,carrier frequency; absolute,2,0,190,2,0,22
RARE|RECUR|ACTIVE_C1|FE7,0.010416666666666666,0.0,0.026041666666666668,unresolved,carrier frequency; absolute,2,0,190,2,0,22
RARE|RECUR|ACTIVE_C1|FE8,0.010416666666666666,0.0,0.026041666666666668,unresolved,carrier frequency; absolute,2,0,190,2,0,22
RARE|RECUR|ACTIVE_C1|MLOSS,0.2950401306152344,0.2807236544291178,0.3095138168334961,positive,raw mismatch; absolute,192,0,0,24,0,0
RARE|RECUR|ACTIVE_C1|U,0.7049598693847656,0.690486183166504,0.7192763455708819,positive,raw accuracy; absolute,192,0,0,24,0,0
RARE|RECUR|ACTIVE_C1|U0,0.5143229166666666,0.4856770833333333,0.5455729166666666,positive,raw accuracy; absolute,192,0,0,24,0,0
RARE|RECUR|ACTIVE_C1|U1,0.5883585611979166,0.5789380391438802,0.599614715576172,positive,raw accuracy; absolute,192,0,0,24,0,0
RARE|RECUR|ACTIVE_C1|U40,0.727996826171875,0.7077532450358073,0.7488168080647787,positive,raw accuracy; absolute,192,0,0,24,0,0
RARE|RECUR|NOVEL_C0-SHAM_C0|D40,-0.04248046875,-0.07454427083333333,-0.01123046875,negative,carrier frequency change; first minus second arm,1,10,181,1,8,15
RARE|RECUR|NOVEL_C0-SHAM_C0|E1,-0.00027770996093748335,-0.0008881123860676921,0.000308252970377597,unresolved,raw accuracy; first minus second arm,48,65,79,11,13,0
RARE|RECUR|NOVEL_C0-SHAM_C0|E2,-0.00038452148437498795,-0.0022543080647786672,0.0016489919026693063,unresolved,raw accuracy; first minus second arm,54,57,81,11,13,0
RARE|RECUR|NOVEL_C0-SHAM_C0|E3,-0.0007995605468750361,-0.002740681966145889,0.0011719512939452773,unresolved,raw accuracy; first minus second arm,60,53,79,10,14,0
RARE|RECUR|NOVEL_C0-SHAM_C0|E4,0.000591023763020837,-0.0006969960530599008,0.0019026692708333539,unresolved,raw accuracy; first minus second arm,67,46,79,13,11,0
RARE|RECUR|NOVEL_C0-SHAM_C0|E5,-0.0006703694661458574,-0.0019087219238281509,0.0005584971110025726,unresolved,raw accuracy; first minus second arm,46,63,83,5,19,0
RARE|RECUR|NOVEL_C0-SHAM_C0|E6,0.0009785970052083408,0.0004841868082682337,0.0015106455485026451,positive,raw accuracy; first minus second arm,63,44,85,19,5,0
RARE|RECUR|NOVEL_C0-SHAM_C0|E7,-0.0006754557291666538,-0.0011383310953775913,-0.0002451324462890659,negative,raw accuracy; first minus second arm,41,66,85,6,18,0
RARE|RECUR|NOVEL_C0-SHAM_C0|E8,0.0006337483723958629,0.00022379557291671675,0.0010468800862630482,positive,raw accuracy; first minus second arm,64,44,84,19,5,0
RARE|RECUR|NOVEL_C0-SHAM_C0|F,-0.032731119791666666,-0.061361185709635425,-0.006380818684895851,negative,carrier frequency; first minus second arm,84,34,74,13,11,0
RARE|RECUR|NOVEL_C0-SHAM_C0|F0,0.0,0.0,0.0,structural_zero,design-implied zero,0,0,192,0,0,24
RARE|RECUR|NOVEL_C0-SHAM_C0|F1,0.012044270833333334,0.006998697916666667,0.017256673177083313,positive,carrier frequency; first minus second arm,62,12,118,18,4,2
RARE|RECUR|NOVEL_C0-SHAM_C0|F40,-0.04248046875,-0.07454427083333333,-0.01123046875,negative,carrier frequency; first minus second arm,1,10,181,1,8,15
RARE|RECUR|NOVEL_C0-SHAM_C0|FE1,0.009472656250000003,-0.0008797200520833309,0.01920654296875,unresolved,carrier frequency; first minus second arm,84,34,74,17,7,0
RARE|RECUR|NOVEL_C0-SHAM_C0|FE2,-0.0302734375,-0.059543457031250004,-0.005497233072916688,negative,carrier frequency; first minus second arm,21,16,155,8,11,5
RARE|RECUR|NOVEL_C0-SHAM_C0|FE3,-0.03746744791666667,-0.07142415364583332,-0.008266601562500009,negative,carrier frequency; first minus second arm,3,14,175,2,10,12
RARE|RECUR|NOVEL_C0-SHAM_C0|FE4,-0.03863932291666666,-0.07181070963541666,-0.008946126302083364,negative,carrier frequency; first minus second arm,2,11,179,1,8,15
RARE|RECUR|NOVEL_C0-SHAM_C0|FE5,-0.04049479166666667,-0.07379557291666666,-0.010412597656250022,negative,carrier frequency; first minus second arm,2,10,180,1,8,15
RARE|RECUR|NOVEL_C0-SHAM_C0|FE6,-0.040820312500000004,-0.07351155598958334,-0.011083170572916759,negative,carrier frequency; first minus second arm,1,10,181,1,8,15
RARE|RECUR|NOVEL_C0-SHAM_C0|FE7,-0.041341145833333336,-0.07292317708333333,-0.01054524739583334,negative,carrier frequency; first minus second arm,1,10,181,1,8,15
RARE|RECUR|NOVEL_C0-SHAM_C0|FE8,-0.042285156250000004,-0.07415364583333334,-0.011035156249999999,negative,carrier frequency; first minus second arm,1,10,181,1,8,15
RARE|RECUR|NOVEL_C0-SHAM_C0|MLOSS,7.553100585937107e-05,-0.00071746826171876,0.0007891559600830068,unresolved,raw mismatch; first minus second arm,54,61,77,14,10,0
RARE|RECUR|NOVEL_C0-SHAM_C0|U,-7.553100585933985e-05,-0.0007891559600830052,0.0007174682617187968,unresolved,raw accuracy; first minus second arm,61,54,77,10,14,0
RARE|RECUR|NOVEL_C0-SHAM_C0|U0,0.0,0.0,0.0,structural_zero,design-implied zero,0,0,192,0,0,24
RARE|RECUR|NOVEL_C0-SHAM_C0|U1,0.0011850992838541667,0.0007120768229166666,0.00166333516438802,positive,raw accuracy; first minus second arm,58,1,133,20,0,4
RARE|RECUR|NOVEL_C0-SHAM_C0|U40,0.003173828125,0.0012151082356770834,0.005096435546875,positive,raw accuracy; first minus second arm,63,39,90,19,5,0
RARE|RECUR|NOVEL_C0|D40,-0.020833333333333332,-0.03125,-0.005208333333333333,negative,carrier frequency change; absolute,2,190,0,2,22,0
RARE|RECUR|NOVEL_C0|E1,0.6215840657552084,0.6171413675944011,0.6258368937174479,positive,raw accuracy; absolute,192,0,0,24,0,0
RARE|RECUR|NOVEL_C0|E2,0.6721272786458335,0.662475077311198,0.681895268758138,positive,raw accuracy; absolute,192,0,0,24,0,0
RARE|RECUR|NOVEL_C0|E3,0.7036163330078123,0.6908177947998047,0.7163778686523438,positive,raw accuracy; absolute,192,0,0,24,0,0
RARE|RECUR|NOVEL_C0|E4,0.7208526611328124,0.704540074666341,0.7369228363037109,positive,raw accuracy; absolute,192,0,0,24,0,0
RARE|RECUR|NOVEL_C0|E5,0.7272318522135416,0.7088600413004558,0.7453827412923177,positive,raw accuracy; absolute,192,0,0,24,0,0
RARE|RECUR|NOVEL_C0|E6,0.7289499918619792,0.7098122914632162,0.748218256632487,positive,raw accuracy; absolute,192,0,0,24,0,0
RARE|RECUR|NOVEL_C0|E7,0.72957763671875,0.7104381306966147,0.7484540557861328,positive,raw accuracy; absolute,192,0,0,24,0,0
RARE|RECUR|NOVEL_C0|E8,0.7292093912760418,0.7098671468098957,0.7485155232747394,positive,raw accuracy; absolute,192,0,0,24,0,0
RARE|RECUR|NOVEL_C0|F,0.017130533854166668,0.00750244140625,0.030587666829427082,positive,carrier frequency; absolute,136,0,56,24,0,0
RARE|RECUR|NOVEL_C0|F0,0.03125,0.03125,0.03125,positive,carrier frequency; absolute,192,0,0,24,0,0
RARE|RECUR|NOVEL_C0|F1,0.043782552083333336,0.036458333333333336,0.050948079427083307,positive,carrier frequency; absolute,136,0,56,24,0,0
RARE|RECUR|NOVEL_C0|F40,0.010416666666666666,0.0,0.026041666666666668,unresolved,carrier frequency; absolute,2,0,190,2,0,22
RARE|RECUR|NOVEL_C0|FE1,0.04583333333333334,0.037661132812500005,0.05387532552083332,positive,carrier frequency; absolute,136,0,56,24,0,0
RARE|RECUR|NOVEL_C0|FE2,0.01712239583333333,0.008623046875,0.028617350260416646,positive,carrier frequency; absolute,31,0,161,19,0,5
RARE|RECUR|NOVEL_C0|FE3,0.014680989583333333,0.00126953125,0.03001464843749999,positive,carrier frequency; absolute,6,0,186,6,0,18
RARE|RECUR|NOVEL_C0|FE4,0.01357421875,0.0013997395833333333,0.02920328776041664,positive,carrier frequency; absolute,4,0,188,4,0,20
RARE|RECUR|NOVEL_C0|FE5,0.012239583333333333,0.0005208333333333333,0.028124999999999997,positive,carrier frequency; absolute,4,0,188,4,0,20
RARE|RECUR|NOVEL_C0|FE6,0.0123046875,0.0,0.027929687499999998,unresolved,carrier frequency; absolute,3,0,189,3,0,21
RARE|RECUR|NOVEL_C0|FE7,0.010872395833333333,0.0,0.026497395833333336,unresolved,carrier frequency; absolute,3,0,189,3,0,21
RARE|RECUR|NOVEL_C0|FE8,0.010416666666666666,0.0,0.026041666666666668,unresolved,carrier frequency; absolute,2,0,190,2,0,22
RARE|RECUR|NOVEL_C0|MLOSS,0.29585634867350263,0.2811951955159505,0.31057658831278484,positive,raw mismatch; absolute,192,0,0,24,0,0
RARE|RECUR|NOVEL_C0|U,0.7041436513264975,0.6894234116872151,0.7188048044840494,positive,raw accuracy; absolute,192,0,0,24,0,0
RARE|RECUR|NOVEL_C0|U0,0.5143229166666666,0.4856770833333333,0.5455729166666666,positive,raw accuracy; absolute,192,0,0,24,0,0
RARE|RECUR|NOVEL_C0|U1,0.589691162109375,0.5805917104085286,0.6005250295003255,positive,raw accuracy; absolute,192,0,0,24,0,0
RARE|RECUR|NOVEL_C0|U40,0.7285817464192709,0.708001708984375,0.7488268534342448,positive,raw accuracy; absolute,192,0,0,24,0,0
RARE|RECUR|NOVEL_C1-NOVEL_C0|D40,-0.010416666666666666,-0.026041666666666668,0.0,unresolved,carrier frequency change; first minus second arm,0,2,190,0,2,22
RARE|RECUR|NOVEL_C1-NOVEL_C0|E1,-0.0002675374348958583,-0.0009084320068359486,0.0003580983479817368,unresolved,raw accuracy; first minus second arm,60,68,64,13,11,0
RARE|RECUR|NOVEL_C1-NOVEL_C0|E2,0.00030517578124999073,-0.001466217041015656,0.0017794545491536353,unresolved,raw accuracy; first minus second arm,65,64,63,13,11,0
RARE|RECUR|NOVEL_C1-NOVEL_C0|E3,0.0002502441406250176,-0.0019094085693359354,0.002144393920898485,unresolved,raw accuracy; first minus second arm,67,61,64,14,10,0
RARE|RECUR|NOVEL_C1-NOVEL_C0|E4,-0.00011596679687500555,-0.0019795989990234407,0.001540120442708321,unresolved,raw accuracy; first minus second arm,60,68,64,14,10,0
RARE|RECUR|NOVEL_C1-NOVEL_C0|E5,0.000907389322916688,1.7089843750035123e-05,0.0018280283610026572,positive,raw accuracy; first minus second arm,73,52,67,15,9,0
RARE|RECUR|NOVEL_C1-NOVEL_C0|E6,-0.00015360514322917498,-0.000725377400716161,0.0003825632731119419,unresolved,raw accuracy; first minus second arm,63,59,70,11,13,0
RARE|RECUR|NOVEL_C1-NOVEL_C0|E7,0.00022786458333333426,-0.00024515787760416135,0.0006938171386718731,unresolved,raw accuracy; first minus second arm,65,52,75,12,12,0
RARE|RECUR|NOVEL_C1-NOVEL_C0|E8,-0.00033671061197917035,-0.0008698018391927262,0.00020039876302084097,unresolved,raw accuracy; first minus second arm,54,71,67,11,12,1
RARE|RECUR|NOVEL_C1-NOVEL_C0|F,-0.013887532552083331,-0.027203165690104166,-0.003975321451822918,negative,carrier frequency; first minus second arm,16,107,69,1,23,0
RARE|RECUR|NOVEL_C1-NOVEL_C0|F0,0.0,0.0,0.0,structural_zero,design-implied zero,0,0,192,0,0,24
RARE|RECUR|NOVEL_C1-NOVEL_C0|F1,-0.014973958333333334,-0.0185546875,-0.011555989583333334,negative,carrier frequency; first minus second arm,0,77,115,0,24,0
RARE|RECUR|NOVEL_C1-NOVEL_C0|F40,-0.010416666666666666,-0.026041666666666668,0.0,unresolved,carrier frequency; first minus second arm,0,2,190,0,2,22
RARE|RECUR|NOVEL_C1-NOVEL_C0|FE1,-0.02880859375,-0.03512451171875,-0.022687988281250005,negative,carrier frequency; first minus second arm,13,110,69,0,24,0
RARE|RECUR|NOVEL_C1-NOVEL_C0|FE2,-0.014485677083333334,-0.02623860677083333,-0.005533040364583338,negative,carrier frequency; first minus second arm,4,30,158,3,18,3
RARE|RECUR|NOVEL_C1-NOVEL_C0|FE3,-0.010384114583333333,-0.02809407552083333,0.006678059895833306,unresolved,carrier frequency; first minus second arm,1,6,185,1,6,17
RARE|RECUR|NOVEL_C1-NOVEL_C0|FE4,-0.011588541666666667,-0.027604166666666666,0.0008463541666666663,unresolved,carrier frequency; first minus second arm,1,4,187,1,4,19
RARE|RECUR|NOVEL_C1-NOVEL_C0|FE5,-0.012239583333333333,-0.028124999999999997,-0.0005208333333333333,negative,carrier frequency; first minus second arm,0,4,188,0,4,20
RARE|RECUR|NOVEL_C1-NOVEL_C0|FE6,-0.0123046875,-0.027929687499999998,0.0,unresolved,carrier frequency; first minus second arm,0,3,189,0,3,21
RARE|RECUR|NOVEL_C1-NOVEL_C0|FE7,-0.010872395833333333,-0.026497395833333336,0.0,unresolved,carrier frequency; first minus second arm,0,3,189,0,3,21
RARE|RECUR|NOVEL_C1-NOVEL_C0|FE8,-0.010416666666666666,-0.026041666666666668,0.0,unresolved,carrier frequency; first minus second arm,0,2,190,0,2,22
RARE|RECUR|NOVEL_C1-NOVEL_C0|MLOSS,-0.00010210673014322824,-0.0007461579640706437,0.0006533622741699279,unresolved,raw mismatch; first minus second arm,64,66,62,10,14,0
RARE|RECUR|NOVEL_C1-NOVEL_C0|U,0.00010210673014323286,-0.0006533622741699205,0.0007461579640706468,unresolved,raw accuracy; first minus second arm,66,64,62,14,10,0
RARE|RECUR|NOVEL_C1-NOVEL_C0|U0,0.0,0.0,0.0,structural_zero,design-implied zero,0,0,192,0,0,24
RARE|RECUR|NOVEL_C1-NOVEL_C0|U1,-0.00023905436197916666,-0.0003204345703125,-0.0001678466796875,negative,raw accuracy; first minus second arm,0,42,150,0,20,4
RARE|RECUR|NOVEL_C1-NOVEL_C0|U40,-0.0014139811197916667,-0.00384521484375,0.0011399586995442675,unresolved,raw accuracy; first minus second arm,54,59,79,11,13,0
RARE|RECUR|NOVEL_C1-SHAM_C1|D40,0.0,0.0,0.0,observed_exact_zero,sampled equality; not a design guarantee,0,0,192,0,0,24
RARE|RECUR|NOVEL_C1-SHAM_C1|E1,0.00019531249999997965,-0.0003001149495442849,0.0006866455078124538,unresolved,raw accuracy; first minus second arm,34,36,122,12,9,3
RARE|RECUR|NOVEL_C1-SHAM_C1|E2,-0.0004943847656250037,-0.0014872741699218826,0.0005198415120442698,unresolved,raw accuracy; first minus second arm,34,32,126,8,14,2
RARE|RECUR|NOVEL_C1-SHAM_C1|E3,-0.0003896077473958491,-0.0017224629720052418,0.00118532816569008,unresolved,raw accuracy; first minus second arm,32,32,128,9,13,2
RARE|RECUR|NOVEL_C1-SHAM_C1|E4,0.0005421956380208306,-0.00030014038085936684,0.0014048258463541705,unresolved,raw accuracy; first minus second arm,34,31,127,13,9,2
RARE|RECUR|NOVEL_C1-SHAM_C1|E5,1.118977864581853e-05,-0.0006420898437500225,0.0007398478190103945,unresolved,raw accuracy; first minus second arm,31,31,130,9,13,2
RARE|RECUR|NOVEL_C1-SHAM_C1|E6,0.0005645751953124769,7.01141357421649e-05,0.0010549418131509984,positive,raw accuracy; first minus second arm,36,25,131,16,6,2
RARE|RECUR|NOVEL_C1-SHAM_C1|E7,-0.0002726236979166778,-0.0007365163167317898,0.00018829345703124474,unresolved,raw accuracy; first minus second arm,32,32,128,9,13,2
RARE|RECUR|NOVEL_C1-SHAM_C1|E8,0.0002766927083333269,-0.00016789754231771729,0.0007355244954427092,unresolved,raw accuracy; first minus second arm,31,32,129,14,8,2
RARE|RECUR|NOVEL_C1-SHAM_C1|F,0.0003824869791666666,-0.0035404459635416667,0.0038819376627604162,unresolved,carrier frequency; first minus second arm,57,10,125,18,4,2
RARE|RECUR|NOVEL_C1-SHAM_C1|F0,0.0,0.0,0.0,structural_zero,design-implied zero,0,0,192,0,0,24
RARE|RECUR|NOVEL_C1-SHAM_C1|F1,0.011067708333333334,0.007161458333333333,0.015299479166666666,positive,carrier frequency; first minus second arm,47,0,145,19,0,5
RARE|RECUR|NOVEL_C1-SHAM_C1|F40,0.0,0.0,0.0,observed_exact_zero,sampled equality; not a design guarantee,0,0,192,0,0,24
RARE|RECUR|NOVEL_C1-SHAM_C1|FE1,0.005305989583333334,0.0017903645833333348,0.008821614583333335,positive,carrier frequency; first minus second arm,57,10,125,17,5,2
RARE|RECUR|NOVEL_C1-SHAM_C1|FE2,-0.001497395833333334,-0.01071044921875,0.005631510416666666,unresolved,carrier frequency; first minus second arm,4,2,186,4,2,18
RARE|RECUR|NOVEL_C1-SHAM_C1|FE3,0.0004557291666666662,-0.011523437500000002,0.012890624999999998,unresolved,carrier frequency; first minus second arm,1,1,190,1,1,22
RARE|RECUR|NOVEL_C1-SHAM_C1|FE4,-0.0010742187500000003,-0.0091796875,0.005957031249999999,unresolved,carrier frequency; first minus second arm,1,1,190,1,1,22
RARE|RECUR|NOVEL_C1-SHAM_C1|FE5,-0.00013020833333333333,-0.0003906250000000001,0.0,unresolved,carrier frequency; first minus second arm,0,1,191,0,1,23
RARE|RECUR|NOVEL_C1-SHAM_C1|FE6,0.0,0.0,0.0,observed_exact_zero,sampled equality; not a design guarantee,0,0,192,0,0,24
RARE|RECUR|NOVEL_C1-SHAM_C1|FE7,0.0,0.0,0.0,observed_exact_zero,sampled equality; not a design guarantee,0,0,192,0,0,24
RARE|RECUR|NOVEL_C1-SHAM_C1|FE8,0.0,0.0,0.0,observed_exact_zero,sampled equality; not a design guarantee,0,0,192,0,0,24
RARE|RECUR|NOVEL_C1-SHAM_C1|MLOSS,-5.4168701171868526e-05,-0.0004655583699544251,0.00027620951334635964,unresolved,raw mismatch; first minus second arm,29,41,122,12,10,2
RARE|RECUR|NOVEL_C1-SHAM_C1|U,5.416870117187315e-05,-0.00027620951334636875,0.0004655583699544209,unresolved,raw accuracy; first minus second arm,41,29,122,10,12,2
RARE|RECUR|NOVEL_C1-SHAM_C1|U0,0.0,0.0,0.0,structural_zero,design-implied zero,0,0,192,0,0,24
RARE|RECUR|NOVEL_C1-SHAM_C1|U1,0.0010935465494791667,0.0006305694580078125,0.00157178243001302,positive,raw accuracy; first minus second arm,47,0,145,19,0,5
RARE|RECUR|NOVEL_C1-SHAM_C1|U40,0.0015614827473958333,-0.0007427215576171875,0.0039014180501302067,unresolved,raw accuracy; first minus second arm,28,34,130,13,8,3
RARE|RECUR|NOVEL_C1|D40,-0.03125,-0.03125,-0.03125,negative,carrier frequency change; absolute,0,192,0,0,24,0
RARE|RECUR|NOVEL_C1|E1,0.6213165283203125,0.6171600341796876,0.6253054300944011,positive,raw accuracy; absolute,192,0,0,24,0,0
RARE|RECUR|NOVEL_C1|E2,0.6724324544270833,0.6628133646647136,0.6818519337972007,positive,raw accuracy; absolute,192,0,0,24,0,0
RARE|RECUR|NOVEL_C1|E3,0.7038665771484375,0.6911488850911459,0.716480712890625,positive,raw accuracy; absolute,192,0,0,24,0,0
RARE|RECUR|NOVEL_C1|E4,0.7207366943359376,0.7039222462972006,0.7368738555908204,positive,raw accuracy; absolute,192,0,0,24,0,0
RARE|RECUR|NOVEL_C1|E5,0.7281392415364584,0.7097487894694011,0.746634012858073,positive,raw accuracy; absolute,192,0,0,24,0,0
RARE|RECUR|NOVEL_C1|E6,0.7287963867187499,0.7095159657796223,0.7478602854410807,positive,raw accuracy; absolute,192,0,0,24,0,0
RARE|RECUR|NOVEL_C1|E7,0.7298055013020832,0.7108834584554036,0.748781255086263,positive,raw accuracy; absolute,192,0,0,24,0,0
RARE|RECUR|NOVEL_C1|E8,0.7288726806640625,0.7094566599527994,0.7481105804443361,positive,raw accuracy; absolute,192,0,0,24,0,0
RARE|RECUR|NOVEL_C1|F,0.003243001302083334,0.0017373657226562502,0.0057212320963541665,positive,carrier frequency; absolute,95,0,97,23,0,1
RARE|RECUR|NOVEL_C1|F0,0.03125,0.03125,0.03125,positive,carrier frequency; absolute,192,0,0,24,0,0
RARE|RECUR|NOVEL_C1|F1,0.02880859375,0.021809895833333332,0.03564453125,positive,carrier frequency; absolute,95,0,97,23,0,1
RARE|RECUR|NOVEL_C1|F40,0.0,0.0,0.0,observed_exact_zero,sampled equality; not a design guarantee,0,0,192,0,0,24
RARE|RECUR|NOVEL_C1|FE1,0.017024739583333334,0.013053385416666667,0.021093750000000005,positive,carrier frequency; absolute,95,0,97,23,0,1
RARE|RECUR|NOVEL_C1|FE2,0.0026367187499999997,0.00029296875,0.006575520833333333,positive,carrier frequency; absolute,6,0,186,6,0,18
RARE|RECUR|NOVEL_C1|FE3,0.0042968749999999995,0.0,0.012890624999999998,unresolved,carrier frequency; absolute,1,0,191,1,0,23
RARE|RECUR|NOVEL_C1|FE4,0.0019856770833333332,0.0,0.005957031249999999,unresolved,carrier frequency; absolute,1,0,191,1,0,23
RARE|RECUR|NOVEL_C1|FE5,0.0,0.0,0.0,observed_exact_zero,sampled equality; not a design guarantee,0,0,192,0,0,24
RARE|RECUR|NOVEL_C1|FE6,0.0,0.0,0.0,observed_exact_zero,sampled equality; not a design guarantee,0,0,192,0,0,24
RARE|RECUR|NOVEL_C1|FE7,0.0,0.0,0.0,observed_exact_zero,sampled equality; not a design guarantee,0,0,192,0,0,24
RARE|RECUR|NOVEL_C1|FE8,0.0,0.0,0.0,observed_exact_zero,sampled equality; not a design guarantee,0,0,192,0,0,24
RARE|RECUR|NOVEL_C1|MLOSS,0.29575424194335936,0.2811914889017741,0.31049810091654456,positive,raw mismatch; absolute,192,0,0,24,0,0
RARE|RECUR|NOVEL_C1|U,0.7042457580566407,0.6895018990834553,0.7188085110982259,positive,raw accuracy; absolute,192,0,0,24,0,0
RARE|RECUR|NOVEL_C1|U0,0.5143229166666666,0.4856770833333333,0.5455729166666666,positive,raw accuracy; absolute,192,0,0,24,0,0
RARE|RECUR|NOVEL_C1|U1,0.5894521077473959,0.5803167978922525,0.6003322601318359,positive,raw accuracy; absolute,192,0,0,24,0,0
RARE|RECUR|NOVEL_C1|U40,0.7271677652994791,0.7063836415608724,0.7478491465250651,positive,raw accuracy; absolute,192,0,0,24,0,0
RARE|RECUR|SHAM_C0|D40,0.021647135416666668,-0.010416666666666666,0.06331380208333333,unresolved,carrier frequency change; absolute,11,181,0,8,16,0
RARE|RECUR|SHAM_C0|E1,0.6218617757161459,0.6176217651367187,0.6259050496419271,positive,raw accuracy; absolute,192,0,0,24,0,0
RARE|RECUR|SHAM_C0|E2,0.6725118001302084,0.6633043162027995,0.6817287190755208,positive,raw accuracy; absolute,192,0,0,24,0,0
RARE|RECUR|SHAM_C0|E3,0.7044158935546875,0.6921032969156902,0.7165871683756508,positive,raw accuracy; absolute,192,0,0,24,0,0
RARE|RECUR|SHAM_C0|E4,0.7202616373697915,0.7036820729573566,0.7362506612141927,positive,raw accuracy; absolute,192,0,0,24,0,0
RARE|RECUR|SHAM_C0|E5,0.7279022216796874,0.7097014617919922,0.7459336598714192,positive,raw accuracy; absolute,192,0,0,24,0,0
RARE|RECUR|SHAM_C0|E6,0.7279713948567709,0.7090776570638021,0.7468016306559245,positive,raw accuracy; absolute,192,0,0,24,0,0
RARE|RECUR|SHAM_C0|E7,0.7302530924479166,0.7109548441569011,0.7490704091389975,positive,raw accuracy; absolute,192,0,0,24,0,0
RARE|RECUR|SHAM_C0|E8,0.7285756429036457,0.7092890167236328,0.7481502278645834,positive,raw accuracy; absolute,192,0,0,24,0,0
RARE|RECUR|SHAM_C0|F,0.04986165364583334,0.021228841145833337,0.0860158284505208,positive,carrier frequency; absolute,123,0,69,24,0,0
RARE|RECUR|SHAM_C0|F0,0.03125,0.03125,0.03125,positive,carrier frequency; absolute,192,0,0,24,0,0
RARE|RECUR|SHAM_C0|F1,0.03173828125,0.027018229166666668,0.03613688151041664,positive,carrier frequency; absolute,123,0,69,24,0,0
RARE|RECUR|SHAM_C0|F40,0.052897135416666664,0.020833333333333332,0.09456380208333333,positive,carrier frequency; absolute,11,0,181,8,0,16
RARE|RECUR|SHAM_C0|FE1,0.03636067708333333,0.02499593098958333,0.049319661458333316,positive,carrier frequency; absolute,123,0,69,24,0,0
RARE|RECUR|SHAM_C0|FE2,0.04739583333333333,0.020926106770833338,0.08008056640624998,positive,carrier frequency; absolute,18,0,174,13,0,11
RARE|RECUR|SHAM_C0|FE3,0.0521484375,0.01962809244791667,0.09316487630208332,positive,carrier frequency; absolute,14,0,178,10,0,14
RARE|RECUR|SHAM_C0|FE4,0.05221354166666667,0.019270833333333334,0.09388020833333333,positive,carrier frequency; absolute,11,0,181,8,0,16
RARE|RECUR|SHAM_C0|FE5,0.052734375,0.020833333333333332,0.09440104166666667,positive,carrier frequency; absolute,11,0,181,8,0,16
RARE|RECUR|SHAM_C0|FE6,0.053125,0.020833333333333332,0.09375406901041665,positive,carrier frequency; absolute,11,0,181,8,0,16
RARE|RECUR|SHAM_C0|FE7,0.05221354166666667,0.020833333333333332,0.09375,positive,carrier frequency; absolute,11,0,181,8,0,16
RARE|RECUR|SHAM_C0|FE8,0.05270182291666667,0.020833333333333332,0.09436848958333333,positive,carrier frequency; absolute,11,0,181,8,0,16
RARE|RECUR|SHAM_C0|MLOSS,0.29578081766764325,0.281441748936971,0.3104087766011556,positive,raw mismatch; absolute,192,0,0,24,0,0
RARE|RECUR|SHAM_C0|U,0.7042191823323568,0.6895912233988445,0.718558251063029,positive,raw accuracy; absolute,192,0,0,24,0,0
RARE|RECUR|SHAM_C0|U0,0.5143229166666666,0.4856770833333333,0.5455729166666666,positive,raw accuracy; absolute,192,0,0,24,0,0
RARE|RECUR|SHAM_C0|U1,0.5885060628255209,0.5790705362955729,0.5997572580973307,positive,raw accuracy; absolute,192,0,0,24,0,0
RARE|RECUR|SHAM_C0|U40,0.7254079182942709,0.7049340565999349,0.7464444478352864,positive,raw accuracy; absolute,192,0,0,24,0,0
RARE|RECUR|SHAM_C1|D40,-0.03125,-0.03125,-0.03125,negative,carrier frequency change; absolute,0,192,0,0,24,0
RARE|RECUR|SHAM_C1|E1,0.6211212158203124,0.6170061492919922,0.6250829569498697,positive,raw accuracy; absolute,192,0,0,24,0,0
RARE|RECUR|SHAM_C1|E2,0.6729268391927082,0.6632610829671224,0.6821004994710287,positive,raw accuracy; absolute,192,0,0,24,0,0
RARE|RECUR|SHAM_C1|E3,0.7042561848958333,0.6917606353759765,0.7163184356689453,positive,raw accuracy; absolute,192,0,0,24,0,0
RARE|RECUR|SHAM_C1|E4,0.7201944986979166,0.7036801656087239,0.7360731506347656,positive,raw accuracy; absolute,192,0,0,24,0,0
RARE|RECUR|SHAM_C1|E5,0.7281280517578125,0.7097401428222655,0.7462561543782551,positive,raw accuracy; absolute,192,0,0,24,0,0
RARE|RECUR|SHAM_C1|E6,0.7282318115234375,0.7090884653727214,0.7472008768717449,positive,raw accuracy; absolute,192,0,0,24,0,0
RARE|RECUR|SHAM_C1|E7,0.730078125,0.7108616638183595,0.7489447275797525,positive,raw accuracy; absolute,192,0,0,24,0,0
RARE|RECUR|SHAM_C1|E8,0.7285959879557291,0.7091712188720702,0.7478221384684244,positive,raw accuracy; absolute,192,0,0,24,0,0
RARE|RECUR|SHAM_C1|F,0.002860514322916667,0.0009601847330729167,0.006112162272135414,positive,carrier frequency; absolute,67,0,125,23,0,1
RARE|RECUR|SHAM_C1|F0,0.03125,0.03125,0.03125,positive,carrier frequency; absolute,192,0,0,24,0,0
RARE|RECUR|SHAM_C1|F1,0.017740885416666668,0.013346354166666666,0.022135416666666668,positive,carrier frequency; absolute,67,0,125,23,0,1
RARE|RECUR|SHAM_C1|F40,0.0,0.0,0.0,observed_exact_zero,sampled equality; not a design guarantee,0,0,192,0,0,24
RARE|RECUR|SHAM_C1|FE1,0.01171875,0.007356770833333334,0.016634114583333335,positive,carrier frequency; absolute,67,0,125,23,0,1
RARE|RECUR|SHAM_C1|FE2,0.004134114583333333,0.0,0.011979166666666666,unresolved,carrier frequency; absolute,2,0,190,2,0,22
RARE|RECUR|SHAM_C1|FE3,0.0038411458333333336,0.0,0.011523437500000002,unresolved,carrier frequency; absolute,1,0,191,1,0,23
RARE|RECUR|SHAM_C1|FE4,0.0030598958333333333,0.0,0.0091796875,unresolved,carrier frequency; absolute,1,0,191,1,0,23
RARE|RECUR|SHAM_C1|FE5,0.00013020833333333333,0.0,0.0003906250000000001,unresolved,carrier frequency; absolute,1,0,191,1,0,23
RARE|RECUR|SHAM_C1|FE6,0.0,0.0,0.0,observed_exact_zero,sampled equality; not a design guarantee,0,0,192,0,0,24
RARE|RECUR|SHAM_C1|FE7,0.0,0.0,0.0,observed_exact_zero,sampled equality; not a design guarantee,0,0,192,0,0,24
RARE|RECUR|SHAM_C1|FE8,0.0,0.0,0.0,observed_exact_zero,sampled equality; not a design guarantee,0,0,192,0,0,24
RARE|RECUR|SHAM_C1|MLOSS,0.29580841064453123,0.2814960130055745,0.3104984696706137,positive,raw mismatch; absolute,192,0,0,24,0,0
RARE|RECUR|SHAM_C1|U,0.7041915893554688,0.6895015303293865,0.7185039869944254,positive,raw accuracy; absolute,192,0,0,24,0,0
RARE|RECUR|SHAM_C1|U0,0.5143229166666666,0.4856770833333333,0.5455729166666666,positive,raw accuracy; absolute,192,0,0,24,0,0
RARE|RECUR|SHAM_C1|U1,0.5883585611979166,0.5789380391438802,0.599614715576172,positive,raw accuracy; absolute,192,0,0,24,0,0
RARE|RECUR|SHAM_C1|U40,0.7256062825520834,0.7051589965820313,0.7466850280761719,positive,raw accuracy; absolute,192,0,0,24,0,0
