key,mean,ci_low,ci_high,classification,interpretation,individual_positive,individual_negative,individual_zero,block_positive,block_negative,block_zero
NAIVE|IID|ACTIVE_C0-RADIUS_C0|D40,0.0013020833333333333,-0.04134928385416667,0.04184163411458327,unresolved,carrier frequency change; first minus second arm,14,14,164,7,6,11
NAIVE|IID|ACTIVE_C0-RADIUS_C0|E1,-0.00026855468750000094,-0.0006461079915364494,0.0001475524902343652,unresolved,raw accuracy; first minus second arm,34,45,113,10,13,1
NAIVE|IID|ACTIVE_C0-RADIUS_C0|E2,-5.4931640624987045e-05,-0.0012156422932942386,0.0011587015787760421,unresolved,raw accuracy; first minus second arm,44,37,111,10,13,1
NAIVE|IID|ACTIVE_C0-RADIUS_C0|E3,0.0004506429036458444,-0.0007407379150390279,0.0016940053304036445,unresolved,raw accuracy; first minus second arm,43,39,110,14,9,1
NAIVE|IID|ACTIVE_C0-RADIUS_C0|E4,0.0005045572916666704,-0.0009725443522135406,0.0019370778401692794,unresolved,raw accuracy; first minus second arm,46,36,110,13,10,1
NAIVE|IID|ACTIVE_C0-RADIUS_C0|E5,0.0005299886067708462,-0.0006888326009114469,0.0017201741536458236,unresolved,raw accuracy; first minus second arm,41,39,112,13,10,1
NAIVE|IID|ACTIVE_C0-RADIUS_C0|E6,0.0007659912109375019,-0.000473098754882785,0.002003021240234371,unresolved,raw accuracy; first minus second arm,46,36,110,16,7,1
NAIVE|IID|ACTIVE_C0-RADIUS_C0|E7,0.000888061523437488,-0.0005446370442708697,0.0022232055664062195,unresolved,raw accuracy; first minus second arm,47,35,110,14,9,1
NAIVE|IID|ACTIVE_C0-RADIUS_C0|E8,-0.0003550211588541491,-0.0016724904378254942,0.0008333333333333379,unresolved,raw accuracy; first minus second arm,42,38,112,10,13,1
NAIVE|IID|ACTIVE_C0-RADIUS_C0|F,0.008406575520833329,-0.026003824869791668,0.04061330159505207,unresolved,carrier frequency; first minus second arm,30,51,111,11,12,1
NAIVE|IID|ACTIVE_C0-RADIUS_C0|F0,0.0,0.0,0.0,structural_zero,design-implied zero,0,0,192,0,0,24
NAIVE|IID|ACTIVE_C0-RADIUS_C0|F1,0.0,0.0,0.0,structural_zero,design-implied zero,0,0,192,0,0,24
NAIVE|IID|ACTIVE_C0-RADIUS_C0|F40,0.0013020833333333333,-0.04134928385416667,0.04184163411458327,unresolved,carrier frequency; first minus second arm,14,14,164,7,6,11
NAIVE|IID|ACTIVE_C0-RADIUS_C0|FE1,-0.002701822916666667,-0.010646158854166667,0.007165527343749978,unresolved,carrier frequency; first minus second arm,32,45,115,7,15,2
NAIVE|IID|ACTIVE_C0-RADIUS_C0|FE2,0.00517578125,-0.022721354166666662,0.03083089192708331,unresolved,carrier frequency; first minus second arm,25,38,129,12,10,2
NAIVE|IID|ACTIVE_C0-RADIUS_C0|FE3,0.024674479166666662,-0.012053222656250003,0.061003417968749994,unresolved,carrier frequency; first minus second arm,23,28,141,11,11,2
NAIVE|IID|ACTIVE_C0-RADIUS_C0|FE4,0.01770833333333333,-0.024482421875,0.05687255859374997,unresolved,carrier frequency; first minus second arm,21,20,151,11,9,4
NAIVE|IID|ACTIVE_C0-RADIUS_C0|FE5,0.011132812499999999,-0.031350097656250006,0.051660970052083324,unresolved,carrier frequency; first minus second arm,20,18,154,11,8,5
NAIVE|IID|ACTIVE_C0-RADIUS_C0|FE6,0.008268229166666663,-0.03289225260416667,0.049219563802083324,unresolved,carrier frequency; first minus second arm,17,16,159,11,7,6
NAIVE|IID|ACTIVE_C0-RADIUS_C0|FE7,0.002278645833333332,-0.04095540364583333,0.04440429687499998,unresolved,carrier frequency; first minus second arm,16,16,160,10,7,7
NAIVE|IID|ACTIVE_C0-RADIUS_C0|FE8,0.0007161458333333337,-0.04212483723958333,0.041636555989583324,unresolved,carrier frequency; first minus second arm,15,15,162,9,7,8
NAIVE|IID|ACTIVE_C0-RADIUS_C0|MLOSS,-0.00030759175618487916,-0.0007908693949381301,0.00019305547078451112,unresolved,raw mismatch; first minus second arm,33,49,110,9,14,1
NAIVE|IID|ACTIVE_C0-RADIUS_C0|U,0.0003075917561848607,-0.00019305547078453747,0.0007908693949381109,unresolved,raw accuracy; first minus second arm,49,33,110,14,9,1
NAIVE|IID|ACTIVE_C0-RADIUS_C0|U0,0.0,0.0,0.0,structural_zero,design-implied zero,0,0,192,0,0,24
NAIVE|IID|ACTIVE_C0-RADIUS_C0|U1,0.0,0.0,0.0,structural_zero,design-implied zero,0,0,192,0,0,24
NAIVE|IID|ACTIVE_C0-RADIUS_C0|U40,-0.0025990804036458335,-0.0057220458984375,0.000269826253255207,unresolved,raw accuracy; first minus second arm,31,51,110,8,15,1
NAIVE|IID|ACTIVE_C0|D40,0.07275390625,0.029756673177083335,0.11850585937499991,positive,carrier frequency change; absolute,21,171,0,13,11,0
NAIVE|IID|ACTIVE_C0|E1,0.60828857421875,0.6052997843424479,0.6116028340657552,positive,raw accuracy; absolute,192,0,0,24,0,0
NAIVE|IID|ACTIVE_C0|E2,0.6142771402994792,0.6123901112874349,0.6162975311279296,positive,raw accuracy; absolute,192,0,0,24,0,0
NAIVE|IID|ACTIVE_C0|E3,0.6175557454427083,0.6156971740722657,0.6193208058675129,positive,raw accuracy; absolute,192,0,0,24,0,0
NAIVE|IID|ACTIVE_C0|E4,0.6147145589192708,0.6122226206461588,0.6172378794352213,positive,raw accuracy; absolute,192,0,0,24,0,0
NAIVE|IID|ACTIVE_C0|E5,0.6166127522786459,0.6141804250081381,0.6192600758870442,positive,raw accuracy; absolute,192,0,0,24,0,0
NAIVE|IID|ACTIVE_C0|E6,0.6150705973307292,0.6132629140218099,0.617323964436849,positive,raw accuracy; absolute,192,0,0,24,0,0
NAIVE|IID|ACTIVE_C0|E7,0.6170654296875,0.6145993296305339,0.619321772257487,positive,raw accuracy; absolute,192,0,0,24,0,0
NAIVE|IID|ACTIVE_C0|E8,0.6149556477864584,0.6126615651448568,0.6172040303548179,positive,raw accuracy; absolute,192,0,0,24,0,0
NAIVE|IID|ACTIVE_C0|F,0.08784993489583333,0.05251607259114584,0.12406005859374994,positive,carrier frequency; absolute,127,0,65,24,0,0
NAIVE|IID|ACTIVE_C0|F0,0.03125,0.03125,0.03125,positive,carrier frequency; absolute,192,0,0,24,0,0
NAIVE|IID|ACTIVE_C0|F1,0.033365885416666664,0.029459635416666668,0.03759765625,positive,carrier frequency; absolute,127,0,65,24,0,0
NAIVE|IID|ACTIVE_C0|F40,0.10400390625,0.06100667317708334,0.1497558593749999,positive,carrier frequency; absolute,21,0,171,13,0,11
NAIVE|IID|ACTIVE_C0|FE1,0.04251302083333333,0.030664062500000002,0.05628255208333333,positive,carrier frequency; absolute,127,0,65,24,0,0
NAIVE|IID|ACTIVE_C0|FE2,0.06497395833333333,0.03964762369791667,0.08974772135416664,positive,carrier frequency; absolute,40,0,152,19,0,5
NAIVE|IID|ACTIVE_C0|FE3,0.09430338541666668,0.055751139322916664,0.13424804687499997,positive,carrier frequency; absolute,27,0,165,15,0,9
NAIVE|IID|ACTIVE_C0|FE4,0.09830729166666667,0.05774332682291667,0.1395857747395833,positive,carrier frequency; absolute,24,0,168,15,0,9
NAIVE|IID|ACTIVE_C0|FE5,0.0974609375,0.05649983723958334,0.14020263671875,positive,carrier frequency; absolute,23,0,169,15,0,9
NAIVE|IID|ACTIVE_C0|FE6,0.10143229166666666,0.05774495442708333,0.14625732421875,positive,carrier frequency; absolute,22,0,170,14,0,10
NAIVE|IID|ACTIVE_C0|FE7,0.10117187500000001,0.05719319661458333,0.14671793619791665,positive,carrier frequency; absolute,22,0,170,14,0,10
NAIVE|IID|ACTIVE_C0|FE8,0.10263671875000001,0.05937337239583334,0.14880289713541664,positive,carrier frequency; absolute,21,0,171,13,0,11
NAIVE|IID|ACTIVE_C0|MLOSS,0.3851824442545573,0.3843971888224284,0.38597222010294596,positive,raw mismatch; absolute,192,0,0,24,0,0
NAIVE|IID|ACTIVE_C0|U,0.6148175557454426,0.6140277798970539,0.6156028111775715,positive,raw accuracy; absolute,192,0,0,24,0,0
NAIVE|IID|ACTIVE_C0|U0,0.4830729166666667,0.45048828125,0.515625,positive,raw accuracy; absolute,192,0,0,24,0,0
NAIVE|IID|ACTIVE_C0|U1,0.5806732177734375,0.572280756632487,0.5910461425781249,positive,raw accuracy; absolute,192,0,0,24,0,0
NAIVE|IID|ACTIVE_C0|U40,0.6138102213541666,0.6083517710367838,0.6193898518880209,positive,raw accuracy; absolute,192,0,0,24,0,0
NAIVE|IID|ACTIVE_C1-RADIUS_C1|D40,-0.005208333333333333,-0.015625,0.0,unresolved,carrier frequency change; first minus second arm,0,1,191,0,1,23
NAIVE|IID|ACTIVE_C1-RADIUS_C1|E1,-0.0003743489583333398,-0.0008097330729166752,-1.5258789062513763e-05,negative,raw accuracy; first minus second arm,13,22,157,8,9,7
NAIVE|IID|ACTIVE_C1-RADIUS_C1|E2,-0.0006357828776041805,-0.001142400105794286,-0.00014635721842449454,negative,raw accuracy; first minus second arm,17,19,156,6,11,7
NAIVE|IID|ACTIVE_C1-RADIUS_C1|E3,0.0005198160807291704,-0.00014139811197915408,0.0012349446614583252,unresolved,raw accuracy; first minus second arm,21,14,157,11,6,7
NAIVE|IID|ACTIVE_C1-RADIUS_C1|E4,0.000568644205729163,-0.00011395772298178283,0.0013510131835937512,unresolved,raw accuracy; first minus second arm,22,14,156,10,7,7
NAIVE|IID|ACTIVE_C1-RADIUS_C1|E5,-0.00012105305989584351,-0.000861638387044283,0.0006378428141276016,unresolved,raw accuracy; first minus second arm,21,15,156,7,10,7
NAIVE|IID|ACTIVE_C1-RADIUS_C1|E6,-0.00029093424479166574,-0.0009308624267578082,0.00030644734700521027,unresolved,raw accuracy; first minus second arm,17,19,156,6,11,7
NAIVE|IID|ACTIVE_C1-RADIUS_C1|E7,0.00019327799479167593,-0.0005727640787760065,0.0009849294026692624,unresolved,raw accuracy; first minus second arm,19,17,156,8,9,7
NAIVE|IID|ACTIVE_C1-RADIUS_C1|E8,0.0005350748697916472,-0.00024213155110677765,0.0013815561930338276,unresolved,raw accuracy; first minus second arm,23,13,156,11,6,7
NAIVE|IID|ACTIVE_C1-RADIUS_C1|F,-0.0044596354166666664,-0.01270833333333333,0.00016693115234374942,unresolved,carrier frequency; first minus second arm,12,24,156,3,14,7
NAIVE|IID|ACTIVE_C1-RADIUS_C1|F0,0.0,0.0,0.0,structural_zero,design-implied zero,0,0,192,0,0,24
NAIVE|IID|ACTIVE_C1-RADIUS_C1|F1,0.0,0.0,0.0,structural_zero,design-implied zero,0,0,192,0,0,24
NAIVE|IID|ACTIVE_C1-RADIUS_C1|F40,-0.005208333333333333,-0.015625,0.0,unresolved,carrier frequency; first minus second arm,0,1,191,0,1,23
NAIVE|IID|ACTIVE_C1-RADIUS_C1|FE1,-0.0023437500000000008,-0.006575520833333334,0.0033536783854166605,unresolved,carrier frequency; first minus second arm,12,24,156,3,14,7
NAIVE|IID|ACTIVE_C1-RADIUS_C1|FE2,-0.0029622395833333332,-0.007196451822916667,0.00013020833333333333,unresolved,carrier frequency; first minus second arm,3,8,181,2,7,15
NAIVE|IID|ACTIVE_C1-RADIUS_C1|FE3,-0.0043294270833333336,-0.01220703125,0.0,unresolved,carrier frequency; first minus second arm,0,2,190,0,2,22
NAIVE|IID|ACTIVE_C1-RADIUS_C1|FE4,-0.005208333333333333,-0.015429687500000002,0.0,unresolved,carrier frequency; first minus second arm,0,2,190,0,2,22
NAIVE|IID|ACTIVE_C1-RADIUS_C1|FE5,-0.005208333333333333,-0.015625,0.0,unresolved,carrier frequency; first minus second arm,0,1,191,0,1,23
NAIVE|IID|ACTIVE_C1-RADIUS_C1|FE6,-0.005208333333333333,-0.015625,0.0,unresolved,carrier frequency; first minus second arm,0,1,191,0,1,23
NAIVE|IID|ACTIVE_C1-RADIUS_C1|FE7,-0.005208333333333333,-0.015625,0.0,unresolved,carrier frequency; first minus second arm,0,1,191,0,1,23
NAIVE|IID|ACTIVE_C1-RADIUS_C1|FE8,-0.005208333333333333,-0.015625,0.0,unresolved,carrier frequency; first minus second arm,0,1,191,0,1,23
NAIVE|IID|ACTIVE_C1-RADIUS_C1|MLOSS,-4.9336751302087034e-05,-0.00023298899332682842,0.00012690544128417887,unresolved,raw mismatch; first minus second arm,18,18,156,9,8,7
NAIVE|IID|ACTIVE_C1-RADIUS_C1|U,4.9336751302082406e-05,-0.00012690544128417884,0.00023298899332683268,unresolved,raw accuracy; first minus second arm,18,18,156,8,9,7
NAIVE|IID|ACTIVE_C1-RADIUS_C1|U0,0.0,0.0,0.0,structural_zero,design-implied zero,0,0,192,0,0,24
NAIVE|IID|ACTIVE_C1-RADIUS_C1|U1,0.0,0.0,0.0,structural_zero,design-implied zero,0,0,192,0,0,24
NAIVE|IID|ACTIVE_C1-RADIUS_C1|U40,0.00146484375,-0.0009309132893880208,0.0040740966796875,unresolved,raw accuracy; first minus second arm,18,18,156,10,7,7
NAIVE|IID|ACTIVE_C1|D40,-0.03125,-0.03125,-0.03125,negative,carrier frequency change; absolute,0,192,0,0,24,0
NAIVE|IID|ACTIVE_C1|E1,0.6078013102213542,0.6047993723551434,0.6110017903645834,positive,raw accuracy; absolute,192,0,0,24,0,0
NAIVE|IID|ACTIVE_C1|E2,0.6127268473307291,0.6106888071695963,0.6150514221191407,positive,raw accuracy; absolute,192,0,0,24,0,0
NAIVE|IID|ACTIVE_C1|E3,0.6159454345703125,0.6142380015055339,0.6175527191162109,positive,raw accuracy; absolute,192,0,0,24,0,0
NAIVE|IID|ACTIVE_C1|E4,0.6144215901692709,0.6118458302815755,0.6168112436930339,positive,raw accuracy; absolute,192,0,0,24,0,0
NAIVE|IID|ACTIVE_C1|E5,0.6164479573567708,0.6136992390950521,0.6192373402913411,positive,raw accuracy; absolute,192,0,0,24,0,0
NAIVE|IID|ACTIVE_C1|E6,0.6146820068359374,0.6123757934570312,0.6172282155354817,positive,raw accuracy; absolute,192,0,0,24,0,0
NAIVE|IID|ACTIVE_C1|E7,0.615301513671875,0.6131466929117838,0.6174078114827474,positive,raw accuracy; absolute,192,0,0,24,0,0
NAIVE|IID|ACTIVE_C1|E8,0.6150370279947917,0.612484639485677,0.6178234608968098,positive,raw accuracy; absolute,192,0,0,24,0,0
NAIVE|IID|ACTIVE_C1|F,0.0013793945312500003,0.0008015950520833333,0.0021771240234374992,positive,carrier frequency; absolute,67,0,125,22,0,2
NAIVE|IID|ACTIVE_C1|F0,0.03125,0.03125,0.03125,positive,carrier frequency; absolute,192,0,0,24,0,0
NAIVE|IID|ACTIVE_C1|F1,0.018717447916666668,0.014322916666666666,0.023111979166666668,positive,carrier frequency; absolute,67,0,125,22,0,2
NAIVE|IID|ACTIVE_C1|F40,0.0,0.0,0.0,observed_exact_zero,sampled equality; not a design guarantee,0,0,192,0,0,24
NAIVE|IID|ACTIVE_C1|FE1,0.0107421875,0.0063142903645833325,0.01663574218749999,positive,carrier frequency; absolute,67,0,125,22,0,2
NAIVE|IID|ACTIVE_C1|FE2,0.00029296875000000004,0.0,0.0007812500000000002,unresolved,carrier frequency; absolute,3,0,189,2,0,22
NAIVE|IID|ACTIVE_C1|FE3,0.0,0.0,0.0,observed_exact_zero,sampled equality; not a design guarantee,0,0,192,0,0,24
NAIVE|IID|ACTIVE_C1|FE4,0.0,0.0,0.0,observed_exact_zero,sampled equality; not a design guarantee,0,0,192,0,0,24
NAIVE|IID|ACTIVE_C1|FE5,0.0,0.0,0.0,observed_exact_zero,sampled equality; not a design guarantee,0,0,192,0,0,24
NAIVE|IID|ACTIVE_C1|FE6,0.0,0.0,0.0,observed_exact_zero,sampled equality; not a design guarantee,0,0,192,0,0,24
NAIVE|IID|ACTIVE_C1|FE7,0.0,0.0,0.0,observed_exact_zero,sampled equality; not a design guarantee,0,0,192,0,0,24
NAIVE|IID|ACTIVE_C1|FE8,0.0,0.0,0.0,observed_exact_zero,sampled equality; not a design guarantee,0,0,192,0,0,24
NAIVE|IID|ACTIVE_C1|MLOSS,0.3859545389811198,0.38507763544718426,0.38676609675089524,positive,raw mismatch; absolute,192,0,0,24,0,0
NAIVE|IID|ACTIVE_C1|U,0.6140454610188802,0.6132339032491049,0.6149223645528157,positive,raw accuracy; absolute,192,0,0,24,0,0
NAIVE|IID|ACTIVE_C1|U0,0.4830729166666667,0.45048828125,0.515625,positive,raw accuracy; absolute,192,0,0,24,0,0
NAIVE|IID|ACTIVE_C1|U1,0.5804901123046875,0.5721021016438802,0.5908727010091146,positive,raw accuracy; absolute,192,0,0,24,0,0
NAIVE|IID|ACTIVE_C1|U40,0.6177825927734375,0.6107983907063802,0.6253119150797526,positive,raw accuracy; absolute,192,0,0,24,0,0
NAIVE|IID|NOVEL_C0|D40,0.19401041666666666,0.1179931640625,0.27735188802083327,positive,carrier frequency change; absolute,44,148,0,18,6,0
NAIVE|IID|NOVEL_C0|E1,0.6098378499348959,0.60721066792806,0.6128845977783203,positive,raw accuracy; absolute,192,0,0,24,0,0
NAIVE|IID|NOVEL_C0|E2,0.6136545817057292,0.611630147298177,0.6157950083414714,positive,raw accuracy; absolute,192,0,0,24,0,0
NAIVE|IID|NOVEL_C0|E3,0.6181437174479166,0.6160054016113281,0.6202638753255209,positive,raw accuracy; absolute,192,0,0,24,0,0
NAIVE|IID|NOVEL_C0|E4,0.6155812581380208,0.6125873565673828,0.6189457194010417,positive,raw accuracy; absolute,192,0,0,24,0,0
NAIVE|IID|NOVEL_C0|E5,0.6181203206380208,0.6159340413411458,0.6202862040201823,positive,raw accuracy; absolute,192,0,0,24,0,0
NAIVE|IID|NOVEL_C0|E6,0.6166524251302085,0.614977773030599,0.6184408823649088,positive,raw accuracy; absolute,192,0,0,24,0,0
NAIVE|IID|NOVEL_C0|E7,0.6178415934244792,0.6155496215820313,0.6202749633789063,positive,raw accuracy; absolute,192,0,0,24,0,0
NAIVE|IID|NOVEL_C0|E8,0.617529296875,0.6149809010823568,0.620072479248047,positive,raw accuracy; absolute,192,0,0,24,0,0
NAIVE|IID|NOVEL_C0|F,0.1704671223958333,0.11484313964843751,0.2315293375651041,positive,carrier frequency; absolute,152,0,40,24,0,0
NAIVE|IID|NOVEL_C0|F0,0.03125,0.03125,0.03125,positive,carrier frequency; absolute,192,0,0,24,0,0
NAIVE|IID|NOVEL_C0|F1,0.047688802083333336,0.041829427083333336,0.053059895833333336,positive,carrier frequency; absolute,152,0,40,24,0,0
NAIVE|IID|NOVEL_C0|F40,0.22526041666666666,0.14924316406250002,0.30860188802083327,positive,carrier frequency; absolute,44,0,148,18,0,6
NAIVE|IID|NOVEL_C0|FE1,0.06800130208333334,0.056053873697916666,0.07968912760416666,positive,carrier frequency; absolute,152,0,40,24,0,0
NAIVE|IID|NOVEL_C0|FE2,0.1125651041666667,0.07844401041666667,0.14860188802083332,positive,carrier frequency; absolute,76,0,116,24,0,0
NAIVE|IID|NOVEL_C0|FE3,0.15029296875,0.09872965494791668,0.20592936197916661,positive,carrier frequency; absolute,56,0,136,23,0,1
NAIVE|IID|NOVEL_C0|FE4,0.18173828125,0.11933430989583334,0.2518359375,positive,carrier frequency; absolute,49,0,143,21,0,3
NAIVE|IID|NOVEL_C0|FE5,0.19934895833333335,0.12757161458333335,0.2795345052083333,positive,carrier frequency; absolute,48,0,144,20,0,4
NAIVE|IID|NOVEL_C0|FE6,0.20917968750000002,0.1356689453125,0.29053548177083327,positive,carrier frequency; absolute,46,0,146,20,0,4
NAIVE|IID|NOVEL_C0|FE7,0.21985677083333335,0.14621988932291666,0.3027408854166666,positive,carrier frequency; absolute,45,0,147,19,0,5
NAIVE|IID|NOVEL_C0|FE8,0.22275390625,0.14778238932291668,0.30567952473958326,positive,carrier frequency; absolute,44,0,148,18,0,6
NAIVE|IID|NOVEL_C0|MLOSS,0.38407986958821616,0.38338074684143064,0.384789301554362,positive,raw mismatch; absolute,192,0,0,24,0,0
NAIVE|IID|NOVEL_C0|U,0.6159201304117838,0.6152106984456381,0.6166192531585694,positive,raw accuracy; absolute,192,0,0,24,0,0
NAIVE|IID|NOVEL_C0|U0,0.4830729166666667,0.45048828125,0.515625,positive,raw accuracy; absolute,192,0,0,24,0,0
NAIVE|IID|NOVEL_C0|U1,0.5819803873697916,0.5738268534342448,0.5921241760253907,positive,raw accuracy; absolute,192,0,0,24,0,0
NAIVE|IID|NOVEL_C0|U40,0.6209971110026041,0.6163778940836588,0.6257631937662761,positive,raw accuracy; absolute,192,0,0,24,0,0
NAIVE|IID|NOVEL_C1|D40,-0.03125,-0.03125,-0.03125,negative,carrier frequency change; absolute,0,192,0,0,24,0
NAIVE|IID|NOVEL_C1|E1,0.6085510253906251,0.6058052825927734,0.6115137227376302,positive,raw accuracy; absolute,192,0,0,24,0,0
NAIVE|IID|NOVEL_C1|E2,0.6131510416666667,0.6111286926269531,0.6152262624104818,positive,raw accuracy; absolute,192,0,0,24,0,0
NAIVE|IID|NOVEL_C1|E3,0.6147267659505209,0.6125829569498699,0.6166913859049479,positive,raw accuracy; absolute,192,0,0,24,0,0
NAIVE|IID|NOVEL_C1|E4,0.6136973063151042,0.6112353261311849,0.6160975901285807,positive,raw accuracy; absolute,192,0,0,24,0,0
NAIVE|IID|NOVEL_C1|E5,0.6160074869791666,0.6137088521321614,0.6183626047770182,positive,raw accuracy; absolute,192,0,0,24,0,0
NAIVE|IID|NOVEL_C1|E6,0.6152262369791667,0.6129475148518881,0.6177363332112631,positive,raw accuracy; absolute,192,0,0,24,0,0
NAIVE|IID|NOVEL_C1|E7,0.6153483072916667,0.6131234232584635,0.6174143727620441,positive,raw accuracy; absolute,192,0,0,24,0,0
NAIVE|IID|NOVEL_C1|E8,0.6154459635416667,0.6128010813395183,0.6181996663411459,positive,raw accuracy; absolute,192,0,0,24,0,0
NAIVE|IID|NOVEL_C1|F,0.004329427083333333,0.0022418212890625007,0.007275492350260415,positive,carrier frequency; absolute,99,0,93,24,0,0
NAIVE|IID|NOVEL_C1|F0,0.03125,0.03125,0.03125,positive,carrier frequency; absolute,192,0,0,24,0,0
NAIVE|IID|NOVEL_C1|F1,0.031412760416666664,0.025227864583333332,0.037276204427083307,positive,carrier frequency; absolute,99,0,93,24,0,0
NAIVE|IID|NOVEL_C1|F40,0.0,0.0,0.0,observed_exact_zero,sampled equality; not a design guarantee,0,0,192,0,0,24
NAIVE|IID|NOVEL_C1|FE1,0.01998697916666667,0.01416015625,0.025588378906249987,positive,carrier frequency; absolute,99,0,93,24,0,0
NAIVE|IID|NOVEL_C1|FE2,0.00634765625,0.0017578125,0.012013346354166657,positive,carrier frequency; absolute,13,0,179,7,0,17
NAIVE|IID|NOVEL_C1|FE3,0.005696614583333333,6.510416666666667e-05,0.014974772135416663,positive,carrier frequency; absolute,6,0,186,4,0,20
NAIVE|IID|NOVEL_C1|FE4,0.0021158854166666665,0.0,0.006217447916666666,unresolved,carrier frequency; absolute,2,0,190,2,0,22
NAIVE|IID|NOVEL_C1|FE5,0.00048828125,0.0,0.00146484375,unresolved,carrier frequency; absolute,1,0,191,1,0,23
NAIVE|IID|NOVEL_C1|FE6,0.0,0.0,0.0,observed_exact_zero,sampled equality; not a design guarantee,0,0,192,0,0,24
NAIVE|IID|NOVEL_C1|FE7,0.0,0.0,0.0,observed_exact_zero,sampled equality; not a design guarantee,0,0,192,0,0,24
NAIVE|IID|NOVEL_C1|FE8,0.0,0.0,0.0,observed_exact_zero,sampled equality; not a design guarantee,0,0,192,0,0,24
NAIVE|IID|NOVEL_C1|MLOSS,0.38598073323567705,0.38532806714375817,0.3866386381785075,positive,raw mismatch; absolute,192,0,0,24,0,0
NAIVE|IID|NOVEL_C1|U,0.614019266764323,0.6133613618214925,0.6146719328562419,positive,raw accuracy; absolute,192,0,0,24,0,0
NAIVE|IID|NOVEL_C1|U0,0.4830729166666667,0.45048828125,0.515625,positive,raw accuracy; absolute,192,0,0,24,0,0
NAIVE|IID|NOVEL_C1|U1,0.5816904703776041,0.5735113779703775,0.5919395446777345,positive,raw accuracy; absolute,192,0,0,24,0,0
NAIVE|IID|NOVEL_C1|U40,0.6181793212890625,0.6108798980712891,0.6258252461751302,positive,raw accuracy; absolute,192,0,0,24,0,0
NAIVE|IID|RADIUS_C0-NOVEL_C0|D40,-0.12255859375,-0.2080078125,-0.04149169921875007,negative,carrier frequency change; first minus second arm,13,36,143,6,14,4
NAIVE|IID|RADIUS_C0-NOVEL_C0|E1,-0.0012807210286458204,-0.0022605895996093777,-0.000360946655273406,negative,raw accuracy; first minus second arm,60,74,58,8,16,0
NAIVE|IID|RADIUS_C0-NOVEL_C0|E2,0.0006774902343749991,-0.0005615234374999937,0.0018585968017578098,unresolved,raw accuracy; first minus second arm,77,56,59,11,13,0
NAIVE|IID|RADIUS_C0-NOVEL_C0|E3,-0.0010386149088541564,-0.002490259806315101,0.00037233988444012174,unresolved,raw accuracy; first minus second arm,63,69,60,10,14,0
NAIVE|IID|RADIUS_C0-NOVEL_C0|E4,-0.0013712565104166269,-0.0028982289632161276,0.00019030253092450553,unresolved,raw accuracy; first minus second arm,57,76,59,8,16,0
NAIVE|IID|RADIUS_C0-NOVEL_C0|E5,-0.002037556966145826,-0.003751296997070301,-0.0002827453613281497,negative,raw accuracy; first minus second arm,61,70,61,6,18,0
NAIVE|IID|RADIUS_C0-NOVEL_C0|E6,-0.0023478190104166733,-0.003847427368164069,-0.0008554077148437725,negative,raw accuracy; first minus second arm,57,76,59,5,19,0
NAIVE|IID|RADIUS_C0-NOVEL_C0|E7,-0.0016642252604166703,-0.004224700927734359,0.0007412211100260075,unresolved,raw accuracy; first minus second arm,57,76,59,10,14,0
NAIVE|IID|RADIUS_C0-NOVEL_C0|E8,-0.0022186279296875174,-0.004287668863932316,-0.0001748911539713756,negative,raw accuracy; first minus second arm,53,80,59,7,17,0
NAIVE|IID|RADIUS_C0-NOVEL_C0|F,-0.09102376302083333,-0.15424662272135414,-0.030677185058593768,negative,carrier frequency; first minus second arm,41,94,57,7,17,0
NAIVE|IID|RADIUS_C0-NOVEL_C0|F0,0.0,0.0,0.0,structural_zero,design-implied zero,0,0,192,0,0,24
NAIVE|IID|RADIUS_C0-NOVEL_C0|F1,-0.014322916666666666,-0.019694010416666668,-0.009440104166666666,negative,carrier frequency; first minus second arm,9,70,113,2,18,4
NAIVE|IID|RADIUS_C0-NOVEL_C0|F40,-0.12255859375,-0.2080078125,-0.04149169921875007,negative,carrier frequency; first minus second arm,13,36,143,6,14,4
NAIVE|IID|RADIUS_C0-NOVEL_C0|FE1,-0.022786458333333332,-0.034278157552083334,-0.011523437499999999,negative,carrier frequency; first minus second arm,42,89,61,4,20,0
NAIVE|IID|RADIUS_C0-NOVEL_C0|FE2,-0.05276692708333334,-0.08741373697916667,-0.017508138020833366,negative,carrier frequency; first minus second arm,33,62,97,6,18,0
NAIVE|IID|RADIUS_C0-NOVEL_C0|FE3,-0.08066406250000001,-0.13868733723958332,-0.02460611979166669,negative,carrier frequency; first minus second arm,24,51,117,6,17,1
NAIVE|IID|RADIUS_C0-NOVEL_C0|FE4,-0.10113932291666666,-0.17666666666666664,-0.03127441406250005,negative,carrier frequency; first minus second arm,19,44,129,7,16,1
NAIVE|IID|RADIUS_C0-NOVEL_C0|FE5,-0.11302083333333335,-0.19848958333333336,-0.031404622395833366,negative,carrier frequency; first minus second arm,16,44,132,7,16,1
NAIVE|IID|RADIUS_C0-NOVEL_C0|FE6,-0.116015625,-0.2026090494791666,-0.03404215494791671,negative,carrier frequency; first minus second arm,16,43,133,7,16,1
NAIVE|IID|RADIUS_C0-NOVEL_C0|FE7,-0.12096354166666667,-0.20589599609375,-0.03924886067708338,negative,carrier frequency; first minus second arm,14,41,137,7,14,3
NAIVE|IID|RADIUS_C0-NOVEL_C0|FE8,-0.12083333333333333,-0.20651041666666667,-0.038800455729166676,negative,carrier frequency; first minus second arm,13,39,140,6,14,4
NAIVE|IID|RADIUS_C0-NOVEL_C0|MLOSS,0.0014101664225260255,0.0005519835154215335,0.0023042360941568875,positive,raw mismatch; first minus second arm,83,51,58,16,8,0
NAIVE|IID|RADIUS_C0-NOVEL_C0|U,-0.0014101664225260279,-0.0023042360941568497,-0.0005519835154215469,negative,raw accuracy; first minus second arm,51,83,58,8,16,0
NAIVE|IID|RADIUS_C0-NOVEL_C0|U0,0.0,0.0,0.0,structural_zero,design-implied zero,0,0,192,0,0,24
NAIVE|IID|RADIUS_C0-NOVEL_C0|U1,-0.0013071695963541667,-0.0017445882161458333,-0.0009154001871744798,negative,raw accuracy; first minus second arm,0,67,125,0,22,2
NAIVE|IID|RADIUS_C0-NOVEL_C0|U40,-0.004587809244791667,-0.007232793172200521,-0.0020393371582031264,negative,raw accuracy; first minus second arm,53,79,60,6,18,0
NAIVE|IID|RADIUS_C0-SHAM_C0|D40,0.08707682291666667,0.041666666666666664,0.13509521484374998,positive,carrier frequency change; first minus second arm,20,2,170,13,2,9
NAIVE|IID|RADIUS_C0-SHAM_C0|E1,0.0005289713541666666,7.324218750001168e-05,0.0010040283203124937,positive,raw accuracy; first minus second arm,48,32,112,16,6,2
NAIVE|IID|RADIUS_C0-SHAM_C0|E2,0.001348876953124999,0.0002968597412109129,0.0023651885986328254,positive,raw accuracy; first minus second arm,44,36,112,19,4,1
NAIVE|IID|RADIUS_C0-SHAM_C0|E3,0.001396687825520812,0.0001491800944010353,0.002679468790690072,positive,raw accuracy; first minus second arm,49,32,111,15,8,1
NAIVE|IID|RADIUS_C0-SHAM_C0|E4,-6.0017903645848136e-05,-0.0013448588053385584,0.0012178039550781222,unresolved,raw accuracy; first minus second arm,44,36,112,12,11,1
NAIVE|IID|RADIUS_C0-SHAM_C0|E5,0.0008351643880208278,-0.0004109954833984429,0.0020538584391276175,unresolved,raw accuracy; first minus second arm,49,31,112,14,9,1
NAIVE|IID|RADIUS_C0-SHAM_C0|E6,0.00015970865885417407,-0.000840377807617173,0.0011445363362630426,unresolved,raw accuracy; first minus second arm,41,39,112,12,11,1
NAIVE|IID|RADIUS_C0-SHAM_C0|E7,0.0005625406901041824,-0.0007019297281901129,0.001897430419921901,unresolved,raw accuracy; first minus second arm,51,30,111,12,11,1
NAIVE|IID|RADIUS_C0-SHAM_C0|E8,0.0013214111328124917,-0.0004030609130859596,0.0032999928792317806,unresolved,raw accuracy; first minus second arm,46,34,112,14,9,1
NAIVE|IID|RADIUS_C0-SHAM_C0|F,0.05737711588541666,0.023334350585937493,0.0921612548828125,positive,carrier frequency; first minus second arm,54,25,113,19,4,1
NAIVE|IID|RADIUS_C0-SHAM_C0|F0,0.0,0.0,0.0,structural_zero,design-implied zero,0,0,192,0,0,24
NAIVE|IID|RADIUS_C0-SHAM_C0|F1,0.0,0.0,0.0,structural_zero,design-implied zero,0,0,192,0,0,24
NAIVE|IID|RADIUS_C0-SHAM_C0|F40,0.08707682291666667,0.041666666666666664,0.13509521484374998,positive,carrier frequency; first minus second arm,20,2,170,13,2,9
NAIVE|IID|RADIUS_C0-SHAM_C0|FE1,0.009765625,0.0027010091145833327,0.016667480468749996,positive,carrier frequency; first minus second arm,49,24,119,17,6,1
NAIVE|IID|RADIUS_C0-SHAM_C0|FE2,0.03473307291666667,0.0137646484375,0.05693359374999999,positive,carrier frequency; first minus second arm,44,19,129,18,4,2
NAIVE|IID|RADIUS_C0-SHAM_C0|FE3,0.04482421875,0.00901611328125,0.08047526041666662,positive,carrier frequency; first minus second arm,33,9,150,18,4,2
NAIVE|IID|RADIUS_C0-SHAM_C0|FE4,0.05833333333333333,0.01614339192708333,0.10000813802083328,positive,carrier frequency; first minus second arm,25,6,161,16,4,4
NAIVE|IID|RADIUS_C0-SHAM_C0|FE5,0.06536458333333334,0.02125244140625,0.10986490885416665,positive,carrier frequency; first minus second arm,23,6,163,16,4,4
NAIVE|IID|RADIUS_C0-SHAM_C0|FE6,0.07643229166666667,0.033428548177083336,0.11986002604166666,positive,carrier frequency; first minus second arm,21,3,168,14,3,7
NAIVE|IID|RADIUS_C0-SHAM_C0|FE7,0.08326822916666667,0.038766276041666665,0.12956868489583326,positive,carrier frequency; first minus second arm,21,2,169,14,2,8
NAIVE|IID|RADIUS_C0-SHAM_C0|FE8,0.08629557291666667,0.04058675130208333,0.1343172200520833,positive,carrier frequency; first minus second arm,20,2,170,13,2,9
NAIVE|IID|RADIUS_C0-SHAM_C0|MLOSS,-0.0007616678873698055,-0.001316754023234068,-0.00023392677307129643,negative,raw mismatch; first minus second arm,30,51,111,6,17,1
NAIVE|IID|RADIUS_C0-SHAM_C0|U,0.0007616678873697916,0.00023392677307129358,0.001316754023234049,positive,raw accuracy; first minus second arm,51,30,111,17,6,1
NAIVE|IID|RADIUS_C0-SHAM_C0|U0,0.0,0.0,0.0,structural_zero,design-implied zero,0,0,192,0,0,24
NAIVE|IID|RADIUS_C0-SHAM_C0|U1,0.0,0.0,0.0,structural_zero,design-implied zero,0,0,192,0,0,24
NAIVE|IID|RADIUS_C0-SHAM_C0|U40,0.0020192464192708335,-0.0008088429768880208,0.005183410644531247,unresolved,raw accuracy; first minus second arm,47,34,111,11,12,1
NAIVE|IID|RADIUS_C0|D40,0.07145182291666667,0.0322265625,0.11409505208333333,positive,carrier frequency change; absolute,21,171,0,14,10,0
NAIVE|IID|RADIUS_C0|E1,0.60855712890625,0.605629145304362,0.6118441009521484,positive,raw accuracy; absolute,192,0,0,24,0,0
NAIVE|IID|RADIUS_C0|E2,0.6143320719401042,0.612368672688802,0.6163513692220053,positive,raw accuracy; absolute,192,0,0,24,0,0
NAIVE|IID|RADIUS_C0|E3,0.6171051025390625,0.6153391520182292,0.618759282430013,positive,raw accuracy; absolute,192,0,0,24,0,0
NAIVE|IID|RADIUS_C0|E4,0.6142100016276042,0.6115067545572918,0.616842778523763,positive,raw accuracy; absolute,192,0,0,24,0,0
NAIVE|IID|RADIUS_C0|E5,0.616082763671875,0.6139258829752604,0.6184656016031901,positive,raw accuracy; absolute,192,0,0,24,0,0
NAIVE|IID|RADIUS_C0|E6,0.6143046061197917,0.6124491119384766,0.6162944539388021,positive,raw accuracy; absolute,192,0,0,24,0,0
NAIVE|IID|RADIUS_C0|E7,0.6161773681640624,0.6141416422526041,0.6181420135498047,positive,raw accuracy; absolute,192,0,0,24,0,0
NAIVE|IID|RADIUS_C0|E8,0.6153106689453125,0.6126086934407551,0.618053232828776,positive,raw accuracy; absolute,192,0,0,24,0,0
NAIVE|IID|RADIUS_C0|F,0.07944335937500001,0.05300303141276042,0.10852152506510417,positive,carrier frequency; absolute,127,0,65,24,0,0
NAIVE|IID|RADIUS_C0|F0,0.03125,0.03125,0.03125,positive,carrier frequency; absolute,192,0,0,24,0,0
NAIVE|IID|RADIUS_C0|F1,0.033365885416666664,0.029459635416666668,0.03759765625,positive,carrier frequency; absolute,127,0,65,24,0,0
NAIVE|IID|RADIUS_C0|F40,0.10270182291666667,0.0634765625,0.14534505208333334,positive,carrier frequency; absolute,21,0,171,14,0,10
NAIVE|IID|RADIUS_C0|FE1,0.045214843750000004,0.03649088541666667,0.05472005208333333,positive,carrier frequency; absolute,127,0,65,24,0,0
NAIVE|IID|RADIUS_C0|FE2,0.05979817708333333,0.043977050781250006,0.07727864583333334,positive,carrier frequency; absolute,54,0,138,22,0,2
NAIVE|IID|RADIUS_C0|FE3,0.06962890625,0.044399414062499996,0.09788574218749999,positive,carrier frequency; absolute,36,0,156,22,0,2
NAIVE|IID|RADIUS_C0|FE4,0.08059895833333333,0.04967203776041667,0.11573242187499995,positive,carrier frequency; absolute,26,0,166,18,0,6
NAIVE|IID|RADIUS_C0|FE5,0.08632812499999999,0.05181966145833333,0.12438395182291666,positive,carrier frequency; absolute,24,0,168,17,0,7
NAIVE|IID|RADIUS_C0|FE6,0.09316406249999999,0.059008789062500004,0.13034016927083333,positive,carrier frequency; absolute,22,0,170,15,0,9
NAIVE|IID|RADIUS_C0|FE7,0.09889322916666667,0.06249593098958334,0.13909830729166664,positive,carrier frequency; absolute,22,0,170,15,0,9
NAIVE|IID|RADIUS_C0|FE8,0.10192057291666667,0.06330647786458334,0.14454182942708327,positive,carrier frequency; absolute,21,0,171,14,0,10
NAIVE|IID|RADIUS_C0|MLOSS,0.3854900360107422,0.38462783813476564,0.38636298497517907,positive,raw mismatch; absolute,192,0,0,24,0,0
NAIVE|IID|RADIUS_C0|U,0.6145099639892578,0.6136370150248209,0.6153721618652344,positive,raw accuracy; absolute,192,0,0,24,0,0
NAIVE|IID|RADIUS_C0|U0,0.4830729166666667,0.45048828125,0.515625,positive,raw accuracy; absolute,192,0,0,24,0,0
NAIVE|IID|RADIUS_C0|U1,0.5806732177734375,0.572280756632487,0.5910461425781249,positive,raw accuracy; absolute,192,0,0,24,0,0
NAIVE|IID|RADIUS_C0|U40,0.6164093017578125,0.6111891428629558,0.6218421936035157,positive,raw accuracy; absolute,192,0,0,24,0,0
NAIVE|IID|RADIUS_C1-NOVEL_C1|D40,0.005208333333333333,0.0,0.015625,unresolved,carrier frequency change; first minus second arm,1,0,191,1,0,23
NAIVE|IID|RADIUS_C1-NOVEL_C1|E1,-0.0003753662109374963,-0.0010478719075520699,0.0002584075927734297,unresolved,raw accuracy; first minus second arm,32,45,115,9,15,0
NAIVE|IID|RADIUS_C1-NOVEL_C1|E2,0.00021158854166666852,-0.0009247334798177136,0.0014465586344401021,unresolved,raw accuracy; first minus second arm,35,40,117,11,12,1
NAIVE|IID|RADIUS_C1-NOVEL_C1|E3,0.0006988525390624936,-0.00043144226074219295,0.001973495483398424,unresolved,raw accuracy; first minus second arm,40,36,116,12,11,1
NAIVE|IID|RADIUS_C1-NOVEL_C1|E4,0.00015563964843750647,-0.0009348805745442579,0.0011486307779948054,unresolved,raw accuracy; first minus second arm,40,37,115,14,9,1
NAIVE|IID|RADIUS_C1-NOVEL_C1|E5,0.000561523437500012,-0.0004282887776692514,0.0016154479980468811,unresolved,raw accuracy; first minus second arm,42,35,115,13,10,1
NAIVE|IID|RADIUS_C1-NOVEL_C1|E6,-0.0002532958984374917,-0.0016776529947916717,0.0011445363362630337,unresolved,raw accuracy; first minus second arm,41,36,115,10,13,1
NAIVE|IID|RADIUS_C1-NOVEL_C1|E7,-0.00024007161458333703,-0.0013419850667317533,0.0008240509033203076,unresolved,raw accuracy; first minus second arm,35,41,116,10,13,1
NAIVE|IID|RADIUS_C1-NOVEL_C1|E8,-0.0009440104166666685,-0.0019989776611328072,5.935668945312042e-05,unresolved,raw accuracy; first minus second arm,27,50,115,8,14,2
NAIVE|IID|RADIUS_C1-NOVEL_C1|F,0.0015096028645833334,-0.00378021240234375,0.010136006673177085,unresolved,carrier frequency; first minus second arm,19,58,115,6,18,0
NAIVE|IID|RADIUS_C1-NOVEL_C1|F0,0.0,0.0,0.0,structural_zero,design-implied zero,0,0,192,0,0,24
NAIVE|IID|RADIUS_C1-NOVEL_C1|F1,-0.0126953125,-0.016438802083333332,-0.00927734375,negative,carrier frequency; first minus second arm,0,54,138,0,20,4
NAIVE|IID|RADIUS_C1-NOVEL_C1|F40,0.005208333333333333,0.0,0.015625,unresolved,carrier frequency; first minus second arm,1,0,191,1,0,23
NAIVE|IID|RADIUS_C1-NOVEL_C1|FE1,-0.0069010416666666664,-0.010157063802083333,-0.004134114583333333,negative,carrier frequency; first minus second arm,18,58,116,4,19,1
NAIVE|IID|RADIUS_C1-NOVEL_C1|FE2,-0.0030924479166666665,-0.008138834635416667,0.0015958658854166624,unresolved,carrier frequency; first minus second arm,5,12,175,3,6,15
NAIVE|IID|RADIUS_C1-NOVEL_C1|FE3,-0.0013671875000000001,-0.010840657552083332,0.0087890625,unresolved,carrier frequency; first minus second arm,1,6,185,1,4,19
NAIVE|IID|RADIUS_C1-NOVEL_C1|FE4,0.0030924479166666665,-0.003973795572916667,0.014912109374999982,unresolved,carrier frequency; first minus second arm,1,2,189,1,2,21
NAIVE|IID|RADIUS_C1-NOVEL_C1|FE5,0.004720052083333333,-0.0009765625,0.015625,unresolved,carrier frequency; first minus second arm,1,1,190,1,1,22
NAIVE|IID|RADIUS_C1-NOVEL_C1|FE6,0.005208333333333333,0.0,0.015625,unresolved,carrier frequency; first minus second arm,1,0,191,1,0,23
NAIVE|IID|RADIUS_C1-NOVEL_C1|FE7,0.005208333333333333,0.0,0.015625,unresolved,carrier frequency; first minus second arm,1,0,191,1,0,23
NAIVE|IID|RADIUS_C1-NOVEL_C1|FE8,0.005208333333333333,0.0,0.015625,unresolved,carrier frequency; first minus second arm,1,0,191,1,0,23
NAIVE|IID|RADIUS_C1-NOVEL_C1|MLOSS,2.3142496744801844e-05,-0.00029706637064613186,0.0003405443827311328,unresolved,raw mismatch; first minus second arm,42,36,114,13,11,0
NAIVE|IID|RADIUS_C1-NOVEL_C1|U,-2.314249674479259e-05,-0.0003405443827311055,0.0002970663706461571,unresolved,raw accuracy; first minus second arm,36,42,114,11,13,0
NAIVE|IID|RADIUS_C1-NOVEL_C1|U0,0.0,0.0,0.0,structural_zero,design-implied zero,0,0,192,0,0,24
NAIVE|IID|RADIUS_C1-NOVEL_C1|U1,-0.0012003580729166667,-0.0016276041666666667,-0.0008188883463541666,negative,raw accuracy; first minus second arm,0,54,138,0,20,4
NAIVE|IID|RADIUS_C1-NOVEL_C1|U40,-0.001861572265625,-0.004348882039388021,0.0005240122477213535,unresolved,raw accuracy; first minus second arm,41,36,115,11,12,1
NAIVE|IID|RADIUS_C1-SHAM_C1|D40,0.005208333333333333,0.0,0.015625,unresolved,carrier frequency change; first minus second arm,1,0,191,1,0,23
NAIVE|IID|RADIUS_C1-SHAM_C1|E1,0.00018717447916667684,-0.00021466573079426953,0.0005911000569661536,unresolved,raw accuracy; first minus second arm,20,16,156,11,7,6
NAIVE|IID|RADIUS_C1-SHAM_C1|E2,0.0006469726562500222,-4.2851765950477455e-05,0.0013875579833984616,unresolved,raw accuracy; first minus second arm,25,11,156,12,6,6
NAIVE|IID|RADIUS_C1-SHAM_C1|E3,8.239746093749907e-05,-0.0006978352864583278,0.0009522247314453157,unresolved,raw accuracy; first minus second arm,18,18,156,9,9,6
NAIVE|IID|RADIUS_C1-SHAM_C1|E4,-0.0005940755208333343,-0.0015463511149088587,0.0002350362141927117,unresolved,raw accuracy; first minus second arm,13,23,156,7,11,6
NAIVE|IID|RADIUS_C1-SHAM_C1|E5,0.0002207438151041602,-0.00031639099121093223,0.0008443705240885458,unresolved,raw accuracy; first minus second arm,18,18,156,8,9,7
NAIVE|IID|RADIUS_C1-SHAM_C1|E6,-8.443196614584443e-05,-0.0007764943440755315,0.0005920664469400748,unresolved,raw accuracy; first minus second arm,18,18,156,9,9,6
NAIVE|IID|RADIUS_C1-SHAM_C1|E7,-0.00048522949218751205,-0.0012837727864583408,0.00024314880371090623,unresolved,raw accuracy; first minus second arm,13,23,156,6,12,6
NAIVE|IID|RADIUS_C1-SHAM_C1|E8,-0.0006093343098958157,-0.001273701985677081,-5.3838094075513684e-05,negative,raw accuracy; first minus second arm,17,19,156,7,11,6
NAIVE|IID|RADIUS_C1-SHAM_C1|F,0.004671223958333333,0.0002399698893229167,0.01292744954427083,positive,carrier frequency; first minus second arm,27,9,156,14,3,7
NAIVE|IID|RADIUS_C1-SHAM_C1|F0,0.0,0.0,0.0,structural_zero,design-implied zero,0,0,192,0,0,24
NAIVE|IID|RADIUS_C1-SHAM_C1|F1,0.0,0.0,0.0,structural_zero,design-implied zero,0,0,192,0,0,24
NAIVE|IID|RADIUS_C1-SHAM_C1|F40,0.005208333333333333,0.0,0.015625,unresolved,carrier frequency; first minus second arm,1,0,191,1,0,23
NAIVE|IID|RADIUS_C1-SHAM_C1|FE1,0.004394531250000001,0.0017578125,0.007228190104166659,positive,carrier frequency; first minus second arm,27,9,156,14,3,7
NAIVE|IID|RADIUS_C1-SHAM_C1|FE2,0.0026041666666666665,-0.0006510416666666668,0.0069010416666666664,unresolved,carrier frequency; first minus second arm,7,2,183,6,2,16
NAIVE|IID|RADIUS_C1-SHAM_C1|FE3,0.0043294270833333336,0.0,0.01220703125,unresolved,carrier frequency; first minus second arm,2,0,190,2,0,22
NAIVE|IID|RADIUS_C1-SHAM_C1|FE4,0.005208333333333333,0.0,0.015429687500000002,unresolved,carrier frequency; first minus second arm,2,0,190,2,0,22
NAIVE|IID|RADIUS_C1-SHAM_C1|FE5,0.005208333333333333,0.0,0.015625,unresolved,carrier frequency; first minus second arm,1,0,191,1,0,23
NAIVE|IID|RADIUS_C1-SHAM_C1|FE6,0.005208333333333333,0.0,0.015625,unresolved,carrier frequency; first minus second arm,1,0,191,1,0,23
NAIVE|IID|RADIUS_C1-SHAM_C1|FE7,0.005208333333333333,0.0,0.015625,unresolved,carrier frequency; first minus second arm,1,0,191,1,0,23
NAIVE|IID|RADIUS_C1-SHAM_C1|FE8,0.005208333333333333,0.0,0.015625,unresolved,carrier frequency; first minus second arm,1,0,191,1,0,23
NAIVE|IID|RADIUS_C1-SHAM_C1|MLOSS,7.947285970052315e-05,-8.164087931314962e-05,0.0002431360880533819,unresolved,raw mismatch; first minus second arm,19,17,156,12,6,6
NAIVE|IID|RADIUS_C1-SHAM_C1|U,-7.947285970051159e-05,-0.00024313608805337262,8.16408793131522e-05,unresolved,raw accuracy; first minus second arm,17,19,156,6,12,6
NAIVE|IID|RADIUS_C1-SHAM_C1|U0,0.0,0.0,0.0,structural_zero,design-implied zero,0,0,192,0,0,24
NAIVE|IID|RADIUS_C1-SHAM_C1|U1,0.0,0.0,0.0,structural_zero,design-implied zero,0,0,192,0,0,24
NAIVE|IID|RADIUS_C1-SHAM_C1|U40,-0.0009409586588541666,-0.0033365885416666665,0.0015467325846354137,unresolved,raw accuracy; first minus second arm,19,17,156,8,10,6
NAIVE|IID|RADIUS_C1|D40,-0.026041666666666668,-0.03125,-0.015625,negative,carrier frequency change; absolute,1,191,0,1,23,0
NAIVE|IID|RADIUS_C1|E1,0.6081756591796875,0.6051205444335936,0.6113647715250651,positive,raw accuracy; absolute,192,0,0,24,0,0
NAIVE|IID|RADIUS_C1|E2,0.6133626302083334,0.6112497711181641,0.6157064819335938,positive,raw accuracy; absolute,192,0,0,24,0,0
NAIVE|IID|RADIUS_C1|E3,0.6154256184895833,0.6136936442057291,0.617058359781901,positive,raw accuracy; absolute,192,0,0,24,0,0
NAIVE|IID|RADIUS_C1|E4,0.6138529459635417,0.6113868967692058,0.6161675771077474,positive,raw accuracy; absolute,192,0,0,24,0,0
NAIVE|IID|RADIUS_C1|E5,0.6165690104166667,0.6140220387776693,0.6192221069335938,positive,raw accuracy; absolute,192,0,0,24,0,0
NAIVE|IID|RADIUS_C1|E6,0.6149729410807292,0.6127684529622396,0.6173565673828126,positive,raw accuracy; absolute,192,0,0,24,0,0
NAIVE|IID|RADIUS_C1|E7,0.6151082356770833,0.6125659942626953,0.617479756673177,positive,raw accuracy; absolute,192,0,0,24,0,0
NAIVE|IID|RADIUS_C1|E8,0.614501953125,0.6119994354248047,0.6170797475179035,positive,raw accuracy; absolute,192,0,0,24,0,0
NAIVE|IID|RADIUS_C1|F,0.005839029947916667,0.0012653605143229168,0.014278361002604167,positive,carrier frequency; absolute,67,0,125,22,0,2
NAIVE|IID|RADIUS_C1|F0,0.03125,0.03125,0.03125,positive,carrier frequency; absolute,192,0,0,24,0,0
NAIVE|IID|RADIUS_C1|F1,0.018717447916666668,0.014322916666666666,0.023111979166666668,positive,carrier frequency; absolute,67,0,125,22,0,2
NAIVE|IID|RADIUS_C1|F40,0.005208333333333333,0.0,0.015625,unresolved,carrier frequency; absolute,1,0,191,1,0,23
NAIVE|IID|RADIUS_C1|FE1,0.0130859375,0.008917643229166666,0.017415364583333332,positive,carrier frequency; absolute,67,0,125,22,0,2
NAIVE|IID|RADIUS_C1|FE2,0.0032552083333333335,0.00025960286458333337,0.007584635416666666,positive,carrier frequency; absolute,8,0,184,7,0,17
NAIVE|IID|RADIUS_C1|FE3,0.0043294270833333336,0.0,0.01220703125,unresolved,carrier frequency; absolute,2,0,190,2,0,22
NAIVE|IID|RADIUS_C1|FE4,0.005208333333333333,0.0,0.015429687500000002,unresolved,carrier frequency; absolute,2,0,190,2,0,22
NAIVE|IID|RADIUS_C1|FE5,0.005208333333333333,0.0,0.015625,unresolved,carrier frequency; absolute,1,0,191,1,0,23
NAIVE|IID|RADIUS_C1|FE6,0.005208333333333333,0.0,0.015625,unresolved,carrier frequency; absolute,1,0,191,1,0,23
NAIVE|IID|RADIUS_C1|FE7,0.005208333333333333,0.0,0.015625,unresolved,carrier frequency; absolute,1,0,191,1,0,23
NAIVE|IID|RADIUS_C1|FE8,0.005208333333333333,0.0,0.015625,unresolved,carrier frequency; absolute,1,0,191,1,0,23
NAIVE|IID|RADIUS_C1|MLOSS,0.38600387573242195,0.3851607322692872,0.3868344688415527,positive,raw mismatch; absolute,192,0,0,24,0,0
NAIVE|IID|RADIUS_C1|U,0.6139961242675781,0.6131655311584472,0.6148392677307128,positive,raw accuracy; absolute,192,0,0,24,0,0
NAIVE|IID|RADIUS_C1|U0,0.4830729166666667,0.45048828125,0.515625,positive,raw accuracy; absolute,192,0,0,24,0,0
NAIVE|IID|RADIUS_C1|U1,0.5804901123046875,0.5721021016438802,0.5908727010091146,positive,raw accuracy; absolute,192,0,0,24,0,0
NAIVE|IID|RADIUS_C1|U40,0.6163177490234375,0.609231694539388,0.6236319224039714,positive,raw accuracy; absolute,192,0,0,24,0,0
NAIVE|IID|SHAM_C0|D40,-0.015625,-0.03125,0.005208333333333333,unresolved,carrier frequency change; absolute,3,189,0,3,21,0
NAIVE|IID|SHAM_C0|E1,0.6080281575520833,0.6050383758544922,0.611371103922526,positive,raw accuracy; absolute,192,0,0,24,0,0
NAIVE|IID|SHAM_C0|E2,0.6129831949869792,0.6111491394042969,0.6149581654866537,positive,raw accuracy; absolute,192,0,0,24,0,0
NAIVE|IID|SHAM_C0|E3,0.6157084147135417,0.6138285319010418,0.6175999196370443,positive,raw accuracy; absolute,192,0,0,24,0,0
NAIVE|IID|SHAM_C0|E4,0.61427001953125,0.6117083994547526,0.6167797088623047,positive,raw accuracy; absolute,192,0,0,24,0,0
NAIVE|IID|SHAM_C0|E5,0.6152475992838542,0.6128976186116537,0.6176900990804035,positive,raw accuracy; absolute,192,0,0,24,0,0
NAIVE|IID|SHAM_C0|E6,0.6141448974609375,0.6121876525878907,0.6162294514973959,positive,raw accuracy; absolute,192,0,0,24,0,0
NAIVE|IID|SHAM_C0|E7,0.6156148274739582,0.6132086944580077,0.6179728444417317,positive,raw accuracy; absolute,192,0,0,24,0,0
NAIVE|IID|SHAM_C0|E8,0.6139892578125,0.6115960184733072,0.6164798482259114,positive,raw accuracy; absolute,192,0,0,24,0,0
NAIVE|IID|SHAM_C0|F,0.02206624348958333,0.009452107747395832,0.03831075032552082,positive,carrier frequency; absolute,127,0,65,24,0,0
NAIVE|IID|SHAM_C0|F0,0.03125,0.03125,0.03125,positive,carrier frequency; absolute,192,0,0,24,0,0
NAIVE|IID|SHAM_C0|F1,0.033365885416666664,0.029459635416666668,0.03759765625,positive,carrier frequency; absolute,127,0,65,24,0,0
NAIVE|IID|SHAM_C0|F40,0.015625,0.0,0.036458333333333336,unresolved,carrier frequency; absolute,3,0,189,3,0,21
NAIVE|IID|SHAM_C0|FE1,0.03544921875,0.02688720703125,0.04537923177083333,positive,carrier frequency; absolute,127,0,65,24,0,0
NAIVE|IID|SHAM_C0|FE2,0.025065104166666668,0.01454833984375,0.03717447916666666,positive,carrier frequency; absolute,32,0,160,17,0,7
NAIVE|IID|SHAM_C0|FE3,0.024804687499999995,0.0099267578125,0.04410888671874999,positive,carrier frequency; absolute,13,0,179,12,0,12
NAIVE|IID|SHAM_C0|FE4,0.022265625,0.006018880208333334,0.04323079427083333,positive,carrier frequency; absolute,7,0,185,6,0,18
NAIVE|IID|SHAM_C0|FE5,0.02096354166666667,0.0053059895833333336,0.040830078124999954,positive,carrier frequency; absolute,7,0,185,6,0,18
NAIVE|IID|SHAM_C0|FE6,0.016731770833333333,0.0011067708333333333,0.036458333333333336,positive,carrier frequency; absolute,4,0,188,4,0,20
NAIVE|IID|SHAM_C0|FE7,0.015625,0.0,0.036458333333333336,unresolved,carrier frequency; absolute,3,0,189,3,0,21
NAIVE|IID|SHAM_C0|FE8,0.015625,0.0,0.036458333333333336,unresolved,carrier frequency; absolute,3,0,189,3,0,21
NAIVE|IID|SHAM_C0|MLOSS,0.386251703898112,0.3854925950368246,0.386985870997111,positive,raw mismatch; absolute,192,0,0,24,0,0
NAIVE|IID|SHAM_C0|U,0.613748296101888,0.6130141290028891,0.6145074049631755,positive,raw accuracy; absolute,192,0,0,24,0,0
NAIVE|IID|SHAM_C0|U0,0.4830729166666667,0.45048828125,0.515625,positive,raw accuracy; absolute,192,0,0,24,0,0
NAIVE|IID|SHAM_C0|U1,0.5806732177734375,0.572280756632487,0.5910461425781249,positive,raw accuracy; absolute,192,0,0,24,0,0
NAIVE|IID|SHAM_C0|U40,0.6143900553385416,0.6089883168538411,0.6205757141113282,positive,raw accuracy; absolute,192,0,0,24,0,0
NAIVE|IID|SHAM_C1|D40,-0.03125,-0.03125,-0.03125,negative,carrier frequency change; absolute,0,192,0,0,24,0
NAIVE|IID|SHAM_C1|E1,0.6079884847005208,0.6050123850504557,0.6111666361490886,positive,raw accuracy; absolute,192,0,0,24,0,0
NAIVE|IID|SHAM_C1|E2,0.6127156575520832,0.6108700561523438,0.6148570505777994,positive,raw accuracy; absolute,192,0,0,24,0,0
NAIVE|IID|SHAM_C1|E3,0.6153432210286458,0.6137694803873698,0.6168336232503255,positive,raw accuracy; absolute,192,0,0,24,0,0
NAIVE|IID|SHAM_C1|E4,0.614447021484375,0.6119006601969401,0.6169354502360026,positive,raw accuracy; absolute,192,0,0,24,0,0
NAIVE|IID|SHAM_C1|E5,0.6163482666015625,0.6138140614827474,0.6189922587076824,positive,raw accuracy; absolute,192,0,0,24,0,0
NAIVE|IID|SHAM_C1|E6,0.615057373046875,0.6127266693115234,0.6174775187174479,positive,raw accuracy; absolute,192,0,0,24,0,0
NAIVE|IID|SHAM_C1|E7,0.6155934651692708,0.6133930714925131,0.6177176411946615,positive,raw accuracy; absolute,192,0,0,24,0,0
NAIVE|IID|SHAM_C1|E8,0.6151112874348957,0.6124538421630858,0.6178876495361327,positive,raw accuracy; absolute,192,0,0,24,0,0
NAIVE|IID|SHAM_C1|F,0.0011678059895833333,0.0007853190104166667,0.0015708414713541659,positive,carrier frequency; absolute,67,0,125,22,0,2
NAIVE|IID|SHAM_C1|F0,0.03125,0.03125,0.03125,positive,carrier frequency; absolute,192,0,0,24,0,0
NAIVE|IID|SHAM_C1|F1,0.018717447916666668,0.014322916666666666,0.023111979166666668,positive,carrier frequency; absolute,67,0,125,22,0,2
NAIVE|IID|SHAM_C1|F40,0.0,0.0,0.0,observed_exact_zero,sampled equality; not a design guarantee,0,0,192,0,0,24
NAIVE|IID|SHAM_C1|FE1,0.00869140625,0.00608642578125,0.011394042968749999,positive,carrier frequency; absolute,67,0,125,22,0,2
NAIVE|IID|SHAM_C1|FE2,0.0006510416666666666,0.0,0.00166015625,unresolved,carrier frequency; absolute,2,0,190,2,0,22
NAIVE|IID|SHAM_C1|FE3,0.0,0.0,0.0,observed_exact_zero,sampled equality; not a design guarantee,0,0,192,0,0,24
NAIVE|IID|SHAM_C1|FE4,0.0,0.0,0.0,observed_exact_zero,sampled equality; not a design guarantee,0,0,192,0,0,24
NAIVE|IID|SHAM_C1|FE5,0.0,0.0,0.0,observed_exact_zero,sampled equality; not a design guarantee,0,0,192,0,0,24
NAIVE|IID|SHAM_C1|FE6,0.0,0.0,0.0,observed_exact_zero,sampled equality; not a design guarantee,0,0,192,0,0,24
NAIVE|IID|SHAM_C1|FE7,0.0,0.0,0.0,observed_exact_zero,sampled equality; not a design guarantee,0,0,192,0,0,24
NAIVE|IID|SHAM_C1|FE8,0.0,0.0,0.0,observed_exact_zero,sampled equality; not a design guarantee,0,0,192,0,0,24
NAIVE|IID|SHAM_C1|MLOSS,0.3859244028727214,0.3851019509633382,0.3867070897420248,positive,raw mismatch; absolute,192,0,0,24,0,0
NAIVE|IID|SHAM_C1|U,0.6140755971272785,0.6132929102579753,0.6148980490366618,positive,raw accuracy; absolute,192,0,0,24,0,0
NAIVE|IID|SHAM_C1|U0,0.4830729166666667,0.45048828125,0.515625,positive,raw accuracy; absolute,192,0,0,24,0,0
NAIVE|IID|SHAM_C1|U1,0.5804901123046875,0.5721021016438802,0.5908727010091146,positive,raw accuracy; absolute,192,0,0,24,0,0
NAIVE|IID|SHAM_C1|U40,0.6172587076822916,0.6100917816162109,0.6251832326253255,positive,raw accuracy; absolute,192,0,0,24,0,0
NAIVE|RECUR_MINUS_IID|ACTIVE_C0-RADIUS_C0|D40,0.08056640625,0.009590657552083335,0.14632161458333334,positive,carrier frequency change; recurrence-minus-IID difference,31,17,144,14,4,6
NAIVE|RECUR_MINUS_IID|ACTIVE_C0-RADIUS_C0|E1,0.00016682942708332502,-0.00031956990559892757,0.0006307220458984226,unresolved,raw accuracy; recurrence-minus-IID difference,60,54,78,14,10,0
NAIVE|RECUR_MINUS_IID|ACTIVE_C0-RADIUS_C0|E2,0.001546223958333338,-0.0007151540120443135,0.003755849202473983,unresolved,raw accuracy; recurrence-minus-IID difference,61,53,78,12,12,0
NAIVE|RECUR_MINUS_IID|ACTIVE_C0-RADIUS_C0|E3,0.003073120117187476,0.00028462727864582817,0.0060880279541015445,positive,raw accuracy; recurrence-minus-IID difference,63,51,78,16,8,0
NAIVE|RECUR_MINUS_IID|ACTIVE_C0-RADIUS_C0|E4,0.006687418619791691,0.0025298817952474255,0.011214421590169292,positive,raw accuracy; recurrence-minus-IID difference,70,44,78,18,6,0
NAIVE|RECUR_MINUS_IID|ACTIVE_C0-RADIUS_C0|E5,0.010342407226562498,0.004583384195963541,0.01657933553059895,positive,raw accuracy; recurrence-minus-IID difference,68,43,81,18,6,0
NAIVE|RECUR_MINUS_IID|ACTIVE_C0-RADIUS_C0|E6,0.01392008463541664,0.006974232991536425,0.021353505452473925,positive,raw accuracy; recurrence-minus-IID difference,72,41,79,18,6,0
NAIVE|RECUR_MINUS_IID|ACTIVE_C0-RADIUS_C0|E7,0.01666463216145835,0.008552424112955764,0.025517654418945337,positive,raw accuracy; recurrence-minus-IID difference,65,48,79,18,6,0
NAIVE|RECUR_MINUS_IID|ACTIVE_C0-RADIUS_C0|E8,0.021212768554687487,0.011913833618164057,0.031172332763671873,positive,raw accuracy; recurrence-minus-IID difference,72,39,81,21,3,0
NAIVE|RECUR_MINUS_IID|ACTIVE_C0-RADIUS_C0|F,0.05284016927083334,-0.0016931152343749995,0.10584788004557291,unresolved,carrier frequency; recurrence-minus-IID difference,75,40,77,17,7,0
NAIVE|RECUR_MINUS_IID|ACTIVE_C0-RADIUS_C0|F0,0.0,0.0,0.0,structural_zero,design-implied zero,0,0,192,0,0,24
NAIVE|RECUR_MINUS_IID|ACTIVE_C0-RADIUS_C0|F1,0.0,0.0,0.0,structural_zero,design-implied zero,0,0,192,0,0,24
NAIVE|RECUR_MINUS_IID|ACTIVE_C0-RADIUS_C0|F40,0.08056640625,0.009590657552083335,0.14632161458333334,positive,carrier frequency; recurrence-minus-IID difference,31,17,144,14,4,6
NAIVE|RECUR_MINUS_IID|ACTIVE_C0-RADIUS_C0|FE1,0.008626302083333336,-0.003028157552083332,0.01894612630208333,unresolved,carrier frequency; recurrence-minus-IID difference,65,47,80,16,8,0
NAIVE|RECUR_MINUS_IID|ACTIVE_C0-RADIUS_C0|FE2,0.03821614583333333,-0.002282714843749995,0.07926839192708332,unresolved,carrier frequency; recurrence-minus-IID difference,60,33,99,14,10,0
NAIVE|RECUR_MINUS_IID|ACTIVE_C0-RADIUS_C0|FE3,0.03463541666666667,-0.021029459635416668,0.09229003906249997,unresolved,carrier frequency; recurrence-minus-IID difference,48,27,117,14,10,0
NAIVE|RECUR_MINUS_IID|ACTIVE_C0-RADIUS_C0|FE4,0.05078125,-0.01439208984375,0.11873128255208326,unresolved,carrier frequency; recurrence-minus-IID difference,36,26,130,12,10,2
NAIVE|RECUR_MINUS_IID|ACTIVE_C0-RADIUS_C0|FE5,0.06227213541666667,-0.00866455078125,0.13053873697916663,unresolved,carrier frequency; recurrence-minus-IID difference,34,22,136,14,8,2
NAIVE|RECUR_MINUS_IID|ACTIVE_C0-RADIUS_C0|FE6,0.06956380208333333,-0.00021972656250000128,0.13786051432291666,unresolved,carrier frequency; recurrence-minus-IID difference,33,21,138,15,6,3
NAIVE|RECUR_MINUS_IID|ACTIVE_C0-RADIUS_C0|FE7,0.0783203125,0.00744140625,0.14443603515624998,positive,carrier frequency; recurrence-minus-IID difference,33,18,141,15,5,4
NAIVE|RECUR_MINUS_IID|ACTIVE_C0-RADIUS_C0|FE8,0.08030598958333333,0.00862386067708333,0.14584554036458328,positive,carrier frequency; recurrence-minus-IID difference,32,17,143,14,5,5
NAIVE|RECUR_MINUS_IID|ACTIVE_C0-RADIUS_C0|MLOSS,-0.009201685587565117,-0.014230896631876646,-0.004539756774902378,negative,raw mismatch; recurrence-minus-IID difference,49,66,77,6,18,0
NAIVE|RECUR_MINUS_IID|ACTIVE_C0-RADIUS_C0|U,0.009201685587565128,0.004539756774902351,0.014230896631876686,positive,raw accuracy; recurrence-minus-IID difference,66,49,77,18,6,0
NAIVE|RECUR_MINUS_IID|ACTIVE_C0-RADIUS_C0|U0,0.0,0.0,0.0,structural_zero,design-implied zero,0,0,192,0,0,24
NAIVE|RECUR_MINUS_IID|ACTIVE_C0-RADIUS_C0|U1,0.0,0.0,0.0,structural_zero,design-implied zero,0,0,192,0,0,24
NAIVE|RECUR_MINUS_IID|ACTIVE_C0-RADIUS_C0|U40,0.02545166015625,0.014661407470703125,0.03655700683593749,positive,raw accuracy; recurrence-minus-IID difference,77,33,82,19,5,0
NAIVE|RECUR_MINUS_IID|ACTIVE_C1-RADIUS_C1|D40,0.026041666666666668,0.0,0.0625,unresolved,carrier frequency change; recurrence-minus-IID difference,5,0,187,2,0,22
NAIVE|RECUR_MINUS_IID|ACTIVE_C1-RADIUS_C1|E1,0.000601196289062513,0.0002176666259765728,0.0010508728027343772,positive,raw accuracy; recurrence-minus-IID difference,39,21,132,16,8,0
NAIVE|RECUR_MINUS_IID|ACTIVE_C1-RADIUS_C1|E2,0.0009470621744791888,0.00028683980305992227,0.0016622924804687458,positive,raw accuracy; recurrence-minus-IID difference,32,27,133,15,9,0
NAIVE|RECUR_MINUS_IID|ACTIVE_C1-RADIUS_C1|E3,6.306966145834998e-05,-0.0012482452392578328,0.0013937632242838759,unresolved,raw accuracy; recurrence-minus-IID difference,27,30,135,13,11,0
NAIVE|RECUR_MINUS_IID|ACTIVE_C1-RADIUS_C1|E4,0.0009887695312500028,-0.000796559651692724,0.003049875895182293,unresolved,raw accuracy; recurrence-minus-IID difference,28,29,135,13,11,0
NAIVE|RECUR_MINUS_IID|ACTIVE_C1-RADIUS_C1|E5,0.0015106201171874954,-0.00043485005696613924,0.0041352844238281014,unresolved,raw accuracy; recurrence-minus-IID difference,23,34,135,13,11,0
NAIVE|RECUR_MINUS_IID|ACTIVE_C1-RADIUS_C1|E6,0.002498372395833342,0.00013425191243493924,0.005578918457031281,positive,raw accuracy; recurrence-minus-IID difference,36,22,134,16,8,0
NAIVE|RECUR_MINUS_IID|ACTIVE_C1-RADIUS_C1|E7,0.0023254394531249853,-0.0007914479573567723,0.006346155802408822,unresolved,raw accuracy; recurrence-minus-IID difference,27,30,135,11,13,0
NAIVE|RECUR_MINUS_IID|ACTIVE_C1-RADIUS_C1|E8,0.0026611328125000083,-0.0008942413330077816,0.007104085286458327,unresolved,raw accuracy; recurrence-minus-IID difference,30,27,135,12,12,0
NAIVE|RECUR_MINUS_IID|ACTIVE_C1-RADIUS_C1|F,0.019653320312499997,0.00035380045572916695,0.04641357421874995,positive,carrier frequency; recurrence-minus-IID difference,40,20,132,18,5,1
NAIVE|RECUR_MINUS_IID|ACTIVE_C1-RADIUS_C1|F0,0.0,0.0,0.0,structural_zero,design-implied zero,0,0,192,0,0,24
NAIVE|RECUR_MINUS_IID|ACTIVE_C1-RADIUS_C1|F1,0.0,0.0,0.0,structural_zero,design-implied zero,0,0,192,0,0,24
NAIVE|RECUR_MINUS_IID|ACTIVE_C1-RADIUS_C1|F40,0.026041666666666668,0.0,0.0625,unresolved,carrier frequency; recurrence-minus-IID difference,5,0,187,2,0,22
NAIVE|RECUR_MINUS_IID|ACTIVE_C1-RADIUS_C1|FE1,0.004101562500000002,-0.0020182291666666643,0.008823242187499991,unresolved,carrier frequency; recurrence-minus-IID difference,40,20,132,20,4,0
NAIVE|RECUR_MINUS_IID|ACTIVE_C1-RADIUS_C1|FE2,0.010579427083333334,0.00038981119791666656,0.023177083333333334,positive,carrier frequency; recurrence-minus-IID difference,16,6,170,11,5,8
NAIVE|RECUR_MINUS_IID|ACTIVE_C1-RADIUS_C1|FE3,0.018717447916666664,0.0005183919270833337,0.043070475260416644,positive,carrier frequency; recurrence-minus-IID difference,8,1,183,5,1,18
NAIVE|RECUR_MINUS_IID|ACTIVE_C1-RADIUS_C1|FE4,0.023665364583333334,-6.510416666666667e-05,0.057814127604166654,unresolved,carrier frequency; recurrence-minus-IID difference,6,1,185,3,1,20
NAIVE|RECUR_MINUS_IID|ACTIVE_C1-RADIUS_C1|FE5,0.023307291666666664,0.0,0.05703125,unresolved,carrier frequency; recurrence-minus-IID difference,5,0,187,2,0,22
NAIVE|RECUR_MINUS_IID|ACTIVE_C1-RADIUS_C1|FE6,0.024772135416666664,0.0,0.0599609375,unresolved,carrier frequency; recurrence-minus-IID difference,5,0,187,2,0,22
NAIVE|RECUR_MINUS_IID|ACTIVE_C1-RADIUS_C1|FE7,0.026041666666666668,0.0,0.0625,unresolved,carrier frequency; recurrence-minus-IID difference,5,0,187,2,0,22
NAIVE|RECUR_MINUS_IID|ACTIVE_C1-RADIUS_C1|FE8,0.026041666666666668,0.0,0.0625,unresolved,carrier frequency; recurrence-minus-IID difference,5,0,187,2,0,22
NAIVE|RECUR_MINUS_IID|ACTIVE_C1-RADIUS_C1|MLOSS,-0.001449457804361982,-0.003601214090983076,0.00014514923095702788,unresolved,raw mismatch; recurrence-minus-IID difference,27,33,132,12,12,0
NAIVE|RECUR_MINUS_IID|ACTIVE_C1-RADIUS_C1|U,0.0014494578043619765,-0.00014514923095704756,0.0036012140909830845,unresolved,raw accuracy; recurrence-minus-IID difference,33,27,132,12,12,0
NAIVE|RECUR_MINUS_IID|ACTIVE_C1-RADIUS_C1|U0,0.0,0.0,0.0,structural_zero,design-implied zero,0,0,192,0,0,24
NAIVE|RECUR_MINUS_IID|ACTIVE_C1-RADIUS_C1|U1,0.0,0.0,0.0,structural_zero,design-implied zero,0,0,192,0,0,24
NAIVE|RECUR_MINUS_IID|ACTIVE_C1-RADIUS_C1|U40,0.0022430419921875,-0.002446746826171875,0.007355499267578121,unresolved,raw accuracy; recurrence-minus-IID difference,33,23,136,13,11,0
NAIVE|RECUR|ACTIVE_C0-RADIUS_C0|D40,0.08186848958333333,0.019368489583333332,0.14290364583333334,positive,carrier frequency change; first minus second arm,20,4,168,13,3,8
NAIVE|RECUR|ACTIVE_C0-RADIUS_C0|E1,-0.00010172526041667591,-0.0004506683349609347,0.0002807871500650983,unresolved,raw accuracy; first minus second arm,35,26,131,12,10,2
NAIVE|RECUR|ACTIVE_C0-RADIUS_C0|E2,0.001491292317708351,-0.0004670206705728986,0.003313242594401059,unresolved,raw accuracy; first minus second arm,40,22,130,14,8,2
NAIVE|RECUR|ACTIVE_C0-RADIUS_C0|E3,0.0035237630208333204,0.0008178456624348654,0.0064436086018879925,positive,raw accuracy; first minus second arm,40,20,132,13,9,2
NAIVE|RECUR|ACTIVE_C0-RADIUS_C0|E4,0.007191975911458361,0.0030221557617187995,0.0115612538655599,positive,raw accuracy; first minus second arm,46,14,132,17,5,2
NAIVE|RECUR|ACTIVE_C0-RADIUS_C0|E5,0.010872395833333345,0.005528259277343755,0.016616414388020837,positive,raw accuracy; first minus second arm,42,16,134,18,3,3
NAIVE|RECUR|ACTIVE_C0-RADIUS_C0|E6,0.014686075846354141,0.007673441569010371,0.022092310587565066,positive,raw accuracy; first minus second arm,50,7,135,19,2,3
NAIVE|RECUR|ACTIVE_C0-RADIUS_C0|E7,0.01755269368489584,0.00946634928385418,0.026170654296875002,positive,raw accuracy; first minus second arm,40,16,136,17,5,2
NAIVE|RECUR|ACTIVE_C0-RADIUS_C0|E8,0.020857747395833338,0.011590703328450535,0.030668741861979175,positive,raw accuracy; first minus second arm,45,13,134,17,4,3
NAIVE|RECUR|ACTIVE_C0-RADIUS_C0|F,0.06124674479166666,0.013798116048177083,0.109195556640625,positive,carrier frequency; first minus second arm,41,20,131,17,4,3
NAIVE|RECUR|ACTIVE_C0-RADIUS_C0|F0,0.0,0.0,0.0,structural_zero,design-implied zero,0,0,192,0,0,24
NAIVE|RECUR|ACTIVE_C0-RADIUS_C0|F1,0.0,0.0,0.0,structural_zero,design-implied zero,0,0,192,0,0,24
NAIVE|RECUR|ACTIVE_C0-RADIUS_C0|F40,0.08186848958333333,0.019368489583333332,0.14290364583333334,positive,carrier frequency; first minus second arm,20,4,168,13,3,8
NAIVE|RECUR|ACTIVE_C0-RADIUS_C0|FE1,0.005924479166666667,-0.00035888671875000043,0.011914876302083332,unresolved,carrier frequency; first minus second arm,38,23,131,16,6,2
NAIVE|RECUR|ACTIVE_C0-RADIUS_C0|FE2,0.04339192708333334,0.011164550781250004,0.07692626953124997,positive,carrier frequency; first minus second arm,33,15,144,17,4,3
NAIVE|RECUR|ACTIVE_C0-RADIUS_C0|FE3,0.05930989583333333,0.011195475260416664,0.10833740234374999,positive,carrier frequency; first minus second arm,25,8,159,16,3,5
NAIVE|RECUR|ACTIVE_C0-RADIUS_C0|FE4,0.06848958333333333,0.010252278645833328,0.12782389322916654,positive,carrier frequency; first minus second arm,20,8,164,14,3,7
NAIVE|RECUR|ACTIVE_C0-RADIUS_C0|FE5,0.07340494791666667,0.011458333333333334,0.13554768880208332,positive,carrier frequency; first minus second arm,20,5,167,13,3,8
NAIVE|RECUR|ACTIVE_C0-RADIUS_C0|FE6,0.07783203125,0.015397135416666666,0.1386083984375,positive,carrier frequency; first minus second arm,20,5,167,13,3,8
NAIVE|RECUR|ACTIVE_C0-RADIUS_C0|FE7,0.08059895833333335,0.018098958333333335,0.140625,positive,carrier frequency; first minus second arm,20,4,168,13,3,8
NAIVE|RECUR|ACTIVE_C0-RADIUS_C0|FE8,0.08102213541666667,0.018522135416666665,0.1412109375,positive,carrier frequency; first minus second arm,20,4,168,13,3,8
NAIVE|RECUR|ACTIVE_C0-RADIUS_C0|MLOSS,-0.009509277343749997,-0.014491128921508783,-0.004812994003295897,negative,raw mismatch; first minus second arm,14,48,130,3,19,2
NAIVE|RECUR|ACTIVE_C0-RADIUS_C0|U,0.009509277343749989,0.004812994003295888,0.014491128921508735,positive,raw accuracy; first minus second arm,48,14,130,19,3,2
NAIVE|RECUR|ACTIVE_C0-RADIUS_C0|U0,0.0,0.0,0.0,structural_zero,design-implied zero,0,0,192,0,0,24
NAIVE|RECUR|ACTIVE_C0-RADIUS_C0|U1,0.0,0.0,0.0,structural_zero,design-implied zero,0,0,192,0,0,24
NAIVE|RECUR|ACTIVE_C0-RADIUS_C0|U40,0.022852579752604168,0.012873331705729166,0.03346341451009114,positive,raw accuracy; first minus second arm,44,13,135,17,5,2
NAIVE|RECUR|ACTIVE_C0|D40,0.11458333333333333,0.057291666666666664,0.171875,positive,carrier frequency change; absolute,28,164,0,16,8,0
NAIVE|RECUR|ACTIVE_C0|E1,0.6224578857421875,0.6169884999593099,0.6281175994873046,positive,raw accuracy; absolute,192,0,0,24,0,0
NAIVE|RECUR|ACTIVE_C0|E2,0.6754445393880207,0.6654913838704428,0.6859915924072265,positive,raw accuracy; absolute,192,0,0,24,0,0
NAIVE|RECUR|ACTIVE_C0|E3,0.7087748209635416,0.6969415028889974,0.722080586751302,positive,raw accuracy; absolute,192,0,0,24,0,0
NAIVE|RECUR|ACTIVE_C0|E4,0.7277455647786457,0.7138043467203775,0.7432636006673177,positive,raw accuracy; absolute,192,0,0,24,0,0
NAIVE|RECUR|ACTIVE_C0|E5,0.7403218587239583,0.7250837453206381,0.7571407572428385,positive,raw accuracy; absolute,192,0,0,24,0,0
NAIVE|RECUR|ACTIVE_C0|E6,0.7427602132161458,0.7281150817871095,0.7594612121582033,positive,raw accuracy; absolute,192,0,0,24,0,0
NAIVE|RECUR|ACTIVE_C0|E7,0.7480763753255207,0.7336596425374349,0.7640388997395833,positive,raw accuracy; absolute,192,0,0,24,0,0
NAIVE|RECUR|ACTIVE_C0|E8,0.7490509033203127,0.7351236216227215,0.7646591695149739,positive,raw accuracy; absolute,192,0,0,24,0,0
NAIVE|RECUR|ACTIVE_C0|F,0.12099202473958333,0.076783447265625,0.16897277832031243,positive,carrier frequency; absolute,112,0,80,24,0,0
NAIVE|RECUR|ACTIVE_C0|F0,0.03125,0.03125,0.03125,positive,carrier frequency; absolute,192,0,0,24,0,0
NAIVE|RECUR|ACTIVE_C0|F1,0.029134114583333332,0.025553385416666668,0.032877604166666664,positive,carrier frequency; absolute,112,0,80,24,0,0
NAIVE|RECUR|ACTIVE_C0|F40,0.14583333333333334,0.08854166666666667,0.203125,positive,carrier frequency; absolute,28,0,164,16,0,8
NAIVE|RECUR|ACTIVE_C0|FE1,0.04772135416666667,0.034863281249999996,0.06093994140624999,positive,carrier frequency; absolute,112,0,80,24,0,0
NAIVE|RECUR|ACTIVE_C0|FE2,0.09847005208333333,0.06279215494791668,0.13580729166666666,positive,carrier frequency; absolute,40,0,152,20,0,4
NAIVE|RECUR|ACTIVE_C0|FE3,0.1181640625,0.07163004557291668,0.1674837239583333,positive,carrier frequency; absolute,32,0,160,19,0,5
NAIVE|RECUR|ACTIVE_C0|FE4,0.13118489583333334,0.07597330729166667,0.18926269531249995,positive,carrier frequency; absolute,28,0,164,16,0,8
NAIVE|RECUR|ACTIVE_C0|FE5,0.13834635416666666,0.0828125,0.19605631510416652,positive,carrier frequency; absolute,28,0,164,16,0,8
NAIVE|RECUR|ACTIVE_C0|FE6,0.14241536458333334,0.08707275390625001,0.2001953125,positive,carrier frequency; absolute,28,0,164,16,0,8
NAIVE|RECUR|ACTIVE_C0|FE7,0.14580078124999998,0.08854166666666667,0.20309244791666667,positive,carrier frequency; absolute,28,0,164,16,0,8
NAIVE|RECUR|ACTIVE_C0|FE8,0.14583333333333334,0.08854166666666667,0.203125,positive,carrier frequency; absolute,28,0,164,16,0,8
NAIVE|RECUR|ACTIVE_C0|MLOSS,0.28567097981770834,0.2723477427164714,0.29773478507995604,positive,raw mismatch; absolute,192,0,0,24,0,0
NAIVE|RECUR|ACTIVE_C0|U,0.7143290201822916,0.7022652149200439,0.7276522572835286,positive,raw accuracy; absolute,192,0,0,24,0,0
NAIVE|RECUR|ACTIVE_C0|U0,0.5143229166666666,0.484375,0.54296875,positive,raw accuracy; absolute,192,0,0,24,0,0
NAIVE|RECUR|ACTIVE_C0|U1,0.5881805419921875,0.5787237803141276,0.5989140828450521,positive,raw accuracy; absolute,192,0,0,24,0,0
NAIVE|RECUR|ACTIVE_C0|U40,0.7461954752604166,0.7327354431152343,0.7619288126627604,positive,raw accuracy; absolute,192,0,0,24,0,0
NAIVE|RECUR|ACTIVE_C1-RADIUS_C1|D40,0.020833333333333332,0.0,0.052083333333333336,unresolved,carrier frequency change; first minus second arm,4,0,188,2,0,22
NAIVE|RECUR|ACTIVE_C1-RADIUS_C1|E1,0.00022684733072917315,6.510416666669916e-05,0.0004028320312499994,positive,raw accuracy; first minus second arm,23,9,160,12,5,7
NAIVE|RECUR|ACTIVE_C1-RADIUS_C1|E2,0.0003112792968750083,-0.00018119812011717118,0.0008260345458984489,unresolved,raw accuracy; first minus second arm,17,13,162,10,6,8
NAIVE|RECUR|ACTIVE_C1-RADIUS_C1|E3,0.0005828857421875203,-0.0005108133951822714,0.0018076833089193058,unresolved,raw accuracy; first minus second arm,17,12,163,9,7,8
NAIVE|RECUR|ACTIVE_C1-RADIUS_C1|E4,0.0015574137369791657,0.00017901102701822826,0.0034149932861328148,positive,raw accuracy; first minus second arm,19,9,164,14,2,8
NAIVE|RECUR|ACTIVE_C1-RADIUS_C1|E5,0.0013895670572916519,-0.0005697631835937592,0.004004364013671853,unresolved,raw accuracy; first minus second arm,9,18,165,6,10,8
NAIVE|RECUR|ACTIVE_C1-RADIUS_C1|E6,0.002207438151041676,4.168192545576458e-05,0.005190353393554688,positive,raw accuracy; first minus second arm,22,6,164,13,3,8
NAIVE|RECUR|ACTIVE_C1-RADIUS_C1|E7,0.002518717447916661,-0.00023808797200521384,0.006299972534179675,unresolved,raw accuracy; first minus second arm,14,13,165,7,9,8
NAIVE|RECUR|ACTIVE_C1-RADIUS_C1|E8,0.0031962076822916554,8.338928222655132e-05,0.007294184366861963,positive,raw accuracy; first minus second arm,20,7,165,12,4,8
NAIVE|RECUR|ACTIVE_C1-RADIUS_C1|F,0.01519368489583333,7.934570312500268e-06,0.03687835693359374,positive,carrier frequency; first minus second arm,18,13,161,9,7,8
NAIVE|RECUR|ACTIVE_C1-RADIUS_C1|F0,0.0,0.0,0.0,structural_zero,design-implied zero,0,0,192,0,0,24
NAIVE|RECUR|ACTIVE_C1-RADIUS_C1|F1,0.0,0.0,0.0,structural_zero,design-implied zero,0,0,192,0,0,24
NAIVE|RECUR|ACTIVE_C1-RADIUS_C1|F40,0.020833333333333332,0.0,0.052083333333333336,unresolved,carrier frequency; first minus second arm,4,0,188,2,0,22
NAIVE|RECUR|ACTIVE_C1-RADIUS_C1|FE1,0.0017578125000000005,-0.0002929687499999986,0.003875325520833325,unresolved,carrier frequency; first minus second arm,19,12,161,10,7,7
NAIVE|RECUR|ACTIVE_C1-RADIUS_C1|FE2,0.0076171875,-0.0007812500000000002,0.017677408854166656,unresolved,carrier frequency; first minus second arm,8,3,181,6,3,15
NAIVE|RECUR|ACTIVE_C1-RADIUS_C1|FE3,0.014388020833333334,-0.0001359049479166663,0.033430989583333334,unresolved,carrier frequency; first minus second arm,6,1,185,4,1,19
NAIVE|RECUR|ACTIVE_C1-RADIUS_C1|FE4,0.018457031250000002,-0.00013020833333333333,0.04514973958333333,unresolved,carrier frequency; first minus second arm,4,1,187,2,1,21
NAIVE|RECUR|ACTIVE_C1-RADIUS_C1|FE5,0.018098958333333335,0.0,0.04388020833333334,unresolved,carrier frequency; first minus second arm,4,0,188,2,0,22
NAIVE|RECUR|ACTIVE_C1-RADIUS_C1|FE6,0.019563802083333335,0.0,0.04827473958333334,unresolved,carrier frequency; first minus second arm,4,0,188,2,0,22
NAIVE|RECUR|ACTIVE_C1-RADIUS_C1|FE7,0.020833333333333332,0.0,0.052083333333333336,unresolved,carrier frequency; first minus second arm,4,0,188,2,0,22
NAIVE|RECUR|ACTIVE_C1-RADIUS_C1|FE8,0.020833333333333332,0.0,0.052083333333333336,unresolved,carrier frequency; first minus second arm,4,0,188,2,0,22
NAIVE|RECUR|ACTIVE_C1-RADIUS_C1|MLOSS,-0.0014987945556640691,-0.0035546461741129735,4.5366287231448484e-05,unresolved,raw mismatch; first minus second arm,13,18,161,7,10,7
NAIVE|RECUR|ACTIVE_C1-RADIUS_C1|U,0.0014987945556640587,-4.536628723144353e-05,0.003554646174112936,unresolved,raw accuracy; first minus second arm,18,13,161,10,7,7
NAIVE|RECUR|ACTIVE_C1-RADIUS_C1|U0,0.0,0.0,0.0,structural_zero,design-implied zero,0,0,192,0,0,24
NAIVE|RECUR|ACTIVE_C1-RADIUS_C1|U1,0.0,0.0,0.0,structural_zero,design-implied zero,0,0,192,0,0,24
NAIVE|RECUR|ACTIVE_C1-RADIUS_C1|U40,0.0037078857421875,0.0002592722574869792,0.008205159505208327,positive,raw accuracy; first minus second arm,19,7,166,13,3,8
NAIVE|RECUR|ACTIVE_C1|D40,-0.010416666666666666,-0.03125,0.020833333333333332,unresolved,carrier frequency change; absolute,4,188,0,2,22,0
NAIVE|RECUR|ACTIVE_C1|E1,0.6223520914713542,0.6168221537272135,0.6280375417073566,positive,raw accuracy; absolute,192,0,0,24,0,0
NAIVE|RECUR|ACTIVE_C1|E2,0.6736612955729168,0.663198979695638,0.6848401133219401,positive,raw accuracy; absolute,192,0,0,24,0,0
NAIVE|RECUR|ACTIVE_C1|E3,0.7051595052083334,0.6919981384277343,0.7196934000651041,positive,raw accuracy; absolute,192,0,0,24,0,0
NAIVE|RECUR|ACTIVE_C1|E4,0.7213999430338541,0.7057325236002603,0.7389803314208985,positive,raw accuracy; absolute,192,0,0,24,0,0
NAIVE|RECUR|ACTIVE_C1|E5,0.7302052815755209,0.7123466237386068,0.7500299072265624,positive,raw accuracy; absolute,192,0,0,24,0,0
NAIVE|RECUR|ACTIVE_C1|E6,0.730560302734375,0.712358144124349,0.751061248779297,positive,raw accuracy; absolute,192,0,0,24,0,0
NAIVE|RECUR|ACTIVE_C1|E7,0.7326416015625,0.7141384887695312,0.7529209136962891,positive,raw accuracy; absolute,192,0,0,24,0,0
NAIVE|RECUR|ACTIVE_C1|E8,0.7316752115885418,0.7133006540934246,0.7521495564778646,positive,raw accuracy; absolute,192,0,0,24,0,0
NAIVE|RECUR|ACTIVE_C1|F,0.0171142578125,0.0014892578125000001,0.03929982503255204,positive,carrier frequency; absolute,55,0,137,23,0,1
NAIVE|RECUR|ACTIVE_C1|F0,0.03125,0.03125,0.03125,positive,carrier frequency; absolute,192,0,0,24,0,0
NAIVE|RECUR|ACTIVE_C1|F1,0.014811197916666666,0.010904947916666666,0.01953125,positive,carrier frequency; absolute,55,0,137,23,0,1
NAIVE|RECUR|ACTIVE_C1|F40,0.020833333333333332,0.0,0.052083333333333336,unresolved,carrier frequency; absolute,4,0,188,2,0,22
NAIVE|RECUR|ACTIVE_C1|FE1,0.013216145833333333,0.0074861653645833335,0.02021484375,positive,carrier frequency; absolute,55,0,137,23,0,1
NAIVE|RECUR|ACTIVE_C1|FE2,0.010807291666666668,0.002310384114583333,0.021386718749999995,positive,carrier frequency; absolute,9,0,183,7,0,17
NAIVE|RECUR|ACTIVE_C1|FE3,0.0150390625,0.00029296875,0.03373291015624995,positive,carrier frequency; absolute,6,0,186,4,0,20
NAIVE|RECUR|ACTIVE_C1|FE4,0.01852213541666667,0.0,0.045214843750000004,unresolved,carrier frequency; absolute,4,0,188,2,0,22
NAIVE|RECUR|ACTIVE_C1|FE5,0.018098958333333335,0.0,0.04388020833333334,unresolved,carrier frequency; absolute,4,0,188,2,0,22
NAIVE|RECUR|ACTIVE_C1|FE6,0.019563802083333335,0.0,0.04827473958333334,unresolved,carrier frequency; absolute,4,0,188,2,0,22
NAIVE|RECUR|ACTIVE_C1|FE7,0.020833333333333332,0.0,0.052083333333333336,unresolved,carrier frequency; absolute,4,0,188,2,0,22
NAIVE|RECUR|ACTIVE_C1|FE8,0.020833333333333332,0.0,0.052083333333333336,unresolved,carrier frequency; absolute,4,0,188,2,0,22
NAIVE|RECUR|ACTIVE_C1|MLOSS,0.2940430959065755,0.2779924964904785,0.3084704494476318,positive,raw mismatch; absolute,192,0,0,24,0,0
NAIVE|RECUR|ACTIVE_C1|U,0.7059569040934245,0.6915295505523681,0.7220075035095214,positive,raw accuracy; absolute,192,0,0,24,0,0
NAIVE|RECUR|ACTIVE_C1|U0,0.5143229166666666,0.484375,0.54296875,positive,raw accuracy; absolute,192,0,0,24,0,0
NAIVE|RECUR|ACTIVE_C1|U1,0.5880482991536459,0.5785959879557292,0.5987916310628255,positive,raw accuracy; absolute,192,0,0,24,0,0
NAIVE|RECUR|ACTIVE_C1|U40,0.7288869222005209,0.7103516896565755,0.7496617635091145,positive,raw accuracy; absolute,192,0,0,24,0,0
NAIVE|RECUR|NOVEL_C0|D40,-0.026041666666666668,-0.03125,-0.015625,negative,carrier frequency change; absolute,1,191,0,1,23,0
NAIVE|RECUR|NOVEL_C0|E1,0.6226420084635417,0.6172378794352213,0.6280214945475261,positive,raw accuracy; absolute,192,0,0,24,0,0
NAIVE|RECUR|NOVEL_C0|E2,0.6752827962239584,0.6647782135009764,0.6864867401123047,positive,raw accuracy; absolute,192,0,0,24,0,0
NAIVE|RECUR|NOVEL_C0|E3,0.7051411946614583,0.6917589823404948,0.7193551890055339,positive,raw accuracy; absolute,192,0,0,24,0,0
NAIVE|RECUR|NOVEL_C0|E4,0.7203847249348958,0.7040357716878256,0.7386522165934244,positive,raw accuracy; absolute,192,0,0,24,0,0
NAIVE|RECUR|NOVEL_C0|E5,0.7285552978515625,0.7104243723551431,0.7491416168212891,positive,raw accuracy; absolute,192,0,0,24,0,0
NAIVE|RECUR|NOVEL_C0|E6,0.7285583496093749,0.709830551147461,0.749718017578125,positive,raw accuracy; absolute,192,0,0,24,0,0
NAIVE|RECUR|NOVEL_C0|E7,0.7299173990885418,0.7109031931559247,0.751269734700521,positive,raw accuracy; absolute,192,0,0,24,0,0
NAIVE|RECUR|NOVEL_C0|E8,0.7286661783854166,0.7097820281982422,0.7499899037679036,positive,raw accuracy; absolute,192,0,0,24,0,0
NAIVE|RECUR|NOVEL_C0|F,0.015230305989583333,0.008040364583333333,0.025455729166666663,positive,carrier frequency; absolute,134,0,58,24,0,0
NAIVE|RECUR|NOVEL_C0|F0,0.03125,0.03125,0.03125,positive,carrier frequency; absolute,192,0,0,24,0,0
NAIVE|RECUR|NOVEL_C0|F1,0.039225260416666664,0.03369140625,0.045084635416666664,positive,carrier frequency; absolute,134,0,58,24,0,0
NAIVE|RECUR|NOVEL_C0|F40,0.005208333333333333,0.0,0.015625,unresolved,carrier frequency; absolute,1,0,191,1,0,23
NAIVE|RECUR|NOVEL_C0|FE1,0.048177083333333336,0.04010416666666666,0.055859374999999996,positive,carrier frequency; absolute,134,0,58,24,0,0
NAIVE|RECUR|NOVEL_C0|FE2,0.023274739583333332,0.014029134114583335,0.034082845052083324,positive,carrier frequency; absolute,37,0,155,23,0,1
NAIVE|RECUR|NOVEL_C0|FE3,0.01637369791666667,0.0041324869791666665,0.031057942708333317,positive,carrier frequency; absolute,12,0,180,11,0,13
NAIVE|RECUR|NOVEL_C0|FE4,0.0111328125,0.0003255208333333333,0.02428873697916664,positive,carrier frequency; absolute,5,0,187,5,0,19
NAIVE|RECUR|NOVEL_C0|FE5,0.006966145833333333,0.0,0.018684895833333333,unresolved,carrier frequency; absolute,3,0,189,3,0,21
NAIVE|RECUR|NOVEL_C0|FE6,0.005501302083333333,0.0,0.016210937499999998,unresolved,carrier frequency; absolute,2,0,190,2,0,22
NAIVE|RECUR|NOVEL_C0|FE7,0.005208333333333333,0.0,0.015625,unresolved,carrier frequency; absolute,1,0,191,1,0,23
NAIVE|RECUR|NOVEL_C0|FE8,0.005208333333333333,0.0,0.015625,unresolved,carrier frequency; absolute,1,0,191,1,0,23
NAIVE|RECUR|NOVEL_C0|MLOSS,0.2951065063476563,0.278550059000651,0.3100854174296061,positive,raw mismatch; absolute,192,0,0,24,0,0
NAIVE|RECUR|NOVEL_C0|U,0.7048934936523438,0.6899145825703938,0.7214499409993489,positive,raw accuracy; absolute,192,0,0,24,0,0
NAIVE|RECUR|NOVEL_C0|U0,0.5143229166666666,0.484375,0.54296875,positive,raw accuracy; absolute,192,0,0,24,0,0
NAIVE|RECUR|NOVEL_C0|U1,0.5891316731770834,0.5798288981119791,0.5997829437255859,positive,raw accuracy; absolute,192,0,0,24,0,0
NAIVE|RECUR|NOVEL_C0|U40,0.7256825764973959,0.7064957936604818,0.7476092020670572,positive,raw accuracy; absolute,192,0,0,24,0,0
NAIVE|RECUR|NOVEL_C1|D40,-0.03125,-0.03125,-0.03125,negative,carrier frequency change; absolute,0,192,0,0,24,0
NAIVE|RECUR|NOVEL_C1|E1,0.6223480224609376,0.6171156056722006,0.6276910909016927,positive,raw accuracy; absolute,192,0,0,24,0,0
NAIVE|RECUR|NOVEL_C1|E2,0.6733154296875,0.6631365458170573,0.6844083913167317,positive,raw accuracy; absolute,192,0,0,24,0,0
NAIVE|RECUR|NOVEL_C1|E3,0.7048166910807291,0.6914791361490886,0.7199291737874348,positive,raw accuracy; absolute,192,0,0,24,0,0
NAIVE|RECUR|NOVEL_C1|E4,0.7199757893880209,0.7033848826090494,0.7383913167317707,positive,raw accuracy; absolute,192,0,0,24,0,0
NAIVE|RECUR|NOVEL_C1|E5,0.7282318115234375,0.7101622517903646,0.7487558237711588,positive,raw accuracy; absolute,192,0,0,24,0,0
NAIVE|RECUR|NOVEL_C1|E6,0.7284413655598959,0.7097442881266275,0.7493896230061848,positive,raw accuracy; absolute,192,0,0,24,0,0
NAIVE|RECUR|NOVEL_C1|E7,0.729820760091146,0.7109903208414713,0.7510755920410156,positive,raw accuracy; absolute,192,0,0,24,0,0
NAIVE|RECUR|NOVEL_C1|E8,0.7286651611328124,0.7095586140950522,0.7498283386230469,positive,raw accuracy; absolute,192,0,0,24,0,0
NAIVE|RECUR|NOVEL_C1|F,0.00203857421875,0.0013671875000000001,0.0027670288085937496,positive,carrier frequency; absolute,80,0,112,23,0,1
NAIVE|RECUR|NOVEL_C1|F0,0.03125,0.03125,0.03125,positive,carrier frequency; absolute,192,0,0,24,0,0
NAIVE|RECUR|NOVEL_C1|F1,0.02392578125,0.0185546875,0.029947916666666668,positive,carrier frequency; absolute,80,0,112,23,0,1
NAIVE|RECUR|NOVEL_C1|F40,0.0,0.0,0.0,observed_exact_zero,sampled equality; not a design guarantee,0,0,192,0,0,24
NAIVE|RECUR|NOVEL_C1|FE1,0.014941406250000002,0.010319010416666666,0.019856770833333332,positive,carrier frequency; absolute,80,0,112,23,0,1
NAIVE|RECUR|NOVEL_C1|FE2,0.0013671875000000001,0.00045572916666666673,0.00244140625,positive,carrier frequency; absolute,9,0,183,8,0,16
NAIVE|RECUR|NOVEL_C1|FE3,0.0,0.0,0.0,observed_exact_zero,sampled equality; not a design guarantee,0,0,192,0,0,24
NAIVE|RECUR|NOVEL_C1|FE4,0.0,0.0,0.0,observed_exact_zero,sampled equality; not a design guarantee,0,0,192,0,0,24
NAIVE|RECUR|NOVEL_C1|FE5,0.0,0.0,0.0,observed_exact_zero,sampled equality; not a design guarantee,0,0,192,0,0,24
NAIVE|RECUR|NOVEL_C1|FE6,0.0,0.0,0.0,observed_exact_zero,sampled equality; not a design guarantee,0,0,192,0,0,24
NAIVE|RECUR|NOVEL_C1|FE7,0.0,0.0,0.0,observed_exact_zero,sampled equality; not a design guarantee,0,0,192,0,0,24
NAIVE|RECUR|NOVEL_C1|FE8,0.0,0.0,0.0,observed_exact_zero,sampled equality; not a design guarantee,0,0,192,0,0,24
NAIVE|RECUR|NOVEL_C1|MLOSS,0.2955481211344401,0.2789025084177653,0.3105096467336019,positive,raw mismatch; absolute,192,0,0,24,0,0
NAIVE|RECUR|NOVEL_C1|U,0.7044518788655599,0.6894903532663981,0.7210974915822347,positive,raw accuracy; absolute,192,0,0,24,0,0
NAIVE|RECUR|NOVEL_C1|U0,0.5143229166666666,0.484375,0.54296875,positive,raw accuracy; absolute,192,0,0,24,0,0
NAIVE|RECUR|NOVEL_C1|U1,0.5889231363932291,0.5795944213867188,0.5995248158772787,positive,raw accuracy; absolute,192,0,0,24,0,0
NAIVE|RECUR|NOVEL_C1|U40,0.7260182698567709,0.7064762115478516,0.7475701649983724,positive,raw accuracy; absolute,192,0,0,24,0,0
NAIVE|RECUR|RADIUS_C0-NOVEL_C0|D40,0.058756510416666664,0.026041666666666668,0.0966796875,positive,carrier frequency change; first minus second arm,13,1,178,11,1,12
NAIVE|RECUR|RADIUS_C0-NOVEL_C0|E1,-8.239746093748983e-05,-0.0010345458984374614,0.001127141316731786,unresolved,raw accuracy; first minus second arm,68,49,75,9,14,1
NAIVE|RECUR|RADIUS_C0-NOVEL_C0|E2,-0.0013295491536458454,-0.003228912353515626,0.0005964914957682399,unresolved,raw accuracy; first minus second arm,48,68,76,8,15,1
NAIVE|RECUR|RADIUS_C0-NOVEL_C0|E3,0.00010986328124999722,-0.0017335764567057118,0.0019378916422526117,unresolved,raw accuracy; first minus second arm,59,55,78,11,12,1
NAIVE|RECUR|RADIUS_C0-NOVEL_C0|E4,0.0001688639322916611,-0.0008555857340494694,0.0011547851562499763,unresolved,raw accuracy; first minus second arm,50,63,79,11,12,1
NAIVE|RECUR|RADIUS_C0-NOVEL_C0|E5,0.0008941650390624778,0.00035489400227860956,0.0014933522542317544,positive,raw accuracy; first minus second arm,67,45,80,16,7,1
NAIVE|RECUR|RADIUS_C0-NOVEL_C0|E6,-0.00048421223958333703,-0.0010275014241536277,7.837931315102146e-05,unresolved,raw accuracy; first minus second arm,44,67,81,5,18,1
NAIVE|RECUR|RADIUS_C0-NOVEL_C0|E7,0.0006062825520833139,0.00011288960774735828,0.0010844421386718604,positive,raw accuracy; first minus second arm,64,48,80,15,8,1
NAIVE|RECUR|RADIUS_C0-NOVEL_C0|E8,-0.00047302246093746764,-0.0009685770670572388,-2.5380452473957385e-05,negative,raw accuracy; first minus second arm,48,59,85,9,14,1
NAIVE|RECUR|RADIUS_C0-NOVEL_C0|F,0.044514973958333336,0.015110371907552085,0.07729492187499999,positive,carrier frequency; first minus second arm,48,71,73,13,11,0
NAIVE|RECUR|RADIUS_C0-NOVEL_C0|F0,0.0,0.0,0.0,structural_zero,design-implied zero,0,0,192,0,0,24
NAIVE|RECUR|RADIUS_C0-NOVEL_C0|F1,-0.010091145833333334,-0.014973958333333334,-0.005045572916666667,negative,carrier frequency; first minus second arm,15,56,121,5,17,2
NAIVE|RECUR|RADIUS_C0-NOVEL_C0|F40,0.058756510416666664,0.026041666666666668,0.0966796875,positive,carrier frequency; first minus second arm,13,1,178,11,1,12
NAIVE|RECUR|RADIUS_C0-NOVEL_C0|FE1,-0.006380208333333334,-0.014290364583333331,0.001432291666666665,unresolved,carrier frequency; first minus second arm,46,73,73,11,13,0
NAIVE|RECUR|RADIUS_C0-NOVEL_C0|FE2,0.03180338541666666,0.0070597330729166635,0.059409179687499994,positive,carrier frequency; first minus second arm,32,24,136,15,8,1
NAIVE|RECUR|RADIUS_C0-NOVEL_C0|FE3,0.04248046875,0.007842610677083335,0.08080403645833328,positive,carrier frequency; first minus second arm,17,8,167,11,5,8
NAIVE|RECUR|RADIUS_C0-NOVEL_C0|FE4,0.05156249999999999,0.016273600260416667,0.09072753906249996,positive,carrier frequency; first minus second arm,16,4,172,12,3,9
NAIVE|RECUR|RADIUS_C0-NOVEL_C0|FE5,0.05797526041666667,0.02405436197916667,0.09653076171874991,positive,carrier frequency; first minus second arm,14,3,175,11,3,10
NAIVE|RECUR|RADIUS_C0-NOVEL_C0|FE6,0.05908203125,0.025877278645833335,0.09721516927083326,positive,carrier frequency; first minus second arm,14,2,176,11,2,11
NAIVE|RECUR|RADIUS_C0-NOVEL_C0|FE7,0.05999348958333334,0.026041666666666668,0.09895833333333333,positive,carrier frequency; first minus second arm,13,1,178,11,1,12
NAIVE|RECUR|RADIUS_C0-NOVEL_C0|FE8,0.05960286458333333,0.026041666666666668,0.09837239583333333,positive,carrier frequency; first minus second arm,13,1,178,11,1,12
NAIVE|RECUR|RADIUS_C0-NOVEL_C0|MLOSS,7.375081380208102e-05,-0.000506547292073578,0.000652354558308913,unresolved,raw mismatch; first minus second arm,57,61,74,11,12,1
NAIVE|RECUR|RADIUS_C0-NOVEL_C0|U,-7.375081380207409e-05,-0.0006523545583089195,0.000506547292073549,unresolved,raw accuracy; first minus second arm,61,57,74,12,11,1
NAIVE|RECUR|RADIUS_C0-NOVEL_C0|U0,0.0,0.0,0.0,structural_zero,design-implied zero,0,0,192,0,0,24
NAIVE|RECUR|RADIUS_C0-NOVEL_C0|U1,-0.0009511311848958334,-0.0012462615966796875,-0.00067138671875,negative,raw accuracy; first minus second arm,1,50,141,0,20,4
NAIVE|RECUR|RADIUS_C0-NOVEL_C0|U40,-0.0023396809895833335,-0.004655202229817708,-0.0003913879394531264,negative,raw accuracy; first minus second arm,40,60,92,5,15,4
NAIVE|RECUR|RADIUS_C0-SHAM_C0|D40,0.014811197916666666,-0.015625,0.04673258463541656,unresolved,carrier frequency change; first minus second arm,7,4,181,5,3,16
NAIVE|RECUR|RADIUS_C0-SHAM_C0|E1,0.00023396809895834259,-0.0003957112630208256,0.0007731882731119915,unresolved,raw accuracy; first minus second arm,33,24,135,16,6,2
NAIVE|RECUR|RADIUS_C0-SHAM_C0|E2,0.001173909505208325,-8.158365885416623e-05,0.0025859324137369765,unresolved,raw accuracy; first minus second arm,33,23,136,13,9,2
NAIVE|RECUR|RADIUS_C0-SHAM_C0|E3,0.0010437011718750129,-7.947285970051297e-05,0.0021926371256510762,unresolved,raw accuracy; first minus second arm,37,20,135,17,5,2
NAIVE|RECUR|RADIUS_C0-SHAM_C0|E4,0.0009724934895833185,6.197611490882083e-05,0.0021525828043619777,positive,raw accuracy; first minus second arm,29,27,136,13,9,2
NAIVE|RECUR|RADIUS_C0-SHAM_C0|E5,0.0002532958984374963,-0.00011604309082031382,0.0006144714355468756,unresolved,raw accuracy; first minus second arm,35,21,136,15,7,2
NAIVE|RECUR|RADIUS_C0-SHAM_C0|E6,5.6966145833346284e-05,-0.0004079437255859316,0.0006164805094401256,unresolved,raw accuracy; first minus second arm,27,26,139,9,13,2
NAIVE|RECUR|RADIUS_C0-SHAM_C0|E7,0.00013427734374998426,-0.0003225453694661577,0.000542195638020826,unresolved,raw accuracy; first minus second arm,35,21,136,15,7,2
NAIVE|RECUR|RADIUS_C0-SHAM_C0|E8,-1.0172526041680544e-05,-0.0004506429036458354,0.0004760996500650965,unresolved,raw accuracy; first minus second arm,28,27,137,9,13,2
NAIVE|RECUR|RADIUS_C0-SHAM_C0|F,0.012630208333333335,-0.012708740234374998,0.04049662272135415,unresolved,carrier frequency; first minus second arm,34,24,134,11,11,2
NAIVE|RECUR|RADIUS_C0-SHAM_C0|F0,0.0,0.0,0.0,structural_zero,design-implied zero,0,0,192,0,0,24
NAIVE|RECUR|RADIUS_C0-SHAM_C0|F1,0.0,0.0,0.0,structural_zero,design-implied zero,0,0,192,0,0,24
NAIVE|RECUR|RADIUS_C0-SHAM_C0|F40,0.014811197916666666,-0.015625,0.04673258463541656,unresolved,carrier frequency; first minus second arm,7,4,181,5,3,16
NAIVE|RECUR|RADIUS_C0-SHAM_C0|FE1,0.00283203125,-0.004136555989583331,0.009571126302083328,unresolved,carrier frequency; first minus second arm,31,26,135,11,11,2
NAIVE|RECUR|RADIUS_C0-SHAM_C0|FE2,0.005664062499999997,-0.018557942708333337,0.03148681640624995,unresolved,carrier frequency; first minus second arm,23,12,157,10,8,6
NAIVE|RECUR|RADIUS_C0-SHAM_C0|FE3,0.012760416666666665,-0.016354166666666666,0.04550944010416666,unresolved,carrier frequency; first minus second arm,13,8,171,8,6,10
NAIVE|RECUR|RADIUS_C0-SHAM_C0|FE4,0.014192708333333331,-0.01566080729166667,0.04664794921875,unresolved,carrier frequency; first minus second arm,11,6,175,8,6,10
NAIVE|RECUR|RADIUS_C0-SHAM_C0|FE5,0.016796875000000003,-0.01357421875,0.04978597005208326,unresolved,carrier frequency; first minus second arm,8,4,180,6,3,15
NAIVE|RECUR|RADIUS_C0-SHAM_C0|FE6,0.016210937499999998,-0.013623046874999998,0.049155273437499994,unresolved,carrier frequency; first minus second arm,8,4,180,6,3,15
NAIVE|RECUR|RADIUS_C0-SHAM_C0|FE7,0.016536458333333334,-0.012923177083333334,0.04869791666666667,unresolved,carrier frequency; first minus second arm,7,4,181,5,3,16
NAIVE|RECUR|RADIUS_C0-SHAM_C0|FE8,0.016048177083333334,-0.013476562499999999,0.04830729166666667,unresolved,carrier frequency; first minus second arm,7,4,181,5,3,16
NAIVE|RECUR|RADIUS_C0-SHAM_C0|MLOSS,-0.00048230489095052453,-0.0008763631184895865,-0.00014085451761881878,negative,raw mismatch; first minus second arm,24,34,134,7,15,2
NAIVE|RECUR|RADIUS_C0-SHAM_C0|U,0.00048230489095051526,0.00014085451761879585,0.000876363118489589,positive,raw accuracy; first minus second arm,34,24,134,15,7,2
NAIVE|RECUR|RADIUS_C0-SHAM_C0|U0,0.0,0.0,0.0,structural_zero,design-implied zero,0,0,192,0,0,24
NAIVE|RECUR|RADIUS_C0-SHAM_C0|U1,0.0,0.0,0.0,structural_zero,design-implied zero,0,0,192,0,0,24
NAIVE|RECUR|RADIUS_C0-SHAM_C0|U40,-0.00012715657552083334,-0.0023602803548177084,0.0023142496744791665,unresolved,raw accuracy; first minus second arm,25,25,142,10,12,2
NAIVE|RECUR|RADIUS_C0|D40,0.03271484375,0.002893066406250002,0.06770833333333333,positive,carrier frequency change; absolute,13,179,0,11,13,0
NAIVE|RECUR|RADIUS_C0|E1,0.6225596110026042,0.6169059499104818,0.6283560689290365,positive,raw accuracy; absolute,192,0,0,24,0,0
NAIVE|RECUR|RADIUS_C0|E2,0.6739532470703126,0.663218739827474,0.685431645711263,positive,raw accuracy; absolute,192,0,0,24,0,0
NAIVE|RECUR|RADIUS_C0|E3,0.7052510579427084,0.6916755167643229,0.7202067311604816,positive,raw accuracy; absolute,192,0,0,24,0,0
NAIVE|RECUR|RADIUS_C0|E4,0.7205535888671876,0.7040662892659506,0.7386734771728515,positive,raw accuracy; absolute,192,0,0,24,0,0
NAIVE|RECUR|RADIUS_C0|E5,0.7294494628906248,0.7112421162923176,0.7501350657145182,positive,raw accuracy; absolute,192,0,0,24,0,0
NAIVE|RECUR|RADIUS_C0|E6,0.7280741373697918,0.7093084208170573,0.7492687733968099,positive,raw accuracy; absolute,192,0,0,24,0,0
NAIVE|RECUR|RADIUS_C0|E7,0.7305236816406251,0.711558837890625,0.7518500010172527,positive,raw accuracy; absolute,192,0,0,24,0,0
NAIVE|RECUR|RADIUS_C0|E8,0.7281931559244792,0.7092009480794269,0.7493928782145183,positive,raw accuracy; absolute,192,0,0,24,0,0
NAIVE|RECUR|RADIUS_C0|F,0.05974527994791667,0.03412953694661458,0.08935363769531249,positive,carrier frequency; absolute,112,0,80,24,0,0
NAIVE|RECUR|RADIUS_C0|F0,0.03125,0.03125,0.03125,positive,carrier frequency; absolute,192,0,0,24,0,0
NAIVE|RECUR|RADIUS_C0|F1,0.029134114583333332,0.025553385416666668,0.032877604166666664,positive,carrier frequency; absolute,112,0,80,24,0,0
NAIVE|RECUR|RADIUS_C0|F40,0.06396484375,0.034143066406250006,0.09895833333333333,positive,carrier frequency; absolute,13,0,179,11,0,13
NAIVE|RECUR|RADIUS_C0|FE1,0.04179687499999999,0.031249186197916667,0.05296223958333333,positive,carrier frequency; absolute,112,0,80,24,0,0
NAIVE|RECUR|RADIUS_C0|FE2,0.055078125,0.03147542317708333,0.08226806640624995,positive,carrier frequency; absolute,33,0,159,18,0,6
NAIVE|RECUR|RADIUS_C0|FE3,0.05885416666666666,0.030987955729166666,0.09232503255208331,positive,carrier frequency; absolute,18,0,174,13,0,11
NAIVE|RECUR|RADIUS_C0|FE4,0.0626953125,0.033819173177083335,0.09619222005208333,positive,carrier frequency; absolute,16,0,176,13,0,11
NAIVE|RECUR|RADIUS_C0|FE5,0.06494140625,0.03500651041666667,0.10006510416666665,positive,carrier frequency; absolute,14,0,178,11,0,13
NAIVE|RECUR|RADIUS_C0|FE6,0.06458333333333334,0.035258789062500004,0.09915364583333335,positive,carrier frequency; absolute,14,0,178,11,0,13
NAIVE|RECUR|RADIUS_C0|FE7,0.06520182291666667,0.036458333333333336,0.09915364583333335,positive,carrier frequency; absolute,13,0,179,11,0,13
NAIVE|RECUR|RADIUS_C0|FE8,0.06481119791666666,0.03585774739583333,0.09895833333333333,positive,carrier frequency; absolute,13,0,179,11,0,13
NAIVE|RECUR|RADIUS_C0|MLOSS,0.29518025716145835,0.278465576171875,0.3102338949839274,positive,raw mismatch; absolute,192,0,0,24,0,0
NAIVE|RECUR|RADIUS_C0|U,0.7048197428385418,0.6897661050160726,0.7215344238281249,positive,raw accuracy; absolute,192,0,0,24,0,0
NAIVE|RECUR|RADIUS_C0|U0,0.5143229166666666,0.484375,0.54296875,positive,raw accuracy; absolute,192,0,0,24,0,0
NAIVE|RECUR|RADIUS_C0|U1,0.5881805419921875,0.5787237803141276,0.5989140828450521,positive,raw accuracy; absolute,192,0,0,24,0,0
NAIVE|RECUR|RADIUS_C0|U40,0.7233428955078125,0.7046183268229167,0.7450630187988281,positive,raw accuracy; absolute,192,0,0,24,0,0
NAIVE|RECUR|RADIUS_C1-NOVEL_C1|D40,0.0,0.0,0.0,observed_exact_zero,sampled equality; not a design guarantee,0,0,192,0,0,24
NAIVE|RECUR|RADIUS_C1-NOVEL_C1|E1,-0.0002227783203125148,-0.0008626302083333398,0.0005341084798176806,unresolved,raw accuracy; first minus second arm,28,39,125,10,12,2
NAIVE|RECUR|RADIUS_C1-NOVEL_C1|E2,3.4586588541667594e-05,-0.0008850351969400988,0.0009176381429036435,unresolved,raw accuracy; first minus second arm,34,33,125,12,10,2
NAIVE|RECUR|RADIUS_C1-NOVEL_C1|E3,-0.0002400716145833509,-0.0021464284261067676,0.0016175587972005107,unresolved,raw accuracy; first minus second arm,33,32,127,9,13,2
NAIVE|RECUR|RADIUS_C1-NOVEL_C1|E4,-0.0001332600911458139,-0.00099589029947914,0.0007183583577474264,unresolved,raw accuracy; first minus second arm,32,30,130,12,10,2
NAIVE|RECUR|RADIUS_C1-NOVEL_C1|E5,0.000583902994791663,-0.00010182698567710058,0.0013407643636067675,unresolved,raw accuracy; first minus second arm,34,28,130,12,10,2
NAIVE|RECUR|RADIUS_C1-NOVEL_C1|E6,-8.85009765625074e-05,-0.0007111104329427094,0.0005189259847005195,unresolved,raw accuracy; first minus second arm,29,29,134,11,11,2
NAIVE|RECUR|RADIUS_C1-NOVEL_C1|E7,0.00030212402343753514,-0.0002605183919270456,0.0009013366699219018,unresolved,raw accuracy; first minus second arm,33,27,132,12,9,3
NAIVE|RECUR|RADIUS_C1-NOVEL_C1|E8,-0.00018615722656248335,-0.0007335154215494464,0.00033571879069012203,unresolved,raw accuracy; first minus second arm,28,34,130,9,13,2
NAIVE|RECUR|RADIUS_C1-NOVEL_C1|F,-0.00011800130208333328,-0.0008870442708333332,0.0009771728515624964,unresolved,carrier frequency; first minus second arm,18,46,128,4,16,4
NAIVE|RECUR|RADIUS_C1-NOVEL_C1|F0,0.0,0.0,0.0,structural_zero,design-implied zero,0,0,192,0,0,24
NAIVE|RECUR|RADIUS_C1-NOVEL_C1|F1,-0.009114583333333334,-0.012044270833333334,-0.006184895833333333,negative,carrier frequency; first minus second arm,2,39,151,0,18,6
NAIVE|RECUR|RADIUS_C1-NOVEL_C1|F40,0.0,0.0,0.0,observed_exact_zero,sampled equality; not a design guarantee,0,0,192,0,0,24
NAIVE|RECUR|RADIUS_C1-NOVEL_C1|FE1,-0.0034830729166666664,-0.006315917968749999,-7.562310153086541e-19,negative,carrier frequency; first minus second arm,18,46,128,3,16,5
NAIVE|RECUR|RADIUS_C1-NOVEL_C1|FE2,0.0018229166666666665,-0.001595052083333333,0.007455240885416662,unresolved,carrier frequency; first minus second arm,4,7,181,3,7,14
NAIVE|RECUR|RADIUS_C1-NOVEL_C1|FE3,0.0006510416666666666,0.0,0.001953125,unresolved,carrier frequency; first minus second arm,1,0,191,1,0,23
NAIVE|RECUR|RADIUS_C1-NOVEL_C1|FE4,6.510416666666667e-05,0.0,0.00019531250000000004,unresolved,carrier frequency; first minus second arm,1,0,191,1,0,23
NAIVE|RECUR|RADIUS_C1-NOVEL_C1|FE5,0.0,0.0,0.0,observed_exact_zero,sampled equality; not a design guarantee,0,0,192,0,0,24
NAIVE|RECUR|RADIUS_C1-NOVEL_C1|FE6,0.0,0.0,0.0,observed_exact_zero,sampled equality; not a design guarantee,0,0,192,0,0,24
NAIVE|RECUR|RADIUS_C1-NOVEL_C1|FE7,0.0,0.0,0.0,observed_exact_zero,sampled equality; not a design guarantee,0,0,192,0,0,24
NAIVE|RECUR|RADIUS_C1-NOVEL_C1|FE8,0.0,0.0,0.0,observed_exact_zero,sampled equality; not a design guarantee,0,0,192,0,0,24
NAIVE|RECUR|RADIUS_C1-NOVEL_C1|MLOSS,-6.230672200520371e-06,-0.00037717501322428093,0.0003307533264160092,unresolved,raw mismatch; first minus second arm,35,33,124,13,9,2
NAIVE|RECUR|RADIUS_C1-NOVEL_C1|U,6.23067220052731e-06,-0.000330753326416014,0.0003771750132243002,unresolved,raw accuracy; first minus second arm,33,35,124,9,13,2
NAIVE|RECUR|RADIUS_C1-NOVEL_C1|U0,0.0,0.0,0.0,structural_zero,design-implied zero,0,0,192,0,0,24
NAIVE|RECUR|RADIUS_C1-NOVEL_C1|U1,-0.0008748372395833334,-0.0011648813883463542,-0.0005900065104166666,negative,raw accuracy; first minus second arm,2,40,150,1,18,5
NAIVE|RECUR|RADIUS_C1-NOVEL_C1|U40,-0.0008392333984375,-0.0036977132161458335,0.0018108367919921868,unresolved,raw accuracy; first minus second arm,32,30,130,10,12,2
NAIVE|RECUR|RADIUS_C1-SHAM_C1|D40,-0.005208333333333333,-0.015625,0.0,unresolved,carrier frequency change; first minus second arm,0,1,191,0,1,23
NAIVE|RECUR|RADIUS_C1-SHAM_C1|E1,-0.0002288818359375185,-0.00046694437662762796,-7.095336914088913e-06,negative,raw accuracy; first minus second arm,12,15,165,7,11,6
NAIVE|RECUR|RADIUS_C1-SHAM_C1|E2,-0.0005340576171875,-0.0014140574137369746,0.00018013000488281027,unresolved,raw accuracy; first minus second arm,11,15,166,7,10,7
NAIVE|RECUR|RADIUS_C1-SHAM_C1|E3,-0.00025838216145834353,-0.00112208048502603,0.0006389109293619666,unresolved,raw accuracy; first minus second arm,9,16,167,6,11,7
NAIVE|RECUR|RADIUS_C1-SHAM_C1|E4,-0.0005615234374999889,-0.0012380727132161346,9.373982747396071e-05,unresolved,raw accuracy; first minus second arm,10,15,167,4,12,8
NAIVE|RECUR|RADIUS_C1-SHAM_C1|E5,0.0001739501953125037,-0.0002909596761067606,0.0009155273437499956,unresolved,raw accuracy; first minus second arm,15,10,167,10,7,7
NAIVE|RECUR|RADIUS_C1-SHAM_C1|E6,2.0345052083333332e-05,-0.00014546712239582593,0.0001973470052083345,unresolved,raw accuracy; first minus second arm,10,13,169,7,10,7
NAIVE|RECUR|RADIUS_C1-SHAM_C1|E7,0.00012410481770834536,-8.850097656249387e-05,0.00036120096842449283,unresolved,raw accuracy; first minus second arm,15,8,169,11,6,7
NAIVE|RECUR|RADIUS_C1-SHAM_C1|E8,-8.64664713541528e-05,-0.00028686523437497984,0.00010785420735678374,unresolved,raw accuracy; first minus second arm,9,16,167,6,11,7
NAIVE|RECUR|RADIUS_C1-SHAM_C1|F,-0.004081217447916666,-0.012622070312499999,0.000349934895833333,unresolved,carrier frequency; first minus second arm,17,10,165,10,7,7
NAIVE|RECUR|RADIUS_C1-SHAM_C1|F0,0.0,0.0,0.0,structural_zero,design-implied zero,0,0,192,0,0,24
NAIVE|RECUR|RADIUS_C1-SHAM_C1|F1,0.0,0.0,0.0,structural_zero,design-implied zero,0,0,192,0,0,24
NAIVE|RECUR|RADIUS_C1-SHAM_C1|F40,-0.005208333333333333,-0.015625,0.0,unresolved,carrier frequency; first minus second arm,0,1,191,0,1,23
NAIVE|RECUR|RADIUS_C1-SHAM_C1|FE1,6.510416666666593e-05,-0.002474772135416667,0.0022460937499999985,unresolved,carrier frequency; first minus second arm,17,9,166,11,6,7
NAIVE|RECUR|RADIUS_C1-SHAM_C1|FE2,-0.002180989583333333,-0.0071622721354166665,0.0008471679687499956,unresolved,carrier frequency; first minus second arm,2,4,186,2,3,19
NAIVE|RECUR|RADIUS_C1-SHAM_C1|FE3,-0.004557291666666667,-0.013671875,0.0,unresolved,carrier frequency; first minus second arm,0,1,191,0,1,23
NAIVE|RECUR|RADIUS_C1-SHAM_C1|FE4,-0.005143229166666667,-0.015429687500000002,0.0,unresolved,carrier frequency; first minus second arm,0,1,191,0,1,23
NAIVE|RECUR|RADIUS_C1-SHAM_C1|FE5,-0.005208333333333333,-0.015625,0.0,unresolved,carrier frequency; first minus second arm,0,1,191,0,1,23
NAIVE|RECUR|RADIUS_C1-SHAM_C1|FE6,-0.005208333333333333,-0.015625,0.0,unresolved,carrier frequency; first minus second arm,0,1,191,0,1,23
NAIVE|RECUR|RADIUS_C1-SHAM_C1|FE7,-0.005208333333333333,-0.015625,0.0,unresolved,carrier frequency; first minus second arm,0,1,191,0,1,23
NAIVE|RECUR|RADIUS_C1-SHAM_C1|FE8,-0.005208333333333333,-0.015625,0.0,unresolved,carrier frequency; first minus second arm,0,1,191,0,1,23
NAIVE|RECUR|RADIUS_C1-SHAM_C1|MLOSS,0.0001688639322916692,-6.930351257323873e-05,0.00039612452189127036,unresolved,raw mismatch; first minus second arm,15,12,165,11,7,6
NAIVE|RECUR|RADIUS_C1-SHAM_C1|U,-0.00016886393229166574,-0.00039612452189128483,6.930351257324201e-05,unresolved,raw accuracy; first minus second arm,12,15,165,7,11,6
NAIVE|RECUR|RADIUS_C1-SHAM_C1|U0,0.0,0.0,0.0,structural_zero,design-implied zero,0,0,192,0,0,24
NAIVE|RECUR|RADIUS_C1-SHAM_C1|U1,0.0,0.0,0.0,structural_zero,design-implied zero,0,0,192,0,0,24
NAIVE|RECUR|RADIUS_C1-SHAM_C1|U40,-0.0002695719401041667,-0.0013020833333333333,0.0007020314534505202,unresolved,raw accuracy; first minus second arm,10,12,170,8,8,8
NAIVE|RECUR|RADIUS_C1|D40,-0.03125,-0.03125,-0.03125,negative,carrier frequency change; absolute,0,192,0,0,24,0
NAIVE|RECUR|RADIUS_C1|E1,0.622125244140625,0.616580327351888,0.6278483835856119,positive,raw accuracy; absolute,192,0,0,24,0,0
NAIVE|RECUR|RADIUS_C1|E2,0.6733500162760416,0.6629305267333984,0.6845741526285808,positive,raw accuracy; absolute,192,0,0,24,0,0
NAIVE|RECUR|RADIUS_C1|E3,0.7045766194661459,0.691219278971354,0.7192223103841145,positive,raw accuracy; absolute,192,0,0,24,0,0
NAIVE|RECUR|RADIUS_C1|E4,0.7198425292968751,0.7035468292236329,0.7379615275065105,positive,raw accuracy; absolute,192,0,0,24,0,0
NAIVE|RECUR|RADIUS_C1|E5,0.7288157145182291,0.7105666097005208,0.7492324574788409,positive,raw accuracy; absolute,192,0,0,24,0,0
NAIVE|RECUR|RADIUS_C1|E6,0.7283528645833334,0.7095843251546224,0.7494628397623697,positive,raw accuracy; absolute,192,0,0,24,0,0
NAIVE|RECUR|RADIUS_C1|E7,0.7301228841145834,0.7112321217854818,0.7514128875732422,positive,raw accuracy; absolute,192,0,0,24,0,0
NAIVE|RECUR|RADIUS_C1|E8,0.72847900390625,0.7094262440999349,0.749685770670573,positive,raw accuracy; absolute,192,0,0,24,0,0
NAIVE|RECUR|RADIUS_C1|F,0.0019205729166666666,0.0009562174479166666,0.0031941731770833335,positive,carrier frequency; absolute,55,0,137,23,0,1
NAIVE|RECUR|RADIUS_C1|F0,0.03125,0.03125,0.03125,positive,carrier frequency; absolute,192,0,0,24,0,0
NAIVE|RECUR|RADIUS_C1|F1,0.014811197916666666,0.010904947916666666,0.01953125,positive,carrier frequency; absolute,55,0,137,23,0,1
NAIVE|RECUR|RADIUS_C1|F40,0.0,0.0,0.0,observed_exact_zero,sampled equality; not a design guarantee,0,0,192,0,0,24
NAIVE|RECUR|RADIUS_C1|FE1,0.011458333333333334,0.006737467447916666,0.017415364583333332,positive,carrier frequency; absolute,55,0,137,23,0,1
NAIVE|RECUR|RADIUS_C1|FE2,0.003190104166666666,0.00016276041666666666,0.008593749999999999,positive,carrier frequency; absolute,6,0,186,5,0,19
NAIVE|RECUR|RADIUS_C1|FE3,0.0006510416666666666,0.0,0.001953125,unresolved,carrier frequency; absolute,1,0,191,1,0,23
NAIVE|RECUR|RADIUS_C1|FE4,6.510416666666667e-05,0.0,0.00019531250000000004,unresolved,carrier frequency; absolute,1,0,191,1,0,23
NAIVE|RECUR|RADIUS_C1|FE5,0.0,0.0,0.0,observed_exact_zero,sampled equality; not a design guarantee,0,0,192,0,0,24
NAIVE|RECUR|RADIUS_C1|FE6,0.0,0.0,0.0,observed_exact_zero,sampled equality; not a design guarantee,0,0,192,0,0,24
NAIVE|RECUR|RADIUS_C1|FE7,0.0,0.0,0.0,observed_exact_zero,sampled equality; not a design guarantee,0,0,192,0,0,24
NAIVE|RECUR|RADIUS_C1|FE8,0.0,0.0,0.0,observed_exact_zero,sampled equality; not a design guarantee,0,0,192,0,0,24
NAIVE|RECUR|RADIUS_C1|MLOSS,0.2955418904622396,0.2790391826629639,0.31043452898661295,positive,raw mismatch; absolute,192,0,0,24,0,0
NAIVE|RECUR|RADIUS_C1|U,0.7044581095377604,0.689565471013387,0.7209608173370362,positive,raw accuracy; absolute,192,0,0,24,0,0
NAIVE|RECUR|RADIUS_C1|U0,0.5143229166666666,0.484375,0.54296875,positive,raw accuracy; absolute,192,0,0,24,0,0
NAIVE|RECUR|RADIUS_C1|U1,0.5880482991536459,0.5785959879557292,0.5987916310628255,positive,raw accuracy; absolute,192,0,0,24,0,0
NAIVE|RECUR|RADIUS_C1|U40,0.7251790364583334,0.7056360880533854,0.7471425374348958,positive,raw accuracy; absolute,192,0,0,24,0,0
NAIVE|RECUR|SHAM_C0|D40,0.017903645833333332,-0.011067708333333334,0.051432291666666664,unresolved,carrier frequency change; absolute,10,182,0,8,16,0
NAIVE|RECUR|SHAM_C0|E1,0.6223256429036459,0.616506830851237,0.6282884979248047,positive,raw accuracy; absolute,192,0,0,24,0,0
NAIVE|RECUR|SHAM_C0|E2,0.6727793375651041,0.6621981048583985,0.6838152567545573,positive,raw accuracy; absolute,192,0,0,24,0,0
NAIVE|RECUR|SHAM_C0|E3,0.7042073567708332,0.6905375417073568,0.7189103190104167,positive,raw accuracy; absolute,192,0,0,24,0,0
NAIVE|RECUR|SHAM_C0|E4,0.7195810953776043,0.7036802419026693,0.7372631072998047,positive,raw accuracy; absolute,192,0,0,24,0,0
NAIVE|RECUR|SHAM_C0|E5,0.7291961669921875,0.7110789235432943,0.7498232777913412,positive,raw accuracy; absolute,192,0,0,24,0,0
NAIVE|RECUR|SHAM_C0|E6,0.7280171712239584,0.7091652170817058,0.7490752156575521,positive,raw accuracy; absolute,192,0,0,24,0,0
NAIVE|RECUR|SHAM_C0|E7,0.7303894042968752,0.7113701629638672,0.7518312581380209,positive,raw accuracy; absolute,192,0,0,24,0,0
NAIVE|RECUR|SHAM_C0|E8,0.7282033284505208,0.7092191823323568,0.7492966969807943,positive,raw accuracy; absolute,192,0,0,24,0,0
NAIVE|RECUR|SHAM_C0|F,0.04711507161458334,0.021490987141927088,0.07568430582682291,positive,carrier frequency; absolute,112,0,80,24,0,0
NAIVE|RECUR|SHAM_C0|F0,0.03125,0.03125,0.03125,positive,carrier frequency; absolute,192,0,0,24,0,0
NAIVE|RECUR|SHAM_C0|F1,0.029134114583333332,0.025553385416666668,0.032877604166666664,positive,carrier frequency; absolute,112,0,80,24,0,0
NAIVE|RECUR|SHAM_C0|F40,0.049153645833333336,0.020182291666666668,0.08268229166666667,positive,carrier frequency; absolute,10,0,182,8,0,16
NAIVE|RECUR|SHAM_C0|FE1,0.03896484375,0.026527506510416667,0.05312744140624999,positive,carrier frequency; absolute,112,0,80,24,0,0
NAIVE|RECUR|SHAM_C0|FE2,0.0494140625,0.023044433593749997,0.07988606770833331,positive,carrier frequency; absolute,20,0,172,14,0,10
NAIVE|RECUR|SHAM_C0|FE3,0.04609375000000001,0.019204101562500003,0.07773600260416666,positive,carrier frequency; absolute,13,0,179,10,0,14
NAIVE|RECUR|SHAM_C0|FE4,0.048502604166666664,0.020148111979166668,0.08047119140624998,positive,carrier frequency; absolute,11,0,181,9,0,15
NAIVE|RECUR|SHAM_C0|FE5,0.048144531250000004,0.018489583333333334,0.08050130208333334,positive,carrier frequency; absolute,10,0,182,8,0,16
NAIVE|RECUR|SHAM_C0|FE6,0.04837239583333333,0.018619791666666666,0.08111979166666666,positive,carrier frequency; absolute,10,0,182,8,0,16
NAIVE|RECUR|SHAM_C0|FE7,0.048665364583333336,0.019205729166666668,0.08170572916666667,positive,carrier frequency; absolute,10,0,182,8,0,16
NAIVE|RECUR|SHAM_C0|FE8,0.04876302083333334,0.019401041666666667,0.08190104166666666,positive,carrier frequency; absolute,10,0,182,8,0,16
NAIVE|RECUR|SHAM_C0|MLOSS,0.2956625620524089,0.2792074203491211,0.3106871795654297,positive,raw mismatch; absolute,192,0,0,24,0,0
NAIVE|RECUR|SHAM_C0|U,0.7043374379475912,0.6893128204345704,0.720792579650879,positive,raw accuracy; absolute,192,0,0,24,0,0
NAIVE|RECUR|SHAM_C0|U0,0.5143229166666666,0.484375,0.54296875,positive,raw accuracy; absolute,192,0,0,24,0,0
NAIVE|RECUR|SHAM_C0|U1,0.5881805419921875,0.5787237803141276,0.5989140828450521,positive,raw accuracy; absolute,192,0,0,24,0,0
NAIVE|RECUR|SHAM_C0|U40,0.7234700520833334,0.7048933664957683,0.7450669606526692,positive,raw accuracy; absolute,192,0,0,24,0,0
NAIVE|RECUR|SHAM_C1|D40,-0.026041666666666668,-0.03125,-0.015625,negative,carrier frequency change; absolute,1,191,0,1,23,0
NAIVE|RECUR|SHAM_C1|E1,0.6223541259765625,0.6168443552652995,0.6281273905436197,positive,raw accuracy; absolute,192,0,0,24,0,0
NAIVE|RECUR|SHAM_C1|E2,0.6738840738932291,0.6632086181640625,0.6854471588134765,positive,raw accuracy; absolute,192,0,0,24,0,0
NAIVE|RECUR|SHAM_C1|E3,0.7048350016276043,0.6912919362386066,0.7197064208984374,positive,raw accuracy; absolute,192,0,0,24,0,0
NAIVE|RECUR|SHAM_C1|E4,0.720404052734375,0.70411013285319,0.738514684041341,positive,raw accuracy; absolute,192,0,0,24,0,0
NAIVE|RECUR|SHAM_C1|E5,0.7286417643229166,0.7104357401529947,0.7490630594889321,positive,raw accuracy; absolute,192,0,0,24,0,0
NAIVE|RECUR|SHAM_C1|E6,0.72833251953125,0.709550552368164,0.7494248199462892,positive,raw accuracy; absolute,192,0,0,24,0,0
NAIVE|RECUR|SHAM_C1|E7,0.7299987792968748,0.7111759948730468,0.7512793477376303,positive,raw accuracy; absolute,192,0,0,24,0,0
NAIVE|RECUR|SHAM_C1|E8,0.7285654703776041,0.7094244893391928,0.7498450215657552,positive,raw accuracy; absolute,192,0,0,24,0,0
NAIVE|RECUR|SHAM_C1|F,0.006001790364583333,0.0008585611979166668,0.015743815104166663,positive,carrier frequency; absolute,55,0,137,23,0,1
NAIVE|RECUR|SHAM_C1|F0,0.03125,0.03125,0.03125,positive,carrier frequency; absolute,192,0,0,24,0,0
NAIVE|RECUR|SHAM_C1|F1,0.014811197916666666,0.010904947916666666,0.01953125,positive,carrier frequency; absolute,55,0,137,23,0,1
NAIVE|RECUR|SHAM_C1|F40,0.005208333333333333,0.0,0.015625,unresolved,carrier frequency; absolute,1,0,191,1,0,23
NAIVE|RECUR|SHAM_C1|FE1,0.01139322916666667,0.006444498697916667,0.01731770833333333,positive,carrier frequency; absolute,55,0,137,23,0,1
NAIVE|RECUR|SHAM_C1|FE2,0.00537109375,3.255208333333333e-05,0.015398763020833324,positive,carrier frequency; absolute,5,0,187,4,0,20
NAIVE|RECUR|SHAM_C1|FE3,0.005208333333333333,0.0,0.015625,unresolved,carrier frequency; absolute,1,0,191,1,0,23
NAIVE|RECUR|SHAM_C1|FE4,0.005208333333333333,0.0,0.015625,unresolved,carrier frequency; absolute,1,0,191,1,0,23
NAIVE|RECUR|SHAM_C1|FE5,0.005208333333333333,0.0,0.015625,unresolved,carrier frequency; absolute,1,0,191,1,0,23
NAIVE|RECUR|SHAM_C1|FE6,0.005208333333333333,0.0,0.015625,unresolved,carrier frequency; absolute,1,0,191,1,0,23
NAIVE|RECUR|SHAM_C1|FE7,0.005208333333333333,0.0,0.015625,unresolved,carrier frequency; absolute,1,0,191,1,0,23
NAIVE|RECUR|SHAM_C1|FE8,0.005208333333333333,0.0,0.015625,unresolved,carrier frequency; absolute,1,0,191,1,0,23
NAIVE|RECUR|SHAM_C1|MLOSS,0.2953730265299479,0.27878519376118976,0.31047482808430993,positive,raw mismatch; absolute,192,0,0,24,0,0
NAIVE|RECUR|SHAM_C1|U,0.704626973470052,0.6895251719156902,0.7212148062388104,positive,raw accuracy; absolute,192,0,0,24,0,0
NAIVE|RECUR|SHAM_C1|U0,0.5143229166666666,0.484375,0.54296875,positive,raw accuracy; absolute,192,0,0,24,0,0
NAIVE|RECUR|SHAM_C1|U1,0.5880482991536459,0.5785959879557292,0.5987916310628255,positive,raw accuracy; absolute,192,0,0,24,0,0
NAIVE|RECUR|SHAM_C1|U40,0.7254486083984375,0.7059762318929036,0.747797393798828,positive,raw accuracy; absolute,192,0,0,24,0,0
RESIDENT40_MINUS_NAIVE|IID|ACTIVE_C0-RADIUS_C0|D40,-0.0625,-0.12777099609375,-0.004227701822916688,negative,carrier frequency change; prepared-minus-naive total effect,17,30,145,6,12,6
RESIDENT40_MINUS_NAIVE|IID|ACTIVE_C0-RADIUS_C0|E1,0.0003814697265625,-0.00027671813964843,0.0009562683105469066,unresolved,raw accuracy; prepared-minus-naive total effect,61,49,82,18,6,0
RESIDENT40_MINUS_NAIVE|IID|ACTIVE_C0-RADIUS_C0|E2,-0.000640869140625,-0.0018494669596353995,0.0005870056152343998,unresolved,raw accuracy; prepared-minus-naive total effect,47,65,80,10,14,0
RESIDENT40_MINUS_NAIVE|IID|ACTIVE_C0-RADIUS_C0|E3,-0.00035095214843750927,-0.0017694854736328223,0.0011703236897786344,unresolved,raw accuracy; prepared-minus-naive total effect,57,55,80,10,14,0
RESIDENT40_MINUS_NAIVE|IID|ACTIVE_C0-RADIUS_C0|E4,-0.0017008463541666786,-0.003751780192057285,0.00013943990071610673,unresolved,raw accuracy; prepared-minus-naive total effect,47,66,79,8,16,0
RESIDENT40_MINUS_NAIVE|IID|ACTIVE_C0-RADIUS_C0|E5,-0.001429239908854162,-0.0033315785725911455,0.00028208414713541853,unresolved,raw accuracy; prepared-minus-naive total effect,46,65,81,10,14,0
RESIDENT40_MINUS_NAIVE|IID|ACTIVE_C0-RADIUS_C0|E6,-0.0016662597656249927,-0.0033614603678385423,7.225036621092716e-05,unresolved,raw accuracy; prepared-minus-naive total effect,48,65,79,6,18,0
RESIDENT40_MINUS_NAIVE|IID|ACTIVE_C0-RADIUS_C0|E7,-0.0018249511718749778,-0.003487675984700468,-0.00016164143880204385,negative,raw accuracy; prepared-minus-naive total effect,49,63,80,7,17,0
RESIDENT40_MINUS_NAIVE|IID|ACTIVE_C0-RADIUS_C0|E8,-0.0008148193359375083,-0.0021993509928385393,0.000482203165690127,unresolved,raw accuracy; prepared-minus-naive total effect,45,67,80,12,12,0
RESIDENT40_MINUS_NAIVE|IID|ACTIVE_C0-RADIUS_C0|F,-0.04907633463541666,-0.09673716227213539,-0.003989562988281261,negative,carrier frequency; prepared-minus-naive total effect,59,53,80,9,15,0
RESIDENT40_MINUS_NAIVE|IID|ACTIVE_C0-RADIUS_C0|F0,0.0,0.0,0.0,structural_zero,design-implied zero,0,0,192,0,0,24
RESIDENT40_MINUS_NAIVE|IID|ACTIVE_C0-RADIUS_C0|F1,0.0,0.0,0.0,structural_zero,design-implied zero,0,0,192,0,0,24
RESIDENT40_MINUS_NAIVE|IID|ACTIVE_C0-RADIUS_C0|F40,-0.0625,-0.12777099609375,-0.004227701822916688,negative,carrier frequency; prepared-minus-naive total effect,17,30,145,6,12,6
RESIDENT40_MINUS_NAIVE|IID|ACTIVE_C0-RADIUS_C0|FE1,-0.0013671874999999988,-0.012858886718749999,0.008691406249999999,unresolved,carrier frequency; prepared-minus-naive total effect,62,48,82,15,9,0
RESIDENT40_MINUS_NAIVE|IID|ACTIVE_C0-RADIUS_C0|FE2,-0.026171875,-0.05426595052083333,0.0030957031249999913,unresolved,carrier frequency; prepared-minus-naive total effect,48,47,97,9,15,0
RESIDENT40_MINUS_NAIVE|IID|ACTIVE_C0-RADIUS_C0|FE3,-0.057291666666666664,-0.10372070312500001,-0.01145751953125,negative,carrier frequency; prepared-minus-naive total effect,36,44,112,8,16,0
RESIDENT40_MINUS_NAIVE|IID|ACTIVE_C0-RADIUS_C0|FE4,-0.06546223958333333,-0.12256917317708334,-0.014023437500000029,negative,carrier frequency; prepared-minus-naive total effect,27,44,121,7,15,2
RESIDENT40_MINUS_NAIVE|IID|ACTIVE_C0-RADIUS_C0|FE5,-0.06175130208333334,-0.12803385416666666,-0.003126627604166841,negative,carrier frequency; prepared-minus-naive total effect,25,40,127,8,14,2
RESIDENT40_MINUS_NAIVE|IID|ACTIVE_C0-RADIUS_C0|FE6,-0.06097005208333333,-0.12458007812500001,-0.0008365885416667124,negative,carrier frequency; prepared-minus-naive total effect,22,35,135,8,14,2
RESIDENT40_MINUS_NAIVE|IID|ACTIVE_C0-RADIUS_C0|FE7,-0.05930989583333333,-0.12364095052083332,0.0016324869791666354,unresolved,carrier frequency; prepared-minus-naive total effect,22,34,136,8,13,3
RESIDENT40_MINUS_NAIVE|IID|ACTIVE_C0-RADIUS_C0|FE8,-0.06028645833333333,-0.12548990885416667,-0.0010709635416666834,negative,carrier frequency; prepared-minus-naive total effect,20,31,141,7,13,4
RESIDENT40_MINUS_NAIVE|IID|ACTIVE_C0-RADIUS_C0|MLOSS,0.001005808512369764,0.0004067420959472301,0.0016500123341878174,positive,raw mismatch; prepared-minus-naive total effect,76,36,80,17,7,0
RESIDENT40_MINUS_NAIVE|IID|ACTIVE_C0-RADIUS_C0|U,-0.00100580851236975,-0.001650012334187784,-0.00040674209594723066,negative,raw accuracy; prepared-minus-naive total effect,36,76,80,7,17,0
RESIDENT40_MINUS_NAIVE|IID|ACTIVE_C0-RADIUS_C0|U0,0.0,0.0,0.0,structural_zero,design-implied zero,0,0,192,0,0,24
RESIDENT40_MINUS_NAIVE|IID|ACTIVE_C0-RADIUS_C0|U1,0.0,0.0,0.0,structural_zero,design-implied zero,0,0,192,0,0,24
RESIDENT40_MINUS_NAIVE|IID|ACTIVE_C0-RADIUS_C0|U40,-0.0023549397786458335,-0.0068120320638020825,0.00202967325846354,unresolved,raw accuracy; prepared-minus-naive total effect,51,62,79,10,14,0
RESIDENT40_MINUS_NAIVE|IID|ACTIVE_C1-RADIUS_C1|D40,0.005208333333333333,0.0,0.015625,unresolved,carrier frequency change; prepared-minus-naive total effect,1,0,191,1,0,23
RESIDENT40_MINUS_NAIVE|IID|ACTIVE_C1-RADIUS_C1|E1,0.0002777099609375111,-0.00019432067871094985,0.0008148956298828253,unresolved,raw accuracy; prepared-minus-naive total effect,29,21,142,12,10,2
RESIDENT40_MINUS_NAIVE|IID|ACTIVE_C1-RADIUS_C1|E2,0.0004119873046875139,-0.0005464426676432315,0.0012980397542317792,unresolved,raw accuracy; prepared-minus-naive total effect,25,26,141,15,7,2
RESIDENT40_MINUS_NAIVE|IID|ACTIVE_C1-RADIUS_C1|E3,-0.0003733317057291648,-0.0012420908610025988,0.0004496256510416557,unresolved,raw accuracy; prepared-minus-naive total effect,22,28,142,10,12,2
RESIDENT40_MINUS_NAIVE|IID|ACTIVE_C1-RADIUS_C1|E4,-9.256998697916112e-05,-0.0012554168701171705,0.000949122111002615,unresolved,raw accuracy; prepared-minus-naive total effect,25,26,141,12,10,2
RESIDENT40_MINUS_NAIVE|IID|ACTIVE_C1-RADIUS_C1|E5,0.00013834635416667962,-0.0007843526204426757,0.001039708455403676,unresolved,raw accuracy; prepared-minus-naive total effect,23,28,141,11,11,2
RESIDENT40_MINUS_NAIVE|IID|ACTIVE_C1-RADIUS_C1|E6,0.0006754557291666722,-0.00020551045735676423,0.0016469573974609566,unresolved,raw accuracy; prepared-minus-naive total effect,30,21,141,14,8,2
RESIDENT40_MINUS_NAIVE|IID|ACTIVE_C1-RADIUS_C1|E7,-0.00045878092447917035,-0.001506601969401063,0.00048027038574216264,unresolved,raw accuracy; prepared-minus-naive total effect,23,27,142,12,9,3
RESIDENT40_MINUS_NAIVE|IID|ACTIVE_C1-RADIUS_C1|E8,-0.0008504231770833232,-0.0018087005615234253,7.738749186196896e-05,unresolved,raw accuracy; prepared-minus-naive total effect,21,30,141,8,14,2
RESIDENT40_MINUS_NAIVE|IID|ACTIVE_C1-RADIUS_C1|F,0.004170735677083333,-0.0005981445312499999,0.012593790690104165,unresolved,carrier frequency; prepared-minus-naive total effect,28,23,141,16,6,2
RESIDENT40_MINUS_NAIVE|IID|ACTIVE_C1-RADIUS_C1|F0,0.0,0.0,0.0,structural_zero,design-implied zero,0,0,192,0,0,24
RESIDENT40_MINUS_NAIVE|IID|ACTIVE_C1-RADIUS_C1|F1,0.0,0.0,0.0,structural_zero,design-implied zero,0,0,192,0,0,24
RESIDENT40_MINUS_NAIVE|IID|ACTIVE_C1-RADIUS_C1|F40,0.005208333333333333,0.0,0.015625,unresolved,carrier frequency; prepared-minus-naive total effect,1,0,191,1,0,23
RESIDENT40_MINUS_NAIVE|IID|ACTIVE_C1-RADIUS_C1|FE1,0.002246093750000001,-0.003386230468749997,0.0067716471354166636,unresolved,carrier frequency; prepared-minus-naive total effect,28,23,141,16,6,2
RESIDENT40_MINUS_NAIVE|IID|ACTIVE_C1-RADIUS_C1|FE2,0.0013997395833333336,-0.0032226562499999994,0.006542968749999999,unresolved,carrier frequency; prepared-minus-naive total effect,11,8,173,9,6,9
RESIDENT40_MINUS_NAIVE|IID|ACTIVE_C1-RADIUS_C1|FE3,0.003678385416666667,-0.001171875,0.012076822916666667,unresolved,carrier frequency; prepared-minus-naive total effect,2,2,188,2,2,20
RESIDENT40_MINUS_NAIVE|IID|ACTIVE_C1-RADIUS_C1|FE4,0.005208333333333333,0.0,0.015429687500000002,unresolved,carrier frequency; prepared-minus-naive total effect,2,0,190,2,0,22
RESIDENT40_MINUS_NAIVE|IID|ACTIVE_C1-RADIUS_C1|FE5,0.005208333333333333,0.0,0.015625,unresolved,carrier frequency; prepared-minus-naive total effect,1,0,191,1,0,23
RESIDENT40_MINUS_NAIVE|IID|ACTIVE_C1-RADIUS_C1|FE6,0.005208333333333333,0.0,0.015625,unresolved,carrier frequency; prepared-minus-naive total effect,1,0,191,1,0,23
RESIDENT40_MINUS_NAIVE|IID|ACTIVE_C1-RADIUS_C1|FE7,0.005208333333333333,0.0,0.015625,unresolved,carrier frequency; prepared-minus-naive total effect,1,0,191,1,0,23
RESIDENT40_MINUS_NAIVE|IID|ACTIVE_C1-RADIUS_C1|FE8,0.005208333333333333,0.0,0.015625,unresolved,carrier frequency; prepared-minus-naive total effect,1,0,191,1,0,23
RESIDENT40_MINUS_NAIVE|IID|ACTIVE_C1-RADIUS_C1|MLOSS,3.395080566406574e-05,-0.00017973264058429787,0.0002643871307373086,unresolved,raw mismatch; prepared-minus-naive total effect,24,27,141,9,13,2
RESIDENT40_MINUS_NAIVE|IID|ACTIVE_C1-RADIUS_C1|U,-3.395080566407268e-05,-0.0002643871307373203,0.00017973264058429494,unresolved,raw accuracy; prepared-minus-naive total effect,27,24,141,13,9,2
RESIDENT40_MINUS_NAIVE|IID|ACTIVE_C1-RADIUS_C1|U0,0.0,0.0,0.0,structural_zero,design-implied zero,0,0,192,0,0,24
RESIDENT40_MINUS_NAIVE|IID|ACTIVE_C1-RADIUS_C1|U1,0.0,0.0,0.0,structural_zero,design-implied zero,0,0,192,0,0,24
RESIDENT40_MINUS_NAIVE|IID|ACTIVE_C1-RADIUS_C1|U40,-0.0013326009114583333,-0.004542287190755208,0.0015108744303385404,unresolved,raw accuracy; prepared-minus-naive total effect,26,25,141,9,13,2
RESIDENT40_MINUS_NAIVE|RECUR|ACTIVE_C0-RADIUS_C0|D40,0.23502604166666666,0.16275227864583333,0.31087646484375,positive,carrier frequency change; prepared-minus-naive total effect,62,13,117,21,3,0
RESIDENT40_MINUS_NAIVE|RECUR|ACTIVE_C0-RADIUS_C0|E1,0.00027262369791669627,-5.289713541662827e-05,0.0005869547526041929,unresolved,raw accuracy; prepared-minus-naive total effect,50,36,106,15,9,0
RESIDENT40_MINUS_NAIVE|RECUR|ACTIVE_C0-RADIUS_C0|E2,0.000672403971354138,-0.0009563954671224054,0.002318318684895802,unresolved,raw accuracy; prepared-minus-naive total effect,70,39,83,15,9,0
RESIDENT40_MINUS_NAIVE|RECUR|ACTIVE_C0-RADIUS_C0|E3,0.004925537109375012,0.0029944864908854315,0.0067538452148437865,positive,raw accuracy; prepared-minus-naive total effect,71,38,83,21,3,0
RESIDENT40_MINUS_NAIVE|RECUR|ACTIVE_C0-RADIUS_C0|E4,0.00976155598958331,0.007579015096028657,0.011894887288411454,positive,raw accuracy; prepared-minus-naive total effect,69,40,83,23,1,0
RESIDENT40_MINUS_NAIVE|RECUR|ACTIVE_C0-RADIUS_C0|E5,0.013703409830729143,0.010333836873372368,0.0167486826578776,positive,raw accuracy; prepared-minus-naive total effect,76,32,84,23,1,0
RESIDENT40_MINUS_NAIVE|RECUR|ACTIVE_C0-RADIUS_C0|E6,0.01835021972656252,0.01349797566731774,0.02252728780110682,positive,raw accuracy; prepared-minus-naive total effect,71,40,81,23,1,0
RESIDENT40_MINUS_NAIVE|RECUR|ACTIVE_C0-RADIUS_C0|E7,0.022734578450520834,0.01666954040527343,0.028322016398111948,positive,raw accuracy; prepared-minus-naive total effect,76,34,82,23,1,0
RESIDENT40_MINUS_NAIVE|RECUR|ACTIVE_C0-RADIUS_C0|E8,0.02605082194010415,0.01868792215983074,0.03301577250162757,positive,raw accuracy; prepared-minus-naive total effect,74,34,84,23,1,0
RESIDENT40_MINUS_NAIVE|RECUR|ACTIVE_C0-RADIUS_C0|F,0.16314290364583336,0.11418792724609374,0.2166610717773437,positive,carrier frequency; prepared-minus-naive total effect,80,32,80,21,3,0
RESIDENT40_MINUS_NAIVE|RECUR|ACTIVE_C0-RADIUS_C0|F0,0.0,0.0,0.0,structural_zero,design-implied zero,0,0,192,0,0,24
RESIDENT40_MINUS_NAIVE|RECUR|ACTIVE_C0-RADIUS_C0|F1,0.0,0.0,0.0,structural_zero,design-implied zero,0,0,192,0,0,24
RESIDENT40_MINUS_NAIVE|RECUR|ACTIVE_C0-RADIUS_C0|F40,0.23502604166666666,0.16275227864583333,0.31087646484375,positive,carrier frequency; prepared-minus-naive total effect,62,13,117,21,3,0
RESIDENT40_MINUS_NAIVE|RECUR|ACTIVE_C0-RADIUS_C0|FE1,0.0041015625,-0.002638346354166666,0.010905761718749995,unresolved,carrier frequency; prepared-minus-naive total effect,62,35,95,13,11,0
RESIDENT40_MINUS_NAIVE|RECUR|ACTIVE_C0-RADIUS_C0|FE2,0.03225911458333333,0.0011702473958333304,0.06510904947916664,positive,carrier frequency; prepared-minus-naive total effect,66,32,94,18,6,0
RESIDENT40_MINUS_NAIVE|RECUR|ACTIVE_C0-RADIUS_C0|FE3,0.14235026041666665,0.09312174479166667,0.19635823567708333,positive,carrier frequency; prepared-minus-naive total effect,66,23,103,19,5,0
RESIDENT40_MINUS_NAIVE|RECUR|ACTIVE_C0-RADIUS_C0|FE4,0.20009765624999998,0.1419449869791667,0.2667976888020833,positive,carrier frequency; prepared-minus-naive total effect,64,17,111,21,3,0
RESIDENT40_MINUS_NAIVE|RECUR|ACTIVE_C0-RADIUS_C0|FE5,0.21920572916666667,0.1569889322916667,0.2877384440104166,positive,carrier frequency; prepared-minus-naive total effect,63,14,115,21,3,0
RESIDENT40_MINUS_NAIVE|RECUR|ACTIVE_C0-RADIUS_C0|FE6,0.23326822916666667,0.16611328125,0.30355224609375,positive,carrier frequency; prepared-minus-naive total effect,63,14,115,21,3,0
RESIDENT40_MINUS_NAIVE|RECUR|ACTIVE_C0-RADIUS_C0|FE7,0.2376953125,0.16659830729166666,0.31091064453125,positive,carrier frequency; prepared-minus-naive total effect,62,14,116,21,3,0
RESIDENT40_MINUS_NAIVE|RECUR|ACTIVE_C0-RADIUS_C0|FE8,0.23616536458333334,0.16498942057291666,0.31195068359375,positive,carrier frequency; prepared-minus-naive total effect,62,13,117,21,3,0
RESIDENT40_MINUS_NAIVE|RECUR|ACTIVE_C0-RADIUS_C0|MLOSS,-0.012058893839518225,-0.014877735773722325,-0.008914047876993816,negative,raw mismatch; prepared-minus-naive total effect,38,75,79,1,23,0
RESIDENT40_MINUS_NAIVE|RECUR|ACTIVE_C0-RADIUS_C0|U,0.012058893839518211,0.008914047876993769,0.014877735773722296,positive,raw accuracy; prepared-minus-naive total effect,75,38,79,23,1,0
RESIDENT40_MINUS_NAIVE|RECUR|ACTIVE_C0-RADIUS_C0|U0,0.0,0.0,0.0,structural_zero,design-implied zero,0,0,192,0,0,24
RESIDENT40_MINUS_NAIVE|RECUR|ACTIVE_C0-RADIUS_C0|U1,0.0,0.0,0.0,structural_zero,design-implied zero,0,0,192,0,0,24
RESIDENT40_MINUS_NAIVE|RECUR|ACTIVE_C0-RADIUS_C0|U40,0.0272064208984375,0.01883799235026042,0.03493792215983073,positive,raw accuracy; prepared-minus-naive total effect,71,36,85,22,2,0
RESIDENT40_MINUS_NAIVE|RECUR|ACTIVE_C1-RADIUS_C1|D40,-0.015625,-0.041666666666666664,0.0,unresolved,carrier frequency change; prepared-minus-naive total effect,1,4,187,0,2,22
RESIDENT40_MINUS_NAIVE|RECUR|ACTIVE_C1-RADIUS_C1|E1,-0.00020345052083333334,-0.00037233988444011236,-5.386352539062278e-05,negative,raw accuracy; prepared-minus-naive total effect,11,23,158,6,12,6
RESIDENT40_MINUS_NAIVE|RECUR|ACTIVE_C1-RADIUS_C1|E2,-8.341471354167407e-05,-0.0005462646484374891,0.0003347015380859338,unresolved,raw accuracy; prepared-minus-naive total effect,14,17,161,7,9,8
RESIDENT40_MINUS_NAIVE|RECUR|ACTIVE_C1-RADIUS_C1|E3,-0.00012512207031252035,-0.0009471384684245058,0.0006561279296874862,unresolved,raw accuracy; prepared-minus-naive total effect,13,17,162,7,9,8
RESIDENT40_MINUS_NAIVE|RECUR|ACTIVE_C1-RADIUS_C1|E4,-0.0009724934895833324,-0.0018923187255859286,-0.0001606241861979099,negative,raw accuracy; prepared-minus-naive total effect,10,19,163,2,14,8
RESIDENT40_MINUS_NAIVE|RECUR|ACTIVE_C1-RADIUS_C1|E5,-0.0006601969401041491,-0.002214635213216098,0.0005982716878255268,unresolved,raw accuracy; prepared-minus-naive total effect,19,9,164,10,6,8
RESIDENT40_MINUS_NAIVE|RECUR|ACTIVE_C1-RADIUS_C1|E6,-0.0013183593750000129,-0.0030497487386067865,-4.168192545576472e-05,negative,raw accuracy; prepared-minus-naive total effect,7,22,163,3,13,8
RESIDENT40_MINUS_NAIVE|RECUR|ACTIVE_C1-RADIUS_C1|E7,-0.001512654622395827,-0.0040463765462239515,0.00023808797200521357,unresolved,raw accuracy; prepared-minus-naive total effect,14,14,164,9,7,8
RESIDENT40_MINUS_NAIVE|RECUR|ACTIVE_C1-RADIUS_C1|E8,-0.0021036783854166546,-0.0049512736002604,-8.338928222655145e-05,negative,raw accuracy; prepared-minus-naive total effect,8,20,164,4,12,8
RESIDENT40_MINUS_NAIVE|RECUR|ACTIVE_C1-RADIUS_C1|F,-0.010803222656249995,-0.027967529296874998,-3.86555989583468e-06,negative,carrier frequency; prepared-minus-naive total effect,15,18,159,8,9,7
RESIDENT40_MINUS_NAIVE|RECUR|ACTIVE_C1-RADIUS_C1|F0,0.0,0.0,0.0,structural_zero,design-implied zero,0,0,192,0,0,24
RESIDENT40_MINUS_NAIVE|RECUR|ACTIVE_C1-RADIUS_C1|F1,0.0,0.0,0.0,structural_zero,design-implied zero,0,0,192,0,0,24
RESIDENT40_MINUS_NAIVE|RECUR|ACTIVE_C1-RADIUS_C1|F40,-0.015625,-0.041666666666666664,0.0,unresolved,carrier frequency; prepared-minus-naive total effect,1,4,187,0,2,22
RESIDENT40_MINUS_NAIVE|RECUR|ACTIVE_C1-RADIUS_C1|FE1,-0.0011718750000000002,-0.0032226562499999994,0.0006193033854166619,unresolved,carrier frequency; prepared-minus-naive total effect,14,19,159,9,9,6
RESIDENT40_MINUS_NAIVE|RECUR|ACTIVE_C1-RADIUS_C1|FE2,-0.0043294270833333336,-0.011947428385416667,0.001140136718749996,unresolved,carrier frequency; prepared-minus-naive total effect,4,8,180,3,6,15
RESIDENT40_MINUS_NAIVE|RECUR|ACTIVE_C1-RADIUS_C1|FE3,-0.0091796875,-0.023706054687500002,0.0003580729166666667,unresolved,carrier frequency; prepared-minus-naive total effect,2,6,184,1,4,19
RESIDENT40_MINUS_NAIVE|RECUR|ACTIVE_C1-RADIUS_C1|FE4,-0.013248697916666668,-0.03268229166666667,0.00013020833333333333,unresolved,carrier frequency; prepared-minus-naive total effect,2,4,186,1,2,21
RESIDENT40_MINUS_NAIVE|RECUR|ACTIVE_C1-RADIUS_C1|FE5,-0.012890625000000001,-0.030989583333333334,0.0,unresolved,carrier frequency; prepared-minus-naive total effect,1,4,187,0,2,22
RESIDENT40_MINUS_NAIVE|RECUR|ACTIVE_C1-RADIUS_C1|FE6,-0.014355468750000001,-0.03658854166666667,0.0,unresolved,carrier frequency; prepared-minus-naive total effect,1,4,187,0,2,22
RESIDENT40_MINUS_NAIVE|RECUR|ACTIVE_C1-RADIUS_C1|FE7,-0.015625,-0.041666666666666664,0.0,unresolved,carrier frequency; prepared-minus-naive total effect,1,4,187,0,2,22
RESIDENT40_MINUS_NAIVE|RECUR|ACTIVE_C1-RADIUS_C1|FE8,-0.015625,-0.041666666666666664,0.0,unresolved,carrier frequency; prepared-minus-naive total effect,1,4,187,0,2,22
RESIDENT40_MINUS_NAIVE|RECUR|ACTIVE_C1-RADIUS_C1|MLOSS,0.0008724212646484449,-4.549344380696916e-05,0.002109546661376951,unresolved,raw mismatch; prepared-minus-naive total effect,18,15,159,10,8,6
RESIDENT40_MINUS_NAIVE|RECUR|ACTIVE_C1-RADIUS_C1|U,-0.0008724212646484311,-0.0021095466613769496,4.54934438069666e-05,unresolved,raw accuracy; prepared-minus-naive total effect,15,18,159,8,10,6
RESIDENT40_MINUS_NAIVE|RECUR|ACTIVE_C1-RADIUS_C1|U0,0.0,0.0,0.0,structural_zero,design-implied zero,0,0,192,0,0,24
RESIDENT40_MINUS_NAIVE|RECUR|ACTIVE_C1-RADIUS_C1|U1,0.0,0.0,0.0,structural_zero,design-implied zero,0,0,192,0,0,24
RESIDENT40_MINUS_NAIVE|RECUR|ACTIVE_C1-RADIUS_C1|U40,-0.0025736490885416665,-0.005183283487955729,-0.0002592722574869799,negative,raw accuracy; prepared-minus-naive total effect,8,19,165,3,13,8
RESIDENT40|IID|ACTIVE_C0-RADIUS_C0|D40,-0.061197916666666664,-0.11622721354166667,-0.013012695312500044,negative,carrier frequency change; first minus second arm,8,20,164,5,11,8
RESIDENT40|IID|ACTIVE_C0-RADIUS_C0|E1,0.00011291503906249907,-0.00028996785481769923,0.0004822794596354351,unresolved,raw accuracy; first minus second arm,29,24,139,11,11,2
RESIDENT40|IID|ACTIVE_C0-RADIUS_C0|E2,-0.000695800781249987,-0.0014181009928385152,-4.170735677082304e-05,negative,raw accuracy; first minus second arm,22,31,139,11,11,2
RESIDENT40|IID|ACTIVE_C0-RADIUS_C0|E3,9.969075520833519e-05,-0.0008098602294922137,0.0010408782958984608,unresolved,raw accuracy; first minus second arm,26,26,140,11,11,2
RESIDENT40|IID|ACTIVE_C0-RADIUS_C0|E4,-0.0011962890625000083,-0.0024628194173176984,7.441202799477416e-05,unresolved,raw accuracy; first minus second arm,20,33,139,8,14,2
RESIDENT40|IID|ACTIVE_C0-RADIUS_C0|E5,-0.0008992513020833157,-0.0019490559895833097,9.162902832033051e-05,unresolved,raw accuracy; first minus second arm,21,32,139,9,13,2
RESIDENT40|IID|ACTIVE_C0-RADIUS_C0|E6,-0.0009002685546874908,-0.0020590209960937326,0.00023264567057292845,unresolved,raw accuracy; first minus second arm,22,31,139,9,13,2
RESIDENT40|IID|ACTIVE_C0-RADIUS_C0|E7,-0.0009368896484374898,-0.0021902211507161514,0.0003573862711588744,unresolved,raw accuracy; first minus second arm,20,32,140,8,14,2
RESIDENT40|IID|ACTIVE_C0-RADIUS_C0|E8,-0.0011698404947916574,-0.002469940185546872,7.568359374999406e-05,unresolved,raw accuracy; first minus second arm,19,34,139,7,15,2
RESIDENT40|IID|ACTIVE_C0-RADIUS_C0|F,-0.040669759114583336,-0.08077768961588541,-0.005260213216145865,negative,carrier frequency; first minus second arm,17,35,140,7,15,2
RESIDENT40|IID|ACTIVE_C0-RADIUS_C0|F0,0.0,0.0,0.0,structural_zero,design-implied zero,0,0,192,0,0,24
RESIDENT40|IID|ACTIVE_C0-RADIUS_C0|F1,0.0,0.0,0.0,structural_zero,design-implied zero,0,0,192,0,0,24
RESIDENT40|IID|ACTIVE_C0-RADIUS_C0|F40,-0.061197916666666664,-0.11622721354166667,-0.013012695312500044,negative,carrier frequency; first minus second arm,8,20,164,5,11,8
RESIDENT40|IID|ACTIVE_C0-RADIUS_C0|FE1,-0.004069010416666665,-0.009864908854166667,0.0017919921874999915,unresolved,carrier frequency; first minus second arm,23,29,140,9,13,2
RESIDENT40|IID|ACTIVE_C0-RADIUS_C0|FE2,-0.02099609375,-0.04717447916666667,0.002735188802083328,unresolved,carrier frequency; first minus second arm,18,27,147,8,12,4
RESIDENT40|IID|ACTIVE_C0-RADIUS_C0|FE3,-0.0326171875,-0.06957438151041667,0.001642252604166582,unresolved,carrier frequency; first minus second arm,14,26,152,6,14,4
RESIDENT40|IID|ACTIVE_C0-RADIUS_C0|FE4,-0.04775390625,-0.09274414062499999,-0.006932779947916672,negative,carrier frequency; first minus second arm,11,27,154,6,13,5
RESIDENT40|IID|ACTIVE_C0-RADIUS_C0|FE5,-0.050618489583333336,-0.10195475260416666,-0.004746907552083368,negative,carrier frequency; first minus second arm,9,25,158,5,11,8
RESIDENT40|IID|ACTIVE_C0-RADIUS_C0|FE6,-0.05270182291666666,-0.10670735677083332,-0.005337727864583337,negative,carrier frequency; first minus second arm,9,22,161,5,11,8
RESIDENT40|IID|ACTIVE_C0-RADIUS_C0|FE7,-0.05703125,-0.11299235026041667,-0.009178059895833342,negative,carrier frequency; first minus second arm,9,22,161,5,11,8
RESIDENT40|IID|ACTIVE_C0-RADIUS_C0|FE8,-0.0595703125,-0.11497884114583333,-0.011477050781250074,negative,carrier frequency; first minus second arm,9,20,163,5,11,8
RESIDENT40|IID|ACTIVE_C0-RADIUS_C0|MLOSS,0.0006982167561848848,0.00029333750406898194,0.0011348915100097585,positive,raw mismatch; first minus second arm,39,14,139,18,4,2
RESIDENT40|IID|ACTIVE_C0-RADIUS_C0|U,-0.0006982167561848893,-0.0011348915100097834,-0.00029333750406897977,negative,raw accuracy; first minus second arm,14,39,139,4,18,2
RESIDENT40|IID|ACTIVE_C0-RADIUS_C0|U0,0.0,0.0,0.0,structural_zero,design-implied zero,0,0,192,0,0,24
RESIDENT40|IID|ACTIVE_C0-RADIUS_C0|U1,0.0,0.0,0.0,structural_zero,design-implied zero,0,0,192,0,0,24
RESIDENT40|IID|ACTIVE_C0-RADIUS_C0|U40,-0.004954020182291667,-0.008148956298828124,-0.002119954427083339,negative,raw accuracy; first minus second arm,15,38,139,7,15,2
RESIDENT40|IID|ACTIVE_C0|D40,0.043619791666666664,0.007161458333333333,0.07877604166666667,positive,carrier frequency change; absolute,15,177,0,11,13,0
RESIDENT40|IID|ACTIVE_C0|E1,0.6131317138671876,0.6104186503092448,0.6156499481201172,positive,raw accuracy; absolute,192,0,0,24,0,0
RESIDENT40|IID|ACTIVE_C0|E2,0.6153686523437499,0.6131967163085937,0.6176402282714843,positive,raw accuracy; absolute,192,0,0,24,0,0
RESIDENT40|IID|ACTIVE_C0|E3,0.6170857747395834,0.6153907521565755,0.6186279296875,positive,raw accuracy; absolute,192,0,0,24,0,0
RESIDENT40|IID|ACTIVE_C0|E4,0.6137461344401042,0.6111610412597654,0.6164175669352213,positive,raw accuracy; absolute,192,0,0,24,0,0
RESIDENT40|IID|ACTIVE_C0|E5,0.6152516682942709,0.6128603871663412,0.617778574625651,positive,raw accuracy; absolute,192,0,0,24,0,0
RESIDENT40|IID|ACTIVE_C0|E6,0.6149373372395833,0.6133487192789714,0.6166473388671875,positive,raw accuracy; absolute,192,0,0,24,0,0
RESIDENT40|IID|ACTIVE_C0|E7,0.6157725016276042,0.6138213602701823,0.6177496337890624,positive,raw accuracy; absolute,192,0,0,24,0,0
RESIDENT40|IID|ACTIVE_C0|E8,0.6159952799479166,0.6132699076334635,0.6188713836669922,positive,raw accuracy; absolute,192,0,0,24,0,0
RESIDENT40|IID|ACTIVE_C0|F,0.06182047526041667,0.034989115397135416,0.0884332275390625,positive,carrier frequency; absolute,79,0,113,24,0,0
RESIDENT40|IID|ACTIVE_C0|F0,0.03125,0.03125,0.03125,positive,carrier frequency; absolute,192,0,0,24,0,0
RESIDENT40|IID|ACTIVE_C0|F1,0.0283203125,0.02310791015625,0.034016927083333336,positive,carrier frequency; absolute,79,0,113,24,0,0
RESIDENT40|IID|ACTIVE_C0|F40,0.07486979166666667,0.038411458333333336,0.11002604166666667,positive,carrier frequency; absolute,15,0,177,11,0,13
RESIDENT40|IID|ACTIVE_C0|FE1,0.0337890625,0.024445800781250002,0.04326334635416667,positive,carrier frequency; absolute,79,0,113,24,0,0
RESIDENT40|IID|ACTIVE_C0|FE2,0.04586588541666666,0.027209472656249997,0.06478027343749998,positive,carrier frequency; absolute,34,0,158,17,0,7
RESIDENT40|IID|ACTIVE_C0|FE3,0.05462239583333334,0.030402832031249997,0.07989013671874996,positive,carrier frequency; absolute,21,0,171,14,0,10
RESIDENT40|IID|ACTIVE_C0|FE4,0.06533203124999999,0.03453776041666667,0.09580159505208335,positive,carrier frequency; absolute,20,0,172,14,0,10
RESIDENT40|IID|ACTIVE_C0|FE5,0.06972656249999999,0.035739746093750004,0.10368164062499999,positive,carrier frequency; absolute,17,0,175,12,0,12
RESIDENT40|IID|ACTIVE_C0|FE6,0.07311197916666667,0.038899739583333336,0.10761800130208334,positive,carrier frequency; absolute,16,0,176,12,0,12
RESIDENT40|IID|ACTIVE_C0|FE7,0.07630208333333333,0.04114583333333333,0.11012695312499998,positive,carrier frequency; absolute,16,0,176,12,0,12
RESIDENT40|IID|ACTIVE_C0|FE8,0.07581380208333333,0.04139241536458334,0.11077473958333334,positive,carrier frequency; absolute,16,0,176,12,0,12
RESIDENT40|IID|ACTIVE_C0|MLOSS,0.38483886718750004,0.38399908065795896,0.3857356325785319,positive,raw mismatch; absolute,192,0,0,24,0,0
RESIDENT40|IID|ACTIVE_C0|U,0.6151611328125001,0.6142643674214681,0.616000919342041,positive,raw accuracy; absolute,192,0,0,24,0,0
RESIDENT40|IID|ACTIVE_C0|U0,0.4951222737630208,0.48284899393717445,0.5070476531982422,positive,raw accuracy; absolute,192,0,0,24,0,0
RESIDENT40|IID|ACTIVE_C0|U1,0.6092325846354166,0.6035053253173829,0.6145846048990886,positive,raw accuracy; absolute,192,0,0,24,0,0
RESIDENT40|IID|ACTIVE_C0|U40,0.6158905029296875,0.6090471903483072,0.6240187327067057,positive,raw accuracy; absolute,192,0,0,24,0,0
RESIDENT40|IID|ACTIVE_C1-RADIUS_C1|D40,0.0,0.0,0.0,observed_exact_zero,sampled equality; not a design guarantee,0,0,192,0,0,24
RESIDENT40|IID|ACTIVE_C1-RADIUS_C1|E1,-9.663899739582871e-05,-0.00038459777832032353,0.00015162150065106065,unresolved,raw accuracy; first minus second arm,9,9,174,6,7,11
RESIDENT40|IID|ACTIVE_C1-RADIUS_C1|E2,-0.00022379557291666666,-0.0009898376464843811,0.0004690551757812577,unresolved,raw accuracy; first minus second arm,8,10,174,7,6,11
RESIDENT40|IID|ACTIVE_C1-RADIUS_C1|E3,0.00014648437500000555,-0.00031946818033854206,0.0006958516438802182,unresolved,raw accuracy; first minus second arm,9,9,174,6,7,11
RESIDENT40|IID|ACTIVE_C1-RADIUS_C1|E4,0.00047607421875000183,-0.00010604858398436688,0.001035588582356768,unresolved,raw accuracy; first minus second arm,11,7,174,10,3,11
RESIDENT40|IID|ACTIVE_C1-RADIUS_C1|E5,1.7293294270836108e-05,-0.000533065795898452,0.0005880737304687561,unresolved,raw accuracy; first minus second arm,9,9,174,7,6,11
RESIDENT40|IID|ACTIVE_C1-RADIUS_C1|E6,0.0003845214843750065,-6.411234537761062e-05,0.0009226989746093773,unresolved,raw accuracy; first minus second arm,13,5,174,9,4,11
RESIDENT40|IID|ACTIVE_C1-RADIUS_C1|E7,-0.00026550292968749445,-0.0008881123860677011,0.00033065795898437036,unresolved,raw accuracy; first minus second arm,6,11,175,6,6,12
RESIDENT40|IID|ACTIVE_C1-RADIUS_C1|E8,-0.0003153483072916759,-0.000903447469075532,0.00022486368815103117,unresolved,raw accuracy; first minus second arm,10,8,174,7,6,11
RESIDENT40|IID|ACTIVE_C1-RADIUS_C1|F,-0.0002888997395833334,-0.0009400431315104167,0.00028493245442708266,unresolved,carrier frequency; first minus second arm,6,11,175,5,8,11
RESIDENT40|IID|ACTIVE_C1-RADIUS_C1|F0,0.0,0.0,0.0,structural_zero,design-implied zero,0,0,192,0,0,24
RESIDENT40|IID|ACTIVE_C1-RADIUS_C1|F1,0.0,0.0,0.0,structural_zero,design-implied zero,0,0,192,0,0,24
RESIDENT40|IID|ACTIVE_C1-RADIUS_C1|F40,0.0,0.0,0.0,observed_exact_zero,sampled equality; not a design guarantee,0,0,192,0,0,24
RESIDENT40|IID|ACTIVE_C1-RADIUS_C1|FE1,-9.765625000000002e-05,-0.0020515950520833335,0.0019213867187499957,unresolved,carrier frequency; first minus second arm,6,11,175,5,8,11
RESIDENT40|IID|ACTIVE_C1-RADIUS_C1|FE2,-0.0015624999999999999,-0.00446044921875,0.00087890625,unresolved,carrier frequency; first minus second arm,4,5,183,3,4,17
RESIDENT40|IID|ACTIVE_C1-RADIUS_C1|FE3,-0.0006510416666666666,-0.001822916666666667,0.0,unresolved,carrier frequency; first minus second arm,0,2,190,0,2,22
RESIDENT40|IID|ACTIVE_C1-RADIUS_C1|FE4,0.0,0.0,0.0,observed_exact_zero,sampled equality; not a design guarantee,0,0,192,0,0,24
RESIDENT40|IID|ACTIVE_C1-RADIUS_C1|FE5,0.0,0.0,0.0,observed_exact_zero,sampled equality; not a design guarantee,0,0,192,0,0,24
RESIDENT40|IID|ACTIVE_C1-RADIUS_C1|FE6,0.0,0.0,0.0,observed_exact_zero,sampled equality; not a design guarantee,0,0,192,0,0,24
RESIDENT40|IID|ACTIVE_C1-RADIUS_C1|FE7,0.0,0.0,0.0,observed_exact_zero,sampled equality; not a design guarantee,0,0,192,0,0,24
RESIDENT40|IID|ACTIVE_C1-RADIUS_C1|FE8,0.0,0.0,0.0,observed_exact_zero,sampled equality; not a design guarantee,0,0,192,0,0,24
RESIDENT40|IID|ACTIVE_C1-RADIUS_C1|MLOSS,-1.5385945638021297e-05,-0.00014395078023274598,0.00010708173116047555,unresolved,raw mismatch; first minus second arm,9,9,174,6,7,11
RESIDENT40|IID|ACTIVE_C1-RADIUS_C1|U,1.538594563800973e-05,-0.00010708173116049172,0.00014395078023272546,unresolved,raw accuracy; first minus second arm,9,9,174,7,6,11
RESIDENT40|IID|ACTIVE_C1-RADIUS_C1|U0,0.0,0.0,0.0,structural_zero,design-implied zero,0,0,192,0,0,24
RESIDENT40|IID|ACTIVE_C1-RADIUS_C1|U1,0.0,0.0,0.0,structural_zero,design-implied zero,0,0,192,0,0,24
RESIDENT40|IID|ACTIVE_C1-RADIUS_C1|U40,0.00013224283854166666,-0.0013734181722005207,0.0016836802164713533,unresolved,raw accuracy; first minus second arm,9,9,174,6,7,11
RESIDENT40|IID|ACTIVE_C1|D40,-0.03125,-0.03125,-0.03125,negative,carrier frequency change; absolute,0,192,0,0,24,0
RESIDENT40|IID|ACTIVE_C1|E1,0.612738037109375,0.609892349243164,0.615324478149414,positive,raw accuracy; absolute,192,0,0,24,0,0
RESIDENT40|IID|ACTIVE_C1|E2,0.6156758626302083,0.6132395172119142,0.6184672546386719,positive,raw accuracy; absolute,192,0,0,24,0,0
RESIDENT40|IID|ACTIVE_C1|E3,0.6164672851562499,0.6142627461751302,0.6186017354329427,positive,raw accuracy; absolute,192,0,0,24,0,0
RESIDENT40|IID|ACTIVE_C1|E4,0.6137624104817708,0.6115933481852214,0.616433842976888,positive,raw accuracy; absolute,192,0,0,24,0,0
RESIDENT40|IID|ACTIVE_C1|E5,0.6139811197916667,0.6114255015055339,0.6166999816894532,positive,raw accuracy; absolute,192,0,0,24,0,0
RESIDENT40|IID|ACTIVE_C1|E6,0.6152109781901042,0.6133900960286458,0.6170594787597656,positive,raw accuracy; absolute,192,0,0,24,0,0
RESIDENT40|IID|ACTIVE_C1|E7,0.6146230061848957,0.6127379099527995,0.616362813313802,positive,raw accuracy; absolute,192,0,0,24,0,0
RESIDENT40|IID|ACTIVE_C1|E8,0.6141286214192708,0.6116098276774089,0.6168039957682292,positive,raw accuracy; absolute,192,0,0,24,0,0
RESIDENT40|IID|ACTIVE_C1|F,0.0011922200520833334,0.0007241821289062501,0.00169677734375,positive,carrier frequency; absolute,52,0,140,23,0,1
RESIDENT40|IID|ACTIVE_C1|F0,0.03125,0.03125,0.03125,positive,carrier frequency; absolute,192,0,0,24,0,0
RESIDENT40|IID|ACTIVE_C1|F1,0.015299479166666666,0.011063639322916667,0.01953125,positive,carrier frequency; absolute,52,0,140,23,0,1
RESIDENT40|IID|ACTIVE_C1|F40,0.0,0.0,0.0,observed_exact_zero,sampled equality; not a design guarantee,0,0,192,0,0,24
RESIDENT40|IID|ACTIVE_C1|FE1,0.008333333333333333,0.0053377278645833325,0.011490885416666666,positive,carrier frequency; absolute,52,0,140,23,0,1
RESIDENT40|IID|ACTIVE_C1|FE2,0.0012044270833333334,0.00029296875,0.002376302083333333,positive,carrier frequency; absolute,6,0,186,6,0,18
RESIDENT40|IID|ACTIVE_C1|FE3,0.0,0.0,0.0,observed_exact_zero,sampled equality; not a design guarantee,0,0,192,0,0,24
RESIDENT40|IID|ACTIVE_C1|FE4,0.0,0.0,0.0,observed_exact_zero,sampled equality; not a design guarantee,0,0,192,0,0,24
RESIDENT40|IID|ACTIVE_C1|FE5,0.0,0.0,0.0,observed_exact_zero,sampled equality; not a design guarantee,0,0,192,0,0,24
RESIDENT40|IID|ACTIVE_C1|FE6,0.0,0.0,0.0,observed_exact_zero,sampled equality; not a design guarantee,0,0,192,0,0,24
RESIDENT40|IID|ACTIVE_C1|FE7,0.0,0.0,0.0,observed_exact_zero,sampled equality; not a design guarantee,0,0,192,0,0,24
RESIDENT40|IID|ACTIVE_C1|FE8,0.0,0.0,0.0,observed_exact_zero,sampled equality; not a design guarantee,0,0,192,0,0,24
RESIDENT40|IID|ACTIVE_C1|MLOSS,0.3854265848795573,0.3845536200205485,0.3863221899668376,positive,raw mismatch; absolute,192,0,0,24,0,0
RESIDENT40|IID|ACTIVE_C1|U,0.6145734151204427,0.6136778100331625,0.6154463799794515,positive,raw accuracy; absolute,192,0,0,24,0,0
RESIDENT40|IID|ACTIVE_C1|U0,0.4951222737630208,0.48284899393717445,0.5070476531982422,positive,raw accuracy; absolute,192,0,0,24,0,0
RESIDENT40|IID|ACTIVE_C1|U1,0.6090494791666666,0.6033223470052084,0.6144515991210937,positive,raw accuracy; absolute,192,0,0,24,0,0
RESIDENT40|IID|ACTIVE_C1|U40,0.6163991292317709,0.6100156148274739,0.6236495971679688,positive,raw accuracy; absolute,192,0,0,24,0,0
RESIDENT40|IID|NOVEL_C0|D40,0.1298828125,0.062174479166666664,0.20183919270833323,positive,carrier frequency change; absolute,31,161,0,14,10,0
RESIDENT40|IID|NOVEL_C0|E1,0.614068603515625,0.6115833791097006,0.6163249969482422,positive,raw accuracy; absolute,192,0,0,24,0,0
RESIDENT40|IID|NOVEL_C0|E2,0.6161336263020835,0.6137904866536459,0.6185914103190104,positive,raw accuracy; absolute,192,0,0,24,0,0
RESIDENT40|IID|NOVEL_C0|E3,0.6183146158854167,0.6161790720621744,0.6203353627522787,positive,raw accuracy; absolute,192,0,0,24,0,0
RESIDENT40|IID|NOVEL_C0|E4,0.6153452555338541,0.6129200236002604,0.6178510284423828,positive,raw accuracy; absolute,192,0,0,24,0,0
RESIDENT40|IID|NOVEL_C0|E5,0.6165181477864584,0.6141998036702475,0.6189303080240887,positive,raw accuracy; absolute,192,0,0,24,0,0
RESIDENT40|IID|NOVEL_C0|E6,0.617864990234375,0.6154686737060547,0.6202119445800782,positive,raw accuracy; absolute,192,0,0,24,0,0
RESIDENT40|IID|NOVEL_C0|E7,0.6170654296875,0.6146531168619791,0.6193209584554036,positive,raw accuracy; absolute,192,0,0,24,0,0
RESIDENT40|IID|NOVEL_C0|E8,0.6173858642578125,0.6152189127604166,0.6198720550537109,positive,raw accuracy; absolute,192,0,0,24,0,0
RESIDENT40|IID|NOVEL_C0|F,0.1177978515625,0.06916392008463541,0.16712666829427084,positive,carrier frequency; absolute,119,0,73,24,0,0
RESIDENT40|IID|NOVEL_C0|F0,0.03125,0.03125,0.03125,positive,carrier frequency; absolute,192,0,0,24,0,0
RESIDENT40|IID|NOVEL_C0|F1,0.0380859375,0.033203125,0.04248046875,positive,carrier frequency; absolute,119,0,73,24,0,0
RESIDENT40|IID|NOVEL_C0|F40,0.1611328125,0.09342447916666667,0.23308919270833323,positive,carrier frequency; absolute,31,0,161,14,0,10
RESIDENT40|IID|NOVEL_C0|FE1,0.05299479166666667,0.04029947916666667,0.06585286458333334,positive,carrier frequency; absolute,119,0,73,24,0,0
RESIDENT40|IID|NOVEL_C0|FE2,0.08196614583333334,0.051004231770833325,0.11429117838541668,positive,carrier frequency; absolute,56,0,136,22,0,2
RESIDENT40|IID|NOVEL_C0|FE3,0.09316406250000002,0.05237467447916666,0.13738281249999992,positive,carrier frequency; absolute,40,0,152,19,0,5
RESIDENT40|IID|NOVEL_C0|FE4,0.11305338541666667,0.06422444661458333,0.16507242838541666,positive,carrier frequency; absolute,35,0,157,17,0,7
RESIDENT40|IID|NOVEL_C0|FE5,0.13720703125,0.07641927083333333,0.19837809244791665,positive,carrier frequency; absolute,32,0,160,15,0,9
RESIDENT40|IID|NOVEL_C0|FE6,0.14833984375,0.08398274739583333,0.21653727213541668,positive,carrier frequency; absolute,31,0,161,14,0,10
RESIDENT40|IID|NOVEL_C0|FE7,0.15589192708333333,0.08886311848958334,0.22565185546875002,positive,carrier frequency; absolute,31,0,161,14,0,10
RESIDENT40|IID|NOVEL_C0|FE8,0.159765625,0.09244791666666667,0.22918294270833323,positive,carrier frequency; absolute,31,0,161,14,0,10
RESIDENT40|IID|NOVEL_C0|MLOSS,0.3834129333496093,0.3826108964284261,0.38426590283711753,positive,raw mismatch; absolute,192,0,0,24,0,0
RESIDENT40|IID|NOVEL_C0|U,0.6165870666503906,0.6157340971628825,0.617389103571574,positive,raw accuracy; absolute,192,0,0,24,0,0
RESIDENT40|IID|NOVEL_C0|U0,0.4951222737630208,0.48284899393717445,0.5070476531982422,positive,raw accuracy; absolute,192,0,0,24,0,0
RESIDENT40|IID|NOVEL_C0|U1,0.6102294921875,0.6047157287597655,0.6154786427815755,positive,raw accuracy; absolute,192,0,0,24,0,0
RESIDENT40|IID|NOVEL_C0|U40,0.6213633219401041,0.6153738657633464,0.6274372100830078,positive,raw accuracy; absolute,192,0,0,24,0,0
RESIDENT40|IID|NOVEL_C1|D40,-0.03125,-0.03125,-0.03125,negative,carrier frequency change; absolute,0,192,0,0,24,0
RESIDENT40|IID|NOVEL_C1|E1,0.6130177815755209,0.6103148396809895,0.6155721282958984,positive,raw accuracy; absolute,192,0,0,24,0,0
RESIDENT40|IID|NOVEL_C1|E2,0.6160624186197917,0.6133209228515626,0.6189840443929037,positive,raw accuracy; absolute,192,0,0,24,0,0
RESIDENT40|IID|NOVEL_C1|E3,0.6144307454427084,0.6124752807617189,0.6163712310791015,positive,raw accuracy; absolute,192,0,0,24,0,0
RESIDENT40|IID|NOVEL_C1|E4,0.6144144694010416,0.6120154317220052,0.6170544433593751,positive,raw accuracy; absolute,192,0,0,24,0,0
RESIDENT40|IID|NOVEL_C1|E5,0.6144694010416666,0.612271016438802,0.6167380777994792,positive,raw accuracy; absolute,192,0,0,24,0,0
RESIDENT40|IID|NOVEL_C1|E6,0.6151845296223958,0.6132811228434245,0.6172526041666666,positive,raw accuracy; absolute,192,0,0,24,0,0
RESIDENT40|IID|NOVEL_C1|E7,0.614080810546875,0.6122718048095703,0.6159070078531901,positive,raw accuracy; absolute,192,0,0,24,0,0
RESIDENT40|IID|NOVEL_C1|E8,0.6152689615885416,0.6126694488525389,0.6179608662923177,positive,raw accuracy; absolute,192,0,0,24,0,0
RESIDENT40|IID|NOVEL_C1|F,0.0026448567708333335,0.0018269856770833336,0.003674418131510416,positive,carrier frequency; absolute,87,0,105,23,0,1
RESIDENT40|IID|NOVEL_C1|F0,0.03125,0.03125,0.03125,positive,carrier frequency; absolute,192,0,0,24,0,0
RESIDENT40|IID|NOVEL_C1|F1,0.024251302083333332,0.01953125,0.028971354166666668,positive,carrier frequency; absolute,87,0,105,23,0,1
RESIDENT40|IID|NOVEL_C1|F40,0.0,0.0,0.0,observed_exact_zero,sampled equality; not a design guarantee,0,0,192,0,0,24
RESIDENT40|IID|NOVEL_C1|FE1,0.015787760416666668,0.011783854166666668,0.020509440104166658,positive,carrier frequency; absolute,87,0,105,23,0,1
RESIDENT40|IID|NOVEL_C1|FE2,0.004654947916666667,0.0019856770833333337,0.008041178385416663,positive,carrier frequency; absolute,14,0,178,11,0,13
RESIDENT40|IID|NOVEL_C1|FE3,0.0007161458333333334,6.510416666666667e-05,0.0016927083333333334,positive,carrier frequency; absolute,4,0,188,4,0,20
RESIDENT40|IID|NOVEL_C1|FE4,0.0,0.0,0.0,observed_exact_zero,sampled equality; not a design guarantee,0,0,192,0,0,24
RESIDENT40|IID|NOVEL_C1|FE5,0.0,0.0,0.0,observed_exact_zero,sampled equality; not a design guarantee,0,0,192,0,0,24
RESIDENT40|IID|NOVEL_C1|FE6,0.0,0.0,0.0,observed_exact_zero,sampled equality; not a design guarantee,0,0,192,0,0,24
RESIDENT40|IID|NOVEL_C1|FE7,0.0,0.0,0.0,observed_exact_zero,sampled equality; not a design guarantee,0,0,192,0,0,24
RESIDENT40|IID|NOVEL_C1|FE8,0.0,0.0,0.0,observed_exact_zero,sampled equality; not a design guarantee,0,0,192,0,0,24
RESIDENT40|IID|NOVEL_C1|MLOSS,0.38538386027018223,0.3844954045613607,0.38627948125203454,positive,raw mismatch; absolute,192,0,0,24,0,0
RESIDENT40|IID|NOVEL_C1|U,0.6146161397298178,0.6137205187479655,0.6155045954386393,positive,raw accuracy; absolute,192,0,0,24,0,0
RESIDENT40|IID|NOVEL_C1|U0,0.4951222737630208,0.48284899393717445,0.5070476531982422,positive,raw accuracy; absolute,192,0,0,24,0,0
RESIDENT40|IID|NOVEL_C1|U1,0.610015869140625,0.6044817606608073,0.6152804056803386,positive,raw accuracy; absolute,192,0,0,24,0,0
RESIDENT40|IID|NOVEL_C1|U40,0.6178385416666666,0.6111297607421875,0.625015385945638,positive,raw accuracy; absolute,192,0,0,24,0,0
RESIDENT40|IID|RADIUS_C0-NOVEL_C0|D40,-0.025065104166666668,-0.09864095052083333,0.046875,unresolved,carrier frequency change; first minus second arm,18,22,152,6,10,8
RESIDENT40|IID|RADIUS_C0-NOVEL_C0|E1,-0.0010498046874999843,-0.0017344411214192798,-0.00032038370768225545,negative,raw accuracy; first minus second arm,47,64,81,6,18,0
RESIDENT40|IID|RADIUS_C0-NOVEL_C0|E2,-6.917317708336294e-05,-0.0013624572753906585,0.0012096659342447596,unresolved,raw accuracy; first minus second arm,59,51,82,12,12,0
RESIDENT40|IID|RADIUS_C0-NOVEL_C0|E3,-0.0013285319010416842,-0.0027608998616536658,0.00020052591959633287,unresolved,raw accuracy; first minus second arm,48,62,82,10,14,0
RESIDENT40|IID|RADIUS_C0-NOVEL_C0|E4,-0.0004028320312500176,-0.0018148803710937693,0.001062088012695303,unresolved,raw accuracy; first minus second arm,50,61,81,10,14,0
RESIDENT40|IID|RADIUS_C0-NOVEL_C0|E5,-0.00036722819010416113,-0.0018199157714843715,0.0010673268636067748,unresolved,raw accuracy; first minus second arm,50,61,81,9,15,0
RESIDENT40|IID|RADIUS_C0-NOVEL_C0|E6,-0.0020273844401041733,-0.0036947631835937485,-0.00043823242187503197,negative,raw accuracy; first minus second arm,43,68,81,7,17,0
RESIDENT40|IID|RADIUS_C0-NOVEL_C0|E7,-0.0003560384114583241,-0.001747665405273412,0.0009461975097656377,unresolved,raw accuracy; first minus second arm,56,55,81,14,10,0
RESIDENT40|IID|RADIUS_C0-NOVEL_C0|E8,-0.00022074381510420646,-0.001730753580729198,0.0014475504557291137,unresolved,raw accuracy; first minus second arm,55,56,81,9,15,0
RESIDENT40|IID|RADIUS_C0-NOVEL_C0|F,-0.015307617187500002,-0.06267618815104166,0.03121378580729166,unresolved,carrier frequency; first minus second arm,38,73,81,9,15,0
RESIDENT40|IID|RADIUS_C0-NOVEL_C0|F0,0.0,0.0,0.0,structural_zero,design-implied zero,0,0,192,0,0,24
RESIDENT40|IID|RADIUS_C0-NOVEL_C0|F1,-0.009765625,-0.014322916666666666,-0.0048828125,negative,carrier frequency; first minus second arm,23,54,115,4,18,2
RESIDENT40|IID|RADIUS_C0-NOVEL_C0|F40,-0.025065104166666668,-0.09864095052083333,0.046875,unresolved,carrier frequency; first minus second arm,18,22,152,6,10,8
RESIDENT40|IID|RADIUS_C0-NOVEL_C0|FE1,-0.015136718750000002,-0.02571614583333334,-0.004947916666666669,negative,carrier frequency; first minus second arm,34,74,84,6,18,0
RESIDENT40|IID|RADIUS_C0-NOVEL_C0|FE2,-0.015104166666666669,-0.04166748046875,0.012344563802083292,unresolved,carrier frequency; first minus second arm,27,44,121,9,13,2
RESIDENT40|IID|RADIUS_C0-NOVEL_C0|FE3,-0.005924479166666666,-0.045900065104166644,0.03206868489583331,unresolved,carrier frequency; first minus second arm,25,31,136,8,12,4
RESIDENT40|IID|RADIUS_C0-NOVEL_C0|FE4,3.2552083333333794e-05,-0.047011718749999994,0.04757161458333327,unresolved,carrier frequency; first minus second arm,24,27,141,8,12,4
RESIDENT40|IID|RADIUS_C0-NOVEL_C0|FE5,-0.016861979166666666,-0.07555745442708334,0.04092773437499995,unresolved,carrier frequency; first minus second arm,23,24,145,8,10,6
RESIDENT40|IID|RADIUS_C0-NOVEL_C0|FE6,-0.022526041666666663,-0.08782796223958333,0.042257486979166634,unresolved,carrier frequency; first minus second arm,20,23,149,8,9,7
RESIDENT40|IID|RADIUS_C0-NOVEL_C0|FE7,-0.02255859375000001,-0.09244873046875,0.04645345052083332,unresolved,carrier frequency; first minus second arm,18,22,152,7,9,8
RESIDENT40|IID|RADIUS_C0-NOVEL_C0|FE8,-0.024381510416666665,-0.09724283854166668,0.04766357421874995,unresolved,carrier frequency; first minus second arm,18,22,152,7,9,8
RESIDENT40|IID|RADIUS_C0-NOVEL_C0|MLOSS,0.0007277170817057375,9.5103581746423e-05,0.001305160522460937,positive,raw mismatch; first minus second arm,64,47,81,16,8,0
RESIDENT40|IID|RADIUS_C0-NOVEL_C0|U,-0.0007277170817057282,-0.0013051605224609344,-9.510358174640905e-05,negative,raw accuracy; first minus second arm,47,64,81,8,16,0
RESIDENT40|IID|RADIUS_C0-NOVEL_C0|U0,0.0,0.0,0.0,structural_zero,design-implied zero,0,0,192,0,0,24
RESIDENT40|IID|RADIUS_C0-NOVEL_C0|U1,-0.0009969075520833333,-0.0014954884847005207,-0.0005695343017578132,negative,raw accuracy; first minus second arm,19,51,122,5,19,0
RESIDENT40|IID|RADIUS_C0-NOVEL_C0|U40,-0.000518798828125,-0.004409917195638021,0.004110336303710934,unresolved,raw accuracy; first minus second arm,49,60,83,10,14,0
RESIDENT40|IID|RADIUS_C0-SHAM_C0|D40,0.10481770833333333,0.055338541666666664,0.1604980468749999,positive,carrier frequency change; first minus second arm,25,4,163,11,0,13
RESIDENT40|IID|RADIUS_C0-SHAM_C0|E1,9.358723958332686e-05,-0.00023498535156250844,0.0003865559895833242,unresolved,raw accuracy; first minus second arm,20,27,145,11,10,3
RESIDENT40|IID|RADIUS_C0-SHAM_C0|E2,0.0007476806640624815,5.373636881508248e-05,0.0014831797281900873,positive,raw accuracy; first minus second arm,26,23,143,12,9,3
RESIDENT40|IID|RADIUS_C0-SHAM_C0|E3,0.0010681152343749861,0.00033454895019529516,0.0018057250976562266,positive,raw accuracy; first minus second arm,30,17,145,16,4,4
RESIDENT40|IID|RADIUS_C0-SHAM_C0|E4,0.0008097330729166796,-0.0005171457926432171,0.002262420654296894,unresolved,raw accuracy; first minus second arm,30,19,143,12,9,3
RESIDENT40|IID|RADIUS_C0-SHAM_C0|E5,0.001047770182291662,0.00014745076497394924,0.001969579060872399,positive,raw accuracy; first minus second arm,30,19,143,15,6,3
RESIDENT40|IID|RADIUS_C0-SHAM_C0|E6,1.1189778645837034e-05,-0.0011607615152994825,0.0012291717529296922,unresolved,raw accuracy; first minus second arm,28,21,143,12,9,3
RESIDENT40|IID|RADIUS_C0-SHAM_C0|E7,0.0015940348307291556,0.0006407165527343609,0.002569758097330713,positive,raw accuracy; first minus second arm,36,13,143,16,5,3
RESIDENT40|IID|RADIUS_C0-SHAM_C0|E8,0.0018147786458333388,0.0007441457112630149,0.0029970804850260485,positive,raw accuracy; first minus second arm,32,17,143,16,5,3
RESIDENT40|IID|RADIUS_C0-SHAM_C0|F,0.07196451822916666,0.03696075439453125,0.11077891031901041,positive,carrier frequency; first minus second arm,36,13,143,16,5,3
RESIDENT40|IID|RADIUS_C0-SHAM_C0|F0,0.0,0.0,0.0,structural_zero,design-implied zero,0,0,192,0,0,24
RESIDENT40|IID|RADIUS_C0-SHAM_C0|F1,0.0,0.0,0.0,structural_zero,design-implied zero,0,0,192,0,0,24
RESIDENT40|IID|RADIUS_C0-SHAM_C0|F40,0.10481770833333333,0.055338541666666664,0.1604980468749999,positive,carrier frequency; first minus second arm,25,4,163,11,0,13
RESIDENT40|IID|RADIUS_C0-SHAM_C0|FE1,0.007421874999999999,0.0030265299479166675,0.012727864583333331,positive,carrier frequency; first minus second arm,32,14,146,16,5,3
RESIDENT40|IID|RADIUS_C0-SHAM_C0|FE2,0.03723958333333333,0.015690104166666666,0.06197998046874999,positive,carrier frequency; first minus second arm,32,10,150,14,4,6
RESIDENT40|IID|RADIUS_C0-SHAM_C0|FE3,0.05725911458333333,0.026560872395833338,0.08958333333333333,positive,carrier frequency; first minus second arm,30,6,156,13,3,8
RESIDENT40|IID|RADIUS_C0-SHAM_C0|FE4,0.0837890625,0.04211832682291666,0.12783691406249997,positive,carrier frequency; first minus second arm,30,5,157,14,1,9
RESIDENT40|IID|RADIUS_C0-SHAM_C0|FE5,0.09222005208333334,0.04693929036458334,0.14329589843749999,positive,carrier frequency; first minus second arm,28,6,158,13,1,10
RESIDENT40|IID|RADIUS_C0-SHAM_C0|FE6,0.09280598958333335,0.04656982421875001,0.1458349609375,positive,carrier frequency; first minus second arm,27,5,160,12,1,11
RESIDENT40|IID|RADIUS_C0-SHAM_C0|FE7,0.10120442708333333,0.05204915364583334,0.1565771484375,positive,carrier frequency; first minus second arm,26,5,161,11,1,12
RESIDENT40|IID|RADIUS_C0-SHAM_C0|FE8,0.10377604166666667,0.054003906250000004,0.16022379557291666,positive,carrier frequency; first minus second arm,25,5,162,11,1,12
RESIDENT40|IID|RADIUS_C0-SHAM_C0|MLOSS,-0.0008983612060546828,-0.0013767274220784446,-0.00044449488321939706,negative,raw mismatch; first minus second arm,10,39,143,4,17,3
RESIDENT40|IID|RADIUS_C0-SHAM_C0|U,0.0008983612060546828,0.0004444948832193808,0.00137672742207846,positive,raw accuracy; first minus second arm,39,10,143,17,4,3
RESIDENT40|IID|RADIUS_C0-SHAM_C0|U0,0.0,0.0,0.0,structural_zero,design-implied zero,0,0,192,0,0,24
RESIDENT40|IID|RADIUS_C0-SHAM_C0|U1,0.0,0.0,0.0,structural_zero,design-implied zero,0,0,192,0,0,24
RESIDENT40|IID|RADIUS_C0-SHAM_C0|U40,0.0027567545572916665,0.000803375244140625,0.004908243815104167,positive,raw accuracy; first minus second arm,31,18,143,14,7,3
RESIDENT40|IID|RADIUS_C0|D40,0.10481770833333333,0.052083333333333336,0.1595296223958332,positive,carrier frequency change; absolute,27,165,0,14,10,0
RESIDENT40|IID|RADIUS_C0|E1,0.613018798828125,0.6104837799072266,0.6153811899820963,positive,raw accuracy; absolute,192,0,0,24,0,0
RESIDENT40|IID|RADIUS_C0|E2,0.616064453125,0.6139353179931641,0.6183034515380859,positive,raw accuracy; absolute,192,0,0,24,0,0
RESIDENT40|IID|RADIUS_C0|E3,0.6169860839843749,0.6150171915690104,0.6187339274088542,positive,raw accuracy; absolute,192,0,0,24,0,0
RESIDENT40|IID|RADIUS_C0|E4,0.6149424235026041,0.6121529897054037,0.6177796936035156,positive,raw accuracy; absolute,192,0,0,24,0,0
RESIDENT40|IID|RADIUS_C0|E5,0.6161509195963542,0.6137699381510417,0.6186321004231771,positive,raw accuracy; absolute,192,0,0,24,0,0
RESIDENT40|IID|RADIUS_C0|E6,0.6158376057942708,0.6139778391520182,0.6175425720214843,positive,raw accuracy; absolute,192,0,0,24,0,0
RESIDENT40|IID|RADIUS_C0|E7,0.6167093912760416,0.6149022674560547,0.6184613545735678,positive,raw accuracy; absolute,192,0,0,24,0,0
RESIDENT40|IID|RADIUS_C0|E8,0.6171651204427083,0.614786631266276,0.6198811848958333,positive,raw accuracy; absolute,192,0,0,24,0,0
RESIDENT40|IID|RADIUS_C0|F,0.102490234375,0.06390706380208333,0.14154469807942707,positive,carrier frequency; absolute,79,0,113,24,0,0
RESIDENT40|IID|RADIUS_C0|F0,0.03125,0.03125,0.03125,positive,carrier frequency; absolute,192,0,0,24,0,0
RESIDENT40|IID|RADIUS_C0|F1,0.0283203125,0.02310791015625,0.034016927083333336,positive,carrier frequency; absolute,79,0,113,24,0,0
RESIDENT40|IID|RADIUS_C0|F40,0.13606770833333334,0.08333333333333333,0.1907796223958332,positive,carrier frequency; absolute,27,0,165,14,0,10
RESIDENT40|IID|RADIUS_C0|FE1,0.037858072916666666,0.026302083333333334,0.04954427083333333,positive,carrier frequency; absolute,79,0,113,24,0,0
RESIDENT40|IID|RADIUS_C0|FE2,0.06686197916666667,0.04117757161458333,0.09281087239583331,positive,carrier frequency; absolute,39,0,153,16,0,8
RESIDENT40|IID|RADIUS_C0|FE3,0.08723958333333333,0.05393717447916666,0.11979573567708332,positive,carrier frequency; absolute,31,0,161,16,0,8
RESIDENT40|IID|RADIUS_C0|FE4,0.1130859375,0.06907063802083334,0.15726888020833327,positive,carrier frequency; absolute,30,0,162,15,0,9
RESIDENT40|IID|RADIUS_C0|FE5,0.12034505208333335,0.07226399739583333,0.16888997395833324,positive,carrier frequency; absolute,29,0,163,14,0,10
RESIDENT40|IID|RADIUS_C0|FE6,0.12581380208333334,0.07655436197916667,0.17588134765625,positive,carrier frequency; absolute,27,0,165,14,0,10
RESIDENT40|IID|RADIUS_C0|FE7,0.13333333333333333,0.081767578125,0.18728922526041655,positive,carrier frequency; absolute,27,0,165,14,0,10
RESIDENT40|IID|RADIUS_C0|FE8,0.13538411458333333,0.08333170572916666,0.19032877604166648,positive,carrier frequency; absolute,27,0,165,14,0,10
RESIDENT40|IID|RADIUS_C0|MLOSS,0.3841406504313151,0.3833874543507894,0.38497392654418944,positive,raw mismatch; absolute,192,0,0,24,0,0
RESIDENT40|IID|RADIUS_C0|U,0.6158593495686849,0.6150260734558105,0.6166125456492108,positive,raw accuracy; absolute,192,0,0,24,0,0
RESIDENT40|IID|RADIUS_C0|U0,0.4951222737630208,0.48284899393717445,0.5070476531982422,positive,raw accuracy; absolute,192,0,0,24,0,0
RESIDENT40|IID|RADIUS_C0|U1,0.6092325846354166,0.6035053253173829,0.6145846048990886,positive,raw accuracy; absolute,192,0,0,24,0,0
RESIDENT40|IID|RADIUS_C0|U40,0.6208445231119791,0.6136707305908202,0.6289676666259766,positive,raw accuracy; absolute,192,0,0,24,0,0
RESIDENT40|IID|RADIUS_C1-NOVEL_C1|D40,0.0,0.0,0.0,observed_exact_zero,sampled equality; not a design guarantee,0,0,192,0,0,24
RESIDENT40|IID|RADIUS_C1-NOVEL_C1|E1,-0.00018310546875000463,-0.0006958516438802136,0.00031133015950521634,unresolved,raw accuracy; first minus second arm,36,38,118,11,12,1
RESIDENT40|IID|RADIUS_C1-NOVEL_C1|E2,-0.00016276041666666666,-0.0012879943847656195,0.0009796651204427237,unresolved,raw accuracy; first minus second arm,35,39,118,12,11,1
RESIDENT40|IID|RADIUS_C1-NOVEL_C1|E3,0.0018900553385416546,0.0009693400065103908,0.0027618662516275985,positive,raw accuracy; first minus second arm,49,24,119,19,4,1
RESIDENT40|IID|RADIUS_C1-NOVEL_C1|E4,-0.0011281331380208436,-0.0025645955403645775,0.0003608703613280985,unresolved,raw accuracy; first minus second arm,30,43,119,6,17,1
RESIDENT40|IID|RADIUS_C1-NOVEL_C1|E5,-0.0005055745442708268,-0.0015117390950520732,0.0004896036783854184,unresolved,raw accuracy; first minus second arm,32,42,118,10,13,1
RESIDENT40|IID|RADIUS_C1-NOVEL_C1|E6,-0.0003580729166666602,-0.00164594014485675,0.0008331298828124874,unresolved,raw accuracy; first minus second arm,32,41,119,11,12,1
RESIDENT40|IID|RADIUS_C1-NOVEL_C1|E7,0.0008076985677083435,-0.0005839284261067579,0.0021475219726562484,unresolved,raw accuracy; first minus second arm,38,36,118,15,8,1
RESIDENT40|IID|RADIUS_C1-NOVEL_C1|E8,-0.000824991861979138,-0.002048797607421844,0.00016377766927084248,unresolved,raw accuracy; first minus second arm,36,37,119,10,13,1
RESIDENT40|IID|RADIUS_C1-NOVEL_C1|F,-0.0011637369791666667,-0.002095540364583333,-0.00022776285807291706,negative,carrier frequency; first minus second arm,17,56,119,5,18,1
RESIDENT40|IID|RADIUS_C1-NOVEL_C1|F0,0.0,0.0,0.0,structural_zero,design-implied zero,0,0,192,0,0,24
RESIDENT40|IID|RADIUS_C1-NOVEL_C1|F1,-0.008951822916666666,-0.01318359375,-0.0048828125,negative,carrier frequency; first minus second arm,12,43,137,4,19,1
RESIDENT40|IID|RADIUS_C1-NOVEL_C1|F40,0.0,0.0,0.0,observed_exact_zero,sampled equality; not a design guarantee,0,0,192,0,0,24
RESIDENT40|IID|RADIUS_C1-NOVEL_C1|FE1,-0.007356770833333334,-0.010904947916666666,-0.0038085937500000008,negative,carrier frequency; first minus second arm,17,55,120,5,18,1
RESIDENT40|IID|RADIUS_C1-NOVEL_C1|FE2,-0.0018880208333333333,-0.005403645833333334,0.0016927083333333332,unresolved,carrier frequency; first minus second arm,5,13,174,3,10,11
RESIDENT40|IID|RADIUS_C1-NOVEL_C1|FE3,-6.510416666666665e-05,-0.0010416666666666667,0.0013020833333333333,unresolved,carrier frequency; first minus second arm,1,4,187,1,4,19
RESIDENT40|IID|RADIUS_C1-NOVEL_C1|FE4,0.0,0.0,0.0,observed_exact_zero,sampled equality; not a design guarantee,0,0,192,0,0,24
RESIDENT40|IID|RADIUS_C1-NOVEL_C1|FE5,0.0,0.0,0.0,observed_exact_zero,sampled equality; not a design guarantee,0,0,192,0,0,24
RESIDENT40|IID|RADIUS_C1-NOVEL_C1|FE6,0.0,0.0,0.0,observed_exact_zero,sampled equality; not a design guarantee,0,0,192,0,0,24
RESIDENT40|IID|RADIUS_C1-NOVEL_C1|FE7,0.0,0.0,0.0,observed_exact_zero,sampled equality; not a design guarantee,0,0,192,0,0,24
RESIDENT40|IID|RADIUS_C1-NOVEL_C1|FE8,0.0,0.0,0.0,observed_exact_zero,sampled equality; not a design guarantee,0,0,192,0,0,24
RESIDENT40|IID|RADIUS_C1-NOVEL_C1|MLOSS,5.811055501301713e-05,-0.00021697044372558845,0.00034366607666015686,unresolved,raw mismatch; first minus second arm,37,37,118,13,10,1
RESIDENT40|IID|RADIUS_C1-NOVEL_C1|U,-5.8110555012994e-05,-0.0003436660766601108,0.0002169704437256435,unresolved,raw accuracy; first minus second arm,37,37,118,10,13,1
RESIDENT40|IID|RADIUS_C1-NOVEL_C1|U0,0.0,0.0,0.0,structural_zero,design-implied zero,0,0,192,0,0,24
RESIDENT40|IID|RADIUS_C1-NOVEL_C1|U1,-0.0009663899739583334,-0.0014700571695963542,-0.0005442301432291666,negative,raw accuracy; first minus second arm,13,44,135,4,19,1
RESIDENT40|IID|RADIUS_C1-NOVEL_C1|U40,-0.0015716552734375,-0.004572550455729167,0.0013278961181640604,unresolved,raw accuracy; first minus second arm,32,42,118,12,11,1
RESIDENT40|IID|RADIUS_C1-SHAM_C1|D40,0.0,0.0,0.0,observed_exact_zero,sampled equality; not a design guarantee,0,0,192,0,0,24
RESIDENT40|IID|RADIUS_C1-SHAM_C1|E1,1.7293294270831483e-05,-0.00017801920572917604,0.00022590637207032843,unresolved,raw accuracy; first minus second arm,8,11,173,7,6,11
RESIDENT40|IID|RADIUS_C1-SHAM_C1|E2,0.0005350748697916843,-0.00013229370117186107,0.0014364115397135764,unresolved,raw accuracy; first minus second arm,15,5,172,10,4,10
RESIDENT40|IID|RADIUS_C1-SHAM_C1|E3,-3.356933593750185e-05,-0.0006306966145833248,0.0005443064371744652,unresolved,raw accuracy; first minus second arm,10,10,172,6,8,10
RESIDENT40|IID|RADIUS_C1-SHAM_C1|E4,-0.0004984537760416666,-0.001146519978841148,0.00011202494303385323,unresolved,raw accuracy; first minus second arm,7,12,173,4,9,11
RESIDENT40|IID|RADIUS_C1-SHAM_C1|E5,0.00013834635416667498,-0.0004842122395833234,0.0007101440429687561,unresolved,raw accuracy; first minus second arm,11,9,172,9,5,10
RESIDENT40|IID|RADIUS_C1-SHAM_C1|E6,0.00021362304687499537,-0.0005564626057942781,0.0009706115722655977,unresolved,raw accuracy; first minus second arm,9,11,172,7,7,10
RESIDENT40|IID|RADIUS_C1-SHAM_C1|E7,-0.00032857259114583054,-0.000837249755859363,0.00017801920572916677,unresolved,raw accuracy; first minus second arm,9,10,173,4,9,11
RESIDENT40|IID|RADIUS_C1-SHAM_C1|E8,0.00047607421875000183,-0.00012209574381510414,0.0011017100016276107,unresolved,raw accuracy; first minus second arm,12,8,172,10,4,10
RESIDENT40|IID|RADIUS_C1-SHAM_C1|F,0.00043538411458333336,5.28971354166667e-05,0.0009483846028645816,positive,carrier frequency; first minus second arm,12,6,174,10,3,11
RESIDENT40|IID|RADIUS_C1-SHAM_C1|F0,0.0,0.0,0.0,structural_zero,design-implied zero,0,0,192,0,0,24
RESIDENT40|IID|RADIUS_C1-SHAM_C1|F1,0.0,0.0,0.0,structural_zero,design-implied zero,0,0,192,0,0,24
RESIDENT40|IID|RADIUS_C1-SHAM_C1|F40,0.0,0.0,0.0,observed_exact_zero,sampled equality; not a design guarantee,0,0,192,0,0,24
RESIDENT40|IID|RADIUS_C1-SHAM_C1|FE1,0.0009440104166666665,0.0001953124999999996,0.0017911783854166626,positive,carrier frequency; first minus second arm,12,6,174,10,3,11
RESIDENT40|IID|RADIUS_C1-SHAM_C1|FE2,0.001888020833333333,-0.00026041666666666677,0.004882812499999999,unresolved,carrier frequency; first minus second arm,4,2,186,3,2,19
RESIDENT40|IID|RADIUS_C1-SHAM_C1|FE3,0.0006510416666666666,0.0,0.001822916666666667,unresolved,carrier frequency; first minus second arm,2,0,190,2,0,22
RESIDENT40|IID|RADIUS_C1-SHAM_C1|FE4,0.0,0.0,0.0,observed_exact_zero,sampled equality; not a design guarantee,0,0,192,0,0,24
RESIDENT40|IID|RADIUS_C1-SHAM_C1|FE5,0.0,0.0,0.0,observed_exact_zero,sampled equality; not a design guarantee,0,0,192,0,0,24
RESIDENT40|IID|RADIUS_C1-SHAM_C1|FE6,0.0,0.0,0.0,observed_exact_zero,sampled equality; not a design guarantee,0,0,192,0,0,24
RESIDENT40|IID|RADIUS_C1-SHAM_C1|FE7,0.0,0.0,0.0,observed_exact_zero,sampled equality; not a design guarantee,0,0,192,0,0,24
RESIDENT40|IID|RADIUS_C1-SHAM_C1|FE8,0.0,0.0,0.0,observed_exact_zero,sampled equality; not a design guarantee,0,0,192,0,0,24
RESIDENT40|IID|RADIUS_C1-SHAM_C1|MLOSS,-6.497701009114167e-05,-0.0001828606923421236,4.402796427409814e-05,unresolved,raw mismatch; first minus second arm,9,11,172,7,7,10
RESIDENT40|IID|RADIUS_C1-SHAM_C1|U,6.49770100911486e-05,-4.4027964274081946e-05,0.0001828606923421168,unresolved,raw accuracy; first minus second arm,11,9,172,7,7,10
RESIDENT40|IID|RADIUS_C1-SHAM_C1|U0,0.0,0.0,0.0,structural_zero,design-implied zero,0,0,192,0,0,24
RESIDENT40|IID|RADIUS_C1-SHAM_C1|U1,0.0,0.0,0.0,structural_zero,design-implied zero,0,0,192,0,0,24
RESIDENT40|IID|RADIUS_C1-SHAM_C1|U40,0.00022379557291666666,-0.0010021209716796875,0.0014498392740885404,unresolved,raw accuracy; first minus second arm,10,10,172,6,8,10
RESIDENT40|IID|RADIUS_C1|D40,-0.03125,-0.03125,-0.03125,negative,carrier frequency change; absolute,0,192,0,0,24,0
RESIDENT40|IID|RADIUS_C1|E1,0.6128346761067708,0.6100432586669922,0.6153656260172526,positive,raw accuracy; absolute,192,0,0,24,0,0
RESIDENT40|IID|RADIUS_C1|E2,0.615899658203125,0.6136351013183594,0.6183981068929036,positive,raw accuracy; absolute,192,0,0,24,0,0
RESIDENT40|IID|RADIUS_C1|E3,0.6163208007812501,0.6141305541992187,0.6183821614583334,positive,raw accuracy; absolute,192,0,0,24,0,0
RESIDENT40|IID|RADIUS_C1|E4,0.6132863362630208,0.6109922027587891,0.6160079956054687,positive,raw accuracy; absolute,192,0,0,24,0,0
RESIDENT40|IID|RADIUS_C1|E5,0.6139638264973958,0.6115639241536458,0.6165081532796224,positive,raw accuracy; absolute,192,0,0,24,0,0
RESIDENT40|IID|RADIUS_C1|E6,0.6148264567057292,0.6129221598307292,0.6167930857340496,positive,raw accuracy; absolute,192,0,0,24,0,0
RESIDENT40|IID|RADIUS_C1|E7,0.6148885091145834,0.6130062866210939,0.61672976175944,positive,raw accuracy; absolute,192,0,0,24,0,0
RESIDENT40|IID|RADIUS_C1|E8,0.6144439697265626,0.611968994140625,0.6171153259277344,positive,raw accuracy; absolute,192,0,0,24,0,0
RESIDENT40|IID|RADIUS_C1|F,0.0014811197916666666,0.0007771809895833334,0.002286885579427083,positive,carrier frequency; absolute,52,0,140,23,0,1
RESIDENT40|IID|RADIUS_C1|F0,0.03125,0.03125,0.03125,positive,carrier frequency; absolute,192,0,0,24,0,0
RESIDENT40|IID|RADIUS_C1|F1,0.015299479166666666,0.011063639322916667,0.01953125,positive,carrier frequency; absolute,52,0,140,23,0,1
RESIDENT40|IID|RADIUS_C1|F40,0.0,0.0,0.0,observed_exact_zero,sampled equality; not a design guarantee,0,0,192,0,0,24
RESIDENT40|IID|RADIUS_C1|FE1,0.008430989583333335,0.005208333333333333,0.011881510416666666,positive,carrier frequency; absolute,52,0,140,23,0,1
RESIDENT40|IID|RADIUS_C1|FE2,0.0027669270833333335,0.00042317708333333335,0.005729166666666666,positive,carrier frequency; absolute,6,0,186,5,0,19
RESIDENT40|IID|RADIUS_C1|FE3,0.0006510416666666666,0.0,0.001822916666666667,unresolved,carrier frequency; absolute,2,0,190,2,0,22
RESIDENT40|IID|RADIUS_C1|FE4,0.0,0.0,0.0,observed_exact_zero,sampled equality; not a design guarantee,0,0,192,0,0,24
RESIDENT40|IID|RADIUS_C1|FE5,0.0,0.0,0.0,observed_exact_zero,sampled equality; not a design guarantee,0,0,192,0,0,24
RESIDENT40|IID|RADIUS_C1|FE6,0.0,0.0,0.0,observed_exact_zero,sampled equality; not a design guarantee,0,0,192,0,0,24
RESIDENT40|IID|RADIUS_C1|FE7,0.0,0.0,0.0,observed_exact_zero,sampled equality; not a design guarantee,0,0,192,0,0,24
RESIDENT40|IID|RADIUS_C1|FE8,0.0,0.0,0.0,observed_exact_zero,sampled equality; not a design guarantee,0,0,192,0,0,24
RESIDENT40|IID|RADIUS_C1|MLOSS,0.3854419708251953,0.38458746910095215,0.38632610638936354,positive,raw mismatch; absolute,192,0,0,24,0,0
RESIDENT40|IID|RADIUS_C1|U,0.6145580291748046,0.6136738936106364,0.6154125308990478,positive,raw accuracy; absolute,192,0,0,24,0,0
RESIDENT40|IID|RADIUS_C1|U0,0.4951222737630208,0.48284899393717445,0.5070476531982422,positive,raw accuracy; absolute,192,0,0,24,0,0
RESIDENT40|IID|RADIUS_C1|U1,0.6090494791666666,0.6033223470052084,0.6144515991210937,positive,raw accuracy; absolute,192,0,0,24,0,0
RESIDENT40|IID|RADIUS_C1|U40,0.6162668863932291,0.6097099304199218,0.623586908976237,positive,raw accuracy; absolute,192,0,0,24,0,0
RESIDENT40|IID|SHAM_C0|D40,0.0,-0.026041666666666668,0.03125,unresolved,carrier frequency change; absolute,6,186,0,4,20,0
RESIDENT40|IID|SHAM_C0|E1,0.6129252115885416,0.6103927866617839,0.6152529907226563,positive,raw accuracy; absolute,192,0,0,24,0,0
RESIDENT40|IID|SHAM_C0|E2,0.6153167724609375,0.6130703735351564,0.6177379862467449,positive,raw accuracy; absolute,192,0,0,24,0,0
RESIDENT40|IID|SHAM_C0|E3,0.6159179687499999,0.6140053049723309,0.617740961710612,positive,raw accuracy; absolute,192,0,0,24,0,0
RESIDENT40|IID|SHAM_C0|E4,0.6141326904296874,0.611335194905599,0.6170513153076171,positive,raw accuracy; absolute,192,0,0,24,0,0
RESIDENT40|IID|SHAM_C0|E5,0.6151031494140625,0.6127164713541666,0.6177311706542968,positive,raw accuracy; absolute,192,0,0,24,0,0
RESIDENT40|IID|SHAM_C0|E6,0.6158264160156249,0.6142943827311198,0.6173747253417968,positive,raw accuracy; absolute,192,0,0,24,0,0
RESIDENT40|IID|SHAM_C0|E7,0.6151153564453126,0.6131229146321614,0.616982192993164,positive,raw accuracy; absolute,192,0,0,24,0,0
RESIDENT40|IID|SHAM_C0|E8,0.615350341796875,0.6127598317464192,0.6184196472167969,positive,raw accuracy; absolute,192,0,0,24,0,0
RESIDENT40|IID|SHAM_C0|F,0.030525716145833336,0.010204060872395834,0.05666300455729166,positive,carrier frequency; absolute,79,0,113,24,0,0
RESIDENT40|IID|SHAM_C0|F0,0.03125,0.03125,0.03125,positive,carrier frequency; absolute,192,0,0,24,0,0
RESIDENT40|IID|SHAM_C0|F1,0.0283203125,0.02310791015625,0.034016927083333336,positive,carrier frequency; absolute,79,0,113,24,0,0
RESIDENT40|IID|SHAM_C0|F40,0.03125,0.005208333333333333,0.0625,positive,carrier frequency; absolute,6,0,186,4,0,20
RESIDENT40|IID|SHAM_C0|FE1,0.030436197916666668,0.02047444661458334,0.04072347005208333,positive,carrier frequency; absolute,79,0,113,24,0,0
RESIDENT40|IID|SHAM_C0|FE2,0.029622395833333332,0.011324869791666666,0.051247558593749944,positive,carrier frequency; absolute,26,0,166,14,0,10
RESIDENT40|IID|SHAM_C0|FE3,0.02998046875,0.009505208333333333,0.05468912760416666,positive,carrier frequency; absolute,13,0,179,9,0,15
RESIDENT40|IID|SHAM_C0|FE4,0.029296875,0.00478515625,0.059244791666666664,positive,carrier frequency; absolute,10,0,182,6,0,18
RESIDENT40|IID|SHAM_C0|FE5,0.028124999999999997,0.005045572916666667,0.05781656901041665,positive,carrier frequency; absolute,8,0,184,5,0,19
RESIDENT40|IID|SHAM_C0|FE6,0.033007812500000004,0.00791015625,0.06566569010416662,positive,carrier frequency; absolute,8,0,184,5,0,19
RESIDENT40|IID|SHAM_C0|FE7,0.03212890625,0.005501302083333333,0.06485107421874996,positive,carrier frequency; absolute,8,0,184,5,0,19
RESIDENT40|IID|SHAM_C0|FE8,0.03160807291666667,0.005208333333333333,0.06357421875,positive,carrier frequency; absolute,7,0,185,4,0,20
RESIDENT40|IID|SHAM_C0|MLOSS,0.3850390116373698,0.3841297054290771,0.38593452135721845,positive,raw mismatch; absolute,192,0,0,24,0,0
RESIDENT40|IID|SHAM_C0|U,0.6149609883626302,0.6140654786427816,0.6158702945709229,positive,raw accuracy; absolute,192,0,0,24,0,0
RESIDENT40|IID|SHAM_C0|U0,0.4951222737630208,0.48284899393717445,0.5070476531982422,positive,raw accuracy; absolute,192,0,0,24,0,0
RESIDENT40|IID|SHAM_C0|U1,0.6092325846354166,0.6035053253173829,0.6145846048990886,positive,raw accuracy; absolute,192,0,0,24,0,0
RESIDENT40|IID|SHAM_C0|U40,0.6180877685546875,0.6110073089599609,0.6266485850016276,positive,raw accuracy; absolute,192,0,0,24,0,0
RESIDENT40|IID|SHAM_C1|D40,-0.03125,-0.03125,-0.03125,negative,carrier frequency change; absolute,0,192,0,0,24,0
RESIDENT40|IID|SHAM_C1|E1,0.6128173828125,0.6099517059326172,0.6154157002766927,positive,raw accuracy; absolute,192,0,0,24,0,0
RESIDENT40|IID|SHAM_C1|E2,0.6153645833333333,0.6129098765055339,0.6181828053792318,positive,raw accuracy; absolute,192,0,0,24,0,0
RESIDENT40|IID|SHAM_C1|E3,0.6163543701171875,0.6141753896077474,0.6183813476562501,positive,raw accuracy; absolute,192,0,0,24,0,0
RESIDENT40|IID|SHAM_C1|E4,0.6137847900390625,0.6114745585123698,0.6165234629313151,positive,raw accuracy; absolute,192,0,0,24,0,0
RESIDENT40|IID|SHAM_C1|E5,0.6138254801432291,0.6114064534505208,0.6164367675781249,positive,raw accuracy; absolute,192,0,0,24,0,0
RESIDENT40|IID|SHAM_C1|E6,0.6146128336588542,0.6128271484375001,0.6165409088134766,positive,raw accuracy; absolute,192,0,0,24,0,0
RESIDENT40|IID|SHAM_C1|E7,0.6152170817057291,0.6134307098388672,0.6168843587239583,positive,raw accuracy; absolute,192,0,0,24,0,0
RESIDENT40|IID|SHAM_C1|E8,0.6139678955078125,0.61134641011556,0.6168428293863932,positive,raw accuracy; absolute,192,0,0,24,0,0
RESIDENT40|IID|SHAM_C1|F,0.0010457356770833335,0.0005859375,0.0015709431966145818,positive,carrier frequency; absolute,52,0,140,23,0,1
RESIDENT40|IID|SHAM_C1|F0,0.03125,0.03125,0.03125,positive,carrier frequency; absolute,192,0,0,24,0,0
RESIDENT40|IID|SHAM_C1|F1,0.015299479166666666,0.011063639322916667,0.01953125,positive,carrier frequency; absolute,52,0,140,23,0,1
RESIDENT40|IID|SHAM_C1|F40,0.0,0.0,0.0,observed_exact_zero,sampled equality; not a design guarantee,0,0,192,0,0,24
RESIDENT40|IID|SHAM_C1|FE1,0.007486979166666667,0.004589029947916667,0.010611979166666667,positive,carrier frequency; absolute,52,0,140,23,0,1
RESIDENT40|IID|SHAM_C1|FE2,0.00087890625,0.0,0.0023763020833333336,unresolved,carrier frequency; absolute,3,0,189,3,0,21
RESIDENT40|IID|SHAM_C1|FE3,0.0,0.0,0.0,observed_exact_zero,sampled equality; not a design guarantee,0,0,192,0,0,24
RESIDENT40|IID|SHAM_C1|FE4,0.0,0.0,0.0,observed_exact_zero,sampled equality; not a design guarantee,0,0,192,0,0,24
RESIDENT40|IID|SHAM_C1|FE5,0.0,0.0,0.0,observed_exact_zero,sampled equality; not a design guarantee,0,0,192,0,0,24
RESIDENT40|IID|SHAM_C1|FE6,0.0,0.0,0.0,observed_exact_zero,sampled equality; not a design guarantee,0,0,192,0,0,24
RESIDENT40|IID|SHAM_C1|FE7,0.0,0.0,0.0,observed_exact_zero,sampled equality; not a design guarantee,0,0,192,0,0,24
RESIDENT40|IID|SHAM_C1|FE8,0.0,0.0,0.0,observed_exact_zero,sampled equality; not a design guarantee,0,0,192,0,0,24
RESIDENT40|IID|SHAM_C1|MLOSS,0.38550694783528644,0.38459151268005376,0.38642101605733237,positive,raw mismatch; absolute,192,0,0,24,0,0
RESIDENT40|IID|SHAM_C1|U,0.6144930521647135,0.6135789839426677,0.6154084873199462,positive,raw accuracy; absolute,192,0,0,24,0,0
RESIDENT40|IID|SHAM_C1|U0,0.4951222737630208,0.48284899393717445,0.5070476531982422,positive,raw accuracy; absolute,192,0,0,24,0,0
RESIDENT40|IID|SHAM_C1|U1,0.6090494791666666,0.6033223470052084,0.6144515991210937,positive,raw accuracy; absolute,192,0,0,24,0,0
RESIDENT40|IID|SHAM_C1|U40,0.6160430908203125,0.6095174153645834,0.6235921223958333,positive,raw accuracy; absolute,192,0,0,24,0,0
RESIDENT40|RECUR_MINUS_IID|ACTIVE_C0-RADIUS_C0|D40,0.3780924479166667,0.30369873046875,0.4563883463541666,positive,carrier frequency change; recurrence-minus-IID difference,77,6,109,24,0,0
RESIDENT40|RECUR_MINUS_IID|ACTIVE_C0-RADIUS_C0|E1,5.798339843752128e-05,-0.00032760620117184105,0.0004669443766276136,unresolved,raw accuracy; recurrence-minus-IID difference,45,35,112,14,10,0
RESIDENT40|RECUR_MINUS_IID|ACTIVE_C0-RADIUS_C0|E2,0.002859497070312476,0.001935653686523407,0.0038229624430338094,positive,raw accuracy; recurrence-minus-IID difference,76,27,89,22,2,0
RESIDENT40|RECUR_MINUS_IID|ACTIVE_C0-RADIUS_C0|E3,0.008349609374999997,0.005641454060872376,0.011127878824869788,positive,raw accuracy; recurrence-minus-IID difference,82,21,89,22,2,0
RESIDENT40|RECUR_MINUS_IID|ACTIVE_C0-RADIUS_C0|E4,0.018149820963541678,0.014200617472330757,0.02195042928059898,positive,raw accuracy; recurrence-minus-IID difference,87,20,85,24,0,0
RESIDENT40|RECUR_MINUS_IID|ACTIVE_C0-RADIUS_C0|E5,0.0254750569661458,0.02047246297200519,0.030689722696940067,positive,raw accuracy; recurrence-minus-IID difference,91,16,85,24,0,0
RESIDENT40|RECUR_MINUS_IID|ACTIVE_C0-RADIUS_C0|E6,0.03393656412760415,0.027854029337565072,0.040686035156249994,positive,raw accuracy; recurrence-minus-IID difference,90,18,84,24,0,0
RESIDENT40|RECUR_MINUS_IID|ACTIVE_C0-RADIUS_C0|E7,0.041224161783854164,0.03376225789388022,0.049102757771809856,positive,raw accuracy; recurrence-minus-IID difference,94,15,83,24,0,0
RESIDENT40|RECUR_MINUS_IID|ACTIVE_C0-RADIUS_C0|E8,0.04807840983072914,0.03917027791341146,0.057038828531901,positive,raw accuracy; recurrence-minus-IID difference,90,16,86,24,0,0
RESIDENT40|RECUR_MINUS_IID|ACTIVE_C0-RADIUS_C0|F,0.26505940755208335,0.21164774576822915,0.3192814127604166,positive,carrier frequency; recurrence-minus-IID difference,94,14,84,24,0,0
RESIDENT40|RECUR_MINUS_IID|ACTIVE_C0-RADIUS_C0|F0,0.0,0.0,0.0,structural_zero,design-implied zero,0,0,192,0,0,24
RESIDENT40|RECUR_MINUS_IID|ACTIVE_C0-RADIUS_C0|F1,0.0,0.0,0.0,structural_zero,design-implied zero,0,0,192,0,0,24
RESIDENT40|RECUR_MINUS_IID|ACTIVE_C0-RADIUS_C0|F40,0.3780924479166667,0.30369873046875,0.4563883463541666,positive,carrier frequency; recurrence-minus-IID difference,77,6,109,24,0,0
RESIDENT40|RECUR_MINUS_IID|ACTIVE_C0-RADIUS_C0|FE1,0.014095052083333332,0.0073559570312500015,0.020248209635416663,positive,carrier frequency; recurrence-minus-IID difference,67,21,104,21,3,0
RESIDENT40|RECUR_MINUS_IID|ACTIVE_C0-RADIUS_C0|FE2,0.09664713541666665,0.06526611328125,0.1280607096354167,positive,carrier frequency; recurrence-minus-IID difference,82,21,89,21,3,0
RESIDENT40|RECUR_MINUS_IID|ACTIVE_C0-RADIUS_C0|FE3,0.23427734375,0.17744059244791668,0.292158203125,positive,carrier frequency; recurrence-minus-IID difference,82,12,98,24,0,0
RESIDENT40|RECUR_MINUS_IID|ACTIVE_C0-RADIUS_C0|FE4,0.31634114583333334,0.25236653645833335,0.38260986328124985,positive,carrier frequency; recurrence-minus-IID difference,83,10,99,24,0,0
RESIDENT40|RECUR_MINUS_IID|ACTIVE_C0-RADIUS_C0|FE5,0.3432291666666667,0.27121663411458335,0.4171883138020833,positive,carrier frequency; recurrence-minus-IID difference,83,5,104,24,0,0
RESIDENT40|RECUR_MINUS_IID|ACTIVE_C0-RADIUS_C0|FE6,0.3638020833333333,0.29257324218749997,0.44030029296874995,positive,carrier frequency; recurrence-minus-IID difference,79,6,107,24,0,0
RESIDENT40|RECUR_MINUS_IID|ACTIVE_C0-RADIUS_C0|FE7,0.3753255208333333,0.30233886718749997,0.4528377278645833,positive,carrier frequency; recurrence-minus-IID difference,78,7,107,24,0,0
RESIDENT40|RECUR_MINUS_IID|ACTIVE_C0-RADIUS_C0|FE8,0.3767578125,0.30243570963541666,0.4539412434895831,positive,carrier frequency; recurrence-minus-IID difference,77,7,108,24,0,0
RESIDENT40|RECUR_MINUS_IID|ACTIVE_C0-RADIUS_C0|MLOSS,-0.022266387939453108,-0.02656930287679035,-0.018046340942382798,negative,raw mismatch; recurrence-minus-IID difference,11,98,83,0,24,0
RESIDENT40|RECUR_MINUS_IID|ACTIVE_C0-RADIUS_C0|U,0.022266387939453087,0.01804634094238278,0.026569302876790324,positive,raw accuracy; recurrence-minus-IID difference,98,11,83,24,0,0
RESIDENT40|RECUR_MINUS_IID|ACTIVE_C0-RADIUS_C0|U0,0.0,0.0,0.0,structural_zero,design-implied zero,0,0,192,0,0,24
RESIDENT40|RECUR_MINUS_IID|ACTIVE_C0-RADIUS_C0|U1,0.0,0.0,0.0,structural_zero,design-implied zero,0,0,192,0,0,24
RESIDENT40|RECUR_MINUS_IID|ACTIVE_C0-RADIUS_C0|U40,0.055013020833333336,0.04549077351888021,0.06478411356608073,positive,raw accuracy; recurrence-minus-IID difference,91,15,86,24,0,0
RESIDENT40|RECUR_MINUS_IID|ACTIVE_C1-RADIUS_C1|D40,0.005208333333333333,0.0,0.015625,unresolved,carrier frequency change; recurrence-minus-IID difference,1,0,191,1,0,23
RESIDENT40|RECUR_MINUS_IID|ACTIVE_C1-RADIUS_C1|E1,0.00012003580729166852,-0.0001292165120442872,0.0004119873046874956,unresolved,raw accuracy; recurrence-minus-IID difference,11,9,172,9,6,9
RESIDENT40|RECUR_MINUS_IID|ACTIVE_C1-RADIUS_C1|E2,0.00045166015625000094,-0.00032249450683593606,0.0012594858805338555,unresolved,raw accuracy; recurrence-minus-IID difference,11,8,173,7,7,10
RESIDENT40|RECUR_MINUS_IID|ACTIVE_C1-RADIUS_C1|E3,0.00031127929687499445,-0.000570780436197916,0.0013255564371744712,unresolved,raw accuracy; recurrence-minus-IID difference,10,9,173,8,6,10
RESIDENT40|RECUR_MINUS_IID|ACTIVE_C1-RADIUS_C1|E4,0.00010884602864583148,-0.000933837890624988,0.0013865915934244898,unresolved,raw accuracy; recurrence-minus-IID difference,8,11,173,4,10,10
RESIDENT40|RECUR_MINUS_IID|ACTIVE_C1-RADIUS_C1|E5,0.0007120768229166666,-0.00045778910319009997,0.0022868347167968902,unresolved,raw accuracy; recurrence-minus-IID difference,10,9,173,7,7,10
RESIDENT40|RECUR_MINUS_IID|ACTIVE_C1-RADIUS_C1|E6,0.0005045572916666565,-0.0008249918619791797,0.002482121785481766,unresolved,raw accuracy; recurrence-minus-IID difference,6,13,173,5,9,10
RESIDENT40|RECUR_MINUS_IID|ACTIVE_C1-RADIUS_C1|E7,0.0012715657552083287,-0.00015769958496094245,0.003410924275716152,unresolved,raw accuracy; recurrence-minus-IID difference,12,6,174,7,6,11
RESIDENT40|RECUR_MINUS_IID|ACTIVE_C1-RADIUS_C1|E8,0.0014078776041666768,-7.227579752602705e-05,0.003691889444986988,unresolved,raw accuracy; recurrence-minus-IID difference,9,10,173,7,7,10
RESIDENT40|RECUR_MINUS_IID|ACTIVE_C1-RADIUS_C1|F,0.004679361979166667,-0.00014251708984375,0.013545837402343752,unresolved,carrier frequency; recurrence-minus-IID difference,13,6,173,10,5,9
RESIDENT40|RECUR_MINUS_IID|ACTIVE_C1-RADIUS_C1|F0,0.0,0.0,0.0,structural_zero,design-implied zero,0,0,192,0,0,24
RESIDENT40|RECUR_MINUS_IID|ACTIVE_C1-RADIUS_C1|F1,0.0,0.0,0.0,structural_zero,design-implied zero,0,0,192,0,0,24
RESIDENT40|RECUR_MINUS_IID|ACTIVE_C1-RADIUS_C1|F40,0.005208333333333333,0.0,0.015625,unresolved,carrier frequency; recurrence-minus-IID difference,1,0,191,1,0,23
RESIDENT40|RECUR_MINUS_IID|ACTIVE_C1-RADIUS_C1|FE1,0.0006835937500000001,-0.0015625000000000003,0.002799479166666667,unresolved,carrier frequency; recurrence-minus-IID difference,13,6,173,10,5,9
RESIDENT40|RECUR_MINUS_IID|ACTIVE_C1-RADIUS_C1|FE2,0.004850260416666666,-0.00035807291666666653,0.01181640625,unresolved,carrier frequency; recurrence-minus-IID difference,6,4,182,5,3,16
RESIDENT40|RECUR_MINUS_IID|ACTIVE_C1-RADIUS_C1|FE3,0.005859375,0.0,0.016276041666666668,unresolved,carrier frequency; recurrence-minus-IID difference,3,0,189,3,0,21
RESIDENT40|RECUR_MINUS_IID|ACTIVE_C1-RADIUS_C1|FE4,0.005208333333333333,0.0,0.015625,unresolved,carrier frequency; recurrence-minus-IID difference,1,0,191,1,0,23
RESIDENT40|RECUR_MINUS_IID|ACTIVE_C1-RADIUS_C1|FE5,0.005208333333333333,0.0,0.015625,unresolved,carrier frequency; recurrence-minus-IID difference,1,0,191,1,0,23
RESIDENT40|RECUR_MINUS_IID|ACTIVE_C1-RADIUS_C1|FE6,0.005208333333333333,0.0,0.015625,unresolved,carrier frequency; recurrence-minus-IID difference,1,0,191,1,0,23
RESIDENT40|RECUR_MINUS_IID|ACTIVE_C1-RADIUS_C1|FE7,0.005208333333333333,0.0,0.015625,unresolved,carrier frequency; recurrence-minus-IID difference,1,0,191,1,0,23
RESIDENT40|RECUR_MINUS_IID|ACTIVE_C1-RADIUS_C1|FE8,0.005208333333333333,0.0,0.015625,unresolved,carrier frequency; recurrence-minus-IID difference,1,0,191,1,0,23
RESIDENT40|RECUR_MINUS_IID|ACTIVE_C1-RADIUS_C1|MLOSS,-0.000610987345377603,-0.0018797906239827419,0.000114078521728514,unresolved,raw mismatch; recurrence-minus-IID difference,9,11,172,7,8,9
RESIDENT40|RECUR_MINUS_IID|ACTIVE_C1-RADIUS_C1|U,0.000610987345377618,-0.00011407852172850713,0.0018797906239827647,unresolved,raw accuracy; recurrence-minus-IID difference,11,9,172,8,7,9
RESIDENT40|RECUR_MINUS_IID|ACTIVE_C1-RADIUS_C1|U0,0.0,0.0,0.0,structural_zero,design-implied zero,0,0,192,0,0,24
RESIDENT40|RECUR_MINUS_IID|ACTIVE_C1-RADIUS_C1|U1,0.0,0.0,0.0,structural_zero,design-implied zero,0,0,192,0,0,24
RESIDENT40|RECUR_MINUS_IID|ACTIVE_C1-RADIUS_C1|U40,0.0010019938151041667,-0.0013224283854166667,0.003687667846679687,unresolved,raw accuracy; recurrence-minus-IID difference,10,9,173,8,6,10
RESIDENT40|RECUR|ACTIVE_C0-RADIUS_C0|D40,0.31689453125,0.26985270182291665,0.3668619791666667,positive,carrier frequency change; first minus second arm,66,1,125,24,0,0
RESIDENT40|RECUR|ACTIVE_C0-RADIUS_C0|E1,0.00017089843750002035,8.3389282226566e-05,0.0002655537923177254,positive,raw accuracy; first minus second arm,31,8,153,17,3,4
RESIDENT40|RECUR|ACTIVE_C0-RADIUS_C0|E2,0.002163696289062489,0.0013305409749348883,0.0030173238118489385,positive,raw accuracy; first minus second arm,59,9,124,23,1,0
RESIDENT40|RECUR|ACTIVE_C0-RADIUS_C0|E3,0.008449300130208332,0.005893936157226546,0.011083043416341122,positive,raw accuracy; first minus second arm,65,7,120,24,0,0
RESIDENT40|RECUR|ACTIVE_C0-RADIUS_C0|E4,0.01695353190104167,0.012913742065429692,0.020950419108072913,positive,raw accuracy; first minus second arm,67,9,116,24,0,0
RESIDENT40|RECUR|ACTIVE_C0-RADIUS_C0|E5,0.024575805664062488,0.01945648193359373,0.0298011525472005,positive,raw accuracy; first minus second arm,74,2,116,24,0,0
RESIDENT40|RECUR|ACTIVE_C0-RADIUS_C0|E6,0.03303629557291666,0.02696309407552082,0.03939097086588541,positive,raw accuracy; first minus second arm,71,6,115,24,0,0
RESIDENT40|RECUR|ACTIVE_C0-RADIUS_C0|E7,0.04028727213541667,0.033094100952148445,0.04760447184244794,positive,raw accuracy; first minus second arm,73,4,115,24,0,0
RESIDENT40|RECUR|ACTIVE_C0-RADIUS_C0|E8,0.04690856933593749,0.03860427856445312,0.05565495808919269,positive,raw accuracy; first minus second arm,68,7,117,24,0,0
RESIDENT40|RECUR|ACTIVE_C0-RADIUS_C0|F,0.2243896484375,0.19009429931640626,0.2603449503580729,positive,carrier frequency; first minus second arm,74,4,114,24,0,0
RESIDENT40|RECUR|ACTIVE_C0-RADIUS_C0|F0,0.0,0.0,0.0,structural_zero,design-implied zero,0,0,192,0,0,24
RESIDENT40|RECUR|ACTIVE_C0-RADIUS_C0|F1,0.0,0.0,0.0,structural_zero,design-implied zero,0,0,192,0,0,24
RESIDENT40|RECUR|ACTIVE_C0-RADIUS_C0|F40,0.31689453125,0.26985270182291665,0.3668619791666667,positive,carrier frequency; first minus second arm,66,1,125,24,0,0
RESIDENT40|RECUR|ACTIVE_C0-RADIUS_C0|FE1,0.010026041666666667,0.006086425781250001,0.01429117838541666,positive,carrier frequency; first minus second arm,48,3,141,20,2,2
RESIDENT40|RECUR|ACTIVE_C0-RADIUS_C0|FE2,0.07565104166666667,0.05348225911458334,0.09690755208333333,positive,carrier frequency; first minus second arm,64,6,122,24,0,0
RESIDENT40|RECUR|ACTIVE_C0-RADIUS_C0|FE3,0.20166015625,0.15656982421875001,0.24847086588541664,positive,carrier frequency; first minus second arm,65,3,124,24,0,0
RESIDENT40|RECUR|ACTIVE_C0-RADIUS_C0|FE4,0.26858723958333336,0.22372639973958333,0.31517985026041656,positive,carrier frequency; first minus second arm,64,4,124,24,0,0
RESIDENT40|RECUR|ACTIVE_C0-RADIUS_C0|FE5,0.2926106770833334,0.2512939453125,0.33848307291666657,positive,carrier frequency; first minus second arm,66,1,125,24,0,0
RESIDENT40|RECUR|ACTIVE_C0-RADIUS_C0|FE6,0.31110026041666666,0.2666202799479167,0.3585970052083333,positive,carrier frequency; first minus second arm,66,1,125,24,0,0
RESIDENT40|RECUR|ACTIVE_C0-RADIUS_C0|FE7,0.31829427083333334,0.27362711588541666,0.36667073567708336,positive,carrier frequency; first minus second arm,66,1,125,24,0,0
RESIDENT40|RECUR|ACTIVE_C0-RADIUS_C0|FE8,0.3171875,0.27121826171875,0.36683512369791665,positive,carrier frequency; first minus second arm,66,1,125,24,0,0
RESIDENT40|RECUR|ACTIVE_C0-RADIUS_C0|MLOSS,-0.02156817118326822,-0.025821043650309232,-0.01748307228088379,negative,raw mismatch; first minus second arm,5,73,114,0,24,0
RESIDENT40|RECUR|ACTIVE_C0-RADIUS_C0|U,0.0215681711832682,0.017483072280883763,0.02582104365030922,positive,raw accuracy; first minus second arm,73,5,114,24,0,0
RESIDENT40|RECUR|ACTIVE_C0-RADIUS_C0|U0,0.0,0.0,0.0,structural_zero,design-implied zero,0,0,192,0,0,24
RESIDENT40|RECUR|ACTIVE_C0-RADIUS_C0|U1,0.0,0.0,0.0,structural_zero,design-implied zero,0,0,192,0,0,24
RESIDENT40|RECUR|ACTIVE_C0-RADIUS_C0|U40,0.050059000651041664,0.041371027628580734,0.05960159301757812,positive,raw accuracy; first minus second arm,67,7,118,24,0,0
RESIDENT40|RECUR|ACTIVE_C0|D40,0.3087565104166667,0.2633463541666667,0.3585815429687499,positive,carrier frequency change; absolute,66,126,0,24,0,0
RESIDENT40|RECUR|ACTIVE_C0|E1,0.7302266438802084,0.711522979736328,0.7512767028808593,positive,raw accuracy; absolute,192,0,0,24,0,0
RESIDENT40|RECUR|ACTIVE_C0|E2,0.7307617187500001,0.712265421549479,0.7513681030273438,positive,raw accuracy; absolute,192,0,0,24,0,0
RESIDENT40|RECUR|ACTIVE_C0|E3,0.7385101318359375,0.7218578084309897,0.7574108378092448,positive,raw accuracy; absolute,192,0,0,24,0,0
RESIDENT40|RECUR|ACTIVE_C0|E4,0.74566650390625,0.7294070180257163,0.763893534342448,positive,raw accuracy; absolute,192,0,0,24,0,0
RESIDENT40|RECUR|ACTIVE_C0|E5,0.7547719319661459,0.7389633178710938,0.7722711944580078,positive,raw accuracy; absolute,192,0,0,24,0,0
RESIDENT40|RECUR|ACTIVE_C0|E6,0.7615936279296873,0.745882314046224,0.7790584309895834,positive,raw accuracy; absolute,192,0,0,24,0,0
RESIDENT40|RECUR|ACTIVE_C0|E7,0.7704203287760416,0.7551168314615886,0.7872161865234374,positive,raw accuracy; absolute,192,0,0,24,0,0
RESIDENT40|RECUR|ACTIVE_C0|E8,0.7754801432291666,0.7599001566569009,0.7922822316487629,positive,raw accuracy; absolute,192,0,0,24,0,0
RESIDENT40|RECUR|ACTIVE_C0|F,0.24704996744791666,0.21378804524739586,0.2836101277669271,positive,carrier frequency; absolute,125,0,67,24,0,0
RESIDENT40|RECUR|ACTIVE_C0|F0,0.03125,0.03125,0.03125,positive,carrier frequency; absolute,192,0,0,24,0,0
RESIDENT40|RECUR|ACTIVE_C0|F1,0.02880859375,0.02554931640625,0.032389322916666664,positive,carrier frequency; absolute,125,0,67,24,0,0
RESIDENT40|RECUR|ACTIVE_C0|F40,0.3400065104166667,0.2945963541666667,0.3898315429687499,positive,carrier frequency; absolute,66,0,126,24,0,0
RESIDENT40|RECUR|ACTIVE_C0|FE1,0.03997395833333334,0.0357421875,0.04410888671874999,positive,carrier frequency; absolute,125,0,67,24,0,0
RESIDENT40|RECUR|ACTIVE_C0|FE2,0.10374348958333335,0.08215820312500001,0.12574951171875,positive,carrier frequency; absolute,77,0,115,24,0,0
RESIDENT40|RECUR|ACTIVE_C0|FE3,0.2225911458333333,0.17682128906250003,0.26878743489583334,positive,carrier frequency; absolute,68,0,124,24,0,0
RESIDENT40|RECUR|ACTIVE_C0|FE4,0.28850911458333334,0.24511311848958334,0.33356201171875,positive,carrier frequency; absolute,66,0,126,24,0,0
RESIDENT40|RECUR|ACTIVE_C0|FE5,0.31162109374999997,0.2696175130208333,0.3568758138020833,positive,carrier frequency; absolute,66,0,126,24,0,0
RESIDENT40|RECUR|ACTIVE_C0|FE6,0.33134765625,0.28544921875,0.379072265625,positive,carrier frequency; absolute,66,0,126,24,0,0
RESIDENT40|RECUR|ACTIVE_C0|FE7,0.3387369791666666,0.29205729166666666,0.38630371093749943,positive,carrier frequency; absolute,66,0,126,24,0,0
RESIDENT40|RECUR|ACTIVE_C0|FE8,0.3398763020833333,0.29433593750000003,0.38945068359374985,positive,carrier frequency; absolute,66,0,126,24,0,0
RESIDENT40|RECUR|ACTIVE_C0|MLOSS,0.2490711212158203,0.23043675422668458,0.2655245018005371,positive,raw mismatch; absolute,192,0,0,24,0,0
RESIDENT40|RECUR|ACTIVE_C0|U,0.7509288787841797,0.7344754981994629,0.7695632457733155,positive,raw accuracy; absolute,192,0,0,24,0,0
RESIDENT40|RECUR|ACTIVE_C0|U0,0.7163035074869791,0.6938170115152995,0.7402376810709635,positive,raw accuracy; absolute,192,0,0,24,0,0
RESIDENT40|RECUR|ACTIVE_C0|U1,0.7331339518229166,0.7140061696370443,0.7535858154296875,positive,raw accuracy; absolute,192,0,0,24,0,0
RESIDENT40|RECUR|ACTIVE_C0|U40,0.77545166015625,0.759915288289388,0.7925783793131511,positive,raw accuracy; absolute,192,0,0,24,0,0
RESIDENT40|RECUR|ACTIVE_C1-RADIUS_C1|D40,0.005208333333333333,0.0,0.015625,unresolved,carrier frequency change; first minus second arm,1,0,191,1,0,23
RESIDENT40|RECUR|ACTIVE_C1-RADIUS_C1|E1,2.339680989583981e-05,0.0,6.815592447917869e-05,unresolved,raw accuracy; first minus second arm,2,0,190,2,0,22
RESIDENT40|RECUR|ACTIVE_C1-RADIUS_C1|E2,0.00022786458333333426,0.0,0.0006835937500000028,unresolved,raw accuracy; first minus second arm,1,0,191,1,0,23
RESIDENT40|RECUR|ACTIVE_C1-RADIUS_C1|E3,0.000457763671875,0.0,0.001373291015625,unresolved,raw accuracy; first minus second arm,1,0,191,1,0,23
RESIDENT40|RECUR|ACTIVE_C1-RADIUS_C1|E4,0.0005849202473958334,0.0,0.0017547607421875,unresolved,raw accuracy; first minus second arm,1,0,191,1,0,23
RESIDENT40|RECUR|ACTIVE_C1-RADIUS_C1|E5,0.0007293701171875028,0.0,0.0021881103515625083,unresolved,raw accuracy; first minus second arm,1,0,191,1,0,23
RESIDENT40|RECUR|ACTIVE_C1-RADIUS_C1|E6,0.000889078776041663,0.0,0.002667236328124989,unresolved,raw accuracy; first minus second arm,1,0,191,1,0,23
RESIDENT40|RECUR|ACTIVE_C1-RADIUS_C1|E7,0.0010060628255208343,0.0,0.0030181884765625028,unresolved,raw accuracy; first minus second arm,1,0,191,1,0,23
RESIDENT40|RECUR|ACTIVE_C1-RADIUS_C1|E8,0.001092529296875001,0.0,0.0032775878906250028,unresolved,raw accuracy; first minus second arm,1,0,191,1,0,23
RESIDENT40|RECUR|ACTIVE_C1-RADIUS_C1|F,0.0043904622395833336,0.0,0.013163248697916666,unresolved,carrier frequency; first minus second arm,2,0,190,2,0,22
RESIDENT40|RECUR|ACTIVE_C1-RADIUS_C1|F0,0.0,0.0,0.0,structural_zero,design-implied zero,0,0,192,0,0,24
RESIDENT40|RECUR|ACTIVE_C1-RADIUS_C1|F1,0.0,0.0,0.0,structural_zero,design-implied zero,0,0,192,0,0,24
RESIDENT40|RECUR|ACTIVE_C1-RADIUS_C1|F40,0.005208333333333333,0.0,0.015625,unresolved,carrier frequency; first minus second arm,1,0,191,1,0,23
RESIDENT40|RECUR|ACTIVE_C1-RADIUS_C1|FE1,0.0005859375,0.0,0.0016927083333333334,unresolved,carrier frequency; first minus second arm,2,0,190,2,0,22
RESIDENT40|RECUR|ACTIVE_C1-RADIUS_C1|FE2,0.0032877604166666667,0.0,0.00986328125,unresolved,carrier frequency; first minus second arm,1,0,191,1,0,23
RESIDENT40|RECUR|ACTIVE_C1-RADIUS_C1|FE3,0.005208333333333333,0.0,0.015625,unresolved,carrier frequency; first minus second arm,1,0,191,1,0,23
RESIDENT40|RECUR|ACTIVE_C1-RADIUS_C1|FE4,0.005208333333333333,0.0,0.015625,unresolved,carrier frequency; first minus second arm,1,0,191,1,0,23
RESIDENT40|RECUR|ACTIVE_C1-RADIUS_C1|FE5,0.005208333333333333,0.0,0.015625,unresolved,carrier frequency; first minus second arm,1,0,191,1,0,23
RESIDENT40|RECUR|ACTIVE_C1-RADIUS_C1|FE6,0.005208333333333333,0.0,0.015625,unresolved,carrier frequency; first minus second arm,1,0,191,1,0,23
RESIDENT40|RECUR|ACTIVE_C1-RADIUS_C1|FE7,0.005208333333333333,0.0,0.015625,unresolved,carrier frequency; first minus second arm,1,0,191,1,0,23
RESIDENT40|RECUR|ACTIVE_C1-RADIUS_C1|FE8,0.005208333333333333,0.0,0.015625,unresolved,carrier frequency; first minus second arm,1,0,191,1,0,23
RESIDENT40|RECUR|ACTIVE_C1-RADIUS_C1|MLOSS,-0.0006263732910156243,-0.0018788655598958326,0.0,unresolved,raw mismatch; first minus second arm,0,2,190,0,2,22
RESIDENT40|RECUR|ACTIVE_C1-RADIUS_C1|U,0.0006263732910156278,0.0,0.001878865559895836,unresolved,raw accuracy; first minus second arm,2,0,190,2,0,22
RESIDENT40|RECUR|ACTIVE_C1-RADIUS_C1|U0,0.0,0.0,0.0,structural_zero,design-implied zero,0,0,192,0,0,24
RESIDENT40|RECUR|ACTIVE_C1-RADIUS_C1|U1,0.0,0.0,0.0,structural_zero,design-implied zero,0,0,192,0,0,24
RESIDENT40|RECUR|ACTIVE_C1-RADIUS_C1|U40,0.0011342366536458333,0.0,0.0034027099609375,unresolved,raw accuracy; first minus second arm,1,0,191,1,0,23
RESIDENT40|RECUR|ACTIVE_C1|D40,-0.026041666666666668,-0.03125,-0.015625,negative,carrier frequency change; absolute,1,191,0,1,23,0
RESIDENT40|RECUR|ACTIVE_C1|E1,0.7300974527994791,0.7113537089029948,0.7511081441243489,positive,raw accuracy; absolute,192,0,0,24,0,0
RESIDENT40|RECUR|ACTIVE_C1|E2,0.7288391113281251,0.7099518330891926,0.7500507100423178,positive,raw accuracy; absolute,192,0,0,24,0,0
RESIDENT40|RECUR|ACTIVE_C1|E3,0.7305419921874999,0.7120859781901041,0.7511726379394533,positive,raw accuracy; absolute,192,0,0,24,0,0
RESIDENT40|RECUR|ACTIVE_C1|E4,0.7292999267578125,0.7106412760416666,0.7505495198567709,positive,raw accuracy; absolute,192,0,0,24,0,0
RESIDENT40|RECUR|ACTIVE_C1|E5,0.7308685302734373,0.7126804097493489,0.751452611287435,positive,raw accuracy; absolute,192,0,0,24,0,0
RESIDENT40|RECUR|ACTIVE_C1|E6,0.7294057210286459,0.7108866119384765,0.7506935628255209,positive,raw accuracy; absolute,192,0,0,24,0,0
RESIDENT40|RECUR|ACTIVE_C1|E7,0.7311381022135417,0.7129078165690105,0.751616490681966,positive,raw accuracy; absolute,192,0,0,24,0,0
RESIDENT40|RECUR|ACTIVE_C1|E8,0.7296254475911459,0.7113123575846354,0.7508167266845703,positive,raw accuracy; absolute,192,0,0,24,0,0
RESIDENT40|RECUR|ACTIVE_C1|F,0.004423014322916667,1.2207031250000002e-05,0.013203938802083334,positive,carrier frequency; absolute,8,0,184,6,0,18
RESIDENT40|RECUR|ACTIVE_C1|F0,0.03125,0.03125,0.03125,positive,carrier frequency; absolute,192,0,0,24,0,0
RESIDENT40|RECUR|ACTIVE_C1|F1,0.0013020833333333333,0.0003255208333333333,0.00244140625,positive,carrier frequency; absolute,8,0,184,6,0,18
RESIDENT40|RECUR|ACTIVE_C1|F40,0.005208333333333333,0.0,0.015625,unresolved,carrier frequency; absolute,1,0,191,1,0,23
RESIDENT40|RECUR|ACTIVE_C1|FE1,0.0008463541666666667,9.765625000000002e-05,0.002018229166666667,positive,carrier frequency; absolute,8,0,184,6,0,18
RESIDENT40|RECUR|ACTIVE_C1|FE2,0.0032877604166666667,0.0,0.00986328125,unresolved,carrier frequency; absolute,1,0,191,1,0,23
RESIDENT40|RECUR|ACTIVE_C1|FE3,0.005208333333333333,0.0,0.015625,unresolved,carrier frequency; absolute,1,0,191,1,0,23
RESIDENT40|RECUR|ACTIVE_C1|FE4,0.005208333333333333,0.0,0.015625,unresolved,carrier frequency; absolute,1,0,191,1,0,23
RESIDENT40|RECUR|ACTIVE_C1|FE5,0.005208333333333333,0.0,0.015625,unresolved,carrier frequency; absolute,1,0,191,1,0,23
RESIDENT40|RECUR|ACTIVE_C1|FE6,0.005208333333333333,0.0,0.015625,unresolved,carrier frequency; absolute,1,0,191,1,0,23
RESIDENT40|RECUR|ACTIVE_C1|FE7,0.005208333333333333,0.0,0.015625,unresolved,carrier frequency; absolute,1,0,191,1,0,23
RESIDENT40|RECUR|ACTIVE_C1|FE8,0.005208333333333333,0.0,0.015625,unresolved,carrier frequency; absolute,1,0,191,1,0,23
RESIDENT40|RECUR|ACTIVE_C1|MLOSS,0.2700229644775391,0.24920524915059403,0.28833990732828774,positive,raw mismatch; absolute,192,0,0,24,0,0
RESIDENT40|RECUR|ACTIVE_C1|U,0.729977035522461,0.7116600926717123,0.750794750849406,positive,raw accuracy; absolute,192,0,0,24,0,0
RESIDENT40|RECUR|ACTIVE_C1|U0,0.7163035074869791,0.6938170115152995,0.7402376810709635,positive,raw accuracy; absolute,192,0,0,24,0,0
RESIDENT40|RECUR|ACTIVE_C1|U1,0.7330780029296875,0.7139205932617188,0.7535603841145834,positive,raw accuracy; absolute,192,0,0,24,0,0
RESIDENT40|RECUR|ACTIVE_C1|U40,0.7263946533203125,0.7071123758951823,0.748822275797526,positive,raw accuracy; absolute,192,0,0,24,0,0
RESIDENT40|RECUR|NOVEL_C0|D40,-0.03125,-0.03125,-0.03125,negative,carrier frequency change; absolute,0,192,0,0,24,0
RESIDENT40|RECUR|NOVEL_C0|E1,0.7300567626953125,0.7112933603922527,0.7511471303304036,positive,raw accuracy; absolute,192,0,0,24,0,0
RESIDENT40|RECUR|NOVEL_C0|E2,0.7286305745442707,0.7095937093098957,0.7499906921386719,positive,raw accuracy; absolute,192,0,0,24,0,0
RESIDENT40|RECUR|NOVEL_C0|E3,0.7300771077473959,0.7113045247395834,0.7511556243896483,positive,raw accuracy; absolute,192,0,0,24,0,0
RESIDENT40|RECUR|NOVEL_C0|E4,0.7287556966145834,0.7097580973307293,0.7501182810465494,positive,raw accuracy; absolute,192,0,0,24,0,0
RESIDENT40|RECUR|NOVEL_C0|E5,0.73018798828125,0.7114186096191405,0.751196568806966,positive,raw accuracy; absolute,192,0,0,24,0,0
RESIDENT40|RECUR|NOVEL_C0|E6,0.7285502115885417,0.7094692230224608,0.7500153605143229,positive,raw accuracy; absolute,192,0,0,24,0,0
RESIDENT40|RECUR|NOVEL_C0|E7,0.7301208496093748,0.7113400522867838,0.7512074534098309,positive,raw accuracy; absolute,192,0,0,24,0,0
RESIDENT40|RECUR|NOVEL_C0|E8,0.7285502115885416,0.709665018717448,0.7498731994628905,positive,raw accuracy; absolute,192,0,0,24,0,0
RESIDENT40|RECUR|NOVEL_C0|F,0.0012654622395833334,0.00103759765625,0.0015380859375,positive,carrier frequency; absolute,105,0,87,24,0,0
RESIDENT40|RECUR|NOVEL_C0|F0,0.03125,0.03125,0.03125,positive,carrier frequency; absolute,192,0,0,24,0,0
RESIDENT40|RECUR|NOVEL_C0|F1,0.019856770833333332,0.017578125,0.0224609375,positive,carrier frequency; absolute,105,0,87,24,0,0
RESIDENT40|RECUR|NOVEL_C0|F40,0.0,0.0,0.0,observed_exact_zero,sampled equality; not a design guarantee,0,0,192,0,0,24
RESIDENT40|RECUR|NOVEL_C0|FE1,0.009342447916666666,0.0077791341145833325,0.011263020833333331,positive,carrier frequency; absolute,105,0,87,24,0,0
RESIDENT40|RECUR|NOVEL_C0|FE2,0.0007812499999999999,0.0002278645833333333,0.00146484375,positive,carrier frequency; absolute,7,0,185,6,0,18
RESIDENT40|RECUR|NOVEL_C0|FE3,0.0,0.0,0.0,observed_exact_zero,sampled equality; not a design guarantee,0,0,192,0,0,24
RESIDENT40|RECUR|NOVEL_C0|FE4,0.0,0.0,0.0,observed_exact_zero,sampled equality; not a design guarantee,0,0,192,0,0,24
RESIDENT40|RECUR|NOVEL_C0|FE5,0.0,0.0,0.0,observed_exact_zero,sampled equality; not a design guarantee,0,0,192,0,0,24
RESIDENT40|RECUR|NOVEL_C0|FE6,0.0,0.0,0.0,observed_exact_zero,sampled equality; not a design guarantee,0,0,192,0,0,24
RESIDENT40|RECUR|NOVEL_C0|FE7,0.0,0.0,0.0,observed_exact_zero,sampled equality; not a design guarantee,0,0,192,0,0,24
RESIDENT40|RECUR|NOVEL_C0|FE8,0.0,0.0,0.0,observed_exact_zero,sampled equality; not a design guarantee,0,0,192,0,0,24
RESIDENT40|RECUR|NOVEL_C0|MLOSS,0.27063382466634117,0.24971969604492186,0.289482364654541,positive,raw mismatch; absolute,192,0,0,24,0,0
RESIDENT40|RECUR|NOVEL_C0|U,0.7293661753336588,0.7105176353454591,0.750280303955078,positive,raw accuracy; absolute,192,0,0,24,0,0
RESIDENT40|RECUR|NOVEL_C0|U0,0.7163035074869791,0.6938170115152995,0.7402376810709635,positive,raw accuracy; absolute,192,0,0,24,0,0
RESIDENT40|RECUR|NOVEL_C0|U1,0.7331339518229166,0.7140061696370443,0.7535858154296875,positive,raw accuracy; absolute,192,0,0,24,0,0
RESIDENT40|RECUR|NOVEL_C0|U40,0.72509765625,0.7055688222249349,0.7477901458740234,positive,raw accuracy; absolute,192,0,0,24,0,0
RESIDENT40|RECUR|NOVEL_C1|D40,-0.03125,-0.03125,-0.03125,negative,carrier frequency change; absolute,0,192,0,0,24,0
RESIDENT40|RECUR|NOVEL_C1|E1,0.730072021484375,0.7113505554199219,0.7511070505777995,positive,raw accuracy; absolute,192,0,0,24,0,0
RESIDENT40|RECUR|NOVEL_C1|E2,0.7286122639973959,0.7096412913004558,0.7499773406982422,positive,raw accuracy; absolute,192,0,0,24,0,0
RESIDENT40|RECUR|NOVEL_C1|E3,0.7300842285156249,0.7113005065917968,0.7511361694335936,positive,raw accuracy; absolute,192,0,0,24,0,0
RESIDENT40|RECUR|NOVEL_C1|E4,0.7287160237630209,0.7097300211588542,0.7500552622477215,positive,raw accuracy; absolute,192,0,0,24,0,0
RESIDENT40|RECUR|NOVEL_C1|E5,0.73013916015625,0.7113222249348958,0.7512112935384115,positive,raw accuracy; absolute,192,0,0,24,0,0
RESIDENT40|RECUR|NOVEL_C1|E6,0.7285186767578123,0.709468053181966,0.7499577077229819,positive,raw accuracy; absolute,192,0,0,24,0,0
RESIDENT40|RECUR|NOVEL_C1|E7,0.730133056640625,0.7113557434082033,0.7511917114257811,positive,raw accuracy; absolute,192,0,0,24,0,0
RESIDENT40|RECUR|NOVEL_C1|E8,0.7285359700520834,0.7095550028483073,0.7499291483561197,positive,raw accuracy; absolute,192,0,0,24,0,0
RESIDENT40|RECUR|NOVEL_C1|F,2.848307291666667e-05,8.138020833333333e-06,5.696614583333334e-05,positive,carrier frequency; absolute,7,0,185,5,0,19
RESIDENT40|RECUR|NOVEL_C1|F0,0.03125,0.03125,0.03125,positive,carrier frequency; absolute,192,0,0,24,0,0
RESIDENT40|RECUR|NOVEL_C1|F1,0.0011393229166666667,0.0003255208333333333,0.0022786458333333335,positive,carrier frequency; absolute,7,0,185,5,0,19
RESIDENT40|RECUR|NOVEL_C1|F40,0.0,0.0,0.0,observed_exact_zero,sampled equality; not a design guarantee,0,0,192,0,0,24
RESIDENT40|RECUR|NOVEL_C1|FE1,0.00022786458333333336,6.510416666666667e-05,0.00045572916666666673,positive,carrier frequency; absolute,7,0,185,5,0,19
RESIDENT40|RECUR|NOVEL_C1|FE2,0.0,0.0,0.0,observed_exact_zero,sampled equality; not a design guarantee,0,0,192,0,0,24
RESIDENT40|RECUR|NOVEL_C1|FE3,0.0,0.0,0.0,observed_exact_zero,sampled equality; not a design guarantee,0,0,192,0,0,24
RESIDENT40|RECUR|NOVEL_C1|FE4,0.0,0.0,0.0,observed_exact_zero,sampled equality; not a design guarantee,0,0,192,0,0,24
RESIDENT40|RECUR|NOVEL_C1|FE5,0.0,0.0,0.0,observed_exact_zero,sampled equality; not a design guarantee,0,0,192,0,0,24
RESIDENT40|RECUR|NOVEL_C1|FE6,0.0,0.0,0.0,observed_exact_zero,sampled equality; not a design guarantee,0,0,192,0,0,24
RESIDENT40|RECUR|NOVEL_C1|FE7,0.0,0.0,0.0,observed_exact_zero,sampled equality; not a design guarantee,0,0,192,0,0,24
RESIDENT40|RECUR|NOVEL_C1|FE8,0.0,0.0,0.0,observed_exact_zero,sampled equality; not a design guarantee,0,0,192,0,0,24
RESIDENT40|RECUR|NOVEL_C1|MLOSS,0.2706485748291016,0.2497309335072836,0.2894961897532145,positive,raw mismatch; absolute,192,0,0,24,0,0
RESIDENT40|RECUR|NOVEL_C1|U,0.7293514251708985,0.7105038102467854,0.7502690664927163,positive,raw accuracy; absolute,192,0,0,24,0,0
RESIDENT40|RECUR|NOVEL_C1|U0,0.7163035074869791,0.6938170115152995,0.7402376810709635,positive,raw accuracy; absolute,192,0,0,24,0,0
RESIDENT40|RECUR|NOVEL_C1|U1,0.7330729166666666,0.7139156341552735,0.753555425008138,positive,raw accuracy; absolute,192,0,0,24,0,0
RESIDENT40|RECUR|NOVEL_C1|U40,0.7252604166666666,0.7057843526204427,0.7478800455729167,positive,raw accuracy; absolute,192,0,0,24,0,0
RESIDENT40|RECUR|RADIUS_C0-NOVEL_C0|D40,0.023111979166666668,0.011067708333333334,0.036458333333333336,positive,carrier frequency change; first minus second arm,10,0,182,9,0,15
RESIDENT40|RECUR|RADIUS_C0-NOVEL_C0|E1,-1.0172526041657415e-06,-6.306966145831773e-05,5.5948893229162273e-05,unresolved,raw accuracy; first minus second arm,34,24,134,12,10,2
RESIDENT40|RECUR|RADIUS_C0-NOVEL_C0|E2,-3.2552083333317605e-05,-9.768168131507546e-05,3.153483072916586e-05,unresolved,raw accuracy; first minus second arm,38,40,114,9,14,1
RESIDENT40|RECUR|RADIUS_C0-NOVEL_C0|E3,-1.6276041666637986e-05,-0.00012715657552080583,0.0001017506917318115,unresolved,raw accuracy; first minus second arm,32,45,115,12,12,0
RESIDENT40|RECUR|RADIUS_C0-NOVEL_C0|E4,-4.2724609374993526e-05,-0.0001668548583984333,7.527669270832976e-05,unresolved,raw accuracy; first minus second arm,35,41,116,10,12,2
RESIDENT40|RECUR|RADIUS_C0-NOVEL_C0|E5,8.13802083333981e-06,-0.0001220703125000001,0.00014750162760415752,unresolved,raw accuracy; first minus second arm,38,41,113,14,9,1
RESIDENT40|RECUR|RADIUS_C0-NOVEL_C0|E6,7.120768229164816e-06,-8.24228922526252e-05,0.00010681152343747247,unresolved,raw accuracy; first minus second arm,34,47,111,10,13,1
RESIDENT40|RECUR|RADIUS_C0-NOVEL_C0|E7,1.2207031250007402e-05,-7.32676188151245e-05,0.00011088053385416782,unresolved,raw accuracy; first minus second arm,44,39,109,11,13,0
RESIDENT40|RECUR|RADIUS_C0-NOVEL_C0|E8,2.136230468749445e-05,-7.934570312502972e-05,0.00011802673339843676,unresolved,raw accuracy; first minus second arm,43,41,108,13,11,0
RESIDENT40|RECUR|RADIUS_C0-NOVEL_C0|F,0.02139485677083333,0.014575093587239582,0.029045308430989576,positive,carrier frequency; first minus second arm,97,7,88,24,0,0
RESIDENT40|RECUR|RADIUS_C0-NOVEL_C0|F0,0.0,0.0,0.0,structural_zero,design-implied zero,0,0,192,0,0,24
RESIDENT40|RECUR|RADIUS_C0-NOVEL_C0|F1,0.008951822916666666,0.006673177083333333,0.01123046875,positive,carrier frequency; first minus second arm,59,4,129,22,0,2
RESIDENT40|RECUR|RADIUS_C0-NOVEL_C0|F40,0.023111979166666668,0.011067708333333334,0.036458333333333336,positive,carrier frequency; first minus second arm,10,0,182,9,0,15
RESIDENT40|RECUR|RADIUS_C0-NOVEL_C0|FE1,0.020605468749999998,0.017577311197916667,0.02392659505208333,positive,carrier frequency; first minus second arm,98,6,88,24,0,0
RESIDENT40|RECUR|RADIUS_C0-NOVEL_C0|FE2,0.02731119791666667,0.020442708333333334,0.034733886718749996,positive,carrier frequency; first minus second arm,54,1,137,24,0,0
RESIDENT40|RECUR|RADIUS_C0-NOVEL_C0|FE3,0.020930989583333334,0.014810384114583333,0.02757242838541666,positive,carrier frequency; first minus second arm,30,0,162,20,0,4
RESIDENT40|RECUR|RADIUS_C0-NOVEL_C0|FE4,0.019921875000000002,0.012237955729166665,0.028418782552083334,positive,carrier frequency; first minus second arm,21,0,171,17,0,7
RESIDENT40|RECUR|RADIUS_C0-NOVEL_C0|FE5,0.019010416666666665,0.010025227864583335,0.02906982421875,positive,carrier frequency; first minus second arm,18,0,174,16,0,8
RESIDENT40|RECUR|RADIUS_C0-NOVEL_C0|FE6,0.02024739583333333,0.010220540364583334,0.03154378255208333,positive,carrier frequency; first minus second arm,13,0,179,11,0,13
RESIDENT40|RECUR|RADIUS_C0-NOVEL_C0|FE7,0.020442708333333334,0.009927571614583333,0.03219401041666667,positive,carrier frequency; first minus second arm,11,0,181,10,0,14
RESIDENT40|RECUR|RADIUS_C0-NOVEL_C0|FE8,0.022688802083333334,0.011002604166666666,0.03590738932291666,positive,carrier frequency; first minus second arm,10,0,182,9,0,15
RESIDENT40|RECUR|RADIUS_C0-NOVEL_C0|MLOSS,5.4677327473879695e-06,-3.8022994995134715e-05,4.857381184895235e-05,unresolved,raw mismatch; first minus second arm,49,43,100,10,13,1
RESIDENT40|RECUR|RADIUS_C0-NOVEL_C0|U,-5.4677327474180375e-06,-4.8573811848987014e-05,3.802299499510001e-05,unresolved,raw accuracy; first minus second arm,43,49,100,13,10,1
RESIDENT40|RECUR|RADIUS_C0-NOVEL_C0|U0,0.0,0.0,0.0,structural_zero,design-implied zero,0,0,192,0,0,24
RESIDENT40|RECUR|RADIUS_C0-NOVEL_C0|U1,0.0,0.0,0.0,observed_exact_zero,sampled equality; not a design guarantee,0,0,192,0,0,24
RESIDENT40|RECUR|RADIUS_C0-NOVEL_C0|U40,0.0002950032552083333,-7.62939453125e-05,0.0007732391357421868,unresolved,raw accuracy; first minus second arm,37,35,120,9,11,4
RESIDENT40|RECUR|RADIUS_C0-SHAM_C0|D40,-0.005208333333333333,-0.025882975260416666,0.013346354166666666,unresolved,carrier frequency change; first minus second arm,8,13,171,7,8,9
RESIDENT40|RECUR|RADIUS_C0-SHAM_C0|E1,1.4241536458329632e-05,5.086263020828707e-06,2.342224121094312e-05,positive,raw accuracy; first minus second arm,8,1,183,8,1,15
RESIDENT40|RECUR|RADIUS_C0-SHAM_C0|E2,1.1189778645850912e-05,-3.560384114583345e-05,6.408691406253898e-05,unresolved,raw accuracy; first minus second arm,17,13,162,12,8,4
RESIDENT40|RECUR|RADIUS_C0-SHAM_C0|E3,-6.103515624989823e-06,-5.393981933593863e-05,4.3741861979173145e-05,unresolved,raw accuracy; first minus second arm,14,17,161,11,8,5
RESIDENT40|RECUR|RADIUS_C0-SHAM_C0|E4,-1.3224283854187021e-05,-7.123311360680284e-05,4.0690104166648396e-05,unresolved,raw accuracy; first minus second arm,20,17,155,8,11,5
RESIDENT40|RECUR|RADIUS_C0-SHAM_C0|E5,-3.865559895833056e-05,-0.00011088053385416794,3.156026204427876e-05,unresolved,raw accuracy; first minus second arm,14,24,154,10,11,3
RESIDENT40|RECUR|RADIUS_C0-SHAM_C0|E6,3.3569335937487975e-05,-3.5603841145847444e-05,0.0001027679443359311,unresolved,raw accuracy; first minus second arm,19,18,155,12,10,2
RESIDENT40|RECUR|RADIUS_C0-SHAM_C0|E7,-4.06901041665834e-06,-5.5948893229157415e-05,4.8828124999997224e-05,unresolved,raw accuracy; first minus second arm,20,16,156,12,10,2
RESIDENT40|RECUR|RADIUS_C0-SHAM_C0|E8,5.0862630208379595e-06,-4.376729329427659e-05,5.5948893229148396e-05,unresolved,raw accuracy; first minus second arm,18,17,157,8,9,7
RESIDENT40|RECUR|RADIUS_C0-SHAM_C0|F,-0.00807291666666667,-0.019440409342447923,0.001163940429687497,unresolved,carrier frequency; first minus second arm,19,23,150,9,14,1
RESIDENT40|RECUR|RADIUS_C0-SHAM_C0|F0,0.0,0.0,0.0,structural_zero,design-implied zero,0,0,192,0,0,24
RESIDENT40|RECUR|RADIUS_C0-SHAM_C0|F1,0.0,0.0,0.0,structural_zero,design-implied zero,0,0,192,0,0,24
RESIDENT40|RECUR|RADIUS_C0-SHAM_C0|F40,-0.005208333333333333,-0.025882975260416666,0.013346354166666666,unresolved,carrier frequency; first minus second arm,8,13,171,7,8,9
RESIDENT40|RECUR|RADIUS_C0-SHAM_C0|FE1,0.0007486979166666666,-0.0003906250000000005,0.0017252604166666664,unresolved,carrier frequency; first minus second arm,12,6,174,10,5,9
RESIDENT40|RECUR|RADIUS_C0-SHAM_C0|FE2,-0.0024739583333333345,-0.006999511718750002,0.0018237304687499934,unresolved,carrier frequency; first minus second arm,14,16,162,8,11,5
RESIDENT40|RECUR|RADIUS_C0-SHAM_C0|FE3,-0.012695312500000002,-0.021810709635416665,-0.005175781250000001,negative,carrier frequency; first minus second arm,10,20,162,4,14,6
RESIDENT40|RECUR|RADIUS_C0-SHAM_C0|FE4,-0.015364583333333334,-0.029004720052083332,-0.0031567382812500056,negative,carrier frequency; first minus second arm,9,19,164,6,11,7
RESIDENT40|RECUR|RADIUS_C0-SHAM_C0|FE5,-0.011458333333333333,-0.027542317708333337,0.0016284179687499967,unresolved,carrier frequency; first minus second arm,10,16,166,8,10,6
RESIDENT40|RECUR|RADIUS_C0-SHAM_C0|FE6,-0.010058593749999999,-0.02692464192708333,0.005144042968749996,unresolved,carrier frequency; first minus second arm,8,14,170,6,9,9
RESIDENT40|RECUR|RADIUS_C0-SHAM_C0|FE7,-0.008984375,-0.02474446614583333,0.004785970052083331,unresolved,carrier frequency; first minus second arm,7,14,171,6,9,9
RESIDENT40|RECUR|RADIUS_C0-SHAM_C0|FE8,-0.0042968749999999995,-0.02259440104166667,0.011559244791666649,unresolved,carrier frequency; first minus second arm,7,14,171,6,9,9
RESIDENT40|RECUR|RADIUS_C0-SHAM_C0|MLOSS,-2.543131510391224e-07,-2.0221074422199985e-05,2.2128423055021657e-05,unresolved,raw mismatch; first minus second arm,26,16,150,11,12,1
RESIDENT40|RECUR|RADIUS_C0-SHAM_C0|U,2.543131510472178e-07,-2.212842305503287e-05,2.0221074422229947e-05,unresolved,raw accuracy; first minus second arm,16,26,150,12,11,1
RESIDENT40|RECUR|RADIUS_C0-SHAM_C0|U0,0.0,0.0,0.0,structural_zero,design-implied zero,0,0,192,0,0,24
RESIDENT40|RECUR|RADIUS_C0-SHAM_C0|U1,0.0,0.0,0.0,structural_zero,design-implied zero,0,0,192,0,0,24
RESIDENT40|RECUR|RADIUS_C0-SHAM_C0|U40,5.5948893229166664e-05,-9.663899739583333e-05,0.00023396809895833334,unresolved,raw accuracy; first minus second arm,13,15,164,8,12,4
RESIDENT40|RECUR|RADIUS_C0|D40,-0.008138020833333334,-0.020182291666666668,0.005208333333333333,unresolved,carrier frequency change; absolute,10,182,0,9,15,0
RESIDENT40|RECUR|RADIUS_C0|E1,0.7300557454427082,0.7113459777832032,0.7511629486083983,positive,raw accuracy; absolute,192,0,0,24,0,0
RESIDENT40|RECUR|RADIUS_C0|E2,0.7285980224609375,0.7095831807454427,0.749933598836263,positive,raw accuracy; absolute,192,0,0,24,0,0
RESIDENT40|RECUR|RADIUS_C0|E3,0.7300608317057291,0.7112624613444011,0.7511100514729817,positive,raw accuracy; absolute,192,0,0,24,0,0
RESIDENT40|RECUR|RADIUS_C0|E4,0.7287129720052082,0.7097348022460936,0.750081837972005,positive,raw accuracy; absolute,192,0,0,24,0,0
RESIDENT40|RECUR|RADIUS_C0|E5,0.7301961263020833,0.7114496358235677,0.7512185668945313,positive,raw accuracy; absolute,192,0,0,24,0,0
RESIDENT40|RECUR|RADIUS_C0|E6,0.7285573323567709,0.709556884765625,0.7499605814615885,positive,raw accuracy; absolute,192,0,0,24,0,0
RESIDENT40|RECUR|RADIUS_C0|E7,0.730133056640625,0.7113536834716797,0.7511980946858724,positive,raw accuracy; absolute,192,0,0,24,0,0
RESIDENT40|RECUR|RADIUS_C0|E8,0.7285715738932291,0.7095972951253255,0.7499414825439453,positive,raw accuracy; absolute,192,0,0,24,0,0
RESIDENT40|RECUR|RADIUS_C0|F,0.022660319010416666,0.015791524251302085,0.03035603841145832,positive,carrier frequency; absolute,125,0,67,24,0,0
RESIDENT40|RECUR|RADIUS_C0|F0,0.03125,0.03125,0.03125,positive,carrier frequency; absolute,192,0,0,24,0,0
RESIDENT40|RECUR|RADIUS_C0|F1,0.02880859375,0.02554931640625,0.032389322916666664,positive,carrier frequency; absolute,125,0,67,24,0,0
RESIDENT40|RECUR|RADIUS_C0|F40,0.023111979166666668,0.011067708333333334,0.036458333333333336,positive,carrier frequency; absolute,10,0,182,9,0,15
RESIDENT40|RECUR|RADIUS_C0|FE1,0.029947916666666668,0.02666015625,0.03352945963541666,positive,carrier frequency; absolute,125,0,67,24,0,0
RESIDENT40|RECUR|RADIUS_C0|FE2,0.028092447916666666,0.021092936197916672,0.03561197916666666,positive,carrier frequency; absolute,57,0,135,24,0,0
RESIDENT40|RECUR|RADIUS_C0|FE3,0.020930989583333334,0.014810384114583333,0.02757242838541666,positive,carrier frequency; absolute,30,0,162,20,0,4
RESIDENT40|RECUR|RADIUS_C0|FE4,0.019921875000000002,0.012237955729166665,0.028418782552083334,positive,carrier frequency; absolute,21,0,171,17,0,7
RESIDENT40|RECUR|RADIUS_C0|FE5,0.019010416666666665,0.010025227864583335,0.02906982421875,positive,carrier frequency; absolute,18,0,174,16,0,8
RESIDENT40|RECUR|RADIUS_C0|FE6,0.02024739583333333,0.010220540364583334,0.03154378255208333,positive,carrier frequency; absolute,13,0,179,11,0,13
RESIDENT40|RECUR|RADIUS_C0|FE7,0.020442708333333334,0.009927571614583333,0.03219401041666667,positive,carrier frequency; absolute,11,0,181,10,0,14
RESIDENT40|RECUR|RADIUS_C0|FE8,0.022688802083333334,0.011002604166666666,0.03590738932291666,positive,carrier frequency; absolute,10,0,182,9,0,15
RESIDENT40|RECUR|RADIUS_C0|MLOSS,0.27063929239908857,0.24974011421203615,0.28947712898254396,positive,raw mismatch; absolute,192,0,0,24,0,0
RESIDENT40|RECUR|RADIUS_C0|U,0.7293607076009115,0.710522871017456,0.7502598857879639,positive,raw accuracy; absolute,192,0,0,24,0,0
RESIDENT40|RECUR|RADIUS_C0|U0,0.7163035074869791,0.6938170115152995,0.7402376810709635,positive,raw accuracy; absolute,192,0,0,24,0,0
RESIDENT40|RECUR|RADIUS_C0|U1,0.7331339518229166,0.7140061696370443,0.7535858154296875,positive,raw accuracy; absolute,192,0,0,24,0,0
RESIDENT40|RECUR|RADIUS_C0|U40,0.7253926595052084,0.7060338338216146,0.747899627685547,positive,raw accuracy; absolute,192,0,0,24,0,0
RESIDENT40|RECUR|RADIUS_C1-NOVEL_C1|D40,0.0,0.0,0.0,observed_exact_zero,sampled equality; not a design guarantee,0,0,192,0,0,24
RESIDENT40|RECUR|RADIUS_C1-NOVEL_C1|E1,2.034505208331483e-06,0.0,6.103515624994449e-06,unresolved,raw accuracy; first minus second arm,1,0,191,1,0,23
RESIDENT40|RECUR|RADIUS_C1-NOVEL_C1|E2,-1.0172526041657415e-06,-3.0517578124972244e-06,0.0,unresolved,raw accuracy; first minus second arm,0,1,191,0,1,23
RESIDENT40|RECUR|RADIUS_C1-NOVEL_C1|E3,0.0,0.0,0.0,observed_exact_zero,sampled equality; not a design guarantee,0,0,192,0,0,24
RESIDENT40|RECUR|RADIUS_C1-NOVEL_C1|E4,-1.0172526041657415e-06,-3.0517578124972244e-06,0.0,unresolved,raw accuracy; first minus second arm,0,1,191,0,1,23
RESIDENT40|RECUR|RADIUS_C1-NOVEL_C1|E5,0.0,0.0,0.0,observed_exact_zero,sampled equality; not a design guarantee,0,0,192,0,0,24
RESIDENT40|RECUR|RADIUS_C1-NOVEL_C1|E6,-2.034505208331483e-06,-6.103515624994449e-06,0.0,unresolved,raw accuracy; first minus second arm,0,1,191,0,1,23
RESIDENT40|RECUR|RADIUS_C1-NOVEL_C1|E7,-1.0172526041657415e-06,-3.0517578124972244e-06,0.0,unresolved,raw accuracy; first minus second arm,0,1,191,0,1,23
RESIDENT40|RECUR|RADIUS_C1-NOVEL_C1|E8,-3.0517578125018505e-06,-9.155273437505551e-06,0.0,unresolved,raw accuracy; first minus second arm,0,1,191,0,1,23
RESIDENT40|RECUR|RADIUS_C1-NOVEL_C1|F,4.069010416666667e-06,0.0,1.2207031250000002e-05,unresolved,carrier frequency; first minus second arm,1,0,191,1,0,23
RESIDENT40|RECUR|RADIUS_C1-NOVEL_C1|F0,0.0,0.0,0.0,structural_zero,design-implied zero,0,0,192,0,0,24
RESIDENT40|RECUR|RADIUS_C1-NOVEL_C1|F1,0.00016276041666666666,0.0,0.00048828125,unresolved,carrier frequency; first minus second arm,1,0,191,1,0,23
RESIDENT40|RECUR|RADIUS_C1-NOVEL_C1|F40,0.0,0.0,0.0,observed_exact_zero,sampled equality; not a design guarantee,0,0,192,0,0,24
RESIDENT40|RECUR|RADIUS_C1-NOVEL_C1|FE1,3.255208333333333e-05,0.0,9.765625000000002e-05,unresolved,carrier frequency; first minus second arm,1,0,191,1,0,23
RESIDENT40|RECUR|RADIUS_C1-NOVEL_C1|FE2,0.0,0.0,0.0,observed_exact_zero,sampled equality; not a design guarantee,0,0,192,0,0,24
RESIDENT40|RECUR|RADIUS_C1-NOVEL_C1|FE3,0.0,0.0,0.0,observed_exact_zero,sampled equality; not a design guarantee,0,0,192,0,0,24
RESIDENT40|RECUR|RADIUS_C1-NOVEL_C1|FE4,0.0,0.0,0.0,observed_exact_zero,sampled equality; not a design guarantee,0,0,192,0,0,24
RESIDENT40|RECUR|RADIUS_C1-NOVEL_C1|FE5,0.0,0.0,0.0,observed_exact_zero,sampled equality; not a design guarantee,0,0,192,0,0,24
RESIDENT40|RECUR|RADIUS_C1-NOVEL_C1|FE6,0.0,0.0,0.0,observed_exact_zero,sampled equality; not a design guarantee,0,0,192,0,0,24
RESIDENT40|RECUR|RADIUS_C1-NOVEL_C1|FE7,0.0,0.0,0.0,observed_exact_zero,sampled equality; not a design guarantee,0,0,192,0,0,24
RESIDENT40|RECUR|RADIUS_C1-NOVEL_C1|FE8,0.0,0.0,0.0,observed_exact_zero,sampled equality; not a design guarantee,0,0,192,0,0,24
RESIDENT40|RECUR|RADIUS_C1-NOVEL_C1|MLOSS,7.629394531254626e-07,0.0,2.2888183593763878e-06,unresolved,raw mismatch; first minus second arm,1,0,191,1,0,23
RESIDENT40|RECUR|RADIUS_C1-NOVEL_C1|U,-7.629394531231496e-07,-2.288818359369449e-06,0.0,unresolved,raw accuracy; first minus second arm,0,1,191,0,1,23
RESIDENT40|RECUR|RADIUS_C1-NOVEL_C1|U0,0.0,0.0,0.0,structural_zero,design-implied zero,0,0,192,0,0,24
RESIDENT40|RECUR|RADIUS_C1-NOVEL_C1|U1,5.086263020833333e-06,0.0,1.52587890625e-05,unresolved,raw accuracy; first minus second arm,1,0,191,1,0,23
RESIDENT40|RECUR|RADIUS_C1-NOVEL_C1|U40,0.0,0.0,0.0,observed_exact_zero,sampled equality; not a design guarantee,0,0,192,0,0,24
RESIDENT40|RECUR|RADIUS_C1-SHAM_C1|D40,0.0,0.0,0.0,observed_exact_zero,sampled equality; not a design guarantee,0,0,192,0,0,24
RESIDENT40|RECUR|RADIUS_C1-SHAM_C1|E1,0.0,0.0,0.0,observed_exact_zero,sampled equality; not a design guarantee,0,0,192,0,0,24
RESIDENT40|RECUR|RADIUS_C1-SHAM_C1|E2,0.0,0.0,0.0,observed_exact_zero,sampled equality; not a design guarantee,0,0,192,0,0,24
RESIDENT40|RECUR|RADIUS_C1-SHAM_C1|E3,0.0,0.0,0.0,observed_exact_zero,sampled equality; not a design guarantee,0,0,192,0,0,24
RESIDENT40|RECUR|RADIUS_C1-SHAM_C1|E4,0.0,0.0,0.0,observed_exact_zero,sampled equality; not a design guarantee,0,0,192,0,0,24
RESIDENT40|RECUR|RADIUS_C1-SHAM_C1|E5,0.0,0.0,0.0,observed_exact_zero,sampled equality; not a design guarantee,0,0,192,0,0,24
RESIDENT40|RECUR|RADIUS_C1-SHAM_C1|E6,0.0,0.0,0.0,observed_exact_zero,sampled equality; not a design guarantee,0,0,192,0,0,24
RESIDENT40|RECUR|RADIUS_C1-SHAM_C1|E7,0.0,0.0,0.0,observed_exact_zero,sampled equality; not a design guarantee,0,0,192,0,0,24
RESIDENT40|RECUR|RADIUS_C1-SHAM_C1|E8,0.0,0.0,0.0,observed_exact_zero,sampled equality; not a design guarantee,0,0,192,0,0,24
RESIDENT40|RECUR|RADIUS_C1-SHAM_C1|F,0.0,0.0,0.0,observed_exact_zero,sampled equality; not a design guarantee,0,0,192,0,0,24
RESIDENT40|RECUR|RADIUS_C1-SHAM_C1|F0,0.0,0.0,0.0,structural_zero,design-implied zero,0,0,192,0,0,24
RESIDENT40|RECUR|RADIUS_C1-SHAM_C1|F1,0.0,0.0,0.0,structural_zero,design-implied zero,0,0,192,0,0,24
RESIDENT40|RECUR|RADIUS_C1-SHAM_C1|F40,0.0,0.0,0.0,observed_exact_zero,sampled equality; not a design guarantee,0,0,192,0,0,24
RESIDENT40|RECUR|RADIUS_C1-SHAM_C1|FE1,0.0,0.0,0.0,observed_exact_zero,sampled equality; not a design guarantee,0,0,192,0,0,24
RESIDENT40|RECUR|RADIUS_C1-SHAM_C1|FE2,0.0,0.0,0.0,observed_exact_zero,sampled equality; not a design guarantee,0,0,192,0,0,24
RESIDENT40|RECUR|RADIUS_C1-SHAM_C1|FE3,0.0,0.0,0.0,observed_exact_zero,sampled equality; not a design guarantee,0,0,192,0,0,24
RESIDENT40|RECUR|RADIUS_C1-SHAM_C1|FE4,0.0,0.0,0.0,observed_exact_zero,sampled equality; not a design guarantee,0,0,192,0,0,24
RESIDENT40|RECUR|RADIUS_C1-SHAM_C1|FE5,0.0,0.0,0.0,observed_exact_zero,sampled equality; not a design guarantee,0,0,192,0,0,24
RESIDENT40|RECUR|RADIUS_C1-SHAM_C1|FE6,0.0,0.0,0.0,observed_exact_zero,sampled equality; not a design guarantee,0,0,192,0,0,24
RESIDENT40|RECUR|RADIUS_C1-SHAM_C1|FE7,0.0,0.0,0.0,observed_exact_zero,sampled equality; not a design guarantee,0,0,192,0,0,24
RESIDENT40|RECUR|RADIUS_C1-SHAM_C1|FE8,0.0,0.0,0.0,observed_exact_zero,sampled equality; not a design guarantee,0,0,192,0,0,24
RESIDENT40|RECUR|RADIUS_C1-SHAM_C1|MLOSS,0.0,0.0,0.0,observed_exact_zero,sampled equality; not a design guarantee,0,0,192,0,0,24
RESIDENT40|RECUR|RADIUS_C1-SHAM_C1|U,0.0,0.0,0.0,observed_exact_zero,sampled equality; not a design guarantee,0,0,192,0,0,24
RESIDENT40|RECUR|RADIUS_C1-SHAM_C1|U0,0.0,0.0,0.0,structural_zero,design-implied zero,0,0,192,0,0,24
RESIDENT40|RECUR|RADIUS_C1-SHAM_C1|U1,0.0,0.0,0.0,structural_zero,design-implied zero,0,0,192,0,0,24
RESIDENT40|RECUR|RADIUS_C1-SHAM_C1|U40,0.0,0.0,0.0,observed_exact_zero,sampled equality; not a design guarantee,0,0,192,0,0,24
RESIDENT40|RECUR|RADIUS_C1|D40,-0.03125,-0.03125,-0.03125,negative,carrier frequency change; absolute,0,192,0,0,24,0
RESIDENT40|RECUR|RADIUS_C1|E1,0.7300740559895834,0.7113525899251303,0.7511071523030599,positive,raw accuracy; absolute,192,0,0,24,0,0
RESIDENT40|RECUR|RADIUS_C1|E2,0.7286112467447916,0.7096382904052734,0.749976298014323,positive,raw accuracy; absolute,192,0,0,24,0,0
RESIDENT40|RECUR|RADIUS_C1|E3,0.7300842285156249,0.7113005065917968,0.7511361694335936,positive,raw accuracy; absolute,192,0,0,24,0,0
RESIDENT40|RECUR|RADIUS_C1|E4,0.7287150065104168,0.7097260284423829,0.7500542195638021,positive,raw accuracy; absolute,192,0,0,24,0,0
RESIDENT40|RECUR|RADIUS_C1|E5,0.73013916015625,0.7113222249348958,0.7512112935384115,positive,raw accuracy; absolute,192,0,0,24,0,0
RESIDENT40|RECUR|RADIUS_C1|E6,0.7285166422526043,0.7094640350341797,0.7499557240804038,positive,raw accuracy; absolute,192,0,0,24,0,0
RESIDENT40|RECUR|RADIUS_C1|E7,0.730132039388021,0.7113537343343099,0.751189727783203,positive,raw accuracy; absolute,192,0,0,24,0,0
RESIDENT40|RECUR|RADIUS_C1|E8,0.7285329182942708,0.709549789428711,0.7499260203043618,positive,raw accuracy; absolute,192,0,0,24,0,0
RESIDENT40|RECUR|RADIUS_C1|F,3.255208333333333e-05,8.138020833333333e-06,6.103515625e-05,positive,carrier frequency; absolute,8,0,184,6,0,18
RESIDENT40|RECUR|RADIUS_C1|F0,0.03125,0.03125,0.03125,positive,carrier frequency; absolute,192,0,0,24,0,0
RESIDENT40|RECUR|RADIUS_C1|F1,0.0013020833333333333,0.0003255208333333333,0.00244140625,positive,carrier frequency; absolute,8,0,184,6,0,18
RESIDENT40|RECUR|RADIUS_C1|F40,0.0,0.0,0.0,observed_exact_zero,sampled equality; not a design guarantee,0,0,192,0,0,24
RESIDENT40|RECUR|RADIUS_C1|FE1,0.00026041666666666666,6.510416666666667e-05,0.00048828125,positive,carrier frequency; absolute,8,0,184,6,0,18
RESIDENT40|RECUR|RADIUS_C1|FE2,0.0,0.0,0.0,observed_exact_zero,sampled equality; not a design guarantee,0,0,192,0,0,24
RESIDENT40|RECUR|RADIUS_C1|FE3,0.0,0.0,0.0,observed_exact_zero,sampled equality; not a design guarantee,0,0,192,0,0,24
RESIDENT40|RECUR|RADIUS_C1|FE4,0.0,0.0,0.0,observed_exact_zero,sampled equality; not a design guarantee,0,0,192,0,0,24
RESIDENT40|RECUR|RADIUS_C1|FE5,0.0,0.0,0.0,observed_exact_zero,sampled equality; not a design guarantee,0,0,192,0,0,24
RESIDENT40|RECUR|RADIUS_C1|FE6,0.0,0.0,0.0,observed_exact_zero,sampled equality; not a design guarantee,0,0,192,0,0,24
RESIDENT40|RECUR|RADIUS_C1|FE7,0.0,0.0,0.0,observed_exact_zero,sampled equality; not a design guarantee,0,0,192,0,0,24
RESIDENT40|RECUR|RADIUS_C1|FE8,0.0,0.0,0.0,observed_exact_zero,sampled equality; not a design guarantee,0,0,192,0,0,24
RESIDENT40|RECUR|RADIUS_C1|MLOSS,0.2706493377685547,0.24973097165425623,0.28949697176615397,positive,raw mismatch; absolute,192,0,0,24,0,0
RESIDENT40|RECUR|RADIUS_C1|U,0.7293506622314454,0.7105030282338461,0.7502690283457437,positive,raw accuracy; absolute,192,0,0,24,0,0
RESIDENT40|RECUR|RADIUS_C1|U0,0.7163035074869791,0.6938170115152995,0.7402376810709635,positive,raw accuracy; absolute,192,0,0,24,0,0
RESIDENT40|RECUR|RADIUS_C1|U1,0.7330780029296875,0.7139205932617188,0.7535603841145834,positive,raw accuracy; absolute,192,0,0,24,0,0
RESIDENT40|RECUR|RADIUS_C1|U40,0.7252604166666666,0.7057843526204427,0.7478800455729167,positive,raw accuracy; absolute,192,0,0,24,0,0
RESIDENT40|RECUR|SHAM_C0|D40,-0.0029296875,-0.0185546875,0.017097981770833288,unresolved,carrier frequency change; absolute,14,177,1,6,17,1
RESIDENT40|RECUR|SHAM_C0|E1,0.73004150390625,0.7113239288330078,0.751149876912435,positive,raw accuracy; absolute,192,0,0,24,0,0
RESIDENT40|RECUR|SHAM_C0|E2,0.7285868326822916,0.7095902252197266,0.7499462636311849,positive,raw accuracy; absolute,192,0,0,24,0,0
RESIDENT40|RECUR|SHAM_C0|E3,0.7300669352213541,0.7112744903564454,0.7511257934570313,positive,raw accuracy; absolute,192,0,0,24,0,0
RESIDENT40|RECUR|SHAM_C0|E4,0.7287261962890624,0.7097463989257813,0.750069580078125,positive,raw accuracy; absolute,192,0,0,24,0,0
RESIDENT40|RECUR|SHAM_C0|E5,0.7302347819010416,0.7114826202392579,0.7512534840901691,positive,raw accuracy; absolute,192,0,0,24,0,0
RESIDENT40|RECUR|SHAM_C0|E6,0.7285237630208332,0.7094954172770183,0.7499759928385417,positive,raw accuracy; absolute,192,0,0,24,0,0
RESIDENT40|RECUR|SHAM_C0|E7,0.7301371256510416,0.7113826497395833,0.7512016042073567,positive,raw accuracy; absolute,192,0,0,24,0,0
RESIDENT40|RECUR|SHAM_C0|E8,0.7285664876302084,0.7095726776123047,0.749921162923177,positive,raw accuracy; absolute,192,0,0,24,0,0
RESIDENT40|RECUR|SHAM_C0|F,0.03073323567708333,0.020158996582031248,0.04376932779947915,positive,carrier frequency; absolute,125,0,67,24,0,0
RESIDENT40|RECUR|SHAM_C0|F0,0.03125,0.03125,0.03125,positive,carrier frequency; absolute,192,0,0,24,0,0
RESIDENT40|RECUR|SHAM_C0|F1,0.02880859375,0.02554931640625,0.032389322916666664,positive,carrier frequency; absolute,125,0,67,24,0,0
RESIDENT40|RECUR|SHAM_C0|F40,0.0283203125,0.0126953125,0.04834798177083329,positive,carrier frequency; absolute,15,0,177,13,0,11
RESIDENT40|RECUR|SHAM_C0|FE1,0.029199218749999995,0.02587890625,0.032942708333333334,positive,carrier frequency; absolute,125,0,67,24,0,0
RESIDENT40|RECUR|SHAM_C0|FE2,0.03056640625,0.022232259114583333,0.040039876302083326,positive,carrier frequency; absolute,55,0,137,24,0,0
RESIDENT40|RECUR|SHAM_C0|FE3,0.03362630208333334,0.022623697916666668,0.04599690755208333,positive,carrier frequency; absolute,34,0,158,22,0,2
RESIDENT40|RECUR|SHAM_C0|FE4,0.03528645833333333,0.022591145833333336,0.05029947916666663,positive,carrier frequency; absolute,28,0,164,19,0,5
RESIDENT40|RECUR|SHAM_C0|FE5,0.03046875,0.01682861328125,0.04739827473958332,positive,carrier frequency; absolute,23,0,169,18,0,6
RESIDENT40|RECUR|SHAM_C0|FE6,0.03030598958333333,0.015753580729166664,0.04804768880208332,positive,carrier frequency; absolute,18,0,174,15,0,9
RESIDENT40|RECUR|SHAM_C0|FE7,0.029427083333333336,0.0150390625,0.04671468098958332,positive,carrier frequency; absolute,16,0,176,14,0,10
RESIDENT40|RECUR|SHAM_C0|FE8,0.026985677083333336,0.012532552083333334,0.046191406250000004,positive,carrier frequency; absolute,15,0,177,13,0,11
RESIDENT40|RECUR|SHAM_C0|MLOSS,0.2706395467122396,0.24973456700642904,0.2894812901814779,positive,raw mismatch; absolute,192,0,0,24,0,0
RESIDENT40|RECUR|SHAM_C0|U,0.7293604532877604,0.7105187098185222,0.7502654329935708,positive,raw accuracy; absolute,192,0,0,24,0,0
RESIDENT40|RECUR|SHAM_C0|U0,0.7163035074869791,0.6938170115152995,0.7402376810709635,positive,raw accuracy; absolute,192,0,0,24,0,0
RESIDENT40|RECUR|SHAM_C0|U1,0.7331339518229166,0.7140061696370443,0.7535858154296875,positive,raw accuracy; absolute,192,0,0,24,0,0
RESIDENT40|RECUR|SHAM_C0|U40,0.7253367106119791,0.7059220631917318,0.7478744506835937,positive,raw accuracy; absolute,192,0,0,24,0,0
RESIDENT40|RECUR|SHAM_C1|D40,-0.03125,-0.03125,-0.03125,negative,carrier frequency change; absolute,0,192,0,0,24,0
RESIDENT40|RECUR|SHAM_C1|E1,0.7300740559895834,0.7113525899251303,0.7511071523030599,positive,raw accuracy; absolute,192,0,0,24,0,0
RESIDENT40|RECUR|SHAM_C1|E2,0.7286112467447916,0.7096382904052734,0.749976298014323,positive,raw accuracy; absolute,192,0,0,24,0,0
RESIDENT40|RECUR|SHAM_C1|E3,0.7300842285156249,0.7113005065917968,0.7511361694335936,positive,raw accuracy; absolute,192,0,0,24,0,0
RESIDENT40|RECUR|SHAM_C1|E4,0.7287150065104168,0.7097260284423829,0.7500542195638021,positive,raw accuracy; absolute,192,0,0,24,0,0
RESIDENT40|RECUR|SHAM_C1|E5,0.73013916015625,0.7113222249348958,0.7512112935384115,positive,raw accuracy; absolute,192,0,0,24,0,0
RESIDENT40|RECUR|SHAM_C1|E6,0.7285166422526043,0.7094640350341797,0.7499557240804038,positive,raw accuracy; absolute,192,0,0,24,0,0
RESIDENT40|RECUR|SHAM_C1|E7,0.730132039388021,0.7113537343343099,0.751189727783203,positive,raw accuracy; absolute,192,0,0,24,0,0
RESIDENT40|RECUR|SHAM_C1|E8,0.7285329182942708,0.709549789428711,0.7499260203043618,positive,raw accuracy; absolute,192,0,0,24,0,0
RESIDENT40|RECUR|SHAM_C1|F,3.255208333333333e-05,8.138020833333333e-06,6.103515625e-05,positive,carrier frequency; absolute,8,0,184,6,0,18
RESIDENT40|RECUR|SHAM_C1|F0,0.03125,0.03125,0.03125,positive,carrier frequency; absolute,192,0,0,24,0,0
RESIDENT40|RECUR|SHAM_C1|F1,0.0013020833333333333,0.0003255208333333333,0.00244140625,positive,carrier frequency; absolute,8,0,184,6,0,18
RESIDENT40|RECUR|SHAM_C1|F40,0.0,0.0,0.0,observed_exact_zero,sampled equality; not a design guarantee,0,0,192,0,0,24
RESIDENT40|RECUR|SHAM_C1|FE1,0.00026041666666666666,6.510416666666667e-05,0.00048828125,positive,carrier frequency; absolute,8,0,184,6,0,18
RESIDENT40|RECUR|SHAM_C1|FE2,0.0,0.0,0.0,observed_exact_zero,sampled equality; not a design guarantee,0,0,192,0,0,24
RESIDENT40|RECUR|SHAM_C1|FE3,0.0,0.0,0.0,observed_exact_zero,sampled equality; not a design guarantee,0,0,192,0,0,24
RESIDENT40|RECUR|SHAM_C1|FE4,0.0,0.0,0.0,observed_exact_zero,sampled equality; not a design guarantee,0,0,192,0,0,24
RESIDENT40|RECUR|SHAM_C1|FE5,0.0,0.0,0.0,observed_exact_zero,sampled equality; not a design guarantee,0,0,192,0,0,24
RESIDENT40|RECUR|SHAM_C1|FE6,0.0,0.0,0.0,observed_exact_zero,sampled equality; not a design guarantee,0,0,192,0,0,24
RESIDENT40|RECUR|SHAM_C1|FE7,0.0,0.0,0.0,observed_exact_zero,sampled equality; not a design guarantee,0,0,192,0,0,24
RESIDENT40|RECUR|SHAM_C1|FE8,0.0,0.0,0.0,observed_exact_zero,sampled equality; not a design guarantee,0,0,192,0,0,24
RESIDENT40|RECUR|SHAM_C1|MLOSS,0.2706493377685547,0.24973097165425623,0.28949697176615397,positive,raw mismatch; absolute,192,0,0,24,0,0
RESIDENT40|RECUR|SHAM_C1|U,0.7293506622314454,0.7105030282338461,0.7502690283457437,positive,raw accuracy; absolute,192,0,0,24,0,0
RESIDENT40|RECUR|SHAM_C1|U0,0.7163035074869791,0.6938170115152995,0.7402376810709635,positive,raw accuracy; absolute,192,0,0,24,0,0
RESIDENT40|RECUR|SHAM_C1|U1,0.7330780029296875,0.7139205932617188,0.7535603841145834,positive,raw accuracy; absolute,192,0,0,24,0,0
RESIDENT40|RECUR|SHAM_C1|U40,0.7252604166666666,0.7057843526204427,0.7478800455729167,positive,raw accuracy; absolute,192,0,0,24,0,0
