key,mean,ci_low,ci_high,classification,interpretation,individual_positive,individual_negative,individual_zero,block_positive,block_negative,block_zero
RESIDENT40|FULL_MINUS_HALF|ACTIVE_C0-NOVEL_C0|D40,0.23649088541666666,0.170068359375,0.3035644531249999,positive,carrier frequency change; direct law difference,51,5,136,20,0,4
RESIDENT40|FULL_MINUS_HALF|ACTIVE_C0-NOVEL_C0|E1,-0.00031840006510415464,-0.0007100931803385294,8.448282877607061e-05,unresolved,raw accuracy; direct law difference,41,43,108,6,13,5
RESIDENT40|FULL_MINUS_HALF|ACTIVE_C0-NOVEL_C0|E2,0.0013498942057291834,-5.116780598955644e-05,0.0027822367350260327,unresolved,raw accuracy; direct law difference,67,44,81,16,7,1
RESIDENT40|FULL_MINUS_HALF|ACTIVE_C0-NOVEL_C0|E3,0.006165568033854175,0.0019974517822265226,0.010380706787109428,positive,raw accuracy; direct law difference,71,40,81,18,6,0
RESIDENT40|FULL_MINUS_HALF|ACTIVE_C0-NOVEL_C0|E4,0.015668741861979158,0.011447092692057296,0.01977228800455728,positive,raw accuracy; direct law difference,82,30,80,22,2,0
RESIDENT40|FULL_MINUS_HALF|ACTIVE_C0-NOVEL_C0|E5,0.02378946940104165,0.0176531982421875,0.029648844401041596,positive,raw accuracy; direct law difference,86,25,81,23,1,0
RESIDENT40|FULL_MINUS_HALF|ACTIVE_C0-NOVEL_C0|E6,0.02874654134114583,0.022440109252929715,0.03474662780761718,positive,raw accuracy; direct law difference,85,28,79,24,0,0
RESIDENT40|FULL_MINUS_HALF|ACTIVE_C0-NOVEL_C0|E7,0.03718872070312502,0.030257110595703147,0.044121475219726584,positive,raw accuracy; direct law difference,84,29,79,24,0,0
RESIDENT40|FULL_MINUS_HALF|ACTIVE_C0-NOVEL_C0|E8,0.04706013997395831,0.03929880777994792,0.0550294494628906,positive,raw accuracy; direct law difference,89,24,79,24,0,0
RESIDENT40|FULL_MINUS_HALF|ACTIVE_C0-NOVEL_C0|F,0.1687906901041667,0.12336995442708333,0.21456675211588533,positive,carrier frequency; direct law difference,69,19,104,23,1,0
RESIDENT40|FULL_MINUS_HALF|ACTIVE_C0-NOVEL_C0|F0,0.0,0.0,0.0,structural_zero,design-implied zero,0,0,192,0,0,24
RESIDENT40|FULL_MINUS_HALF|ACTIVE_C0-NOVEL_C0|F1,0.0,0.0,0.0,structural_zero,design-implied zero,0,0,192,0,0,24
RESIDENT40|FULL_MINUS_HALF|ACTIVE_C0-NOVEL_C0|F40,0.23649088541666666,0.170068359375,0.3035644531249999,positive,carrier frequency; direct law difference,51,5,136,20,0,4
RESIDENT40|FULL_MINUS_HALF|ACTIVE_C0-NOVEL_C0|FE1,0.005696614583333335,0.0009440104166666681,0.010579427083333334,positive,carrier frequency; direct law difference,47,22,123,14,5,5
RESIDENT40|FULL_MINUS_HALF|ACTIVE_C0-NOVEL_C0|FE2,0.04632161458333334,0.02034423828125,0.07305013020833331,positive,carrier frequency; direct law difference,61,22,109,17,7,0
RESIDENT40|FULL_MINUS_HALF|ACTIVE_C0-NOVEL_C0|FE3,0.15013020833333332,0.10100748697916667,0.19984049479166663,positive,carrier frequency; direct law difference,59,18,115,21,3,0
RESIDENT40|FULL_MINUS_HALF|ACTIVE_C0-NOVEL_C0|FE4,0.2124674479166667,0.15721516927083334,0.26690022786458334,positive,carrier frequency; direct law difference,59,8,125,22,1,1
RESIDENT40|FULL_MINUS_HALF|ACTIVE_C0-NOVEL_C0|FE5,0.22395833333333334,0.16777180989583332,0.28108805338541665,positive,carrier frequency; direct law difference,55,7,130,22,1,1
RESIDENT40|FULL_MINUS_HALF|ACTIVE_C0-NOVEL_C0|FE6,0.23382161458333336,0.17248942057291666,0.2965519205729167,positive,carrier frequency; direct law difference,53,6,133,22,0,2
RESIDENT40|FULL_MINUS_HALF|ACTIVE_C0-NOVEL_C0|FE7,0.23955078124999998,0.17414632161458335,0.3055029296875,positive,carrier frequency; direct law difference,51,6,135,21,0,3
RESIDENT40|FULL_MINUS_HALF|ACTIVE_C0-NOVEL_C0|FE8,0.23837890625,0.17364908854166666,0.30507812500000003,positive,carrier frequency; direct law difference,51,5,136,21,0,3
RESIDENT40|FULL_MINUS_HALF|ACTIVE_C0-NOVEL_C0|MLOSS,-0.019956334431966146,-0.024015013376871733,-0.015879815419514977,negative,raw mismatch; direct law difference,30,84,78,0,24,0
RESIDENT40|FULL_MINUS_HALF|ACTIVE_C0-NOVEL_C0|U,0.019956334431966063,0.015879815419514883,0.024015013376871657,positive,raw accuracy; direct law difference,84,30,78,24,0,0
RESIDENT40|FULL_MINUS_HALF|ACTIVE_C0-NOVEL_C0|U0,0.0,0.0,0.0,structural_zero,design-implied zero,0,0,192,0,0,24
RESIDENT40|FULL_MINUS_HALF|ACTIVE_C0-NOVEL_C0|U1,0.0,0.0,0.0,structural_zero,design-implied zero,0,0,192,0,0,24
RESIDENT40|FULL_MINUS_HALF|ACTIVE_C0-NOVEL_C0|U40,0.0540771484375,0.04476394653320312,0.06389935811360677,positive,raw accuracy; direct law difference,95,18,79,24,0,0
RESIDENT40|FULL_MINUS_HALF|ACTIVE_C0-SHAM_C0|D40,0.21337890625,0.14827067057291668,0.2804484049479166,positive,carrier frequency change; direct law difference,50,9,133,21,2,1
RESIDENT40|FULL_MINUS_HALF|ACTIVE_C0-SHAM_C0|E1,-0.00010070800781248242,-0.0002716573079426927,7.62939453125325e-05,unresolved,raw accuracy; direct law difference,22,26,144,8,10,6
RESIDENT40|FULL_MINUS_HALF|ACTIVE_C0-SHAM_C0|E2,0.0016286214192708325,0.0003763071695963851,0.002902272542317701,positive,raw accuracy; direct law difference,55,24,113,17,7,0
RESIDENT40|FULL_MINUS_HALF|ACTIVE_C0-SHAM_C0|E3,0.00685221354166668,0.0033130900065104106,0.010464528401692787,positive,raw accuracy; direct law difference,57,27,108,20,4,0
RESIDENT40|FULL_MINUS_HALF|ACTIVE_C0-SHAM_C0|E4,0.014415486653645804,0.009967931111653618,0.018533503214518184,positive,raw accuracy; direct law difference,66,18,108,22,2,0
RESIDENT40|FULL_MINUS_HALF|ACTIVE_C0-SHAM_C0|E5,0.024006144205729125,0.018194758097330697,0.029879328409830617,positive,raw accuracy; direct law difference,74,11,107,23,1,0
RESIDENT40|FULL_MINUS_HALF|ACTIVE_C0-SHAM_C0|E6,0.02956746419270831,0.022815831502278644,0.036091435750325494,positive,raw accuracy; direct law difference,75,11,106,24,0,0
RESIDENT40|FULL_MINUS_HALF|ACTIVE_C0-SHAM_C0|E7,0.03604634602864584,0.029233627319335962,0.043071543375651035,positive,raw accuracy; direct law difference,74,12,106,24,0,0
RESIDENT40|FULL_MINUS_HALF|ACTIVE_C0-SHAM_C0|E8,0.04564208984374999,0.037744649251302075,0.05400924682617184,positive,raw accuracy; direct law difference,77,8,107,24,0,0
RESIDENT40|FULL_MINUS_HALF|ACTIVE_C0-SHAM_C0|F,0.14246419270833333,0.09826690673828126,0.18533070882161456,positive,carrier frequency; direct law difference,62,22,108,21,3,0
RESIDENT40|FULL_MINUS_HALF|ACTIVE_C0-SHAM_C0|F0,0.0,0.0,0.0,structural_zero,design-implied zero,0,0,192,0,0,24
RESIDENT40|FULL_MINUS_HALF|ACTIVE_C0-SHAM_C0|F1,0.0,0.0,0.0,structural_zero,design-implied zero,0,0,192,0,0,24
RESIDENT40|FULL_MINUS_HALF|ACTIVE_C0-SHAM_C0|F40,0.21337890625,0.14827067057291668,0.2804484049479166,positive,carrier frequency; direct law difference,50,9,133,21,2,1
RESIDENT40|FULL_MINUS_HALF|ACTIVE_C0-SHAM_C0|FE1,0.002766927083333334,-9.76562499999998e-05,0.005989583333333333,unresolved,carrier frequency; direct law difference,31,26,135,10,8,6
RESIDENT40|FULL_MINUS_HALF|ACTIVE_C0-SHAM_C0|FE2,0.02802734375,0.004130859374999999,0.05221354166666667,positive,carrier frequency; direct law difference,47,31,114,14,10,0
RESIDENT40|FULL_MINUS_HALF|ACTIVE_C0-SHAM_C0|FE3,0.11533203124999998,0.06144856770833334,0.16591959635416667,positive,carrier frequency; direct law difference,51,25,116,19,5,0
RESIDENT40|FULL_MINUS_HALF|ACTIVE_C0-SHAM_C0|FE4,0.17167968749999998,0.11549397786458336,0.22588297526041667,positive,carrier frequency; direct law difference,53,16,123,21,3,0
RESIDENT40|FULL_MINUS_HALF|ACTIVE_C0-SHAM_C0|FE5,0.1909830729166667,0.1374560546875,0.2436873372395833,positive,carrier frequency; direct law difference,52,13,127,22,2,0
RESIDENT40|FULL_MINUS_HALF|ACTIVE_C0-SHAM_C0|FE6,0.20260416666666667,0.14579915364583332,0.26026123046874994,positive,carrier frequency; direct law difference,52,11,129,22,2,0
RESIDENT40|FULL_MINUS_HALF|ACTIVE_C0-SHAM_C0|FE7,0.21204427083333335,0.14944580078125,0.27480794270833336,positive,carrier frequency; direct law difference,50,10,132,21,2,1
RESIDENT40|FULL_MINUS_HALF|ACTIVE_C0-SHAM_C0|FE8,0.2162760416666667,0.15214436848958335,0.2824617513020833,positive,carrier frequency; direct law difference,50,9,133,21,2,1
RESIDENT40|FULL_MINUS_HALF|ACTIVE_C0-SHAM_C0|MLOSS,-0.01975720723470051,-0.023917175928751616,-0.015576308568318679,negative,raw mismatch; direct law difference,16,70,106,0,24,0
RESIDENT40|FULL_MINUS_HALF|ACTIVE_C0-SHAM_C0|U,0.01975720723470049,0.015576308568318662,0.023917175928751602,positive,raw accuracy; direct law difference,70,16,106,24,0,0
RESIDENT40|FULL_MINUS_HALF|ACTIVE_C0-SHAM_C0|U0,0.0,0.0,0.0,structural_zero,design-implied zero,0,0,192,0,0,24
RESIDENT40|FULL_MINUS_HALF|ACTIVE_C0-SHAM_C0|U1,0.0,0.0,0.0,structural_zero,design-implied zero,0,0,192,0,0,24
RESIDENT40|FULL_MINUS_HALF|ACTIVE_C0-SHAM_C0|U40,0.050938924153645836,0.04247016906738282,0.0599371592203776,positive,raw accuracy; direct law difference,72,13,107,24,0,0
RESIDENT40|FULL_MINUS_HALF|ACTIVE_C1-NOVEL_C1|D40,0.005208333333333333,0.0,0.015625,unresolved,carrier frequency change; direct law difference,1,0,191,1,0,23
RESIDENT40|FULL_MINUS_HALF|ACTIVE_C1-NOVEL_C1|E1,1.4241536458329632e-05,0.0,4.27246093749889e-05,unresolved,raw accuracy; direct law difference,1,0,191,1,0,23
RESIDENT40|FULL_MINUS_HALF|ACTIVE_C1-NOVEL_C1|E2,0.00020955403645833703,0.0,0.0006123860677083407,unresolved,raw accuracy; direct law difference,2,0,190,2,0,22
RESIDENT40|FULL_MINUS_HALF|ACTIVE_C1-NOVEL_C1|E3,0.0004425048828125,-0.00013427734375000278,0.0014170328776041685,unresolved,raw accuracy; direct law difference,1,1,190,1,1,22
RESIDENT40|FULL_MINUS_HALF|ACTIVE_C1-NOVEL_C1|E4,0.00045064290364583054,-1.2207031250002776e-05,0.001360066731770827,unresolved,raw accuracy; direct law difference,1,1,190,1,1,22
RESIDENT40|FULL_MINUS_HALF|ACTIVE_C1-NOVEL_C1|E5,0.0009073893229166694,0.0,0.0025146484375000028,unresolved,raw accuracy; direct law difference,2,0,190,2,0,22
RESIDENT40|FULL_MINUS_HALF|ACTIVE_C1-NOVEL_C1|E6,0.0008097330729166657,-0.0002716064453125028,0.0026102701822916657,unresolved,raw accuracy; direct law difference,1,1,190,1,1,22
RESIDENT40|FULL_MINUS_HALF|ACTIVE_C1-NOVEL_C1|E7,0.001089477539062499,0.0,0.0030507405598958343,unresolved,raw accuracy; direct law difference,2,0,190,2,0,22
RESIDENT40|FULL_MINUS_HALF|ACTIVE_C1-NOVEL_C1|E8,0.0011149088541666657,-0.00013732910156251388,0.0034362792968750063,unresolved,raw accuracy; direct law difference,1,1,190,1,1,22
RESIDENT40|FULL_MINUS_HALF|ACTIVE_C1-NOVEL_C1|F,0.004317220052083333,0.0,0.012951660156250001,unresolved,carrier frequency; direct law difference,1,0,191,1,0,23
RESIDENT40|FULL_MINUS_HALF|ACTIVE_C1-NOVEL_C1|F0,0.0,0.0,0.0,structural_zero,design-implied zero,0,0,192,0,0,24
RESIDENT40|FULL_MINUS_HALF|ACTIVE_C1-NOVEL_C1|F1,0.0,0.0,0.0,structural_zero,design-implied zero,0,0,192,0,0,24
RESIDENT40|FULL_MINUS_HALF|ACTIVE_C1-NOVEL_C1|F40,0.005208333333333333,0.0,0.015625,unresolved,carrier frequency; direct law difference,1,0,191,1,0,23
RESIDENT40|FULL_MINUS_HALF|ACTIVE_C1-NOVEL_C1|FE1,0.0,0.0,0.0,observed_exact_zero,sampled equality; not a design guarantee,0,0,192,0,0,24
RESIDENT40|FULL_MINUS_HALF|ACTIVE_C1-NOVEL_C1|FE2,0.0032877604166666667,0.0,0.00986328125,unresolved,carrier frequency; direct law difference,1,0,191,1,0,23
RESIDENT40|FULL_MINUS_HALF|ACTIVE_C1-NOVEL_C1|FE3,0.005208333333333333,0.0,0.015625,unresolved,carrier frequency; direct law difference,1,0,191,1,0,23
RESIDENT40|FULL_MINUS_HALF|ACTIVE_C1-NOVEL_C1|FE4,0.005208333333333333,0.0,0.015625,unresolved,carrier frequency; direct law difference,1,0,191,1,0,23
RESIDENT40|FULL_MINUS_HALF|ACTIVE_C1-NOVEL_C1|FE5,0.005208333333333333,0.0,0.015625,unresolved,carrier frequency; direct law difference,1,0,191,1,0,23
RESIDENT40|FULL_MINUS_HALF|ACTIVE_C1-NOVEL_C1|FE6,0.005208333333333333,0.0,0.015625,unresolved,carrier frequency; direct law difference,1,0,191,1,0,23
RESIDENT40|FULL_MINUS_HALF|ACTIVE_C1-NOVEL_C1|FE7,0.005208333333333333,0.0,0.015625,unresolved,carrier frequency; direct law difference,1,0,191,1,0,23
RESIDENT40|FULL_MINUS_HALF|ACTIVE_C1-NOVEL_C1|FE8,0.005208333333333333,0.0,0.015625,unresolved,carrier frequency; direct law difference,1,0,191,1,0,23
RESIDENT40|FULL_MINUS_HALF|ACTIVE_C1-NOVEL_C1|MLOSS,-0.0006298065185546901,-0.001876958211263027,0.0,unresolved,raw mismatch; direct law difference,0,3,189,0,3,21
RESIDENT40|FULL_MINUS_HALF|ACTIVE_C1-NOVEL_C1|U,0.0006298065185546958,0.0,0.0018769582112630329,unresolved,raw accuracy; direct law difference,2,1,189,3,0,21
RESIDENT40|FULL_MINUS_HALF|ACTIVE_C1-NOVEL_C1|U0,0.0,0.0,0.0,structural_zero,design-implied zero,0,0,192,0,0,24
RESIDENT40|FULL_MINUS_HALF|ACTIVE_C1-NOVEL_C1|U1,0.0,0.0,0.0,structural_zero,design-implied zero,0,0,192,0,0,24
RESIDENT40|FULL_MINUS_HALF|ACTIVE_C1-NOVEL_C1|U40,0.0011494954427083333,-0.0008087158203125,0.003987630208333333,unresolved,raw accuracy; direct law difference,1,1,190,1,1,22
RESIDENT40|FULL_MINUS_HALF|ACTIVE_C1-SHAM_C1|D40,0.005208333333333333,0.0,0.015625,unresolved,carrier frequency change; direct law difference,1,0,191,1,0,23
RESIDENT40|FULL_MINUS_HALF|ACTIVE_C1-SHAM_C1|E1,0.0,0.0,0.0,observed_exact_zero,sampled equality; not a design guarantee,0,0,192,0,0,24
RESIDENT40|FULL_MINUS_HALF|ACTIVE_C1-SHAM_C1|E2,0.00020141601562500186,0.0,0.0006042480468750056,unresolved,raw accuracy; direct law difference,1,0,191,1,0,23
RESIDENT40|FULL_MINUS_HALF|ACTIVE_C1-SHAM_C1|E3,0.00048726399739583426,0.0,0.0014617919921875028,unresolved,raw accuracy; direct law difference,1,0,191,1,0,23
RESIDENT40|FULL_MINUS_HALF|ACTIVE_C1-SHAM_C1|E4,0.00045471191406249817,0.0,0.0013641357421874944,unresolved,raw accuracy; direct law difference,1,0,191,1,0,23
RESIDENT40|FULL_MINUS_HALF|ACTIVE_C1-SHAM_C1|E5,0.0008036295572916666,0.0,0.002410888671875,unresolved,raw accuracy; direct law difference,1,0,191,1,0,23
RESIDENT40|FULL_MINUS_HALF|ACTIVE_C1-SHAM_C1|E6,0.0009002685546875,0.0,0.0027008056640625,unresolved,raw accuracy; direct law difference,1,0,191,1,0,23
RESIDENT40|FULL_MINUS_HALF|ACTIVE_C1-SHAM_C1|E7,0.0009806315104166675,0.0,0.0029418945312500028,unresolved,raw accuracy; direct law difference,1,0,191,1,0,23
RESIDENT40|FULL_MINUS_HALF|ACTIVE_C1-SHAM_C1|E8,0.0011606852213541703,0.0,0.003482055664062511,unresolved,raw accuracy; direct law difference,1,0,191,1,0,23
RESIDENT40|FULL_MINUS_HALF|ACTIVE_C1-SHAM_C1|F,0.004317220052083333,0.0,0.012951660156250001,unresolved,carrier frequency; direct law difference,1,0,191,1,0,23
RESIDENT40|FULL_MINUS_HALF|ACTIVE_C1-SHAM_C1|F0,0.0,0.0,0.0,structural_zero,design-implied zero,0,0,192,0,0,24
RESIDENT40|FULL_MINUS_HALF|ACTIVE_C1-SHAM_C1|F1,0.0,0.0,0.0,structural_zero,design-implied zero,0,0,192,0,0,24
RESIDENT40|FULL_MINUS_HALF|ACTIVE_C1-SHAM_C1|F40,0.005208333333333333,0.0,0.015625,unresolved,carrier frequency; direct law difference,1,0,191,1,0,23
RESIDENT40|FULL_MINUS_HALF|ACTIVE_C1-SHAM_C1|FE1,0.0,0.0,0.0,observed_exact_zero,sampled equality; not a design guarantee,0,0,192,0,0,24
RESIDENT40|FULL_MINUS_HALF|ACTIVE_C1-SHAM_C1|FE2,0.0032877604166666667,0.0,0.00986328125,unresolved,carrier frequency; direct law difference,1,0,191,1,0,23
RESIDENT40|FULL_MINUS_HALF|ACTIVE_C1-SHAM_C1|FE3,0.005208333333333333,0.0,0.015625,unresolved,carrier frequency; direct law difference,1,0,191,1,0,23
RESIDENT40|FULL_MINUS_HALF|ACTIVE_C1-SHAM_C1|FE4,0.005208333333333333,0.0,0.015625,unresolved,carrier frequency; direct law difference,1,0,191,1,0,23
RESIDENT40|FULL_MINUS_HALF|ACTIVE_C1-SHAM_C1|FE5,0.005208333333333333,0.0,0.015625,unresolved,carrier frequency; direct law difference,1,0,191,1,0,23
RESIDENT40|FULL_MINUS_HALF|ACTIVE_C1-SHAM_C1|FE6,0.005208333333333333,0.0,0.015625,unresolved,carrier frequency; direct law difference,1,0,191,1,0,23
RESIDENT40|FULL_MINUS_HALF|ACTIVE_C1-SHAM_C1|FE7,0.005208333333333333,0.0,0.015625,unresolved,carrier frequency; direct law difference,1,0,191,1,0,23
RESIDENT40|FULL_MINUS_HALF|ACTIVE_C1-SHAM_C1|FE8,0.005208333333333333,0.0,0.015625,unresolved,carrier frequency; direct law difference,1,0,191,1,0,23
RESIDENT40|FULL_MINUS_HALF|ACTIVE_C1-SHAM_C1|MLOSS,-0.0006235758463541697,-0.0018707275390625066,0.0,unresolved,raw mismatch; direct law difference,0,2,190,0,2,22
RESIDENT40|FULL_MINUS_HALF|ACTIVE_C1-SHAM_C1|U,0.0006235758463541732,0.0,0.00187072753906251,unresolved,raw accuracy; direct law difference,1,1,190,2,0,22
RESIDENT40|FULL_MINUS_HALF|ACTIVE_C1-SHAM_C1|U0,0.0,0.0,0.0,structural_zero,design-implied zero,0,0,192,0,0,24
RESIDENT40|FULL_MINUS_HALF|ACTIVE_C1-SHAM_C1|U1,0.0,0.0,0.0,structural_zero,design-implied zero,0,0,192,0,0,24
RESIDENT40|FULL_MINUS_HALF|ACTIVE_C1-SHAM_C1|U40,0.0014190673828125,0.0,0.0042572021484375,unresolved,raw accuracy; direct law difference,1,0,191,1,0,23
RESIDENT40|FULL_MINUS_ZERO|ACTIVE_C0-NOVEL_C0|D40,0.3414713541666667,0.2916666666666667,0.3935546875,positive,carrier frequency change; direct law difference,62,3,127,24,0,0
RESIDENT40|FULL_MINUS_ZERO|ACTIVE_C0-NOVEL_C0|E1,-9.663899739580095e-05,-0.0007049814860025729,0.00048731486002607464,unresolved,raw accuracy; direct law difference,65,50,77,15,9,0
RESIDENT40|FULL_MINUS_ZERO|ACTIVE_C0-NOVEL_C0|E2,0.0017191569010416529,0.00016652425130212086,0.003163782755533826,positive,raw accuracy; direct law difference,69,49,74,17,7,0
RESIDENT40|FULL_MINUS_ZERO|ACTIVE_C0-NOVEL_C0|E3,0.007745361328125019,0.005206807454427062,0.010363108317057307,positive,raw accuracy; direct law difference,82,36,74,22,2,0
RESIDENT40|FULL_MINUS_ZERO|ACTIVE_C0-NOVEL_C0|E4,0.014730834960937522,0.010986328125000019,0.018280181884765684,positive,raw accuracy; direct law difference,78,38,76,22,2,0
RESIDENT40|FULL_MINUS_ZERO|ACTIVE_C0-NOVEL_C0|E5,0.024260457356770803,0.01903668721516929,0.02932388305664054,positive,raw accuracy; direct law difference,92,26,74,24,0,0
RESIDENT40|FULL_MINUS_ZERO|ACTIVE_C0-NOVEL_C0|E6,0.032360839843749996,0.02582354227701821,0.03944839477539065,positive,raw accuracy; direct law difference,87,31,74,24,0,0
RESIDENT40|FULL_MINUS_ZERO|ACTIVE_C0-NOVEL_C0|E7,0.04008890787760419,0.03210187276204425,0.04853078206380209,positive,raw accuracy; direct law difference,99,19,74,24,0,0
RESIDENT40|FULL_MINUS_ZERO|ACTIVE_C0-NOVEL_C0|E8,0.04730122884114581,0.03890530904134113,0.05591458638509113,positive,raw accuracy; direct law difference,91,27,74,24,0,0
RESIDENT40|FULL_MINUS_ZERO|ACTIVE_C0-NOVEL_C0|F,0.23363444010416667,0.19499481201171878,0.2719751993815104,positive,carrier frequency; direct law difference,83,17,92,24,0,0
RESIDENT40|FULL_MINUS_ZERO|ACTIVE_C0-NOVEL_C0|F0,0.0,0.0,0.0,structural_zero,design-implied zero,0,0,192,0,0,24
RESIDENT40|FULL_MINUS_ZERO|ACTIVE_C0-NOVEL_C0|F1,0.0,0.0,0.0,structural_zero,design-implied zero,0,0,192,0,0,24
RESIDENT40|FULL_MINUS_ZERO|ACTIVE_C0-NOVEL_C0|F40,0.3414713541666667,0.2916666666666667,0.3935546875,positive,carrier frequency; direct law difference,62,3,127,24,0,0
RESIDENT40|FULL_MINUS_ZERO|ACTIVE_C0-NOVEL_C0|FE1,0.01162109375,0.007096354166666667,0.01591796875,positive,carrier frequency; direct law difference,69,30,93,21,3,0
RESIDENT40|FULL_MINUS_ZERO|ACTIVE_C0-NOVEL_C0|FE2,0.08287760416666667,0.06048014322916667,0.1047216796875,positive,carrier frequency; direct law difference,69,23,100,22,2,0
RESIDENT40|FULL_MINUS_ZERO|ACTIVE_C0-NOVEL_C0|FE3,0.2005859375,0.1588175455729167,0.2439794921875,positive,carrier frequency; direct law difference,69,13,110,24,0,0
RESIDENT40|FULL_MINUS_ZERO|ACTIVE_C0-NOVEL_C0|FE4,0.27099609375,0.22011555989583334,0.3236669921875,positive,carrier frequency; direct law difference,68,8,116,23,1,0
RESIDENT40|FULL_MINUS_ZERO|ACTIVE_C0-NOVEL_C0|FE5,0.2995768229166667,0.24410725911458334,0.35535563151041655,positive,carrier frequency; direct law difference,65,7,120,23,1,0
RESIDENT40|FULL_MINUS_ZERO|ACTIVE_C0-NOVEL_C0|FE6,0.32591145833333335,0.2742130533854167,0.37780680338541656,positive,carrier frequency; direct law difference,64,6,122,24,0,0
RESIDENT40|FULL_MINUS_ZERO|ACTIVE_C0-NOVEL_C0|FE7,0.33652343749999997,0.28635986328125,0.38860921223958333,positive,carrier frequency; direct law difference,63,5,124,24,0,0
RESIDENT40|FULL_MINUS_ZERO|ACTIVE_C0-NOVEL_C0|FE8,0.3409830729166667,0.29123860677083335,0.3929085286458333,positive,carrier frequency; direct law difference,62,3,127,24,0,0
RESIDENT40|FULL_MINUS_ZERO|ACTIVE_C0-NOVEL_C0|MLOSS,-0.021013768513997402,-0.025241508483886715,-0.016941741307576516,negative,raw mismatch; direct law difference,30,88,74,0,24,0
RESIDENT40|FULL_MINUS_ZERO|ACTIVE_C0-NOVEL_C0|U,0.02101376851399733,0.01694174130757643,0.02524150848388664,positive,raw accuracy; direct law difference,87,30,75,24,0,0
RESIDENT40|FULL_MINUS_ZERO|ACTIVE_C0-NOVEL_C0|U0,0.0,0.0,0.0,structural_zero,design-implied zero,0,0,192,0,0,24
RESIDENT40|FULL_MINUS_ZERO|ACTIVE_C0-NOVEL_C0|U1,0.0,0.0,0.0,structural_zero,design-implied zero,0,0,192,0,0,24
RESIDENT40|FULL_MINUS_ZERO|ACTIVE_C0-NOVEL_C0|U40,0.052103678385416664,0.04379221598307292,0.0606744130452474,positive,raw accuracy; direct law difference,89,29,74,24,0,0
RESIDENT40|FULL_MINUS_ZERO|ACTIVE_C0-SHAM_C0|D40,0.271484375,0.22102864583333334,0.3203125,positive,carrier frequency change; direct law difference,59,4,129,23,0,1
RESIDENT40|FULL_MINUS_ZERO|ACTIVE_C0-SHAM_C0|E1,-0.00025939941406249073,-0.0006226348876953193,0.00011296590169268025,unresolved,raw accuracy; direct law difference,29,36,127,8,14,2
RESIDENT40|FULL_MINUS_ZERO|ACTIVE_C0-SHAM_C0|E2,0.0017222086588541546,0.0002654774983724138,0.0031374359130859272,positive,raw accuracy; direct law difference,57,31,104,18,6,0
RESIDENT40|FULL_MINUS_ZERO|ACTIVE_C0-SHAM_C0|E3,0.007296752929687497,0.004632492065429676,0.009928436279296857,positive,raw accuracy; direct law difference,67,22,103,21,3,0
RESIDENT40|FULL_MINUS_ZERO|ACTIVE_C0-SHAM_C0|E4,0.016126505533854155,0.012248891194661443,0.020170491536458342,positive,raw accuracy; direct law difference,68,22,102,24,0,0
RESIDENT40|FULL_MINUS_ZERO|ACTIVE_C0-SHAM_C0|E5,0.023731486002604153,0.018578720092773414,0.029093907674153638,positive,raw accuracy; direct law difference,76,14,102,24,0,0
RESIDENT40|FULL_MINUS_ZERO|ACTIVE_C0-SHAM_C0|E6,0.03157246907552081,0.025317738850911438,0.03832710266113276,positive,raw accuracy; direct law difference,77,13,102,24,0,0
RESIDENT40|FULL_MINUS_ZERO|ACTIVE_C0-SHAM_C0|E7,0.038303629557291656,0.030864995320638012,0.04623601277669267,positive,raw accuracy; direct law difference,74,15,103,24,0,0
RESIDENT40|FULL_MINUS_ZERO|ACTIVE_C0-SHAM_C0|E8,0.04649149576822916,0.03783711751302084,0.055501022338867126,positive,raw accuracy; direct law difference,70,19,103,24,0,0
RESIDENT40|FULL_MINUS_ZERO|ACTIVE_C0-SHAM_C0|F,0.1820027669270833,0.15177388509114584,0.21147511800130206,positive,carrier frequency; direct law difference,72,17,103,24,0,0
RESIDENT40|FULL_MINUS_ZERO|ACTIVE_C0-SHAM_C0|F0,0.0,0.0,0.0,structural_zero,design-implied zero,0,0,192,0,0,24
RESIDENT40|FULL_MINUS_ZERO|ACTIVE_C0-SHAM_C0|F1,0.0,0.0,0.0,structural_zero,design-implied zero,0,0,192,0,0,24
RESIDENT40|FULL_MINUS_ZERO|ACTIVE_C0-SHAM_C0|F40,0.271484375,0.22102864583333334,0.3203125,positive,carrier frequency; direct law difference,59,4,129,23,0,1
RESIDENT40|FULL_MINUS_ZERO|ACTIVE_C0-SHAM_C0|FE1,0.005045572916666668,0.0005859375000000014,0.009537760416666667,positive,carrier frequency; direct law difference,46,33,113,16,8,0
RESIDENT40|FULL_MINUS_ZERO|ACTIVE_C0-SHAM_C0|FE2,0.05133463541666666,0.028091634114583337,0.07314697265625,positive,carrier frequency; direct law difference,57,28,107,19,5,0
RESIDENT40|FULL_MINUS_ZERO|ACTIVE_C0-SHAM_C0|FE3,0.15104166666666666,0.11171386718750002,0.18984700520833328,positive,carrier frequency; direct law difference,60,12,120,23,1,0
RESIDENT40|FULL_MINUS_ZERO|ACTIVE_C0-SHAM_C0|FE4,0.21139322916666667,0.17177001953125,0.254462890625,positive,carrier frequency; direct law difference,62,9,121,24,0,0
RESIDENT40|FULL_MINUS_ZERO|ACTIVE_C0-SHAM_C0|FE5,0.2373697916666667,0.19908854166666667,0.27676513671874997,positive,carrier frequency; direct law difference,63,7,122,24,0,0
RESIDENT40|FULL_MINUS_ZERO|ACTIVE_C0-SHAM_C0|FE6,0.2584635416666667,0.21401529947916667,0.3001627604166667,positive,carrier frequency; direct law difference,62,6,124,24,0,0
RESIDENT40|FULL_MINUS_ZERO|ACTIVE_C0-SHAM_C0|FE7,0.2688802083333333,0.22267659505208334,0.31386718750000003,positive,carrier frequency; direct law difference,61,5,126,24,0,0
RESIDENT40|FULL_MINUS_ZERO|ACTIVE_C0-SHAM_C0|FE8,0.27249348958333336,0.2227067057291667,0.32002197265625,positive,carrier frequency; direct law difference,59,4,129,23,0,1
RESIDENT40|FULL_MINUS_ZERO|ACTIVE_C0-SHAM_C0|MLOSS,-0.020623143513997386,-0.024962279001871722,-0.01645999272664388,negative,raw mismatch; direct law difference,15,75,102,0,24,0
RESIDENT40|FULL_MINUS_ZERO|ACTIVE_C0-SHAM_C0|U,0.02062314351399736,0.016459992726643828,0.02496227900187172,positive,raw accuracy; direct law difference,75,15,102,24,0,0
RESIDENT40|FULL_MINUS_ZERO|ACTIVE_C0-SHAM_C0|U0,0.0,0.0,0.0,structural_zero,design-implied zero,0,0,192,0,0,24
RESIDENT40|FULL_MINUS_ZERO|ACTIVE_C0-SHAM_C0|U1,0.0,0.0,0.0,structural_zero,design-implied zero,0,0,192,0,0,24
RESIDENT40|FULL_MINUS_ZERO|ACTIVE_C0-SHAM_C0|U40,0.048802693684895836,0.039991505940755206,0.058019129435221355,positive,raw accuracy; direct law difference,74,15,103,24,0,0
RESIDENT40|FULL_MINUS_ZERO|ACTIVE_C1-NOVEL_C1|D40,0.005208333333333333,0.0,0.015625,unresolved,carrier frequency change; direct law difference,1,0,191,1,0,23
RESIDENT40|FULL_MINUS_ZERO|ACTIVE_C1-NOVEL_C1|E1,-0.00015258789062499537,-0.00036231994628905205,0.0,unresolved,raw accuracy; direct law difference,0,3,189,0,3,21
RESIDENT40|FULL_MINUS_ZERO|ACTIVE_C1-NOVEL_C1|E2,0.00025533040364583703,-3.865559895833056e-05,0.0007935841878255294,unresolved,raw accuracy; direct law difference,2,1,189,2,1,21
RESIDENT40|FULL_MINUS_ZERO|ACTIVE_C1-NOVEL_C1|E3,0.0005544026692708287,-0.00011393229166666481,0.0016855875651041556,unresolved,raw accuracy; direct law difference,2,1,189,2,1,21
RESIDENT40|FULL_MINUS_ZERO|ACTIVE_C1-NOVEL_C1|E4,0.0006144205729166676,-0.0001586914062500037,0.0018737792968750028,unresolved,raw accuracy; direct law difference,2,1,189,2,1,21
RESIDENT40|FULL_MINUS_ZERO|ACTIVE_C1-NOVEL_C1|E5,0.0006724039713541704,-2.8483072916668517e-05,0.0019582112630208474,unresolved,raw accuracy; direct law difference,2,1,189,2,1,21
RESIDENT40|FULL_MINUS_ZERO|ACTIVE_C1-NOVEL_C1|E6,0.000732421875,-0.00022277832031249167,0.002452596028645828,unresolved,raw accuracy; direct law difference,1,2,189,1,2,21
RESIDENT40|FULL_MINUS_ZERO|ACTIVE_C1-NOVEL_C1|E7,0.0009541829427083306,-0.00021057128906250278,0.003051757812499991,unresolved,raw accuracy; direct law difference,1,2,189,1,2,21
RESIDENT40|FULL_MINUS_ZERO|ACTIVE_C1-NOVEL_C1|E8,0.001018269856770837,-0.00015360514322916574,0.0031670379638671967,unresolved,raw accuracy; direct law difference,2,1,189,2,1,21
RESIDENT40|FULL_MINUS_ZERO|ACTIVE_C1-NOVEL_C1|F,0.0043701171875000005,0.0,0.013110351562500002,unresolved,carrier frequency; direct law difference,1,0,191,1,0,23
RESIDENT40|FULL_MINUS_ZERO|ACTIVE_C1-NOVEL_C1|F0,0.0,0.0,0.0,structural_zero,design-implied zero,0,0,192,0,0,24
RESIDENT40|FULL_MINUS_ZERO|ACTIVE_C1-NOVEL_C1|F1,0.0,0.0,0.0,structural_zero,design-implied zero,0,0,192,0,0,24
RESIDENT40|FULL_MINUS_ZERO|ACTIVE_C1-NOVEL_C1|F40,0.005208333333333333,0.0,0.015625,unresolved,carrier frequency; direct law difference,1,0,191,1,0,23
RESIDENT40|FULL_MINUS_ZERO|ACTIVE_C1-NOVEL_C1|FE1,0.0004231770833333333,0.0,0.0012695312499999998,unresolved,carrier frequency; direct law difference,1,0,191,1,0,23
RESIDENT40|FULL_MINUS_ZERO|ACTIVE_C1-NOVEL_C1|FE2,0.0032877604166666667,0.0,0.00986328125,unresolved,carrier frequency; direct law difference,1,0,191,1,0,23
RESIDENT40|FULL_MINUS_ZERO|ACTIVE_C1-NOVEL_C1|FE3,0.005208333333333333,0.0,0.015625,unresolved,carrier frequency; direct law difference,1,0,191,1,0,23
RESIDENT40|FULL_MINUS_ZERO|ACTIVE_C1-NOVEL_C1|FE4,0.005208333333333333,0.0,0.015625,unresolved,carrier frequency; direct law difference,1,0,191,1,0,23
RESIDENT40|FULL_MINUS_ZERO|ACTIVE_C1-NOVEL_C1|FE5,0.005208333333333333,0.0,0.015625,unresolved,carrier frequency; direct law difference,1,0,191,1,0,23
RESIDENT40|FULL_MINUS_ZERO|ACTIVE_C1-NOVEL_C1|FE6,0.005208333333333333,0.0,0.015625,unresolved,carrier frequency; direct law difference,1,0,191,1,0,23
RESIDENT40|FULL_MINUS_ZERO|ACTIVE_C1-NOVEL_C1|FE7,0.005208333333333333,0.0,0.015625,unresolved,carrier frequency; direct law difference,1,0,191,1,0,23
RESIDENT40|FULL_MINUS_ZERO|ACTIVE_C1-NOVEL_C1|FE8,0.005208333333333333,0.0,0.015625,unresolved,carrier frequency; direct law difference,1,0,191,1,0,23
RESIDENT40|FULL_MINUS_ZERO|ACTIVE_C1-NOVEL_C1|MLOSS,-0.0005811055501302072,-0.0018086751302083353,6.078084309895972e-05,unresolved,raw mismatch; direct law difference,2,1,189,2,1,21
RESIDENT40|FULL_MINUS_ZERO|ACTIVE_C1-NOVEL_C1|U,0.0005811055501302129,-6.0780843098948156e-05,0.0018086751302083353,unresolved,raw accuracy; direct law difference,1,2,189,1,2,21
RESIDENT40|FULL_MINUS_ZERO|ACTIVE_C1-NOVEL_C1|U0,0.0,0.0,0.0,structural_zero,design-implied zero,0,0,192,0,0,24
RESIDENT40|FULL_MINUS_ZERO|ACTIVE_C1-NOVEL_C1|U1,0.0,0.0,0.0,structural_zero,design-implied zero,0,0,192,0,0,24
RESIDENT40|FULL_MINUS_ZERO|ACTIVE_C1-NOVEL_C1|U40,0.0009969075520833333,-0.0008716583251953124,0.003641891479492187,unresolved,raw accuracy; direct law difference,2,1,189,2,1,21
RESIDENT40|FULL_MINUS_ZERO|ACTIVE_C1-SHAM_C1|D40,0.005208333333333333,0.0,0.015625,unresolved,carrier frequency change; direct law difference,1,0,191,1,0,23
RESIDENT40|FULL_MINUS_ZERO|ACTIVE_C1-SHAM_C1|E1,-0.00013224283854165741,-0.0003417968749999852,0.0,unresolved,raw accuracy; direct law difference,0,2,190,0,2,22
RESIDENT40|FULL_MINUS_ZERO|ACTIVE_C1-SHAM_C1|E2,0.0002716064453125028,0.0,0.0008046468098958417,unresolved,raw accuracy; direct law difference,2,0,190,2,0,22
RESIDENT40|FULL_MINUS_ZERO|ACTIVE_C1-SHAM_C1|E3,0.0004801432291666648,-0.00017089843749999722,0.0016113281249999917,unresolved,raw accuracy; direct law difference,1,1,190,1,1,22
RESIDENT40|FULL_MINUS_ZERO|ACTIVE_C1-SHAM_C1|E4,0.0005106608072916649,-0.00023803710937500555,0.00177001953125,unresolved,raw accuracy; direct law difference,1,1,190,1,1,22
RESIDENT40|FULL_MINUS_ZERO|ACTIVE_C1-SHAM_C1|E5,0.0006866455078125047,0.0,0.0019582112630208474,unresolved,raw accuracy; direct law difference,2,0,190,2,0,22
RESIDENT40|FULL_MINUS_ZERO|ACTIVE_C1-SHAM_C1|E6,0.0007781982421875,-0.00017700195312499167,0.0025115966796874917,unresolved,raw accuracy; direct law difference,1,1,190,1,1,22
RESIDENT40|FULL_MINUS_ZERO|ACTIVE_C1-SHAM_C1|E7,0.0010243733723958315,-4.8828124999997224e-05,0.0031219482421874917,unresolved,raw accuracy; direct law difference,1,1,190,1,1,22
RESIDENT40|FULL_MINUS_ZERO|ACTIVE_C1-SHAM_C1|E8,0.001088460286458338,0.0,0.003208414713541677,unresolved,raw accuracy; direct law difference,2,0,190,2,0,22
RESIDENT40|FULL_MINUS_ZERO|ACTIVE_C1-SHAM_C1|F,0.0043701171875000005,0.0,0.013110351562500002,unresolved,carrier frequency; direct law difference,1,0,191,1,0,23
RESIDENT40|FULL_MINUS_ZERO|ACTIVE_C1-SHAM_C1|F0,0.0,0.0,0.0,structural_zero,design-implied zero,0,0,192,0,0,24
RESIDENT40|FULL_MINUS_ZERO|ACTIVE_C1-SHAM_C1|F1,0.0,0.0,0.0,structural_zero,design-implied zero,0,0,192,0,0,24
RESIDENT40|FULL_MINUS_ZERO|ACTIVE_C1-SHAM_C1|F40,0.005208333333333333,0.0,0.015625,unresolved,carrier frequency; direct law difference,1,0,191,1,0,23
RESIDENT40|FULL_MINUS_ZERO|ACTIVE_C1-SHAM_C1|FE1,0.0004231770833333333,0.0,0.0012695312499999998,unresolved,carrier frequency; direct law difference,1,0,191,1,0,23
RESIDENT40|FULL_MINUS_ZERO|ACTIVE_C1-SHAM_C1|FE2,0.0032877604166666667,0.0,0.00986328125,unresolved,carrier frequency; direct law difference,1,0,191,1,0,23
RESIDENT40|FULL_MINUS_ZERO|ACTIVE_C1-SHAM_C1|FE3,0.005208333333333333,0.0,0.015625,unresolved,carrier frequency; direct law difference,1,0,191,1,0,23
RESIDENT40|FULL_MINUS_ZERO|ACTIVE_C1-SHAM_C1|FE4,0.005208333333333333,0.0,0.015625,unresolved,carrier frequency; direct law difference,1,0,191,1,0,23
RESIDENT40|FULL_MINUS_ZERO|ACTIVE_C1-SHAM_C1|FE5,0.005208333333333333,0.0,0.015625,unresolved,carrier frequency; direct law difference,1,0,191,1,0,23
RESIDENT40|FULL_MINUS_ZERO|ACTIVE_C1-SHAM_C1|FE6,0.005208333333333333,0.0,0.015625,unresolved,carrier frequency; direct law difference,1,0,191,1,0,23
RESIDENT40|FULL_MINUS_ZERO|ACTIVE_C1-SHAM_C1|FE7,0.005208333333333333,0.0,0.015625,unresolved,carrier frequency; direct law difference,1,0,191,1,0,23
RESIDENT40|FULL_MINUS_ZERO|ACTIVE_C1-SHAM_C1|FE8,0.005208333333333333,0.0,0.015625,unresolved,carrier frequency; direct law difference,1,0,191,1,0,23
RESIDENT40|FULL_MINUS_ZERO|ACTIVE_C1-SHAM_C1|MLOSS,-0.0005884806315104145,-0.00182342529296875,5.7983398437506245e-05,unresolved,raw mismatch; direct law difference,1,1,190,1,1,22
RESIDENT40|FULL_MINUS_ZERO|ACTIVE_C1-SHAM_C1|U,0.0005884806315104204,-5.79833984374889e-05,0.00182342529296875,unresolved,raw accuracy; direct law difference,1,1,190,1,1,22
RESIDENT40|FULL_MINUS_ZERO|ACTIVE_C1-SHAM_C1|U0,0.0,0.0,0.0,structural_zero,design-implied zero,0,0,192,0,0,24
RESIDENT40|FULL_MINUS_ZERO|ACTIVE_C1-SHAM_C1|U1,0.0,0.0,0.0,structural_zero,design-implied zero,0,0,192,0,0,24
RESIDENT40|FULL_MINUS_ZERO|ACTIVE_C1-SHAM_C1|U40,0.0014292399088541667,0.0,0.0038604736328125,unresolved,raw accuracy; direct law difference,2,0,190,2,0,22
RESIDENT40|FULL|ACTIVE_C0-NOVEL_C0|D40,0.3400065104166667,0.2945963541666667,0.3898315429687499,positive,carrier frequency change; first minus second arm,66,0,126,24,0,0
RESIDENT40|FULL|ACTIVE_C0-NOVEL_C0|E1,0.0001698811848958546,7.731119791669789e-05,0.0002706146240234829,positive,raw accuracy; first minus second arm,54,22,116,17,4,3
RESIDENT40|FULL|ACTIVE_C0-NOVEL_C0|E2,0.0021311442057291713,0.001306152343749996,0.0029930114746093773,positive,raw accuracy; first minus second arm,72,21,99,22,1,1
RESIDENT40|FULL|ACTIVE_C0-NOVEL_C0|E3,0.008433024088541694,0.00590105692545576,0.01102923075358075,positive,raw accuracy; first minus second arm,75,24,93,24,0,0
RESIDENT40|FULL|ACTIVE_C0-NOVEL_C0|E4,0.016910807291666677,0.012886021931966153,0.02088933308919272,positive,raw accuracy; first minus second arm,77,22,93,24,0,0
RESIDENT40|FULL|ACTIVE_C0-NOVEL_C0|E5,0.024583943684895828,0.019525604248046866,0.029818293253580725,positive,raw accuracy; first minus second arm,81,17,94,24,0,0
RESIDENT40|FULL|ACTIVE_C0-NOVEL_C0|E6,0.033043416341145826,0.02691037495930989,0.03938082377115886,positive,raw accuracy; first minus second arm,84,17,91,24,0,0
RESIDENT40|FULL|ACTIVE_C0-NOVEL_C0|E7,0.04029947916666668,0.03312970479329427,0.047624206542968776,positive,raw accuracy; first minus second arm,86,16,90,24,0,0
RESIDENT40|FULL|ACTIVE_C0-NOVEL_C0|E8,0.04692993164062498,0.03862208048502603,0.055679066975911434,positive,raw accuracy; first minus second arm,81,23,88,24,0,0
RESIDENT40|FULL|ACTIVE_C0-NOVEL_C0|F,0.2457845052083333,0.21248321533203124,0.2824165852864583,positive,carrier frequency; first minus second arm,107,6,79,24,0,0
RESIDENT40|FULL|ACTIVE_C0-NOVEL_C0|F0,0.0,0.0,0.0,structural_zero,design-implied zero,0,0,192,0,0,24
RESIDENT40|FULL|ACTIVE_C0-NOVEL_C0|F1,0.008951822916666666,0.006673177083333333,0.01123046875,positive,carrier frequency; first minus second arm,59,4,129,22,0,2
RESIDENT40|FULL|ACTIVE_C0-NOVEL_C0|F40,0.3400065104166667,0.2945963541666667,0.3898315429687499,positive,carrier frequency; first minus second arm,66,0,126,24,0,0
RESIDENT40|FULL|ACTIVE_C0-NOVEL_C0|FE1,0.03063151041666667,0.02639973958333333,0.03479817708333333,positive,carrier frequency; first minus second arm,107,6,79,24,0,0
RESIDENT40|FULL|ACTIVE_C0-NOVEL_C0|FE2,0.10296223958333332,0.08131429036458333,0.12516276041666666,positive,carrier frequency; first minus second arm,77,0,115,24,0,0
RESIDENT40|FULL|ACTIVE_C0-NOVEL_C0|FE3,0.2225911458333333,0.17682128906250003,0.26878743489583334,positive,carrier frequency; first minus second arm,68,0,124,24,0,0
RESIDENT40|FULL|ACTIVE_C0-NOVEL_C0|FE4,0.28850911458333334,0.24511311848958334,0.33356201171875,positive,carrier frequency; first minus second arm,66,0,126,24,0,0
RESIDENT40|FULL|ACTIVE_C0-NOVEL_C0|FE5,0.31162109374999997,0.2696175130208333,0.3568758138020833,positive,carrier frequency; first minus second arm,66,0,126,24,0,0
RESIDENT40|FULL|ACTIVE_C0-NOVEL_C0|FE6,0.33134765625,0.28544921875,0.379072265625,positive,carrier frequency; first minus second arm,66,0,126,24,0,0
RESIDENT40|FULL|ACTIVE_C0-NOVEL_C0|FE7,0.3387369791666666,0.29205729166666666,0.38630371093749943,positive,carrier frequency; first minus second arm,66,0,126,24,0,0
RESIDENT40|FULL|ACTIVE_C0-NOVEL_C0|FE8,0.3398763020833333,0.29433593750000003,0.38945068359374985,positive,carrier frequency; first minus second arm,66,0,126,24,0,0
RESIDENT40|FULL|ACTIVE_C0-NOVEL_C0|MLOSS,-0.021562703450520835,-0.025800091425577792,-0.017475601832071946,negative,raw mismatch; first minus second arm,23,83,86,0,24,0
RESIDENT40|FULL|ACTIVE_C0-NOVEL_C0|U,0.02156270345052078,0.017475601832071884,0.025800091425577747,positive,raw accuracy; first minus second arm,83,23,86,24,0,0
RESIDENT40|FULL|ACTIVE_C0-NOVEL_C0|U0,0.0,0.0,0.0,structural_zero,design-implied zero,0,0,192,0,0,24
RESIDENT40|FULL|ACTIVE_C0-NOVEL_C0|U1,0.0,0.0,0.0,observed_exact_zero,sampled equality; not a design guarantee,0,0,192,0,0,24
RESIDENT40|FULL|ACTIVE_C0-NOVEL_C0|U40,0.05035400390625,0.04163436889648437,0.059953053792317704,positive,raw accuracy; first minus second arm,79,18,95,24,0,0
RESIDENT40|FULL|ACTIVE_C0-SHAM_C0|D40,0.3116861979166667,0.2696940104166667,0.35727132161458325,positive,carrier frequency change; first minus second arm,66,0,126,24,0,0
RESIDENT40|FULL|ACTIVE_C0-SHAM_C0|E1,0.00018513997395835,9.358723958334986e-05,0.000282796223958354,positive,raw accuracy; first minus second arm,35,7,150,20,2,2
RESIDENT40|FULL|ACTIVE_C0-SHAM_C0|E2,0.00217488606770834,0.0013447316487630102,0.0030326334635416737,positive,raw accuracy; first minus second arm,54,9,129,23,1,0
RESIDENT40|FULL|ACTIVE_C0-SHAM_C0|E3,0.008443196614583343,0.00588376363118492,0.011033452351888023,positive,raw accuracy; first minus second arm,64,8,120,24,0,0
RESIDENT40|FULL|ACTIVE_C0-SHAM_C0|E4,0.016940307617187483,0.012912928263346328,0.02091990152994792,positive,raw accuracy; first minus second arm,70,4,118,24,0,0
RESIDENT40|FULL|ACTIVE_C0-SHAM_C0|E5,0.024537150065104155,0.01943051656087238,0.02977104187011717,positive,raw accuracy; first minus second arm,72,2,118,24,0,0
RESIDENT40|FULL|ACTIVE_C0-SHAM_C0|E6,0.03306986490885415,0.026984481811523433,0.03937332153320308,positive,raw accuracy; first minus second arm,72,4,116,24,0,0
RESIDENT40|FULL|ACTIVE_C0-SHAM_C0|E7,0.040283203125000014,0.0331175994873047,0.04759900410970055,positive,raw accuracy; first minus second arm,71,4,117,24,0,0
RESIDENT40|FULL|ACTIVE_C0-SHAM_C0|E8,0.046913655598958326,0.038628972371419254,0.05562683105468747,positive,raw accuracy; first minus second arm,68,6,118,24,0,0
RESIDENT40|FULL|ACTIVE_C0-SHAM_C0|F,0.21631673177083333,0.1858524576822917,0.24843475341796875,positive,carrier frequency; first minus second arm,75,1,116,24,0,0
RESIDENT40|FULL|ACTIVE_C0-SHAM_C0|F0,0.0,0.0,0.0,structural_zero,design-implied zero,0,0,192,0,0,24
RESIDENT40|FULL|ACTIVE_C0-SHAM_C0|F1,0.0,0.0,0.0,structural_zero,design-implied zero,0,0,192,0,0,24
RESIDENT40|FULL|ACTIVE_C0-SHAM_C0|F40,0.3116861979166667,0.2696940104166667,0.35727132161458325,positive,carrier frequency; first minus second arm,66,0,126,24,0,0
RESIDENT40|FULL|ACTIVE_C0-SHAM_C0|FE1,0.010774739583333333,0.0068351236979166665,0.015104166666666669,positive,carrier frequency; first minus second arm,51,2,139,22,1,1
RESIDENT40|FULL|ACTIVE_C0-SHAM_C0|FE2,0.07317708333333334,0.05194905598958333,0.09462890624999999,positive,carrier frequency; first minus second arm,63,3,126,24,0,0
RESIDENT40|FULL|ACTIVE_C0-SHAM_C0|FE3,0.18896484375,0.14592936197916667,0.23255615234374996,positive,carrier frequency; first minus second arm,63,3,126,24,0,0
RESIDENT40|FULL|ACTIVE_C0-SHAM_C0|FE4,0.25322265625,0.21399739583333335,0.2936930338541666,positive,carrier frequency; first minus second arm,65,1,126,24,0,0
RESIDENT40|FULL|ACTIVE_C0-SHAM_C0|FE5,0.28115234375000003,0.24368326822916667,0.3218155924479167,positive,carrier frequency; first minus second arm,66,0,126,24,0,0
RESIDENT40|FULL|ACTIVE_C0-SHAM_C0|FE6,0.30104166666666665,0.258720703125,0.3450537109375,positive,carrier frequency; first minus second arm,66,0,126,24,0,0
RESIDENT40|FULL|ACTIVE_C0-SHAM_C0|FE7,0.30930989583333335,0.26785725911458336,0.3535530598958333,positive,carrier frequency; first minus second arm,66,0,126,24,0,0
RESIDENT40|FULL|ACTIVE_C0-SHAM_C0|FE8,0.31289062500000003,0.27109374999999997,0.3581087239583333,positive,carrier frequency; first minus second arm,66,0,126,24,0,0
RESIDENT40|FULL|ACTIVE_C0-SHAM_C0|MLOSS,-0.02156842549641926,-0.0258090051015218,-0.017484102249145508,negative,raw mismatch; first minus second arm,5,70,117,0,24,0
RESIDENT40|FULL|ACTIVE_C0-SHAM_C0|U,0.021568425496419245,0.017484102249145483,0.025809005101521783,positive,raw accuracy; first minus second arm,70,5,117,24,0,0
RESIDENT40|FULL|ACTIVE_C0-SHAM_C0|U0,0.0,0.0,0.0,structural_zero,design-implied zero,0,0,192,0,0,24
RESIDENT40|FULL|ACTIVE_C0-SHAM_C0|U1,0.0,0.0,0.0,structural_zero,design-implied zero,0,0,192,0,0,24
RESIDENT40|FULL|ACTIVE_C0-SHAM_C0|U40,0.050114949544270836,0.04141553243001302,0.059636688232421874,positive,raw accuracy; first minus second arm,66,7,119,24,0,0
RESIDENT40|FULL|ACTIVE_C0|D40,0.3087565104166667,0.2633463541666667,0.3585815429687499,positive,carrier frequency change; absolute,66,126,0,24,0,0
RESIDENT40|FULL|ACTIVE_C0|E1,0.7302266438802084,0.711522979736328,0.7512767028808593,positive,raw accuracy; absolute,192,0,0,24,0,0
RESIDENT40|FULL|ACTIVE_C0|E2,0.7307617187500001,0.712265421549479,0.7513681030273438,positive,raw accuracy; absolute,192,0,0,24,0,0
RESIDENT40|FULL|ACTIVE_C0|E3,0.7385101318359375,0.7218578084309897,0.7574108378092448,positive,raw accuracy; absolute,192,0,0,24,0,0
RESIDENT40|FULL|ACTIVE_C0|E4,0.74566650390625,0.7294070180257163,0.763893534342448,positive,raw accuracy; absolute,192,0,0,24,0,0
RESIDENT40|FULL|ACTIVE_C0|E5,0.7547719319661459,0.7389633178710938,0.7722711944580078,positive,raw accuracy; absolute,192,0,0,24,0,0
RESIDENT40|FULL|ACTIVE_C0|E6,0.7615936279296873,0.745882314046224,0.7790584309895834,positive,raw accuracy; absolute,192,0,0,24,0,0
RESIDENT40|FULL|ACTIVE_C0|E7,0.7704203287760416,0.7551168314615886,0.7872161865234374,positive,raw accuracy; absolute,192,0,0,24,0,0
RESIDENT40|FULL|ACTIVE_C0|E8,0.7754801432291666,0.7599001566569009,0.7922822316487629,positive,raw accuracy; absolute,192,0,0,24,0,0
RESIDENT40|FULL|ACTIVE_C0|F,0.24704996744791666,0.21378804524739586,0.2836101277669271,positive,carrier frequency; absolute,125,0,67,24,0,0
RESIDENT40|FULL|ACTIVE_C0|F0,0.03125,0.03125,0.03125,positive,carrier frequency; absolute,192,0,0,24,0,0
RESIDENT40|FULL|ACTIVE_C0|F1,0.02880859375,0.02554931640625,0.032389322916666664,positive,carrier frequency; absolute,125,0,67,24,0,0
RESIDENT40|FULL|ACTIVE_C0|F40,0.3400065104166667,0.2945963541666667,0.3898315429687499,positive,carrier frequency; absolute,66,0,126,24,0,0
RESIDENT40|FULL|ACTIVE_C0|FE1,0.03997395833333334,0.0357421875,0.04410888671874999,positive,carrier frequency; absolute,125,0,67,24,0,0
RESIDENT40|FULL|ACTIVE_C0|FE2,0.10374348958333335,0.08215820312500001,0.12574951171875,positive,carrier frequency; absolute,77,0,115,24,0,0
RESIDENT40|FULL|ACTIVE_C0|FE3,0.2225911458333333,0.17682128906250003,0.26878743489583334,positive,carrier frequency; absolute,68,0,124,24,0,0
RESIDENT40|FULL|ACTIVE_C0|FE4,0.28850911458333334,0.24511311848958334,0.33356201171875,positive,carrier frequency; absolute,66,0,126,24,0,0
RESIDENT40|FULL|ACTIVE_C0|FE5,0.31162109374999997,0.2696175130208333,0.3568758138020833,positive,carrier frequency; absolute,66,0,126,24,0,0
RESIDENT40|FULL|ACTIVE_C0|FE6,0.33134765625,0.28544921875,0.379072265625,positive,carrier frequency; absolute,66,0,126,24,0,0
RESIDENT40|FULL|ACTIVE_C0|FE7,0.3387369791666666,0.29205729166666666,0.38630371093749943,positive,carrier frequency; absolute,66,0,126,24,0,0
RESIDENT40|FULL|ACTIVE_C0|FE8,0.3398763020833333,0.29433593750000003,0.38945068359374985,positive,carrier frequency; absolute,66,0,126,24,0,0
RESIDENT40|FULL|ACTIVE_C0|MLOSS,0.2490711212158203,0.23043675422668458,0.2655245018005371,positive,raw mismatch; absolute,192,0,0,24,0,0
RESIDENT40|FULL|ACTIVE_C0|U,0.7509288787841797,0.7344754981994629,0.7695632457733155,positive,raw accuracy; absolute,192,0,0,24,0,0
RESIDENT40|FULL|ACTIVE_C0|U0,0.7163035074869791,0.6938170115152995,0.7402376810709635,positive,raw accuracy; absolute,192,0,0,24,0,0
RESIDENT40|FULL|ACTIVE_C0|U1,0.7331339518229166,0.7140061696370443,0.7535858154296875,positive,raw accuracy; absolute,192,0,0,24,0,0
RESIDENT40|FULL|ACTIVE_C0|U40,0.77545166015625,0.759915288289388,0.7925783793131511,positive,raw accuracy; absolute,192,0,0,24,0,0
RESIDENT40|FULL|ACTIVE_C1-NOVEL_C1|D40,0.005208333333333333,0.0,0.015625,unresolved,carrier frequency change; first minus second arm,1,0,191,1,0,23
RESIDENT40|FULL|ACTIVE_C1-NOVEL_C1|E1,2.5431315104171293e-05,0.0,7.019042968751943e-05,unresolved,raw accuracy; first minus second arm,3,0,189,3,0,21
RESIDENT40|FULL|ACTIVE_C1-NOVEL_C1|E2,0.00022684733072916852,-3.0517578124972244e-06,0.000682576497395837,unresolved,raw accuracy; first minus second arm,1,1,190,1,1,22
RESIDENT40|FULL|ACTIVE_C1-NOVEL_C1|E3,0.000457763671875,0.0,0.001373291015625,unresolved,raw accuracy; first minus second arm,1,0,191,1,0,23
RESIDENT40|FULL|ACTIVE_C1-NOVEL_C1|E4,0.0005839029947916676,-3.0517578124972244e-06,0.0017537434895833343,unresolved,raw accuracy; first minus second arm,1,1,190,1,1,22
RESIDENT40|FULL|ACTIVE_C1-NOVEL_C1|E5,0.0007293701171875028,0.0,0.0021881103515625083,unresolved,raw accuracy; first minus second arm,1,0,191,1,0,23
RESIDENT40|FULL|ACTIVE_C1-NOVEL_C1|E6,0.0008870442708333315,-6.103515624994449e-06,0.0026652018229166574,unresolved,raw accuracy; first minus second arm,1,1,190,1,1,22
RESIDENT40|FULL|ACTIVE_C1-NOVEL_C1|E7,0.0010050455729166685,-3.0517578124972244e-06,0.003017171223958337,unresolved,raw accuracy; first minus second arm,1,1,190,1,1,22
RESIDENT40|FULL|ACTIVE_C1-NOVEL_C1|E8,0.001089477539062499,-9.155273437505551e-06,0.0032745361328125008,unresolved,raw accuracy; first minus second arm,1,1,190,1,1,22
RESIDENT40|FULL|ACTIVE_C1-NOVEL_C1|F,0.00439453125,0.0,0.013167317708333334,unresolved,carrier frequency; first minus second arm,3,0,189,3,0,21
RESIDENT40|FULL|ACTIVE_C1-NOVEL_C1|F0,0.0,0.0,0.0,structural_zero,design-implied zero,0,0,192,0,0,24
RESIDENT40|FULL|ACTIVE_C1-NOVEL_C1|F1,0.00016276041666666666,0.0,0.00048828125,unresolved,carrier frequency; first minus second arm,1,0,191,1,0,23
RESIDENT40|FULL|ACTIVE_C1-NOVEL_C1|F40,0.005208333333333333,0.0,0.015625,unresolved,carrier frequency; first minus second arm,1,0,191,1,0,23
RESIDENT40|FULL|ACTIVE_C1-NOVEL_C1|FE1,0.0006184895833333334,0.0,0.0017252604166666666,unresolved,carrier frequency; first minus second arm,3,0,189,3,0,21
RESIDENT40|FULL|ACTIVE_C1-NOVEL_C1|FE2,0.0032877604166666667,0.0,0.00986328125,unresolved,carrier frequency; first minus second arm,1,0,191,1,0,23
RESIDENT40|FULL|ACTIVE_C1-NOVEL_C1|FE3,0.005208333333333333,0.0,0.015625,unresolved,carrier frequency; first minus second arm,1,0,191,1,0,23
RESIDENT40|FULL|ACTIVE_C1-NOVEL_C1|FE4,0.005208333333333333,0.0,0.015625,unresolved,carrier frequency; first minus second arm,1,0,191,1,0,23
RESIDENT40|FULL|ACTIVE_C1-NOVEL_C1|FE5,0.005208333333333333,0.0,0.015625,unresolved,carrier frequency; first minus second arm,1,0,191,1,0,23
RESIDENT40|FULL|ACTIVE_C1-NOVEL_C1|FE6,0.005208333333333333,0.0,0.015625,unresolved,carrier frequency; first minus second arm,1,0,191,1,0,23
RESIDENT40|FULL|ACTIVE_C1-NOVEL_C1|FE7,0.005208333333333333,0.0,0.015625,unresolved,carrier frequency; first minus second arm,1,0,191,1,0,23
RESIDENT40|FULL|ACTIVE_C1-NOVEL_C1|FE8,0.005208333333333333,0.0,0.015625,unresolved,carrier frequency; first minus second arm,1,0,191,1,0,23
RESIDENT40|FULL|ACTIVE_C1-NOVEL_C1|MLOSS,-0.0006256103515624988,-0.0018782329559326153,2.034505208336109e-06,unresolved,raw mismatch; first minus second arm,1,2,189,1,2,21
RESIDENT40|FULL|ACTIVE_C1-NOVEL_C1|U,0.0006256103515625047,-2.0345052083222312e-06,0.0018782329559326246,unresolved,raw accuracy; first minus second arm,2,1,189,2,1,21
RESIDENT40|FULL|ACTIVE_C1-NOVEL_C1|U0,0.0,0.0,0.0,structural_zero,design-implied zero,0,0,192,0,0,24
RESIDENT40|FULL|ACTIVE_C1-NOVEL_C1|U1,5.086263020833333e-06,0.0,1.52587890625e-05,unresolved,raw accuracy; first minus second arm,1,0,191,1,0,23
RESIDENT40|FULL|ACTIVE_C1-NOVEL_C1|U40,0.0011342366536458333,0.0,0.0034027099609375,unresolved,raw accuracy; first minus second arm,1,0,191,1,0,23
RESIDENT40|FULL|ACTIVE_C1-SHAM_C1|D40,0.005208333333333333,0.0,0.015625,unresolved,carrier frequency change; first minus second arm,1,0,191,1,0,23
RESIDENT40|FULL|ACTIVE_C1-SHAM_C1|E1,2.339680989583981e-05,0.0,6.815592447917869e-05,unresolved,raw accuracy; first minus second arm,2,0,190,2,0,22
RESIDENT40|FULL|ACTIVE_C1-SHAM_C1|E2,0.00022786458333333426,0.0,0.0006835937500000028,unresolved,raw accuracy; first minus second arm,1,0,191,1,0,23
RESIDENT40|FULL|ACTIVE_C1-SHAM_C1|E3,0.000457763671875,0.0,0.001373291015625,unresolved,raw accuracy; first minus second arm,1,0,191,1,0,23
RESIDENT40|FULL|ACTIVE_C1-SHAM_C1|E4,0.0005849202473958334,0.0,0.0017547607421875,unresolved,raw accuracy; first minus second arm,1,0,191,1,0,23
RESIDENT40|FULL|ACTIVE_C1-SHAM_C1|E5,0.0007293701171875028,0.0,0.0021881103515625083,unresolved,raw accuracy; first minus second arm,1,0,191,1,0,23
RESIDENT40|FULL|ACTIVE_C1-SHAM_C1|E6,0.000889078776041663,0.0,0.002667236328124989,unresolved,raw accuracy; first minus second arm,1,0,191,1,0,23
RESIDENT40|FULL|ACTIVE_C1-SHAM_C1|E7,0.0010060628255208343,0.0,0.0030181884765625028,unresolved,raw accuracy; first minus second arm,1,0,191,1,0,23
RESIDENT40|FULL|ACTIVE_C1-SHAM_C1|E8,0.001092529296875001,0.0,0.0032775878906250028,unresolved,raw accuracy; first minus second arm,1,0,191,1,0,23
RESIDENT40|FULL|ACTIVE_C1-SHAM_C1|F,0.0043904622395833336,0.0,0.013163248697916666,unresolved,carrier frequency; first minus second arm,2,0,190,2,0,22
RESIDENT40|FULL|ACTIVE_C1-SHAM_C1|F0,0.0,0.0,0.0,structural_zero,design-implied zero,0,0,192,0,0,24
RESIDENT40|FULL|ACTIVE_C1-SHAM_C1|F1,0.0,0.0,0.0,structural_zero,design-implied zero,0,0,192,0,0,24
RESIDENT40|FULL|ACTIVE_C1-SHAM_C1|F40,0.005208333333333333,0.0,0.015625,unresolved,carrier frequency; first minus second arm,1,0,191,1,0,23
RESIDENT40|FULL|ACTIVE_C1-SHAM_C1|FE1,0.0005859375,0.0,0.0016927083333333334,unresolved,carrier frequency; first minus second arm,2,0,190,2,0,22
RESIDENT40|FULL|ACTIVE_C1-SHAM_C1|FE2,0.0032877604166666667,0.0,0.00986328125,unresolved,carrier frequency; first minus second arm,1,0,191,1,0,23
RESIDENT40|FULL|ACTIVE_C1-SHAM_C1|FE3,0.005208333333333333,0.0,0.015625,unresolved,carrier frequency; first minus second arm,1,0,191,1,0,23
RESIDENT40|FULL|ACTIVE_C1-SHAM_C1|FE4,0.005208333333333333,0.0,0.015625,unresolved,carrier frequency; first minus second arm,1,0,191,1,0,23
RESIDENT40|FULL|ACTIVE_C1-SHAM_C1|FE5,0.005208333333333333,0.0,0.015625,unresolved,carrier frequency; first minus second arm,1,0,191,1,0,23
RESIDENT40|FULL|ACTIVE_C1-SHAM_C1|FE6,0.005208333333333333,0.0,0.015625,unresolved,carrier frequency; first minus second arm,1,0,191,1,0,23
RESIDENT40|FULL|ACTIVE_C1-SHAM_C1|FE7,0.005208333333333333,0.0,0.015625,unresolved,carrier frequency; first minus second arm,1,0,191,1,0,23
RESIDENT40|FULL|ACTIVE_C1-SHAM_C1|FE8,0.005208333333333333,0.0,0.015625,unresolved,carrier frequency; first minus second arm,1,0,191,1,0,23
RESIDENT40|FULL|ACTIVE_C1-SHAM_C1|MLOSS,-0.0006263732910156243,-0.0018788655598958326,0.0,unresolved,raw mismatch; first minus second arm,0,2,190,0,2,22
RESIDENT40|FULL|ACTIVE_C1-SHAM_C1|U,0.0006263732910156278,0.0,0.001878865559895836,unresolved,raw accuracy; first minus second arm,2,0,190,2,0,22
RESIDENT40|FULL|ACTIVE_C1-SHAM_C1|U0,0.0,0.0,0.0,structural_zero,design-implied zero,0,0,192,0,0,24
RESIDENT40|FULL|ACTIVE_C1-SHAM_C1|U1,0.0,0.0,0.0,structural_zero,design-implied zero,0,0,192,0,0,24
RESIDENT40|FULL|ACTIVE_C1-SHAM_C1|U40,0.0011342366536458333,0.0,0.0034027099609375,unresolved,raw accuracy; first minus second arm,1,0,191,1,0,23
RESIDENT40|FULL|ACTIVE_C1|D40,-0.026041666666666668,-0.03125,-0.015625,negative,carrier frequency change; absolute,1,191,0,1,23,0
RESIDENT40|FULL|ACTIVE_C1|E1,0.7300974527994791,0.7113537089029948,0.7511081441243489,positive,raw accuracy; absolute,192,0,0,24,0,0
RESIDENT40|FULL|ACTIVE_C1|E2,0.7288391113281251,0.7099518330891926,0.7500507100423178,positive,raw accuracy; absolute,192,0,0,24,0,0
RESIDENT40|FULL|ACTIVE_C1|E3,0.7305419921874999,0.7120859781901041,0.7511726379394533,positive,raw accuracy; absolute,192,0,0,24,0,0
RESIDENT40|FULL|ACTIVE_C1|E4,0.7292999267578125,0.7106412760416666,0.7505495198567709,positive,raw accuracy; absolute,192,0,0,24,0,0
RESIDENT40|FULL|ACTIVE_C1|E5,0.7308685302734373,0.7126804097493489,0.751452611287435,positive,raw accuracy; absolute,192,0,0,24,0,0
RESIDENT40|FULL|ACTIVE_C1|E6,0.7294057210286459,0.7108866119384765,0.7506935628255209,positive,raw accuracy; absolute,192,0,0,24,0,0
RESIDENT40|FULL|ACTIVE_C1|E7,0.7311381022135417,0.7129078165690105,0.751616490681966,positive,raw accuracy; absolute,192,0,0,24,0,0
RESIDENT40|FULL|ACTIVE_C1|E8,0.7296254475911459,0.7113123575846354,0.7508167266845703,positive,raw accuracy; absolute,192,0,0,24,0,0
RESIDENT40|FULL|ACTIVE_C1|F,0.004423014322916667,1.2207031250000002e-05,0.013203938802083334,positive,carrier frequency; absolute,8,0,184,6,0,18
RESIDENT40|FULL|ACTIVE_C1|F0,0.03125,0.03125,0.03125,positive,carrier frequency; absolute,192,0,0,24,0,0
RESIDENT40|FULL|ACTIVE_C1|F1,0.0013020833333333333,0.0003255208333333333,0.00244140625,positive,carrier frequency; absolute,8,0,184,6,0,18
RESIDENT40|FULL|ACTIVE_C1|F40,0.005208333333333333,0.0,0.015625,unresolved,carrier frequency; absolute,1,0,191,1,0,23
RESIDENT40|FULL|ACTIVE_C1|FE1,0.0008463541666666667,9.765625000000002e-05,0.002018229166666667,positive,carrier frequency; absolute,8,0,184,6,0,18
RESIDENT40|FULL|ACTIVE_C1|FE2,0.0032877604166666667,0.0,0.00986328125,unresolved,carrier frequency; absolute,1,0,191,1,0,23
RESIDENT40|FULL|ACTIVE_C1|FE3,0.005208333333333333,0.0,0.015625,unresolved,carrier frequency; absolute,1,0,191,1,0,23
RESIDENT40|FULL|ACTIVE_C1|FE4,0.005208333333333333,0.0,0.015625,unresolved,carrier frequency; absolute,1,0,191,1,0,23
RESIDENT40|FULL|ACTIVE_C1|FE5,0.005208333333333333,0.0,0.015625,unresolved,carrier frequency; absolute,1,0,191,1,0,23
RESIDENT40|FULL|ACTIVE_C1|FE6,0.005208333333333333,0.0,0.015625,unresolved,carrier frequency; absolute,1,0,191,1,0,23
RESIDENT40|FULL|ACTIVE_C1|FE7,0.005208333333333333,0.0,0.015625,unresolved,carrier frequency; absolute,1,0,191,1,0,23
RESIDENT40|FULL|ACTIVE_C1|FE8,0.005208333333333333,0.0,0.015625,unresolved,carrier frequency; absolute,1,0,191,1,0,23
RESIDENT40|FULL|ACTIVE_C1|MLOSS,0.2700229644775391,0.24920524915059403,0.28833990732828774,positive,raw mismatch; absolute,192,0,0,24,0,0
RESIDENT40|FULL|ACTIVE_C1|U,0.729977035522461,0.7116600926717123,0.750794750849406,positive,raw accuracy; absolute,192,0,0,24,0,0
RESIDENT40|FULL|ACTIVE_C1|U0,0.7163035074869791,0.6938170115152995,0.7402376810709635,positive,raw accuracy; absolute,192,0,0,24,0,0
RESIDENT40|FULL|ACTIVE_C1|U1,0.7330780029296875,0.7139205932617188,0.7535603841145834,positive,raw accuracy; absolute,192,0,0,24,0,0
RESIDENT40|FULL|ACTIVE_C1|U40,0.7263946533203125,0.7071123758951823,0.748822275797526,positive,raw accuracy; absolute,192,0,0,24,0,0
RESIDENT40|FULL|NOVEL_C0-SHAM_C0|D40,-0.0283203125,-0.04834798177083333,-0.0126953125,negative,carrier frequency change; first minus second arm,0,15,177,0,13,11
RESIDENT40|FULL|NOVEL_C0-SHAM_C0|E1,1.5258789062495374e-05,-4.17073567708146e-05,7.629394531248208e-05,unresolved,raw accuracy; first minus second arm,26,30,136,10,10,4
RESIDENT40|FULL|NOVEL_C0-SHAM_C0|E2,4.374186197916852e-05,-1.729329427084559e-05,0.00010782877604166586,unresolved,raw accuracy; first minus second arm,38,32,122,16,8,0
RESIDENT40|FULL|NOVEL_C0-SHAM_C0|E3,1.0172526041648164e-05,-8.341471354167869e-05,0.00010276794433592196,unresolved,raw accuracy; first minus second arm,38,34,120,10,13,1
RESIDENT40|FULL|NOVEL_C0-SHAM_C0|E4,2.9500325520806503e-05,-6.103515625001434e-05,0.00012512207031246519,unresolved,raw accuracy; first minus second arm,41,31,120,13,9,2
RESIDENT40|FULL|NOVEL_C0-SHAM_C0|E5,-4.679361979167037e-05,-0.0001505788167317633,4.885355631512378e-05,unresolved,raw accuracy; first minus second arm,32,42,118,10,12,2
RESIDENT40|FULL|NOVEL_C0-SHAM_C0|E6,2.6448567708323156e-05,-7.631937662763086e-05,0.00012105305989581588,unresolved,raw accuracy; first minus second arm,42,29,121,14,9,1
RESIDENT40|FULL|NOVEL_C0-SHAM_C0|E7,-1.627604166666574e-05,-0.00010175069173178434,5.9000651041678e-05,unresolved,raw accuracy; first minus second arm,32,41,119,13,11,0
RESIDENT40|FULL|NOVEL_C0-SHAM_C0|E8,-1.627604166665649e-05,-0.00012514750162760554,9.157816569013557e-05,unresolved,raw accuracy; first minus second arm,36,40,116,9,14,1
RESIDENT40|FULL|NOVEL_C0-SHAM_C0|F,-0.0294677734375,-0.042548217773437515,-0.018842671712239585,negative,carrier frequency; first minus second arm,6,94,92,0,24,0
RESIDENT40|FULL|NOVEL_C0-SHAM_C0|F0,0.0,0.0,0.0,structural_zero,design-implied zero,0,0,192,0,0,24
RESIDENT40|FULL|NOVEL_C0-SHAM_C0|F1,-0.008951822916666666,-0.01123046875,-0.006673177083333333,negative,carrier frequency; first minus second arm,4,59,129,0,22,2
RESIDENT40|FULL|NOVEL_C0-SHAM_C0|F40,-0.0283203125,-0.04834798177083333,-0.0126953125,negative,carrier frequency; first minus second arm,0,15,177,0,13,11
RESIDENT40|FULL|NOVEL_C0-SHAM_C0|FE1,-0.019856770833333332,-0.02321126302083333,-0.016893717447916668,negative,carrier frequency; first minus second arm,6,94,92,0,24,0
RESIDENT40|FULL|NOVEL_C0-SHAM_C0|FE2,-0.02978515625,-0.039096679687500004,-0.02148356119791667,negative,carrier frequency; first minus second arm,0,53,139,0,24,0
RESIDENT40|FULL|NOVEL_C0-SHAM_C0|FE3,-0.03362630208333334,-0.045996907552083334,-0.022623697916666668,negative,carrier frequency; first minus second arm,0,34,158,0,22,2
RESIDENT40|FULL|NOVEL_C0-SHAM_C0|FE4,-0.03528645833333333,-0.05029947916666667,-0.022591145833333336,negative,carrier frequency; first minus second arm,0,28,164,0,19,5
RESIDENT40|FULL|NOVEL_C0-SHAM_C0|FE5,-0.03046875,-0.047398274739583336,-0.016828613281250005,negative,carrier frequency; first minus second arm,0,23,169,0,18,6
RESIDENT40|FULL|NOVEL_C0-SHAM_C0|FE6,-0.03030598958333333,-0.04804768880208333,-0.01575358072916667,negative,carrier frequency; first minus second arm,0,18,174,0,15,9
RESIDENT40|FULL|NOVEL_C0-SHAM_C0|FE7,-0.029427083333333336,-0.04671468098958333,-0.0150390625,negative,carrier frequency; first minus second arm,0,16,176,0,14,10
RESIDENT40|FULL|NOVEL_C0-SHAM_C0|FE8,-0.026985677083333336,-0.046191406250000004,-0.012532552083333334,negative,carrier frequency; first minus second arm,0,15,177,0,13,11
RESIDENT40|FULL|NOVEL_C0-SHAM_C0|MLOSS,-5.722045898427092e-06,-4.272778828938592e-05,3.039360046387606e-05,unresolved,raw mismatch; first minus second arm,40,42,110,11,13,0
RESIDENT40|FULL|NOVEL_C0-SHAM_C0|U,5.7220458984652556e-06,-3.0393600463841466e-05,4.2727788289413975e-05,unresolved,raw accuracy; first minus second arm,42,40,110,13,11,0
RESIDENT40|FULL|NOVEL_C0-SHAM_C0|U0,0.0,0.0,0.0,structural_zero,design-implied zero,0,0,192,0,0,24
RESIDENT40|FULL|NOVEL_C0-SHAM_C0|U1,0.0,0.0,0.0,observed_exact_zero,sampled equality; not a design guarantee,0,0,192,0,0,24
RESIDENT40|FULL|NOVEL_C0-SHAM_C0|U40,-0.00023905436197916666,-0.0006205240885416666,6.612141927083333e-05,unresolved,raw accuracy; first minus second arm,28,33,131,10,12,2
RESIDENT40|FULL|NOVEL_C0|D40,-0.03125,-0.03125,-0.03125,negative,carrier frequency change; absolute,0,192,0,0,24,0
RESIDENT40|FULL|NOVEL_C0|E1,0.7300567626953125,0.7112933603922527,0.7511471303304036,positive,raw accuracy; absolute,192,0,0,24,0,0
RESIDENT40|FULL|NOVEL_C0|E2,0.7286305745442707,0.7095937093098957,0.7499906921386719,positive,raw accuracy; absolute,192,0,0,24,0,0
RESIDENT40|FULL|NOVEL_C0|E3,0.7300771077473959,0.7113045247395834,0.7511556243896483,positive,raw accuracy; absolute,192,0,0,24,0,0
RESIDENT40|FULL|NOVEL_C0|E4,0.7287556966145834,0.7097580973307293,0.7501182810465494,positive,raw accuracy; absolute,192,0,0,24,0,0
RESIDENT40|FULL|NOVEL_C0|E5,0.73018798828125,0.7114186096191405,0.751196568806966,positive,raw accuracy; absolute,192,0,0,24,0,0
RESIDENT40|FULL|NOVEL_C0|E6,0.7285502115885417,0.7094692230224608,0.7500153605143229,positive,raw accuracy; absolute,192,0,0,24,0,0
RESIDENT40|FULL|NOVEL_C0|E7,0.7301208496093748,0.7113400522867838,0.7512074534098309,positive,raw accuracy; absolute,192,0,0,24,0,0
RESIDENT40|FULL|NOVEL_C0|E8,0.7285502115885416,0.709665018717448,0.7498731994628905,positive,raw accuracy; absolute,192,0,0,24,0,0
RESIDENT40|FULL|NOVEL_C0|F,0.0012654622395833334,0.00103759765625,0.0015380859375,positive,carrier frequency; absolute,105,0,87,24,0,0
RESIDENT40|FULL|NOVEL_C0|F0,0.03125,0.03125,0.03125,positive,carrier frequency; absolute,192,0,0,24,0,0
RESIDENT40|FULL|NOVEL_C0|F1,0.019856770833333332,0.017578125,0.0224609375,positive,carrier frequency; absolute,105,0,87,24,0,0
RESIDENT40|FULL|NOVEL_C0|F40,0.0,0.0,0.0,observed_exact_zero,sampled equality; not a design guarantee,0,0,192,0,0,24
RESIDENT40|FULL|NOVEL_C0|FE1,0.009342447916666666,0.0077791341145833325,0.011263020833333331,positive,carrier frequency; absolute,105,0,87,24,0,0
RESIDENT40|FULL|NOVEL_C0|FE2,0.0007812499999999999,0.0002278645833333333,0.00146484375,positive,carrier frequency; absolute,7,0,185,6,0,18
RESIDENT40|FULL|NOVEL_C0|FE3,0.0,0.0,0.0,observed_exact_zero,sampled equality; not a design guarantee,0,0,192,0,0,24
RESIDENT40|FULL|NOVEL_C0|FE4,0.0,0.0,0.0,observed_exact_zero,sampled equality; not a design guarantee,0,0,192,0,0,24
RESIDENT40|FULL|NOVEL_C0|FE5,0.0,0.0,0.0,observed_exact_zero,sampled equality; not a design guarantee,0,0,192,0,0,24
RESIDENT40|FULL|NOVEL_C0|FE6,0.0,0.0,0.0,observed_exact_zero,sampled equality; not a design guarantee,0,0,192,0,0,24
RESIDENT40|FULL|NOVEL_C0|FE7,0.0,0.0,0.0,observed_exact_zero,sampled equality; not a design guarantee,0,0,192,0,0,24
RESIDENT40|FULL|NOVEL_C0|FE8,0.0,0.0,0.0,observed_exact_zero,sampled equality; not a design guarantee,0,0,192,0,0,24
RESIDENT40|FULL|NOVEL_C0|MLOSS,0.27063382466634117,0.24971969604492186,0.289482364654541,positive,raw mismatch; absolute,192,0,0,24,0,0
RESIDENT40|FULL|NOVEL_C0|U,0.7293661753336588,0.7105176353454591,0.750280303955078,positive,raw accuracy; absolute,192,0,0,24,0,0
RESIDENT40|FULL|NOVEL_C0|U0,0.7163035074869791,0.6938170115152995,0.7402376810709635,positive,raw accuracy; absolute,192,0,0,24,0,0
RESIDENT40|FULL|NOVEL_C0|U1,0.7331339518229166,0.7140061696370443,0.7535858154296875,positive,raw accuracy; absolute,192,0,0,24,0,0
RESIDENT40|FULL|NOVEL_C0|U40,0.72509765625,0.7055688222249349,0.7477901458740234,positive,raw accuracy; absolute,192,0,0,24,0,0
RESIDENT40|FULL|NOVEL_C1-SHAM_C1|D40,0.0,0.0,0.0,observed_exact_zero,sampled equality; not a design guarantee,0,0,192,0,0,24
RESIDENT40|FULL|NOVEL_C1-SHAM_C1|E1,-2.034505208331483e-06,-6.103515624994449e-06,0.0,unresolved,raw accuracy; first minus second arm,0,1,191,0,1,23
RESIDENT40|FULL|NOVEL_C1-SHAM_C1|E2,1.0172526041657415e-06,0.0,3.0517578124972244e-06,unresolved,raw accuracy; first minus second arm,1,0,191,1,0,23
RESIDENT40|FULL|NOVEL_C1-SHAM_C1|E3,0.0,0.0,0.0,observed_exact_zero,sampled equality; not a design guarantee,0,0,192,0,0,24
RESIDENT40|FULL|NOVEL_C1-SHAM_C1|E4,1.0172526041657415e-06,0.0,3.0517578124972244e-06,unresolved,raw accuracy; first minus second arm,1,0,191,1,0,23
RESIDENT40|FULL|NOVEL_C1-SHAM_C1|E5,0.0,0.0,0.0,observed_exact_zero,sampled equality; not a design guarantee,0,0,192,0,0,24
RESIDENT40|FULL|NOVEL_C1-SHAM_C1|E6,2.034505208331483e-06,0.0,6.103515624994449e-06,unresolved,raw accuracy; first minus second arm,1,0,191,1,0,23
RESIDENT40|FULL|NOVEL_C1-SHAM_C1|E7,1.0172526041657415e-06,0.0,3.0517578124972244e-06,unresolved,raw accuracy; first minus second arm,1,0,191,1,0,23
RESIDENT40|FULL|NOVEL_C1-SHAM_C1|E8,3.0517578125018505e-06,0.0,9.155273437505551e-06,unresolved,raw accuracy; first minus second arm,1,0,191,1,0,23
RESIDENT40|FULL|NOVEL_C1-SHAM_C1|F,-4.069010416666667e-06,-1.2207031250000002e-05,0.0,unresolved,carrier frequency; first minus second arm,0,1,191,0,1,23
RESIDENT40|FULL|NOVEL_C1-SHAM_C1|F0,0.0,0.0,0.0,structural_zero,design-implied zero,0,0,192,0,0,24
RESIDENT40|FULL|NOVEL_C1-SHAM_C1|F1,-0.00016276041666666666,-0.00048828125,0.0,unresolved,carrier frequency; first minus second arm,0,1,191,0,1,23
RESIDENT40|FULL|NOVEL_C1-SHAM_C1|F40,0.0,0.0,0.0,observed_exact_zero,sampled equality; not a design guarantee,0,0,192,0,0,24
RESIDENT40|FULL|NOVEL_C1-SHAM_C1|FE1,-3.255208333333333e-05,-9.765625000000002e-05,0.0,unresolved,carrier frequency; first minus second arm,0,1,191,0,1,23
RESIDENT40|FULL|NOVEL_C1-SHAM_C1|FE2,0.0,0.0,0.0,observed_exact_zero,sampled equality; not a design guarantee,0,0,192,0,0,24
RESIDENT40|FULL|NOVEL_C1-SHAM_C1|FE3,0.0,0.0,0.0,observed_exact_zero,sampled equality; not a design guarantee,0,0,192,0,0,24
RESIDENT40|FULL|NOVEL_C1-SHAM_C1|FE4,0.0,0.0,0.0,observed_exact_zero,sampled equality; not a design guarantee,0,0,192,0,0,24
RESIDENT40|FULL|NOVEL_C1-SHAM_C1|FE5,0.0,0.0,0.0,observed_exact_zero,sampled equality; not a design guarantee,0,0,192,0,0,24
RESIDENT40|FULL|NOVEL_C1-SHAM_C1|FE6,0.0,0.0,0.0,observed_exact_zero,sampled equality; not a design guarantee,0,0,192,0,0,24
RESIDENT40|FULL|NOVEL_C1-SHAM_C1|FE7,0.0,0.0,0.0,observed_exact_zero,sampled equality; not a design guarantee,0,0,192,0,0,24
RESIDENT40|FULL|NOVEL_C1-SHAM_C1|FE8,0.0,0.0,0.0,observed_exact_zero,sampled equality; not a design guarantee,0,0,192,0,0,24
RESIDENT40|FULL|NOVEL_C1-SHAM_C1|MLOSS,-7.629394531254626e-07,-2.2888183593763878e-06,0.0,unresolved,raw mismatch; first minus second arm,0,1,191,0,1,23
RESIDENT40|FULL|NOVEL_C1-SHAM_C1|U,7.629394531231496e-07,0.0,2.288818359369449e-06,unresolved,raw accuracy; first minus second arm,1,0,191,1,0,23
RESIDENT40|FULL|NOVEL_C1-SHAM_C1|U0,0.0,0.0,0.0,structural_zero,design-implied zero,0,0,192,0,0,24
RESIDENT40|FULL|NOVEL_C1-SHAM_C1|U1,-5.086263020833333e-06,-1.52587890625e-05,0.0,unresolved,raw accuracy; first minus second arm,0,1,191,0,1,23
RESIDENT40|FULL|NOVEL_C1-SHAM_C1|U40,0.0,0.0,0.0,observed_exact_zero,sampled equality; not a design guarantee,0,0,192,0,0,24
RESIDENT40|FULL|NOVEL_C1|D40,-0.03125,-0.03125,-0.03125,negative,carrier frequency change; absolute,0,192,0,0,24,0
RESIDENT40|FULL|NOVEL_C1|E1,0.730072021484375,0.7113505554199219,0.7511070505777995,positive,raw accuracy; absolute,192,0,0,24,0,0
RESIDENT40|FULL|NOVEL_C1|E2,0.7286122639973959,0.7096412913004558,0.7499773406982422,positive,raw accuracy; absolute,192,0,0,24,0,0
RESIDENT40|FULL|NOVEL_C1|E3,0.7300842285156249,0.7113005065917968,0.7511361694335936,positive,raw accuracy; absolute,192,0,0,24,0,0
RESIDENT40|FULL|NOVEL_C1|E4,0.7287160237630209,0.7097300211588542,0.7500552622477215,positive,raw accuracy; absolute,192,0,0,24,0,0
RESIDENT40|FULL|NOVEL_C1|E5,0.73013916015625,0.7113222249348958,0.7512112935384115,positive,raw accuracy; absolute,192,0,0,24,0,0
RESIDENT40|FULL|NOVEL_C1|E6,0.7285186767578123,0.709468053181966,0.7499577077229819,positive,raw accuracy; absolute,192,0,0,24,0,0
RESIDENT40|FULL|NOVEL_C1|E7,0.730133056640625,0.7113557434082033,0.7511917114257811,positive,raw accuracy; absolute,192,0,0,24,0,0
RESIDENT40|FULL|NOVEL_C1|E8,0.7285359700520834,0.7095550028483073,0.7499291483561197,positive,raw accuracy; absolute,192,0,0,24,0,0
RESIDENT40|FULL|NOVEL_C1|F,2.848307291666667e-05,8.138020833333333e-06,5.696614583333334e-05,positive,carrier frequency; absolute,7,0,185,5,0,19
RESIDENT40|FULL|NOVEL_C1|F0,0.03125,0.03125,0.03125,positive,carrier frequency; absolute,192,0,0,24,0,0
RESIDENT40|FULL|NOVEL_C1|F1,0.0011393229166666667,0.0003255208333333333,0.0022786458333333335,positive,carrier frequency; absolute,7,0,185,5,0,19
RESIDENT40|FULL|NOVEL_C1|F40,0.0,0.0,0.0,observed_exact_zero,sampled equality; not a design guarantee,0,0,192,0,0,24
RESIDENT40|FULL|NOVEL_C1|FE1,0.00022786458333333336,6.510416666666667e-05,0.00045572916666666673,positive,carrier frequency; absolute,7,0,185,5,0,19
RESIDENT40|FULL|NOVEL_C1|FE2,0.0,0.0,0.0,observed_exact_zero,sampled equality; not a design guarantee,0,0,192,0,0,24
RESIDENT40|FULL|NOVEL_C1|FE3,0.0,0.0,0.0,observed_exact_zero,sampled equality; not a design guarantee,0,0,192,0,0,24
RESIDENT40|FULL|NOVEL_C1|FE4,0.0,0.0,0.0,observed_exact_zero,sampled equality; not a design guarantee,0,0,192,0,0,24
RESIDENT40|FULL|NOVEL_C1|FE5,0.0,0.0,0.0,observed_exact_zero,sampled equality; not a design guarantee,0,0,192,0,0,24
RESIDENT40|FULL|NOVEL_C1|FE6,0.0,0.0,0.0,observed_exact_zero,sampled equality; not a design guarantee,0,0,192,0,0,24
RESIDENT40|FULL|NOVEL_C1|FE7,0.0,0.0,0.0,observed_exact_zero,sampled equality; not a design guarantee,0,0,192,0,0,24
RESIDENT40|FULL|NOVEL_C1|FE8,0.0,0.0,0.0,observed_exact_zero,sampled equality; not a design guarantee,0,0,192,0,0,24
RESIDENT40|FULL|NOVEL_C1|MLOSS,0.2706485748291016,0.2497309335072836,0.2894961897532145,positive,raw mismatch; absolute,192,0,0,24,0,0
RESIDENT40|FULL|NOVEL_C1|U,0.7293514251708985,0.7105038102467854,0.7502690664927163,positive,raw accuracy; absolute,192,0,0,24,0,0
RESIDENT40|FULL|NOVEL_C1|U0,0.7163035074869791,0.6938170115152995,0.7402376810709635,positive,raw accuracy; absolute,192,0,0,24,0,0
RESIDENT40|FULL|NOVEL_C1|U1,0.7330729166666666,0.7139156341552735,0.753555425008138,positive,raw accuracy; absolute,192,0,0,24,0,0
RESIDENT40|FULL|NOVEL_C1|U40,0.7252604166666666,0.7057843526204427,0.7478800455729167,positive,raw accuracy; absolute,192,0,0,24,0,0
RESIDENT40|FULL|SHAM_C0|D40,-0.0029296875,-0.0185546875,0.017097981770833288,unresolved,carrier frequency change; absolute,14,177,1,6,17,1
RESIDENT40|FULL|SHAM_C0|E1,0.73004150390625,0.7113239288330078,0.751149876912435,positive,raw accuracy; absolute,192,0,0,24,0,0
RESIDENT40|FULL|SHAM_C0|E2,0.7285868326822916,0.7095902252197266,0.7499462636311849,positive,raw accuracy; absolute,192,0,0,24,0,0
RESIDENT40|FULL|SHAM_C0|E3,0.7300669352213541,0.7112744903564454,0.7511257934570313,positive,raw accuracy; absolute,192,0,0,24,0,0
RESIDENT40|FULL|SHAM_C0|E4,0.7287261962890624,0.7097463989257813,0.750069580078125,positive,raw accuracy; absolute,192,0,0,24,0,0
RESIDENT40|FULL|SHAM_C0|E5,0.7302347819010416,0.7114826202392579,0.7512534840901691,positive,raw accuracy; absolute,192,0,0,24,0,0
RESIDENT40|FULL|SHAM_C0|E6,0.7285237630208332,0.7094954172770183,0.7499759928385417,positive,raw accuracy; absolute,192,0,0,24,0,0
RESIDENT40|FULL|SHAM_C0|E7,0.7301371256510416,0.7113826497395833,0.7512016042073567,positive,raw accuracy; absolute,192,0,0,24,0,0
RESIDENT40|FULL|SHAM_C0|E8,0.7285664876302084,0.7095726776123047,0.749921162923177,positive,raw accuracy; absolute,192,0,0,24,0,0
RESIDENT40|FULL|SHAM_C0|F,0.03073323567708333,0.020158996582031248,0.04376932779947915,positive,carrier frequency; absolute,125,0,67,24,0,0
RESIDENT40|FULL|SHAM_C0|F0,0.03125,0.03125,0.03125,positive,carrier frequency; absolute,192,0,0,24,0,0
RESIDENT40|FULL|SHAM_C0|F1,0.02880859375,0.02554931640625,0.032389322916666664,positive,carrier frequency; absolute,125,0,67,24,0,0
RESIDENT40|FULL|SHAM_C0|F40,0.0283203125,0.0126953125,0.04834798177083329,positive,carrier frequency; absolute,15,0,177,13,0,11
RESIDENT40|FULL|SHAM_C0|FE1,0.029199218749999995,0.02587890625,0.032942708333333334,positive,carrier frequency; absolute,125,0,67,24,0,0
RESIDENT40|FULL|SHAM_C0|FE2,0.03056640625,0.022232259114583333,0.040039876302083326,positive,carrier frequency; absolute,55,0,137,24,0,0
RESIDENT40|FULL|SHAM_C0|FE3,0.03362630208333334,0.022623697916666668,0.04599690755208333,positive,carrier frequency; absolute,34,0,158,22,0,2
RESIDENT40|FULL|SHAM_C0|FE4,0.03528645833333333,0.022591145833333336,0.05029947916666663,positive,carrier frequency; absolute,28,0,164,19,0,5
RESIDENT40|FULL|SHAM_C0|FE5,0.03046875,0.01682861328125,0.04739827473958332,positive,carrier frequency; absolute,23,0,169,18,0,6
RESIDENT40|FULL|SHAM_C0|FE6,0.03030598958333333,0.015753580729166664,0.04804768880208332,positive,carrier frequency; absolute,18,0,174,15,0,9
RESIDENT40|FULL|SHAM_C0|FE7,0.029427083333333336,0.0150390625,0.04671468098958332,positive,carrier frequency; absolute,16,0,176,14,0,10
RESIDENT40|FULL|SHAM_C0|FE8,0.026985677083333336,0.012532552083333334,0.046191406250000004,positive,carrier frequency; absolute,15,0,177,13,0,11
RESIDENT40|FULL|SHAM_C0|MLOSS,0.2706395467122396,0.24973456700642904,0.2894812901814779,positive,raw mismatch; absolute,192,0,0,24,0,0
RESIDENT40|FULL|SHAM_C0|U,0.7293604532877604,0.7105187098185222,0.7502654329935708,positive,raw accuracy; absolute,192,0,0,24,0,0
RESIDENT40|FULL|SHAM_C0|U0,0.7163035074869791,0.6938170115152995,0.7402376810709635,positive,raw accuracy; absolute,192,0,0,24,0,0
RESIDENT40|FULL|SHAM_C0|U1,0.7331339518229166,0.7140061696370443,0.7535858154296875,positive,raw accuracy; absolute,192,0,0,24,0,0
RESIDENT40|FULL|SHAM_C0|U40,0.7253367106119791,0.7059220631917318,0.7478744506835937,positive,raw accuracy; absolute,192,0,0,24,0,0
RESIDENT40|FULL|SHAM_C1|D40,-0.03125,-0.03125,-0.03125,negative,carrier frequency change; absolute,0,192,0,0,24,0
RESIDENT40|FULL|SHAM_C1|E1,0.7300740559895834,0.7113525899251303,0.7511071523030599,positive,raw accuracy; absolute,192,0,0,24,0,0
RESIDENT40|FULL|SHAM_C1|E2,0.7286112467447916,0.7096382904052734,0.749976298014323,positive,raw accuracy; absolute,192,0,0,24,0,0
RESIDENT40|FULL|SHAM_C1|E3,0.7300842285156249,0.7113005065917968,0.7511361694335936,positive,raw accuracy; absolute,192,0,0,24,0,0
RESIDENT40|FULL|SHAM_C1|E4,0.7287150065104168,0.7097260284423829,0.7500542195638021,positive,raw accuracy; absolute,192,0,0,24,0,0
RESIDENT40|FULL|SHAM_C1|E5,0.73013916015625,0.7113222249348958,0.7512112935384115,positive,raw accuracy; absolute,192,0,0,24,0,0
RESIDENT40|FULL|SHAM_C1|E6,0.7285166422526043,0.7094640350341797,0.7499557240804038,positive,raw accuracy; absolute,192,0,0,24,0,0
RESIDENT40|FULL|SHAM_C1|E7,0.730132039388021,0.7113537343343099,0.751189727783203,positive,raw accuracy; absolute,192,0,0,24,0,0
RESIDENT40|FULL|SHAM_C1|E8,0.7285329182942708,0.709549789428711,0.7499260203043618,positive,raw accuracy; absolute,192,0,0,24,0,0
RESIDENT40|FULL|SHAM_C1|F,3.255208333333333e-05,8.138020833333333e-06,6.103515625e-05,positive,carrier frequency; absolute,8,0,184,6,0,18
RESIDENT40|FULL|SHAM_C1|F0,0.03125,0.03125,0.03125,positive,carrier frequency; absolute,192,0,0,24,0,0
RESIDENT40|FULL|SHAM_C1|F1,0.0013020833333333333,0.0003255208333333333,0.00244140625,positive,carrier frequency; absolute,8,0,184,6,0,18
RESIDENT40|FULL|SHAM_C1|F40,0.0,0.0,0.0,observed_exact_zero,sampled equality; not a design guarantee,0,0,192,0,0,24
RESIDENT40|FULL|SHAM_C1|FE1,0.00026041666666666666,6.510416666666667e-05,0.00048828125,positive,carrier frequency; absolute,8,0,184,6,0,18
RESIDENT40|FULL|SHAM_C1|FE2,0.0,0.0,0.0,observed_exact_zero,sampled equality; not a design guarantee,0,0,192,0,0,24
RESIDENT40|FULL|SHAM_C1|FE3,0.0,0.0,0.0,observed_exact_zero,sampled equality; not a design guarantee,0,0,192,0,0,24
RESIDENT40|FULL|SHAM_C1|FE4,0.0,0.0,0.0,observed_exact_zero,sampled equality; not a design guarantee,0,0,192,0,0,24
RESIDENT40|FULL|SHAM_C1|FE5,0.0,0.0,0.0,observed_exact_zero,sampled equality; not a design guarantee,0,0,192,0,0,24
RESIDENT40|FULL|SHAM_C1|FE6,0.0,0.0,0.0,observed_exact_zero,sampled equality; not a design guarantee,0,0,192,0,0,24
RESIDENT40|FULL|SHAM_C1|FE7,0.0,0.0,0.0,observed_exact_zero,sampled equality; not a design guarantee,0,0,192,0,0,24
RESIDENT40|FULL|SHAM_C1|FE8,0.0,0.0,0.0,observed_exact_zero,sampled equality; not a design guarantee,0,0,192,0,0,24
RESIDENT40|FULL|SHAM_C1|MLOSS,0.2706493377685547,0.24973097165425623,0.28949697176615397,positive,raw mismatch; absolute,192,0,0,24,0,0
RESIDENT40|FULL|SHAM_C1|U,0.7293506622314454,0.7105030282338461,0.7502690283457437,positive,raw accuracy; absolute,192,0,0,24,0,0
RESIDENT40|FULL|SHAM_C1|U0,0.7163035074869791,0.6938170115152995,0.7402376810709635,positive,raw accuracy; absolute,192,0,0,24,0,0
RESIDENT40|FULL|SHAM_C1|U1,0.7330780029296875,0.7139205932617188,0.7535603841145834,positive,raw accuracy; absolute,192,0,0,24,0,0
RESIDENT40|FULL|SHAM_C1|U40,0.7252604166666666,0.7057843526204427,0.7478800455729167,positive,raw accuracy; absolute,192,0,0,24,0,0
RESIDENT40|HALF_MINUS_ZERO|ACTIVE_C0-NOVEL_C0|D40,0.10498046875,0.039388020833333336,0.17561848958333334,positive,carrier frequency change; direct law difference,28,11,153,13,3,8
RESIDENT40|HALF_MINUS_ZERO|ACTIVE_C0-NOVEL_C0|E1,0.0002217610677083537,-0.00044151306152342913,0.0008453623453776306,unresolved,raw accuracy; direct law difference,55,40,97,10,10,4
RESIDENT40|HALF_MINUS_ZERO|ACTIVE_C0-NOVEL_C0|E2,0.00036926269531246947,-0.0016795857747395752,0.002424138387044259,unresolved,raw accuracy; direct law difference,55,60,77,12,12,0
RESIDENT40|HALF_MINUS_ZERO|ACTIVE_C0-NOVEL_C0|E3,0.0015797932942708444,-0.0010373433430989135,0.004395370483398442,unresolved,raw accuracy; direct law difference,64,52,76,14,9,1
RESIDENT40|HALF_MINUS_ZERO|ACTIVE_C0-NOVEL_C0|E4,-0.0009379069010416371,-0.0033021545410156284,0.0014791361490885707,unresolved,raw accuracy; direct law difference,51,65,76,11,13,0
RESIDENT40|HALF_MINUS_ZERO|ACTIVE_C0-NOVEL_C0|E5,0.00047098795572915464,-0.00260200500488283,0.003194885253906237,unresolved,raw accuracy; direct law difference,58,57,77,12,11,1
RESIDENT40|HALF_MINUS_ZERO|ACTIVE_C0-NOVEL_C0|E6,0.0036142985026041685,0.0006416066487629879,0.006829681396484396,positive,raw accuracy; direct law difference,68,48,76,17,7,0
RESIDENT40|HALF_MINUS_ZERO|ACTIVE_C0-NOVEL_C0|E7,0.0029001871744791705,-0.00041320800781251206,0.006305007934570346,unresolved,raw accuracy; direct law difference,66,50,76,12,12,0
RESIDENT40|HALF_MINUS_ZERO|ACTIVE_C0-NOVEL_C0|E8,0.00024108886718749814,-0.0024948120117187665,0.0028697967529297177,unresolved,raw accuracy; direct law difference,61,55,76,10,14,0
RESIDENT40|HALF_MINUS_ZERO|ACTIVE_C0-NOVEL_C0|F,0.06484374999999999,0.020507710774739587,0.11079569498697917,positive,carrier frequency; direct law difference,56,35,101,17,7,0
RESIDENT40|HALF_MINUS_ZERO|ACTIVE_C0-NOVEL_C0|F0,0.0,0.0,0.0,structural_zero,design-implied zero,0,0,192,0,0,24
RESIDENT40|HALF_MINUS_ZERO|ACTIVE_C0-NOVEL_C0|F1,0.0,0.0,0.0,structural_zero,design-implied zero,0,0,192,0,0,24
RESIDENT40|HALF_MINUS_ZERO|ACTIVE_C0-NOVEL_C0|F40,0.10498046875,0.039388020833333336,0.17561848958333334,positive,carrier frequency; direct law difference,28,11,153,13,3,8
RESIDENT40|HALF_MINUS_ZERO|ACTIVE_C0-NOVEL_C0|FE1,0.005924479166666666,0.002343750000000001,0.009343261718749994,positive,carrier frequency; direct law difference,48,27,117,14,6,4
RESIDENT40|HALF_MINUS_ZERO|ACTIVE_C0-NOVEL_C0|FE2,0.03655598958333334,0.011587727864583333,0.06113362630208333,positive,carrier frequency; direct law difference,52,30,110,16,7,1
RESIDENT40|HALF_MINUS_ZERO|ACTIVE_C0-NOVEL_C0|FE3,0.050455729166666664,0.011421712239583336,0.09131754557291662,positive,carrier frequency; direct law difference,36,25,131,17,6,1
RESIDENT40|HALF_MINUS_ZERO|ACTIVE_C0-NOVEL_C0|FE4,0.05852864583333334,0.006346028645833333,0.11429931640624996,positive,carrier frequency; direct law difference,32,19,141,16,7,1
RESIDENT40|HALF_MINUS_ZERO|ACTIVE_C0-NOVEL_C0|FE5,0.07561848958333334,0.014933268229166671,0.1405354817708333,positive,carrier frequency; direct law difference,31,17,144,16,6,2
RESIDENT40|HALF_MINUS_ZERO|ACTIVE_C0-NOVEL_C0|FE6,0.09208984375,0.029912923177083335,0.1563509114583333,positive,carrier frequency; direct law difference,30,15,147,15,6,3
RESIDENT40|HALF_MINUS_ZERO|ACTIVE_C0-NOVEL_C0|FE7,0.09697265625,0.03319498697916667,0.16390218098958334,positive,carrier frequency; direct law difference,28,12,152,14,4,6
RESIDENT40|HALF_MINUS_ZERO|ACTIVE_C0-NOVEL_C0|FE8,0.10260416666666666,0.03843098958333333,0.17215413411458322,positive,carrier frequency; direct law difference,28,12,152,14,4,6
RESIDENT40|HALF_MINUS_ZERO|ACTIVE_C0-NOVEL_C0|MLOSS,-0.0010574340820312597,-0.0021352767944336037,-1.900355021160746e-05,negative,raw mismatch; direct law difference,49,67,76,10,14,0
RESIDENT40|HALF_MINUS_ZERO|ACTIVE_C0-NOVEL_C0|U,0.0010574340820312667,1.9003550211603327e-05,0.002135276794433608,positive,raw accuracy; direct law difference,67,49,76,14,10,0
RESIDENT40|HALF_MINUS_ZERO|ACTIVE_C0-NOVEL_C0|U0,0.0,0.0,0.0,structural_zero,design-implied zero,0,0,192,0,0,24
RESIDENT40|HALF_MINUS_ZERO|ACTIVE_C0-NOVEL_C0|U1,0.0,0.0,0.0,structural_zero,design-implied zero,0,0,192,0,0,24
RESIDENT40|HALF_MINUS_ZERO|ACTIVE_C0-NOVEL_C0|U40,-0.0019734700520833335,-0.007970174153645834,0.0036978403727213538,unresolved,raw accuracy; direct law difference,60,53,79,11,13,0
RESIDENT40|HALF_MINUS_ZERO|ACTIVE_C0-SHAM_C0|D40,0.05810546875,0.008138020833333334,0.10726318359374998,positive,carrier frequency change; direct law difference,19,9,164,11,4,9
RESIDENT40|HALF_MINUS_ZERO|ACTIVE_C0-SHAM_C0|E1,-0.00015869140625000833,-0.0005859629313151218,0.00027570088704424674,unresolved,raw accuracy; direct law difference,24,33,135,9,11,4
RESIDENT40|HALF_MINUS_ZERO|ACTIVE_C0-SHAM_C0|E2,9.358723958332223e-05,-0.0012728118896484142,0.0012757619222005018,unresolved,raw accuracy; direct law difference,43,38,111,16,8,0
RESIDENT40|HALF_MINUS_ZERO|ACTIVE_C0-SHAM_C0|E3,0.0004445393880208176,-0.0016530863444010608,0.0025953674316406216,unresolved,raw accuracy; direct law difference,42,40,110,15,9,0
RESIDENT40|HALF_MINUS_ZERO|ACTIVE_C0-SHAM_C0|E4,0.00171101888020835,-0.0005127207438150873,0.004178899129231813,unresolved,raw accuracy; direct law difference,49,33,110,13,11,0
RESIDENT40|HALF_MINUS_ZERO|ACTIVE_C0-SHAM_C0|E5,-0.00027465820312497224,-0.0025239054361978607,0.0019899749755859257,unresolved,raw accuracy; direct law difference,33,49,110,11,13,0
RESIDENT40|HALF_MINUS_ZERO|ACTIVE_C0-SHAM_C0|E6,0.0020050048828124992,-0.00042526245117186374,0.004722086588541651,unresolved,raw accuracy; direct law difference,47,35,110,14,9,1
RESIDENT40|HALF_MINUS_ZERO|ACTIVE_C0-SHAM_C0|E7,0.0022572835286458156,-0.00011138916015627367,0.004636739095052057,unresolved,raw accuracy; direct law difference,41,41,110,14,10,0
RESIDENT40|HALF_MINUS_ZERO|ACTIVE_C0-SHAM_C0|E8,0.0008494059244791666,-0.0007561747233072613,0.0026225280761718855,unresolved,raw accuracy; direct law difference,42,40,110,14,10,0
RESIDENT40|HALF_MINUS_ZERO|ACTIVE_C0-SHAM_C0|F,0.039538574218750004,0.010584818522135424,0.07061676025390624,positive,carrier frequency; direct law difference,49,30,113,18,6,0
RESIDENT40|HALF_MINUS_ZERO|ACTIVE_C0-SHAM_C0|F0,0.0,0.0,0.0,structural_zero,design-implied zero,0,0,192,0,0,24
RESIDENT40|HALF_MINUS_ZERO|ACTIVE_C0-SHAM_C0|F1,0.0,0.0,0.0,structural_zero,design-implied zero,0,0,192,0,0,24
RESIDENT40|HALF_MINUS_ZERO|ACTIVE_C0-SHAM_C0|F40,0.05810546875,0.008138020833333334,0.10726318359374998,positive,carrier frequency; direct law difference,19,9,164,11,4,9
RESIDENT40|HALF_MINUS_ZERO|ACTIVE_C0-SHAM_C0|FE1,0.0022786458333333343,-0.0007486979166666656,0.005143229166666667,unresolved,carrier frequency; direct law difference,31,23,138,13,6,5
RESIDENT40|HALF_MINUS_ZERO|ACTIVE_C0-SHAM_C0|FE2,0.023307291666666664,0.0007804361979166628,0.04557454427083332,positive,carrier frequency; direct law difference,44,33,115,15,9,0
RESIDENT40|HALF_MINUS_ZERO|ACTIVE_C0-SHAM_C0|FE3,0.03570963541666667,0.004781901041666669,0.06725423177083331,positive,carrier frequency; direct law difference,34,23,135,15,8,1
RESIDENT40|HALF_MINUS_ZERO|ACTIVE_C0-SHAM_C0|FE4,0.039713541666666664,0.002504882812499998,0.0822005208333333,positive,carrier frequency; direct law difference,28,17,147,15,7,2
RESIDENT40|HALF_MINUS_ZERO|ACTIVE_C0-SHAM_C0|FE5,0.04638671875,0.005531412760416664,0.0916015625,positive,carrier frequency; direct law difference,25,13,154,13,7,4
RESIDENT40|HALF_MINUS_ZERO|ACTIVE_C0-SHAM_C0|FE6,0.055859374999999996,0.012955729166666671,0.10107747395833332,positive,carrier frequency; direct law difference,24,12,156,13,5,6
RESIDENT40|HALF_MINUS_ZERO|ACTIVE_C0-SHAM_C0|FE7,0.056835937499999996,0.009302571614583333,0.10446126302083332,positive,carrier frequency; direct law difference,21,9,162,12,5,7
RESIDENT40|HALF_MINUS_ZERO|ACTIVE_C0-SHAM_C0|FE8,0.05621744791666666,0.007158203124999999,0.10488281250000002,positive,carrier frequency; direct law difference,19,9,164,11,4,9
RESIDENT40|HALF_MINUS_ZERO|ACTIVE_C0-SHAM_C0|MLOSS,-0.0008659362792968727,-0.001937166849772118,0.00017995834350586018,unresolved,raw mismatch; direct law difference,32,50,110,9,15,0
RESIDENT40|HALF_MINUS_ZERO|ACTIVE_C0-SHAM_C0|U,0.0008659362792968703,-0.0001799583435058664,0.001937166849772152,unresolved,raw accuracy; direct law difference,50,32,110,15,9,0
RESIDENT40|HALF_MINUS_ZERO|ACTIVE_C0-SHAM_C0|U0,0.0,0.0,0.0,structural_zero,design-implied zero,0,0,192,0,0,24
RESIDENT40|HALF_MINUS_ZERO|ACTIVE_C0-SHAM_C0|U1,0.0,0.0,0.0,structural_zero,design-implied zero,0,0,192,0,0,24
RESIDENT40|HALF_MINUS_ZERO|ACTIVE_C0-SHAM_C0|U40,-0.00213623046875,-0.0066289265950520825,0.001928329467773434,unresolved,raw accuracy; direct law difference,41,40,111,11,13,0
RESIDENT40|HALF_MINUS_ZERO|ACTIVE_C1-NOVEL_C1|D40,0.0,0.0,0.0,observed_exact_zero,sampled equality; not a design guarantee,0,0,192,0,0,24
RESIDENT40|HALF_MINUS_ZERO|ACTIVE_C1-NOVEL_C1|E1,-0.00016682942708332502,-0.0003957112630208111,0.0,unresolved,raw accuracy; direct law difference,0,3,189,0,3,21
RESIDENT40|HALF_MINUS_ZERO|ACTIVE_C1-NOVEL_C1|E2,4.57763671875e-05,-6.30696614583361e-05,0.00018119812011718867,unresolved,raw accuracy; direct law difference,2,1,189,2,1,21
RESIDENT40|HALF_MINUS_ZERO|ACTIVE_C1-NOVEL_C1|E3,0.00011189778645832871,-0.00011393229166666481,0.0004191080729166602,unresolved,raw accuracy; direct law difference,2,1,189,2,1,21
RESIDENT40|HALF_MINUS_ZERO|ACTIVE_C1-NOVEL_C1|E4,0.00016377766927083703,-0.0001586914062500037,0.0005422210693359486,unresolved,raw accuracy; direct law difference,2,1,189,2,1,21
RESIDENT40|HALF_MINUS_ZERO|ACTIVE_C1-NOVEL_C1|E5,-0.00023498535156249908,-0.0006876881917317562,0.00010172526041666667,unresolved,raw accuracy; direct law difference,1,2,189,1,2,21
RESIDENT40|HALF_MINUS_ZERO|ACTIVE_C1-NOVEL_C1|E6,-7.731119791666574e-05,-0.00026245117187500183,8.951822916666852e-05,unresolved,raw accuracy; direct law difference,1,2,189,1,2,21
RESIDENT40|HALF_MINUS_ZERO|ACTIVE_C1-NOVEL_C1|E7,-0.00013529459635416852,-0.0005696614583333287,0.00012003580729165926,unresolved,raw accuracy; direct law difference,1,2,189,1,2,21
RESIDENT40|HALF_MINUS_ZERO|ACTIVE_C1-NOVEL_C1|E8,-9.663899739582871e-05,-0.0003224690755208269,6.103515625000926e-05,unresolved,raw accuracy; direct law difference,1,2,189,1,2,21
RESIDENT40|HALF_MINUS_ZERO|ACTIVE_C1-NOVEL_C1|F,5.289713541666666e-05,0.0,0.00015869140624999998,unresolved,carrier frequency; direct law difference,1,0,191,1,0,23
RESIDENT40|HALF_MINUS_ZERO|ACTIVE_C1-NOVEL_C1|F0,0.0,0.0,0.0,structural_zero,design-implied zero,0,0,192,0,0,24
RESIDENT40|HALF_MINUS_ZERO|ACTIVE_C1-NOVEL_C1|F1,0.0,0.0,0.0,structural_zero,design-implied zero,0,0,192,0,0,24
RESIDENT40|HALF_MINUS_ZERO|ACTIVE_C1-NOVEL_C1|F40,0.0,0.0,0.0,observed_exact_zero,sampled equality; not a design guarantee,0,0,192,0,0,24
RESIDENT40|HALF_MINUS_ZERO|ACTIVE_C1-NOVEL_C1|FE1,0.0004231770833333333,0.0,0.0012695312499999998,unresolved,carrier frequency; direct law difference,1,0,191,1,0,23
RESIDENT40|HALF_MINUS_ZERO|ACTIVE_C1-NOVEL_C1|FE2,0.0,0.0,0.0,observed_exact_zero,sampled equality; not a design guarantee,0,0,192,0,0,24
RESIDENT40|HALF_MINUS_ZERO|ACTIVE_C1-NOVEL_C1|FE3,0.0,0.0,0.0,observed_exact_zero,sampled equality; not a design guarantee,0,0,192,0,0,24
RESIDENT40|HALF_MINUS_ZERO|ACTIVE_C1-NOVEL_C1|FE4,0.0,0.0,0.0,observed_exact_zero,sampled equality; not a design guarantee,0,0,192,0,0,24
RESIDENT40|HALF_MINUS_ZERO|ACTIVE_C1-NOVEL_C1|FE5,0.0,0.0,0.0,observed_exact_zero,sampled equality; not a design guarantee,0,0,192,0,0,24
RESIDENT40|HALF_MINUS_ZERO|ACTIVE_C1-NOVEL_C1|FE6,0.0,0.0,0.0,observed_exact_zero,sampled equality; not a design guarantee,0,0,192,0,0,24
RESIDENT40|HALF_MINUS_ZERO|ACTIVE_C1-NOVEL_C1|FE7,0.0,0.0,0.0,observed_exact_zero,sampled equality; not a design guarantee,0,0,192,0,0,24
RESIDENT40|HALF_MINUS_ZERO|ACTIVE_C1-NOVEL_C1|FE8,0.0,0.0,0.0,observed_exact_zero,sampled equality; not a design guarantee,0,0,192,0,0,24
RESIDENT40|HALF_MINUS_ZERO|ACTIVE_C1-NOVEL_C1|MLOSS,4.870096842448287e-05,0.0,0.00010528564453125174,unresolved,raw mismatch; direct law difference,3,0,189,3,0,21
RESIDENT40|HALF_MINUS_ZERO|ACTIVE_C1-NOVEL_C1|U,-4.870096842448287e-05,-0.00010528564453125833,0.0,unresolved,raw accuracy; direct law difference,0,3,189,0,3,21
RESIDENT40|HALF_MINUS_ZERO|ACTIVE_C1-NOVEL_C1|U0,0.0,0.0,0.0,structural_zero,design-implied zero,0,0,192,0,0,24
RESIDENT40|HALF_MINUS_ZERO|ACTIVE_C1-NOVEL_C1|U1,0.0,0.0,0.0,structural_zero,design-implied zero,0,0,192,0,0,24
RESIDENT40|HALF_MINUS_ZERO|ACTIVE_C1-NOVEL_C1|U40,-0.000152587890625,-0.0007731119791666666,0.0004781087239583333,unresolved,raw accuracy; direct law difference,1,2,189,1,2,21
RESIDENT40|HALF_MINUS_ZERO|ACTIVE_C1-SHAM_C1|D40,0.0,0.0,0.0,observed_exact_zero,sampled equality; not a design guarantee,0,0,192,0,0,24
RESIDENT40|HALF_MINUS_ZERO|ACTIVE_C1-SHAM_C1|E1,-0.00013224283854165741,-0.0003417968749999852,0.0,unresolved,raw accuracy; direct law difference,0,2,190,0,2,22
RESIDENT40|HALF_MINUS_ZERO|ACTIVE_C1-SHAM_C1|E2,7.019042968750093e-05,0.0,0.00020039876302083612,unresolved,raw accuracy; direct law difference,2,0,190,2,0,22
RESIDENT40|HALF_MINUS_ZERO|ACTIVE_C1-SHAM_C1|E3,-7.1207682291694425e-06,-0.00017089843749999722,0.00013547261555987828,unresolved,raw accuracy; direct law difference,1,1,190,1,1,22
RESIDENT40|HALF_MINUS_ZERO|ACTIVE_C1-SHAM_C1|E4,5.5948893229166664e-05,-0.00023803710937500555,0.00040588378906250555,unresolved,raw accuracy; direct law difference,1,1,190,1,1,22
RESIDENT40|HALF_MINUS_ZERO|ACTIVE_C1-SHAM_C1|E5,-0.00011698404947916204,-0.0005035400390624861,0.000152587890625,unresolved,raw accuracy; direct law difference,1,1,190,1,1,22
RESIDENT40|HALF_MINUS_ZERO|ACTIVE_C1-SHAM_C1|E6,-0.0001220703125,-0.0003031412760416639,0.0,unresolved,raw accuracy; direct law difference,0,2,190,0,2,22
RESIDENT40|HALF_MINUS_ZERO|ACTIVE_C1-SHAM_C1|E7,4.374186197916389e-05,-4.8828124999997224e-05,0.0001800537109374889,unresolved,raw accuracy; direct law difference,1,1,190,1,1,22
RESIDENT40|HALF_MINUS_ZERO|ACTIVE_C1-SHAM_C1|E8,-7.222493489583241e-05,-0.0003021240234375028,8.544921875000555e-05,unresolved,raw accuracy; direct law difference,1,1,190,1,1,22
RESIDENT40|HALF_MINUS_ZERO|ACTIVE_C1-SHAM_C1|F,5.289713541666666e-05,0.0,0.00015869140624999998,unresolved,carrier frequency; direct law difference,1,0,191,1,0,23
RESIDENT40|HALF_MINUS_ZERO|ACTIVE_C1-SHAM_C1|F0,0.0,0.0,0.0,structural_zero,design-implied zero,0,0,192,0,0,24
RESIDENT40|HALF_MINUS_ZERO|ACTIVE_C1-SHAM_C1|F1,0.0,0.0,0.0,structural_zero,design-implied zero,0,0,192,0,0,24
RESIDENT40|HALF_MINUS_ZERO|ACTIVE_C1-SHAM_C1|F40,0.0,0.0,0.0,observed_exact_zero,sampled equality; not a design guarantee,0,0,192,0,0,24
RESIDENT40|HALF_MINUS_ZERO|ACTIVE_C1-SHAM_C1|FE1,0.0004231770833333333,0.0,0.0012695312499999998,unresolved,carrier frequency; direct law difference,1,0,191,1,0,23
RESIDENT40|HALF_MINUS_ZERO|ACTIVE_C1-SHAM_C1|FE2,0.0,0.0,0.0,observed_exact_zero,sampled equality; not a design guarantee,0,0,192,0,0,24
RESIDENT40|HALF_MINUS_ZERO|ACTIVE_C1-SHAM_C1|FE3,0.0,0.0,0.0,observed_exact_zero,sampled equality; not a design guarantee,0,0,192,0,0,24
RESIDENT40|HALF_MINUS_ZERO|ACTIVE_C1-SHAM_C1|FE4,0.0,0.0,0.0,observed_exact_zero,sampled equality; not a design guarantee,0,0,192,0,0,24
RESIDENT40|HALF_MINUS_ZERO|ACTIVE_C1-SHAM_C1|FE5,0.0,0.0,0.0,observed_exact_zero,sampled equality; not a design guarantee,0,0,192,0,0,24
RESIDENT40|HALF_MINUS_ZERO|ACTIVE_C1-SHAM_C1|FE6,0.0,0.0,0.0,observed_exact_zero,sampled equality; not a design guarantee,0,0,192,0,0,24
RESIDENT40|HALF_MINUS_ZERO|ACTIVE_C1-SHAM_C1|FE7,0.0,0.0,0.0,observed_exact_zero,sampled equality; not a design guarantee,0,0,192,0,0,24
RESIDENT40|HALF_MINUS_ZERO|ACTIVE_C1-SHAM_C1|FE8,0.0,0.0,0.0,observed_exact_zero,sampled equality; not a design guarantee,0,0,192,0,0,24
RESIDENT40|HALF_MINUS_ZERO|ACTIVE_C1-SHAM_C1|MLOSS,3.5095214843755086e-05,0.0,8.951822916668008e-05,unresolved,raw mismatch; direct law difference,2,0,190,2,0,22
RESIDENT40|HALF_MINUS_ZERO|ACTIVE_C1-SHAM_C1|U,-3.5095214843752776e-05,-8.951822916667314e-05,0.0,unresolved,raw accuracy; direct law difference,0,2,190,0,2,22
RESIDENT40|HALF_MINUS_ZERO|ACTIVE_C1-SHAM_C1|U0,0.0,0.0,0.0,structural_zero,design-implied zero,0,0,192,0,0,24
RESIDENT40|HALF_MINUS_ZERO|ACTIVE_C1-SHAM_C1|U1,0.0,0.0,0.0,structural_zero,design-implied zero,0,0,192,0,0,24
RESIDENT40|HALF_MINUS_ZERO|ACTIVE_C1-SHAM_C1|U40,1.0172526041666666e-05,-0.0005902608235677083,0.000640869140625,unresolved,raw accuracy; direct law difference,1,1,190,1,1,22
RESIDENT40|HALF|ACTIVE_C0-NOVEL_C0|D40,0.103515625,0.052083333333333336,0.15625,positive,carrier frequency change; first minus second arm,23,3,166,14,1,9
RESIDENT40|HALF|ACTIVE_C0-NOVEL_C0|E1,0.0004882812500000092,8.435567220053607e-05,0.0008728535970052325,positive,raw accuracy; first minus second arm,54,38,100,17,6,1
RESIDENT40|HALF|ACTIVE_C0-NOVEL_C0|E2,0.000781249999999988,-0.0003194427490234703,0.0019043223063151152,unresolved,raw accuracy; first minus second arm,57,49,86,15,9,0
RESIDENT40|HALF|ACTIVE_C0-NOVEL_C0|E3,0.0022674560546875194,-0.0002006022135416867,0.004931716918945337,unresolved,raw accuracy; first minus second arm,58,50,84,14,10,0
RESIDENT40|HALF|ACTIVE_C0-NOVEL_C0|E4,0.0012420654296875177,-0.0014486440022786367,0.0039068857828776105,unresolved,raw accuracy; first minus second arm,51,57,84,14,10,0
RESIDENT40|HALF|ACTIVE_C0-NOVEL_C0|E5,0.0007944742838541796,-0.0017183176676432343,0.0034672292073567707,unresolved,raw accuracy; first minus second arm,48,60,84,12,12,0
RESIDENT40|HALF|ACTIVE_C0-NOVEL_C0|E6,0.004296874999999996,0.0017496490478515676,0.0070499420166015465,positive,raw accuracy; first minus second arm,66,41,85,16,8,0
RESIDENT40|HALF|ACTIVE_C0-NOVEL_C0|E7,0.0031107584635416594,0.0008780670166015505,0.005575205485026029,positive,raw accuracy; first minus second arm,64,44,84,17,7,0
RESIDENT40|HALF|ACTIVE_C0-NOVEL_C0|E8,-0.00013020833333333057,-0.0021690114339192605,0.0019290161132812609,unresolved,raw accuracy; first minus second arm,56,52,84,10,14,0
RESIDENT40|HALF|ACTIVE_C0-NOVEL_C0|F,0.07699381510416667,0.04123067220052083,0.1131537882486979,positive,carrier frequency; first minus second arm,98,15,79,20,4,0
RESIDENT40|HALF|ACTIVE_C0-NOVEL_C0|F0,0.0,0.0,0.0,structural_zero,design-implied zero,0,0,192,0,0,24
RESIDENT40|HALF|ACTIVE_C0-NOVEL_C0|F1,0.008951822916666666,0.006673177083333333,0.01123046875,positive,carrier frequency; first minus second arm,59,4,129,22,0,2
RESIDENT40|HALF|ACTIVE_C0-NOVEL_C0|F40,0.103515625,0.052083333333333336,0.15625,positive,carrier frequency; first minus second arm,23,3,166,14,1,9
RESIDENT40|HALF|ACTIVE_C0-NOVEL_C0|FE1,0.02493489583333333,0.01982421875,0.029687500000000002,positive,carrier frequency; first minus second arm,99,12,81,23,1,0
RESIDENT40|HALF|ACTIVE_C0-NOVEL_C0|FE2,0.056640625,0.03518717447916667,0.07767008463541668,positive,carrier frequency; first minus second arm,55,10,127,21,3,0
RESIDENT40|HALF|ACTIVE_C0-NOVEL_C0|FE3,0.0724609375,0.036554361979166665,0.10670898437499997,positive,carrier frequency; first minus second arm,31,7,154,19,2,3
RESIDENT40|HALF|ACTIVE_C0-NOVEL_C0|FE4,0.07604166666666667,0.03336100260416666,0.12164713541666668,positive,carrier frequency; first minus second arm,25,5,162,17,2,5
RESIDENT40|HALF|ACTIVE_C0-NOVEL_C0|FE5,0.08766276041666667,0.04218505859375,0.1371476236979166,positive,carrier frequency; first minus second arm,23,4,165,14,1,9
RESIDENT40|HALF|ACTIVE_C0-NOVEL_C0|FE6,0.09752604166666666,0.05149576822916666,0.14769042968749999,positive,carrier frequency; first minus second arm,23,3,166,14,1,9
RESIDENT40|HALF|ACTIVE_C0-NOVEL_C0|FE7,0.09918619791666668,0.052083333333333336,0.15055908203124996,positive,carrier frequency; first minus second arm,23,3,166,14,1,9
RESIDENT40|HALF|ACTIVE_C0-NOVEL_C0|FE8,0.10149739583333334,0.052083333333333336,0.1552734375,positive,carrier frequency; first minus second arm,23,3,166,14,1,9
RESIDENT40|HALF|ACTIVE_C0-NOVEL_C0|MLOSS,-0.0016063690185546913,-0.0026145362854003906,-0.0006263097127278659,negative,raw mismatch; first minus second arm,37,71,84,7,17,0
RESIDENT40|HALF|ACTIVE_C0-NOVEL_C0|U,0.001606369018554719,0.0006263097127278823,0.0026145362854004175,positive,raw accuracy; first minus second arm,71,37,84,17,7,0
RESIDENT40|HALF|ACTIVE_C0-NOVEL_C0|U0,0.0,0.0,0.0,structural_zero,design-implied zero,0,0,192,0,0,24
RESIDENT40|HALF|ACTIVE_C0-NOVEL_C0|U1,0.0,0.0,0.0,observed_exact_zero,sampled equality; not a design guarantee,0,0,192,0,0,24
RESIDENT40|HALF|ACTIVE_C0-NOVEL_C0|U40,-0.00372314453125,-0.007105890909830729,-0.0005238850911458334,negative,raw accuracy; first minus second arm,44,62,86,6,17,1
RESIDENT40|HALF|ACTIVE_C0-SHAM_C0|D40,0.09830729166666667,0.051432291666666664,0.14589843749999964,positive,carrier frequency change; first minus second arm,21,2,169,14,1,9
RESIDENT40|HALF|ACTIVE_C0-SHAM_C0|E1,0.0002858479817708324,8.951822916666377e-05,0.00048525492350259787,positive,raw accuracy; first minus second arm,37,15,140,17,5,2
RESIDENT40|HALF|ACTIVE_C0-SHAM_C0|E2,0.0005462646484375074,-0.0004213460286458114,0.0014761606852213617,unresolved,raw accuracy; first minus second arm,30,36,126,16,8,0
RESIDENT40|HALF|ACTIVE_C0-SHAM_C0|E3,0.001590983072916663,-0.00010383605957031578,0.0034241994222005195,unresolved,raw accuracy; first minus second arm,38,29,125,16,8,0
RESIDENT40|HALF|ACTIVE_C0-SHAM_C0|E4,0.002524820963541679,0.0004709879557291682,0.00469874064127607,positive,raw accuracy; first minus second arm,42,25,125,17,7,0
RESIDENT40|HALF|ACTIVE_C0-SHAM_C0|E5,0.0005310058593750305,-0.0016138966878254646,0.002736485799153682,unresolved,raw accuracy; first minus second arm,36,31,125,13,11,0
RESIDENT40|HALF|ACTIVE_C0-SHAM_C0|E6,0.00350240071614584,0.0012289683024088473,0.006078084309895837,positive,raw accuracy; first minus second arm,45,22,125,15,9,0
RESIDENT40|HALF|ACTIVE_C0-SHAM_C0|E7,0.004236857096354171,0.0024257659912109513,0.006249135335286464,positive,raw accuracy; first minus second arm,46,21,125,19,5,0
RESIDENT40|HALF|ACTIVE_C0-SHAM_C0|E8,0.001271565755208338,-0.00044514973958334963,0.0030923461914062417,unresolved,raw accuracy; first minus second arm,35,32,125,15,9,0
RESIDENT40|HALF|ACTIVE_C0-SHAM_C0|F,0.0738525390625,0.041181742350260425,0.10977335611979164,positive,carrier frequency; first minus second arm,57,10,125,20,3,1
RESIDENT40|HALF|ACTIVE_C0-SHAM_C0|F0,0.0,0.0,0.0,structural_zero,design-implied zero,0,0,192,0,0,24
RESIDENT40|HALF|ACTIVE_C0-SHAM_C0|F1,0.0,0.0,0.0,structural_zero,design-implied zero,0,0,192,0,0,24
RESIDENT40|HALF|ACTIVE_C0-SHAM_C0|F40,0.09830729166666667,0.051432291666666664,0.14589843749999964,positive,carrier frequency; first minus second arm,21,2,169,14,1,9
RESIDENT40|HALF|ACTIVE_C0-SHAM_C0|FE1,0.008007812500000001,0.00520751953125,0.01093831380208333,positive,carrier frequency; first minus second arm,46,10,136,21,0,3
RESIDENT40|HALF|ACTIVE_C0-SHAM_C0|FE2,0.04514973958333333,0.028092447916666666,0.06413248697916664,positive,carrier frequency; first minus second arm,48,10,134,21,2,1
RESIDENT40|HALF|ACTIVE_C0-SHAM_C0|FE3,0.0736328125,0.039646809895833336,0.11113688151041666,positive,carrier frequency; first minus second arm,32,5,155,18,2,4
RESIDENT40|HALF|ACTIVE_C0-SHAM_C0|FE4,0.08154296875,0.03928873697916666,0.12584960937499998,positive,carrier frequency; first minus second arm,24,4,164,15,3,6
RESIDENT40|HALF|ACTIVE_C0-SHAM_C0|FE5,0.09016927083333333,0.048535156249999996,0.13458333333333325,positive,carrier frequency; first minus second arm,22,3,167,14,3,7
RESIDENT40|HALF|ACTIVE_C0-SHAM_C0|FE6,0.0984375,0.05657226562500001,0.1447037760416666,positive,carrier frequency; first minus second arm,22,2,168,14,2,8
RESIDENT40|HALF|ACTIVE_C0-SHAM_C0|FE7,0.09726562500000001,0.05104166666666667,0.14583333333333334,positive,carrier frequency; first minus second arm,21,2,169,14,1,9
RESIDENT40|HALF|ACTIVE_C0-SHAM_C0|FE8,0.09661458333333334,0.04973958333333334,0.14583333333333334,positive,carrier frequency; first minus second arm,21,2,169,14,1,9
RESIDENT40|HALF|ACTIVE_C0-SHAM_C0|MLOSS,-0.0018112182617187496,-0.002791671752929672,-0.0009111976623535136,negative,raw mismatch; first minus second arm,18,49,125,4,20,0
RESIDENT40|HALF|ACTIVE_C0-SHAM_C0|U,0.0018112182617187565,0.0009111976623535269,0.0027916717529297016,positive,raw accuracy; first minus second arm,49,18,125,20,4,0
RESIDENT40|HALF|ACTIVE_C0-SHAM_C0|U0,0.0,0.0,0.0,structural_zero,design-implied zero,0,0,192,0,0,24
RESIDENT40|HALF|ACTIVE_C0-SHAM_C0|U1,0.0,0.0,0.0,structural_zero,design-implied zero,0,0,192,0,0,24
RESIDENT40|HALF|ACTIVE_C0-SHAM_C0|U40,-0.000823974609375,-0.0032958984375,0.0017598470052083333,unresolved,raw accuracy; first minus second arm,28,36,128,10,14,0
RESIDENT40|HALF|ACTIVE_C0|D40,0.09309895833333333,0.046875,0.14324544270833323,positive,carrier frequency change; absolute,24,168,0,16,8,0
RESIDENT40|HALF|ACTIVE_C0|E1,0.6901733398437501,0.6719785308837891,0.7088253021240234,positive,raw accuracy; absolute,192,0,0,24,0,0
RESIDENT40|HALF|ACTIVE_C0|E2,0.6352325439453125,0.6266722869873047,0.6448045094807943,positive,raw accuracy; absolute,192,0,0,24,0,0
RESIDENT40|HALF|ACTIVE_C0|E3,0.6424397786458333,0.6323364257812499,0.6542519887288412,positive,raw accuracy; absolute,192,0,0,24,0,0
RESIDENT40|HALF|ACTIVE_C0|E4,0.6393920898437501,0.6315432739257812,0.6498335266113281,positive,raw accuracy; absolute,192,0,0,24,0,0
RESIDENT40|HALF|ACTIVE_C0|E5,0.6385925292968749,0.631405766805013,0.6468210856119792,positive,raw accuracy; absolute,192,0,0,24,0,0
RESIDENT40|HALF|ACTIVE_C0|E6,0.6368123372395833,0.6301983896891276,0.6440234883626301,positive,raw accuracy; absolute,192,0,0,24,0,0
RESIDENT40|HALF|ACTIVE_C0|E7,0.63629150390625,0.6310397593180339,0.6417224629720052,positive,raw accuracy; absolute,192,0,0,24,0,0
RESIDENT40|HALF|ACTIVE_C0|E8,0.6437143961588542,0.6365299479166666,0.6511772918701172,positive,raw accuracy; absolute,192,0,0,24,0,0
RESIDENT40|HALF|ACTIVE_C0|F,0.09788004557291667,0.06481760660807291,0.13443735758463535,positive,carrier frequency; absolute,125,0,67,24,0,0
RESIDENT40|HALF|ACTIVE_C0|F0,0.03125,0.03125,0.03125,positive,carrier frequency; absolute,192,0,0,24,0,0
RESIDENT40|HALF|ACTIVE_C0|F1,0.02880859375,0.02554931640625,0.032389322916666664,positive,carrier frequency; absolute,125,0,67,24,0,0
RESIDENT40|HALF|ACTIVE_C0|F40,0.12434895833333333,0.078125,0.17449544270833323,positive,carrier frequency; absolute,24,0,168,16,0,8
RESIDENT40|HALF|ACTIVE_C0|FE1,0.03857421875,0.03401611328125,0.04309895833333333,positive,carrier frequency; absolute,125,0,67,24,0,0
RESIDENT40|HALF|ACTIVE_C0|FE2,0.07086588541666668,0.05182291666666666,0.09101725260416665,positive,carrier frequency; absolute,61,0,131,23,0,1
RESIDENT40|HALF|ACTIVE_C0|FE3,0.09498697916666665,0.059928385416666674,0.13247151692708323,positive,carrier frequency; absolute,36,0,156,20,0,4
RESIDENT40|HALF|ACTIVE_C0|FE4,0.10100911458333332,0.06135823567708334,0.14534586588541668,positive,carrier frequency; absolute,26,0,166,17,0,7
RESIDENT40|HALF|ACTIVE_C0|FE5,0.11077473958333334,0.06942545572916667,0.15812174479166657,positive,carrier frequency; absolute,24,0,168,16,0,8
RESIDENT40|HALF|ACTIVE_C0|FE6,0.12119140624999998,0.0779296875,0.16963216145833332,positive,carrier frequency; absolute,24,0,168,16,0,8
RESIDENT40|HALF|ACTIVE_C0|FE7,0.12298177083333334,0.078125,0.171875,positive,carrier frequency; absolute,24,0,168,16,0,8
RESIDENT40|HALF|ACTIVE_C0|FE8,0.12265625000000001,0.078125,0.171875,positive,carrier frequency; absolute,24,0,168,16,0,8
RESIDENT40|HALF|ACTIVE_C0|MLOSS,0.35466893513997394,0.3508157380421957,0.3580202420552572,positive,raw mismatch; absolute,192,0,0,24,0,0
RESIDENT40|HALF|ACTIVE_C0|U,0.645331064860026,0.6419797579447428,0.6491842619578043,positive,raw accuracy; absolute,192,0,0,24,0,0
RESIDENT40|HALF|ACTIVE_C0|U0,0.7163035074869791,0.6938170115152995,0.7402376810709635,positive,raw accuracy; absolute,192,0,0,24,0,0
RESIDENT40|HALF|ACTIVE_C0|U1,0.7331339518229166,0.7140061696370443,0.7535858154296875,positive,raw accuracy; absolute,192,0,0,24,0,0
RESIDENT40|HALF|ACTIVE_C0|U40,0.6326141357421875,0.6169565836588542,0.6488709767659505,positive,raw accuracy; absolute,192,0,0,24,0,0
RESIDENT40|HALF|ACTIVE_C1-NOVEL_C1|D40,0.0,0.0,0.0,observed_exact_zero,sampled equality; not a design guarantee,0,0,192,0,0,24
RESIDENT40|HALF|ACTIVE_C1-NOVEL_C1|E1,1.118977864584166e-05,-3.4612019856757975e-05,5.696614583335091e-05,unresolved,raw accuracy; first minus second arm,2,1,189,2,1,21
RESIDENT40|HALF|ACTIVE_C1-NOVEL_C1|E2,1.7293294270831483e-05,-2.7465820312502776e-05,7.01904296874963e-05,unresolved,raw accuracy; first minus second arm,1,1,190,1,1,22
RESIDENT40|HALF|ACTIVE_C1-NOVEL_C1|E3,1.52587890625e-05,-5.900065104166852e-05,0.00013427734375000278,unresolved,raw accuracy; first minus second arm,1,1,190,1,1,22
RESIDENT40|HALF|ACTIVE_C1-NOVEL_C1|E4,0.00013326009114583703,0.0,0.0003936767578125074,unresolved,raw accuracy; first minus second arm,2,0,190,2,0,22
RESIDENT40|HALF|ACTIVE_C1-NOVEL_C1|E5,-0.00017801920572916666,-0.0004597981770833361,0.0,unresolved,raw accuracy; first minus second arm,0,2,190,0,2,22
RESIDENT40|HALF|ACTIVE_C1-NOVEL_C1|E6,7.731119791666574e-05,-2.2379557291674068e-05,0.0002655029296875083,unresolved,raw accuracy; first minus second arm,1,1,190,1,1,22
RESIDENT40|HALF|ACTIVE_C1-NOVEL_C1|E7,-8.443196614583055e-05,-0.0003295898437499917,5.0862630208333336e-05,unresolved,raw accuracy; first minus second arm,1,1,190,1,1,22
RESIDENT40|HALF|ACTIVE_C1-NOVEL_C1|E8,-2.5431315104166668e-05,-0.00016174316406250555,0.00012817382812500833,unresolved,raw accuracy; first minus second arm,1,1,190,1,1,22
RESIDENT40|HALF|ACTIVE_C1-NOVEL_C1|F,7.731119791666668e-05,0.0,0.00021565755208333333,unresolved,carrier frequency; first minus second arm,3,0,189,3,0,21
RESIDENT40|HALF|ACTIVE_C1-NOVEL_C1|F0,0.0,0.0,0.0,structural_zero,design-implied zero,0,0,192,0,0,24
RESIDENT40|HALF|ACTIVE_C1-NOVEL_C1|F1,0.00016276041666666666,0.0,0.00048828125,unresolved,carrier frequency; first minus second arm,1,0,191,1,0,23
RESIDENT40|HALF|ACTIVE_C1-NOVEL_C1|F40,0.0,0.0,0.0,observed_exact_zero,sampled equality; not a design guarantee,0,0,192,0,0,24
RESIDENT40|HALF|ACTIVE_C1-NOVEL_C1|FE1,0.0006184895833333334,0.0,0.0017252604166666666,unresolved,carrier frequency; first minus second arm,3,0,189,3,0,21
RESIDENT40|HALF|ACTIVE_C1-NOVEL_C1|FE2,0.0,0.0,0.0,observed_exact_zero,sampled equality; not a design guarantee,0,0,192,0,0,24
RESIDENT40|HALF|ACTIVE_C1-NOVEL_C1|FE3,0.0,0.0,0.0,observed_exact_zero,sampled equality; not a design guarantee,0,0,192,0,0,24
RESIDENT40|HALF|ACTIVE_C1-NOVEL_C1|FE4,0.0,0.0,0.0,observed_exact_zero,sampled equality; not a design guarantee,0,0,192,0,0,24
RESIDENT40|HALF|ACTIVE_C1-NOVEL_C1|FE5,0.0,0.0,0.0,observed_exact_zero,sampled equality; not a design guarantee,0,0,192,0,0,24
RESIDENT40|HALF|ACTIVE_C1-NOVEL_C1|FE6,0.0,0.0,0.0,observed_exact_zero,sampled equality; not a design guarantee,0,0,192,0,0,24
RESIDENT40|HALF|ACTIVE_C1-NOVEL_C1|FE7,0.0,0.0,0.0,observed_exact_zero,sampled equality; not a design guarantee,0,0,192,0,0,24
RESIDENT40|HALF|ACTIVE_C1-NOVEL_C1|FE8,0.0,0.0,0.0,observed_exact_zero,sampled equality; not a design guarantee,0,0,192,0,0,24
RESIDENT40|HALF|ACTIVE_C1-NOVEL_C1|MLOSS,4.196166992191201e-06,-5.594889322909265e-06,2.09808349609375e-05,unresolved,raw mismatch; first minus second arm,1,2,189,1,2,21
RESIDENT40|HALF|ACTIVE_C1-NOVEL_C1|U,-4.196166992191201e-06,-2.09808349609375e-05,5.594889322909265e-06,unresolved,raw accuracy; first minus second arm,2,1,189,2,1,21
RESIDENT40|HALF|ACTIVE_C1-NOVEL_C1|U0,0.0,0.0,0.0,structural_zero,design-implied zero,0,0,192,0,0,24
RESIDENT40|HALF|ACTIVE_C1-NOVEL_C1|U1,5.086263020833333e-06,0.0,1.52587890625e-05,unresolved,raw accuracy; first minus second arm,1,0,191,1,0,23
RESIDENT40|HALF|ACTIVE_C1-NOVEL_C1|U40,-1.52587890625e-05,-0.0005849202473958334,0.0008087158203125,unresolved,raw accuracy; first minus second arm,1,1,190,1,1,22
RESIDENT40|HALF|ACTIVE_C1-SHAM_C1|D40,0.0,0.0,0.0,observed_exact_zero,sampled equality; not a design guarantee,0,0,192,0,0,24
RESIDENT40|HALF|ACTIVE_C1-SHAM_C1|E1,2.339680989583981e-05,0.0,6.815592447917869e-05,unresolved,raw accuracy; first minus second arm,2,0,190,2,0,22
RESIDENT40|HALF|ACTIVE_C1-SHAM_C1|E2,2.644856770833241e-05,0.0,7.934570312499722e-05,unresolved,raw accuracy; first minus second arm,1,0,191,1,0,23
RESIDENT40|HALF|ACTIVE_C1-SHAM_C1|E3,-2.950032552083426e-05,-8.850097656250278e-05,0.0,unresolved,raw accuracy; first minus second arm,0,1,191,0,1,23
RESIDENT40|HALF|ACTIVE_C1-SHAM_C1|E4,0.00013020833333333517,0.0,0.00039062500000000555,unresolved,raw accuracy; first minus second arm,1,0,191,1,0,23
RESIDENT40|HALF|ACTIVE_C1-SHAM_C1|E5,-7.42594401041639e-05,-0.00022277832031249167,0.0,unresolved,raw accuracy; first minus second arm,0,1,191,0,1,23
RESIDENT40|HALF|ACTIVE_C1-SHAM_C1|E6,-1.1189778645837034e-05,-3.35693359375111e-05,0.0,unresolved,raw accuracy; first minus second arm,0,1,191,0,1,23
RESIDENT40|HALF|ACTIVE_C1-SHAM_C1|E7,2.5431315104166668e-05,0.0,7.62939453125e-05,unresolved,raw accuracy; first minus second arm,1,0,191,1,0,23
RESIDENT40|HALF|ACTIVE_C1-SHAM_C1|E8,-6.815592447916945e-05,-0.00020446777343750833,0.0,unresolved,raw accuracy; first minus second arm,0,1,191,0,1,23
RESIDENT40|HALF|ACTIVE_C1-SHAM_C1|F,7.32421875e-05,0.0,0.00021158854166666667,unresolved,carrier frequency; first minus second arm,2,0,190,2,0,22
RESIDENT40|HALF|ACTIVE_C1-SHAM_C1|F0,0.0,0.0,0.0,structural_zero,design-implied zero,0,0,192,0,0,24
RESIDENT40|HALF|ACTIVE_C1-SHAM_C1|F1,0.0,0.0,0.0,structural_zero,design-implied zero,0,0,192,0,0,24
RESIDENT40|HALF|ACTIVE_C1-SHAM_C1|F40,0.0,0.0,0.0,observed_exact_zero,sampled equality; not a design guarantee,0,0,192,0,0,24
RESIDENT40|HALF|ACTIVE_C1-SHAM_C1|FE1,0.0005859375,0.0,0.0016927083333333334,unresolved,carrier frequency; first minus second arm,2,0,190,2,0,22
RESIDENT40|HALF|ACTIVE_C1-SHAM_C1|FE2,0.0,0.0,0.0,observed_exact_zero,sampled equality; not a design guarantee,0,0,192,0,0,24
RESIDENT40|HALF|ACTIVE_C1-SHAM_C1|FE3,0.0,0.0,0.0,observed_exact_zero,sampled equality; not a design guarantee,0,0,192,0,0,24
RESIDENT40|HALF|ACTIVE_C1-SHAM_C1|FE4,0.0,0.0,0.0,observed_exact_zero,sampled equality; not a design guarantee,0,0,192,0,0,24
RESIDENT40|HALF|ACTIVE_C1-SHAM_C1|FE5,0.0,0.0,0.0,observed_exact_zero,sampled equality; not a design guarantee,0,0,192,0,0,24
RESIDENT40|HALF|ACTIVE_C1-SHAM_C1|FE6,0.0,0.0,0.0,observed_exact_zero,sampled equality; not a design guarantee,0,0,192,0,0,24
RESIDENT40|HALF|ACTIVE_C1-SHAM_C1|FE7,0.0,0.0,0.0,observed_exact_zero,sampled equality; not a design guarantee,0,0,192,0,0,24
RESIDENT40|HALF|ACTIVE_C1-SHAM_C1|FE8,0.0,0.0,0.0,observed_exact_zero,sampled equality; not a design guarantee,0,0,192,0,0,24
RESIDENT40|HALF|ACTIVE_C1-SHAM_C1|MLOSS,-2.7974446614546324e-06,-8.138020833325932e-06,0.0,unresolved,raw mismatch; first minus second arm,0,2,190,0,2,22
RESIDENT40|HALF|ACTIVE_C1-SHAM_C1|U,2.7974446614546324e-06,0.0,8.138020833325932e-06,unresolved,raw accuracy; first minus second arm,2,0,190,2,0,22
RESIDENT40|HALF|ACTIVE_C1-SHAM_C1|U0,0.0,0.0,0.0,structural_zero,design-implied zero,0,0,192,0,0,24
RESIDENT40|HALF|ACTIVE_C1-SHAM_C1|U1,0.0,0.0,0.0,structural_zero,design-implied zero,0,0,192,0,0,24
RESIDENT40|HALF|ACTIVE_C1-SHAM_C1|U40,-0.0002848307291666667,-0.0008544921875,0.0,unresolved,raw accuracy; first minus second arm,0,1,191,0,1,23
RESIDENT40|HALF|ACTIVE_C1|D40,-0.03125,-0.03125,-0.03125,negative,carrier frequency change; absolute,0,192,0,0,24,0
RESIDENT40|HALF|ACTIVE_C1|E1,0.6898335774739582,0.671524403889974,0.7086146545410157,positive,raw accuracy; absolute,192,0,0,24,0,0
RESIDENT40|HALF|ACTIVE_C1|E2,0.6352996826171875,0.6266392771402994,0.6447452545166016,positive,raw accuracy; absolute,192,0,0,24,0,0
RESIDENT40|HALF|ACTIVE_C1|E3,0.6405751546223958,0.6310269673665364,0.6520408630371095,positive,raw accuracy; absolute,192,0,0,24,0,0
RESIDENT40|HALF|ACTIVE_C1|E4,0.6377695719401042,0.6306100718180339,0.6478277333577473,positive,raw accuracy; absolute,192,0,0,24,0,0
RESIDENT40|HALF|ACTIVE_C1|E5,0.6368560791015625,0.6293798065185546,0.6454010009765624,positive,raw accuracy; absolute,192,0,0,24,0,0
RESIDENT40|HALF|ACTIVE_C1|E6,0.6337320963541667,0.6264886728922526,0.6414105987548828,positive,raw accuracy; absolute,192,0,0,24,0,0
RESIDENT40|HALF|ACTIVE_C1|E7,0.6311208089192708,0.626808598836263,0.635729014078776,positive,raw accuracy; absolute,192,0,0,24,0,0
RESIDENT40|HALF|ACTIVE_C1|E8,0.6424947102864583,0.6355091094970704,0.6497343444824218,positive,raw accuracy; absolute,192,0,0,24,0,0
RESIDENT40|HALF|ACTIVE_C1|F,0.00010579427083333334,1.2207031250000002e-05,0.00025227864583333336,positive,carrier frequency; absolute,8,0,184,6,0,18
RESIDENT40|HALF|ACTIVE_C1|F0,0.03125,0.03125,0.03125,positive,carrier frequency; absolute,192,0,0,24,0,0
RESIDENT40|HALF|ACTIVE_C1|F1,0.0013020833333333333,0.0003255208333333333,0.00244140625,positive,carrier frequency; absolute,8,0,184,6,0,18
RESIDENT40|HALF|ACTIVE_C1|F40,0.0,0.0,0.0,observed_exact_zero,sampled equality; not a design guarantee,0,0,192,0,0,24
RESIDENT40|HALF|ACTIVE_C1|FE1,0.0008463541666666667,9.765625000000002e-05,0.002018229166666667,positive,carrier frequency; absolute,8,0,184,6,0,18
RESIDENT40|HALF|ACTIVE_C1|FE2,0.0,0.0,0.0,observed_exact_zero,sampled equality; not a design guarantee,0,0,192,0,0,24
RESIDENT40|HALF|ACTIVE_C1|FE3,0.0,0.0,0.0,observed_exact_zero,sampled equality; not a design guarantee,0,0,192,0,0,24
RESIDENT40|HALF|ACTIVE_C1|FE4,0.0,0.0,0.0,observed_exact_zero,sampled equality; not a design guarantee,0,0,192,0,0,24
RESIDENT40|HALF|ACTIVE_C1|FE5,0.0,0.0,0.0,observed_exact_zero,sampled equality; not a design guarantee,0,0,192,0,0,24
RESIDENT40|HALF|ACTIVE_C1|FE6,0.0,0.0,0.0,observed_exact_zero,sampled equality; not a design guarantee,0,0,192,0,0,24
RESIDENT40|HALF|ACTIVE_C1|FE7,0.0,0.0,0.0,observed_exact_zero,sampled equality; not a design guarantee,0,0,192,0,0,24
RESIDENT40|HALF|ACTIVE_C1|FE8,0.0,0.0,0.0,observed_exact_zero,sampled equality; not a design guarantee,0,0,192,0,0,24
RESIDENT40|HALF|ACTIVE_C1|MLOSS,0.35653978983561196,0.3527214495340983,0.3601025072733562,positive,raw mismatch; absolute,192,0,0,24,0,0
RESIDENT40|HALF|ACTIVE_C1|U,0.6434602101643879,0.6398974927266439,0.6472785504659018,positive,raw accuracy; absolute,192,0,0,24,0,0
RESIDENT40|HALF|ACTIVE_C1|U0,0.7163035074869791,0.6938170115152995,0.7402376810709635,positive,raw accuracy; absolute,192,0,0,24,0,0
RESIDENT40|HALF|ACTIVE_C1|U1,0.7330780029296875,0.7139205932617188,0.7535603841145834,positive,raw accuracy; absolute,192,0,0,24,0,0
RESIDENT40|HALF|ACTIVE_C1|U40,0.6334889729817709,0.6163785298665364,0.6511151631673178,positive,raw accuracy; absolute,192,0,0,24,0,0
RESIDENT40|HALF|NOVEL_C0-SHAM_C0|D40,-0.005208333333333333,-0.03125,0.020833333333333332,unresolved,carrier frequency change; first minus second arm,4,5,183,3,4,17
RESIDENT40|HALF|NOVEL_C0-SHAM_C0|E1,-0.00020243326822917684,-0.0005869547526041835,0.00019129435221352953,unresolved,raw accuracy; first minus second arm,38,39,115,8,14,2
RESIDENT40|HALF|NOVEL_C0-SHAM_C0|E2,-0.00023498535156248057,-0.0014017995198567308,0.0009919738769531743,unresolved,raw accuracy; first minus second arm,43,53,96,10,14,0
RESIDENT40|HALF|NOVEL_C0-SHAM_C0|E3,-0.0006764729817708565,-0.0033233896891276347,0.0017425791422525875,unresolved,raw accuracy; first minus second arm,42,54,96,14,10,0
RESIDENT40|HALF|NOVEL_C0-SHAM_C0|E4,0.0012827555338541612,-0.0007866923014322753,0.003270492553710928,unresolved,raw accuracy; first minus second arm,53,43,96,13,11,0
RESIDENT40|HALF|NOVEL_C0-SHAM_C0|E5,-0.0002634684244791491,-0.0016652933756510257,0.0010945638020833648,unresolved,raw accuracy; first minus second arm,55,41,96,10,14,0
RESIDENT40|HALF|NOVEL_C0-SHAM_C0|E6,-0.0007944742838541565,-0.003226114908854156,0.0015527852376302231,unresolved,raw accuracy; first minus second arm,48,47,97,14,10,0
RESIDENT40|HALF|NOVEL_C0-SHAM_C0|E7,0.001126098632812512,-0.0010703277587890462,0.003110961914062501,unresolved,raw accuracy; first minus second arm,50,45,97,14,10,0
RESIDENT40|HALF|NOVEL_C0-SHAM_C0|E8,0.0014017740885416685,-0.0008799743652343571,0.0038171132405598876,unresolved,raw accuracy; first minus second arm,52,43,97,16,8,0
RESIDENT40|HALF|NOVEL_C0-SHAM_C0|F,-0.0031412760416666663,-0.021012369791666666,0.014839782714843748,unresolved,carrier frequency; first minus second arm,22,83,87,9,15,0
RESIDENT40|HALF|NOVEL_C0-SHAM_C0|F0,0.0,0.0,0.0,structural_zero,design-implied zero,0,0,192,0,0,24
RESIDENT40|HALF|NOVEL_C0-SHAM_C0|F1,-0.008951822916666666,-0.01123046875,-0.006673177083333333,negative,carrier frequency; first minus second arm,4,59,129,0,22,2
RESIDENT40|HALF|NOVEL_C0-SHAM_C0|F40,-0.005208333333333333,-0.03125,0.020833333333333332,unresolved,carrier frequency; first minus second arm,4,5,183,3,4,17
RESIDENT40|HALF|NOVEL_C0-SHAM_C0|FE1,-0.016927083333333332,-0.021451822916666665,-0.01259765625,negative,carrier frequency; first minus second arm,15,89,88,2,22,0
RESIDENT40|HALF|NOVEL_C0-SHAM_C0|FE2,-0.011490885416666666,-0.02438151041666667,-0.0012695312499999998,negative,carrier frequency; first minus second arm,18,28,146,10,12,2
RESIDENT40|HALF|NOVEL_C0-SHAM_C0|FE3,0.0011718750000000002,-0.018099772135416664,0.020085449218749996,unresolved,carrier frequency; first minus second arm,9,9,174,9,5,10
RESIDENT40|HALF|NOVEL_C0-SHAM_C0|FE4,0.005501302083333334,-0.015789388020833333,0.029333496093749977,unresolved,carrier frequency; first minus second arm,8,6,178,7,3,14
RESIDENT40|HALF|NOVEL_C0-SHAM_C0|FE5,0.0025065104166666677,-0.021877441406249996,0.027158203124999947,unresolved,carrier frequency; first minus second arm,7,5,180,5,4,15
RESIDENT40|HALF|NOVEL_C0-SHAM_C0|FE6,0.0009114583333333324,-0.024348958333333334,0.026041666666666668,unresolved,carrier frequency; first minus second arm,5,5,182,4,4,16
RESIDENT40|HALF|NOVEL_C0-SHAM_C0|FE7,-0.0019205729166666661,-0.026041666666666668,0.023795572916666664,unresolved,carrier frequency; first minus second arm,5,5,182,4,4,16
RESIDENT40|HALF|NOVEL_C0-SHAM_C0|FE8,-0.0048828125,-0.030924479166666668,0.021158854166666668,unresolved,carrier frequency; first minus second arm,5,5,182,3,4,17
RESIDENT40|HALF|NOVEL_C0-SHAM_C0|MLOSS,-0.00020484924316405834,-0.0008959484100341728,0.0005696423848470165,unresolved,raw mismatch; first minus second arm,51,45,96,12,12,0
RESIDENT40|HALF|NOVEL_C0-SHAM_C0|U,0.00020484924316403752,-0.0005696423848470268,0.0008959484100341606,unresolved,raw accuracy; first minus second arm,45,51,96,12,12,0
RESIDENT40|HALF|NOVEL_C0-SHAM_C0|U0,0.0,0.0,0.0,structural_zero,design-implied zero,0,0,192,0,0,24
RESIDENT40|HALF|NOVEL_C0-SHAM_C0|U1,0.0,0.0,0.0,observed_exact_zero,sampled equality; not a design guarantee,0,0,192,0,0,24
RESIDENT40|HALF|NOVEL_C0-SHAM_C0|U40,0.002899169921875,-0.0008602142333984375,0.006791051228841141,unresolved,raw accuracy; first minus second arm,55,41,96,16,8,0
RESIDENT40|HALF|NOVEL_C0|D40,-0.010416666666666666,-0.026041666666666668,0.010416666666666666,unresolved,carrier frequency change; absolute,4,188,0,4,20,0
RESIDENT40|HALF|NOVEL_C0|E1,0.6896850585937498,0.6713274892171225,0.7085065460205078,positive,raw accuracy; absolute,192,0,0,24,0,0
RESIDENT40|HALF|NOVEL_C0|E2,0.6344512939453125,0.6258456929524739,0.6437962849934895,positive,raw accuracy; absolute,192,0,0,24,0,0
RESIDENT40|HALF|NOVEL_C0|E3,0.6401723225911459,0.6313464355468749,0.6506789398193359,positive,raw accuracy; absolute,192,0,0,24,0,0
RESIDENT40|HALF|NOVEL_C0|E4,0.6381500244140625,0.6316555786132814,0.6477117919921875,positive,raw accuracy; absolute,192,0,0,24,0,0
RESIDENT40|HALF|NOVEL_C0|E5,0.6377980550130208,0.6302193196614583,0.6468541208902995,positive,raw accuracy; absolute,192,0,0,24,0,0
RESIDENT40|HALF|NOVEL_C0|E6,0.6325154622395833,0.6262723286946614,0.6394190216064454,positive,raw accuracy; absolute,192,0,0,24,0,0
RESIDENT40|HALF|NOVEL_C0|E7,0.6331807454427083,0.6283972930908203,0.6384807586669922,positive,raw accuracy; absolute,192,0,0,24,0,0
RESIDENT40|HALF|NOVEL_C0|E8,0.6438446044921875,0.6365016682942709,0.6517032114664714,positive,raw accuracy; absolute,192,0,0,24,0,0
RESIDENT40|HALF|NOVEL_C0|F,0.02088623046875,0.007892761230468748,0.03623433430989581,positive,carrier frequency; absolute,105,0,87,24,0,0
RESIDENT40|HALF|NOVEL_C0|F0,0.03125,0.03125,0.03125,positive,carrier frequency; absolute,192,0,0,24,0,0
RESIDENT40|HALF|NOVEL_C0|F1,0.019856770833333332,0.017578125,0.0224609375,positive,carrier frequency; absolute,105,0,87,24,0,0
RESIDENT40|HALF|NOVEL_C0|F40,0.020833333333333332,0.005208333333333333,0.041666666666666664,positive,carrier frequency; absolute,4,0,188,4,0,20
RESIDENT40|HALF|NOVEL_C0|FE1,0.013639322916666669,0.010677083333333335,0.016765950520833326,positive,carrier frequency; absolute,105,0,87,24,0,0
RESIDENT40|HALF|NOVEL_C0|FE2,0.014225260416666668,0.007356770833333334,0.02249348958333333,positive,carrier frequency; absolute,21,0,171,14,0,10
RESIDENT40|HALF|NOVEL_C0|FE3,0.022526041666666666,0.0107421875,0.036526692708333315,positive,carrier frequency; absolute,9,0,183,9,0,15
RESIDENT40|HALF|NOVEL_C0|FE4,0.024967447916666666,0.008268229166666667,0.044698079427083315,positive,carrier frequency; absolute,8,0,184,8,0,16
RESIDENT40|HALF|NOVEL_C0|FE5,0.023111979166666668,0.005989583333333333,0.043427734374999985,positive,carrier frequency; absolute,7,0,185,7,0,17
RESIDENT40|HALF|NOVEL_C0|FE6,0.023665364583333334,0.005208333333333333,0.04449869791666666,positive,carrier frequency; absolute,5,0,187,5,0,19
RESIDENT40|HALF|NOVEL_C0|FE7,0.023795572916666664,0.005208333333333333,0.044628906249999996,positive,carrier frequency; absolute,5,0,187,5,0,19
RESIDENT40|HALF|NOVEL_C0|FE8,0.021158854166666668,0.005208333333333333,0.0419921875,positive,carrier frequency; absolute,5,0,187,5,0,19
RESIDENT40|HALF|NOVEL_C0|MLOSS,0.35627530415852865,0.3527622286478678,0.3596436913808187,positive,raw mismatch; absolute,192,0,0,24,0,0
RESIDENT40|HALF|NOVEL_C0|U,0.6437246958414713,0.6403563086191812,0.6472377713521322,positive,raw accuracy; absolute,192,0,0,24,0,0
RESIDENT40|HALF|NOVEL_C0|U0,0.7163035074869791,0.6938170115152995,0.7402376810709635,positive,raw accuracy; absolute,192,0,0,24,0,0
RESIDENT40|HALF|NOVEL_C0|U1,0.7331339518229166,0.7140061696370443,0.7535858154296875,positive,raw accuracy; absolute,192,0,0,24,0,0
RESIDENT40|HALF|NOVEL_C0|U40,0.6363372802734375,0.6198664347330729,0.6540730794270834,positive,raw accuracy; absolute,192,0,0,24,0,0
RESIDENT40|HALF|NOVEL_C1-SHAM_C1|D40,0.0,0.0,0.0,observed_exact_zero,sampled equality; not a design guarantee,0,0,192,0,0,24
RESIDENT40|HALF|NOVEL_C1-SHAM_C1|E1,1.2207031249998149e-05,0.0,3.662109374999445e-05,unresolved,raw accuracy; first minus second arm,1,0,191,1,0,23
RESIDENT40|HALF|NOVEL_C1-SHAM_C1|E2,9.155273437500925e-06,0.0,2.7465820312502776e-05,unresolved,raw accuracy; first minus second arm,1,0,191,1,0,23
RESIDENT40|HALF|NOVEL_C1-SHAM_C1|E3,-4.475911458333426e-05,-0.00013427734375000278,0.0,unresolved,raw accuracy; first minus second arm,0,1,191,0,1,23
RESIDENT40|HALF|NOVEL_C1-SHAM_C1|E4,-3.0517578125018505e-06,-9.155273437505551e-06,0.0,unresolved,raw accuracy; first minus second arm,0,1,191,0,1,23
RESIDENT40|HALF|NOVEL_C1-SHAM_C1|E5,0.00010375976562500278,0.0,0.0003112792968750083,unresolved,raw accuracy; first minus second arm,1,0,191,1,0,23
RESIDENT40|HALF|NOVEL_C1-SHAM_C1|E6,-8.850097656250278e-05,-0.0002655029296875083,0.0,unresolved,raw accuracy; first minus second arm,0,1,191,0,1,23
RESIDENT40|HALF|NOVEL_C1-SHAM_C1|E7,0.00010986328124999722,0.0,0.0003295898437499917,unresolved,raw accuracy; first minus second arm,1,0,191,1,0,23
RESIDENT40|HALF|NOVEL_C1-SHAM_C1|E8,-4.2724609375002776e-05,-0.00012817382812500833,0.0,unresolved,raw accuracy; first minus second arm,0,1,191,0,1,23
RESIDENT40|HALF|NOVEL_C1-SHAM_C1|F,-4.069010416666667e-06,-1.2207031250000002e-05,0.0,unresolved,carrier frequency; first minus second arm,0,1,191,0,1,23
RESIDENT40|HALF|NOVEL_C1-SHAM_C1|F0,0.0,0.0,0.0,structural_zero,design-implied zero,0,0,192,0,0,24
RESIDENT40|HALF|NOVEL_C1-SHAM_C1|F1,-0.00016276041666666666,-0.00048828125,0.0,unresolved,carrier frequency; first minus second arm,0,1,191,0,1,23
RESIDENT40|HALF|NOVEL_C1-SHAM_C1|F40,0.0,0.0,0.0,observed_exact_zero,sampled equality; not a design guarantee,0,0,192,0,0,24
RESIDENT40|HALF|NOVEL_C1-SHAM_C1|FE1,-3.255208333333333e-05,-9.765625000000002e-05,0.0,unresolved,carrier frequency; first minus second arm,0,1,191,0,1,23
RESIDENT40|HALF|NOVEL_C1-SHAM_C1|FE2,0.0,0.0,0.0,observed_exact_zero,sampled equality; not a design guarantee,0,0,192,0,0,24
RESIDENT40|HALF|NOVEL_C1-SHAM_C1|FE3,0.0,0.0,0.0,observed_exact_zero,sampled equality; not a design guarantee,0,0,192,0,0,24
RESIDENT40|HALF|NOVEL_C1-SHAM_C1|FE4,0.0,0.0,0.0,observed_exact_zero,sampled equality; not a design guarantee,0,0,192,0,0,24
RESIDENT40|HALF|NOVEL_C1-SHAM_C1|FE5,0.0,0.0,0.0,observed_exact_zero,sampled equality; not a design guarantee,0,0,192,0,0,24
RESIDENT40|HALF|NOVEL_C1-SHAM_C1|FE6,0.0,0.0,0.0,observed_exact_zero,sampled equality; not a design guarantee,0,0,192,0,0,24
RESIDENT40|HALF|NOVEL_C1-SHAM_C1|FE7,0.0,0.0,0.0,observed_exact_zero,sampled equality; not a design guarantee,0,0,192,0,0,24
RESIDENT40|HALF|NOVEL_C1-SHAM_C1|FE8,0.0,0.0,0.0,observed_exact_zero,sampled equality; not a design guarantee,0,0,192,0,0,24
RESIDENT40|HALF|NOVEL_C1-SHAM_C1|MLOSS,-6.993611653645833e-06,-2.09808349609375e-05,0.0,unresolved,raw mismatch; first minus second arm,0,1,191,0,1,23
RESIDENT40|HALF|NOVEL_C1-SHAM_C1|U,6.993611653645833e-06,0.0,2.09808349609375e-05,unresolved,raw accuracy; first minus second arm,1,0,191,1,0,23
RESIDENT40|HALF|NOVEL_C1-SHAM_C1|U0,0.0,0.0,0.0,structural_zero,design-implied zero,0,0,192,0,0,24
RESIDENT40|HALF|NOVEL_C1-SHAM_C1|U1,-5.086263020833333e-06,-1.52587890625e-05,0.0,unresolved,raw accuracy; first minus second arm,0,1,191,0,1,23
RESIDENT40|HALF|NOVEL_C1-SHAM_C1|U40,-0.0002695719401041667,-0.0008087158203125,0.0,unresolved,raw accuracy; first minus second arm,0,1,191,0,1,23
RESIDENT40|HALF|NOVEL_C1|D40,-0.03125,-0.03125,-0.03125,negative,carrier frequency change; absolute,0,192,0,0,24,0
RESIDENT40|HALF|NOVEL_C1|E1,0.6898223876953123,0.6715361022949218,0.7086264292399088,positive,raw accuracy; absolute,192,0,0,24,0,0
RESIDENT40|HALF|NOVEL_C1|E2,0.6352823893229167,0.6265870412190755,0.64474609375,positive,raw accuracy; absolute,192,0,0,24,0,0
RESIDENT40|HALF|NOVEL_C1|E3,0.6405598958333333,0.6309564971923828,0.652080307006836,positive,raw accuracy; absolute,192,0,0,24,0,0
RESIDENT40|HALF|NOVEL_C1|E4,0.6376363118489584,0.6305274963378906,0.6476221974690755,positive,raw accuracy; absolute,192,0,0,24,0,0
RESIDENT40|HALF|NOVEL_C1|E5,0.6370340983072916,0.6295745849609375,0.645594736735026,positive,raw accuracy; absolute,192,0,0,24,0,0
RESIDENT40|HALF|NOVEL_C1|E6,0.6336547851562501,0.6264225769042969,0.6413197835286458,positive,raw accuracy; absolute,192,0,0,24,0,0
RESIDENT40|HALF|NOVEL_C1|E7,0.6312052408854166,0.626805419921875,0.6359076436360677,positive,raw accuracy; absolute,192,0,0,24,0,0
RESIDENT40|HALF|NOVEL_C1|E8,0.6425201416015626,0.6355386352539062,0.6497045898437499,positive,raw accuracy; absolute,192,0,0,24,0,0
RESIDENT40|HALF|NOVEL_C1|F,2.848307291666667e-05,8.138020833333333e-06,5.696614583333334e-05,positive,carrier frequency; absolute,7,0,185,5,0,19
RESIDENT40|HALF|NOVEL_C1|F0,0.03125,0.03125,0.03125,positive,carrier frequency; absolute,192,0,0,24,0,0
RESIDENT40|HALF|NOVEL_C1|F1,0.0011393229166666667,0.0003255208333333333,0.0022786458333333335,positive,carrier frequency; absolute,7,0,185,5,0,19
RESIDENT40|HALF|NOVEL_C1|F40,0.0,0.0,0.0,observed_exact_zero,sampled equality; not a design guarantee,0,0,192,0,0,24
RESIDENT40|HALF|NOVEL_C1|FE1,0.00022786458333333336,6.510416666666667e-05,0.00045572916666666673,positive,carrier frequency; absolute,7,0,185,5,0,19
RESIDENT40|HALF|NOVEL_C1|FE2,0.0,0.0,0.0,observed_exact_zero,sampled equality; not a design guarantee,0,0,192,0,0,24
RESIDENT40|HALF|NOVEL_C1|FE3,0.0,0.0,0.0,observed_exact_zero,sampled equality; not a design guarantee,0,0,192,0,0,24
RESIDENT40|HALF|NOVEL_C1|FE4,0.0,0.0,0.0,observed_exact_zero,sampled equality; not a design guarantee,0,0,192,0,0,24
RESIDENT40|HALF|NOVEL_C1|FE5,0.0,0.0,0.0,observed_exact_zero,sampled equality; not a design guarantee,0,0,192,0,0,24
RESIDENT40|HALF|NOVEL_C1|FE6,0.0,0.0,0.0,observed_exact_zero,sampled equality; not a design guarantee,0,0,192,0,0,24
RESIDENT40|HALF|NOVEL_C1|FE7,0.0,0.0,0.0,observed_exact_zero,sampled equality; not a design guarantee,0,0,192,0,0,24
RESIDENT40|HALF|NOVEL_C1|FE8,0.0,0.0,0.0,observed_exact_zero,sampled equality; not a design guarantee,0,0,192,0,0,24
RESIDENT40|HALF|NOVEL_C1|MLOSS,0.3565355936686198,0.35271458307902015,0.36008865356445313,positive,raw mismatch; absolute,192,0,0,24,0,0
RESIDENT40|HALF|NOVEL_C1|U,0.6434644063313802,0.6399113464355468,0.6472854169209799,positive,raw accuracy; absolute,192,0,0,24,0,0
RESIDENT40|HALF|NOVEL_C1|U0,0.7163035074869791,0.6938170115152995,0.7402376810709635,positive,raw accuracy; absolute,192,0,0,24,0,0
RESIDENT40|HALF|NOVEL_C1|U1,0.7330729166666666,0.7139156341552735,0.753555425008138,positive,raw accuracy; absolute,192,0,0,24,0,0
RESIDENT40|HALF|NOVEL_C1|U40,0.6335042317708334,0.6162788391113281,0.6512985229492188,positive,raw accuracy; absolute,192,0,0,24,0,0
RESIDENT40|HALF|SHAM_C0|D40,-0.005208333333333333,-0.020833333333333332,0.015625,unresolved,carrier frequency change; absolute,5,187,0,5,19,0
RESIDENT40|HALF|SHAM_C0|E1,0.6898874918619793,0.6716419474283856,0.7085700734456379,positive,raw accuracy; absolute,192,0,0,24,0,0
RESIDENT40|HALF|SHAM_C0|E2,0.6346862792968749,0.6259618886311848,0.644187494913737,positive,raw accuracy; absolute,192,0,0,24,0,0
RESIDENT40|HALF|SHAM_C0|E3,0.6408487955729166,0.631412836710612,0.6518834431966146,positive,raw accuracy; absolute,192,0,0,24,0,0
RESIDENT40|HALF|SHAM_C0|E4,0.6368672688802083,0.6301836395263671,0.6463581085205078,positive,raw accuracy; absolute,192,0,0,24,0,0
RESIDENT40|HALF|SHAM_C0|E5,0.6380615234375,0.6306892649332682,0.646350860595703,positive,raw accuracy; absolute,192,0,0,24,0,0
RESIDENT40|HALF|SHAM_C0|E6,0.6333099365234375,0.6261964416503906,0.6406527709960936,positive,raw accuracy; absolute,192,0,0,24,0,0
RESIDENT40|HALF|SHAM_C0|E7,0.6320546468098959,0.6274982452392578,0.637023188273112,positive,raw accuracy; absolute,192,0,0,24,0,0
RESIDENT40|HALF|SHAM_C0|E8,0.6424428304036459,0.635871098836263,0.6494919840494792,positive,raw accuracy; absolute,192,0,0,24,0,0
RESIDENT40|HALF|SHAM_C0|F,0.024027506510416668,0.011657307942708334,0.03847747802734374,positive,carrier frequency; absolute,125,0,67,24,0,0
RESIDENT40|HALF|SHAM_C0|F0,0.03125,0.03125,0.03125,positive,carrier frequency; absolute,192,0,0,24,0,0
RESIDENT40|HALF|SHAM_C0|F1,0.02880859375,0.02554931640625,0.032389322916666664,positive,carrier frequency; absolute,125,0,67,24,0,0
RESIDENT40|HALF|SHAM_C0|F40,0.026041666666666668,0.010416666666666666,0.046875,positive,carrier frequency; absolute,5,0,187,5,0,19
RESIDENT40|HALF|SHAM_C0|FE1,0.03056640625,0.02643147786458333,0.03509195963541666,positive,carrier frequency; absolute,125,0,67,24,0,0
RESIDENT40|HALF|SHAM_C0|FE2,0.025716145833333332,0.015558268229166665,0.037957356770833325,positive,carrier frequency; absolute,39,0,153,19,0,5
RESIDENT40|HALF|SHAM_C0|FE3,0.021354166666666664,0.007583821614583332,0.03704508463541666,positive,carrier frequency; absolute,9,0,183,9,0,15
RESIDENT40|HALF|SHAM_C0|FE4,0.019466145833333334,0.0054687500000000005,0.03603922526041664,positive,carrier frequency; absolute,6,0,186,6,0,18
RESIDENT40|HALF|SHAM_C0|FE5,0.020605468749999998,0.005208333333333333,0.038378906250000004,positive,carrier frequency; absolute,5,0,187,5,0,19
RESIDENT40|HALF|SHAM_C0|FE6,0.02275390625,0.006223958333333336,0.041666666666666664,positive,carrier frequency; absolute,5,0,187,5,0,19
RESIDENT40|HALF|SHAM_C0|FE7,0.025716145833333332,0.010083007812500001,0.046549479166666664,positive,carrier frequency; absolute,5,0,187,5,0,19
RESIDENT40|HALF|SHAM_C0|FE8,0.026041666666666668,0.010416666666666666,0.046875,positive,carrier frequency; absolute,5,0,187,5,0,19
RESIDENT40|HALF|SHAM_C0|MLOSS,0.35648015340169276,0.35296075503031415,0.3598280111948649,positive,raw mismatch; absolute,192,0,0,24,0,0
RESIDENT40|HALF|SHAM_C0|U,0.6435198465983073,0.6401719888051352,0.6470392449696859,positive,raw accuracy; absolute,192,0,0,24,0,0
RESIDENT40|HALF|SHAM_C0|U0,0.7163035074869791,0.6938170115152995,0.7402376810709635,positive,raw accuracy; absolute,192,0,0,24,0,0
RESIDENT40|HALF|SHAM_C0|U1,0.7331339518229166,0.7140061696370443,0.7535858154296875,positive,raw accuracy; absolute,192,0,0,24,0,0
RESIDENT40|HALF|SHAM_C0|U40,0.6334381103515625,0.6175426483154297,0.6506601969401041,positive,raw accuracy; absolute,192,0,0,24,0,0
RESIDENT40|HALF|SHAM_C1|D40,-0.03125,-0.03125,-0.03125,negative,carrier frequency change; absolute,0,192,0,0,24,0
RESIDENT40|HALF|SHAM_C1|E1,0.6898101806640624,0.671523895263672,0.7086131032307942,positive,raw accuracy; absolute,192,0,0,24,0,0
RESIDENT40|HALF|SHAM_C1|E2,0.6352732340494791,0.6265870412190755,0.6447369384765625,positive,raw accuracy; absolute,192,0,0,24,0,0
RESIDENT40|HALF|SHAM_C1|E3,0.6406046549479166,0.6310465240478517,0.652080307006836,positive,raw accuracy; absolute,192,0,0,24,0,0
RESIDENT40|HALF|SHAM_C1|E4,0.6376393636067709,0.6305274963378906,0.6476221974690755,positive,raw accuracy; absolute,192,0,0,24,0,0
RESIDENT40|HALF|SHAM_C1|E5,0.6369303385416667,0.6295066324869791,0.6455444844563802,positive,raw accuracy; absolute,192,0,0,24,0,0
RESIDENT40|HALF|SHAM_C1|E6,0.6337432861328125,0.6264991760253906,0.6414105987548828,positive,raw accuracy; absolute,192,0,0,24,0,0
RESIDENT40|HALF|SHAM_C1|E7,0.6310953776041667,0.6267972310384115,0.6356996154785157,positive,raw accuracy; absolute,192,0,0,24,0,0
RESIDENT40|HALF|SHAM_C1|E8,0.6425628662109375,0.6356300608317057,0.6497343444824218,positive,raw accuracy; absolute,192,0,0,24,0,0
RESIDENT40|HALF|SHAM_C1|F,3.255208333333333e-05,8.138020833333333e-06,6.103515625e-05,positive,carrier frequency; absolute,8,0,184,6,0,18
RESIDENT40|HALF|SHAM_C1|F0,0.03125,0.03125,0.03125,positive,carrier frequency; absolute,192,0,0,24,0,0
RESIDENT40|HALF|SHAM_C1|F1,0.0013020833333333333,0.0003255208333333333,0.00244140625,positive,carrier frequency; absolute,8,0,184,6,0,18
RESIDENT40|HALF|SHAM_C1|F40,0.0,0.0,0.0,observed_exact_zero,sampled equality; not a design guarantee,0,0,192,0,0,24
RESIDENT40|HALF|SHAM_C1|FE1,0.00026041666666666666,6.510416666666667e-05,0.00048828125,positive,carrier frequency; absolute,8,0,184,6,0,18
RESIDENT40|HALF|SHAM_C1|FE2,0.0,0.0,0.0,observed_exact_zero,sampled equality; not a design guarantee,0,0,192,0,0,24
RESIDENT40|HALF|SHAM_C1|FE3,0.0,0.0,0.0,observed_exact_zero,sampled equality; not a design guarantee,0,0,192,0,0,24
RESIDENT40|HALF|SHAM_C1|FE4,0.0,0.0,0.0,observed_exact_zero,sampled equality; not a design guarantee,0,0,192,0,0,24
RESIDENT40|HALF|SHAM_C1|FE5,0.0,0.0,0.0,observed_exact_zero,sampled equality; not a design guarantee,0,0,192,0,0,24
RESIDENT40|HALF|SHAM_C1|FE6,0.0,0.0,0.0,observed_exact_zero,sampled equality; not a design guarantee,0,0,192,0,0,24
RESIDENT40|HALF|SHAM_C1|FE7,0.0,0.0,0.0,observed_exact_zero,sampled equality; not a design guarantee,0,0,192,0,0,24
RESIDENT40|HALF|SHAM_C1|FE8,0.0,0.0,0.0,observed_exact_zero,sampled equality; not a design guarantee,0,0,192,0,0,24
RESIDENT40|HALF|SHAM_C1|MLOSS,0.35654258728027344,0.3527215766906738,0.3601025994618734,positive,raw mismatch; absolute,192,0,0,24,0,0
RESIDENT40|HALF|SHAM_C1|U,0.6434574127197266,0.6398974005381266,0.6472784233093262,positive,raw accuracy; absolute,192,0,0,24,0,0
RESIDENT40|HALF|SHAM_C1|U0,0.7163035074869791,0.6938170115152995,0.7402376810709635,positive,raw accuracy; absolute,192,0,0,24,0,0
RESIDENT40|HALF|SHAM_C1|U1,0.7330780029296875,0.7139205932617188,0.7535603841145834,positive,raw accuracy; absolute,192,0,0,24,0,0
RESIDENT40|HALF|SHAM_C1|U40,0.6337738037109375,0.6166670481363933,0.6514019012451172,positive,raw accuracy; absolute,192,0,0,24,0,0
RESIDENT40|ZERO|ACTIVE_C0-NOVEL_C0|D40,-0.00146484375,-0.048990885416666664,0.04248046875,unresolved,carrier frequency change; first minus second arm,15,14,163,6,6,12
RESIDENT40|ZERO|ACTIVE_C0-NOVEL_C0|E1,0.0002665201822916556,-0.0003205362955729353,0.0008820597330729139,unresolved,raw accuracy; first minus second arm,52,60,80,9,15,0
RESIDENT40|ZERO|ACTIVE_C0-NOVEL_C0|E2,0.0004119873046875185,-0.0009482320149739421,0.0017761739095052164,unresolved,raw accuracy; first minus second arm,59,55,78,14,10,0
RESIDENT40|ZERO|ACTIVE_C0-NOVEL_C0|E3,0.000687662760416675,-0.000626653035481756,0.0020336659749348863,unresolved,raw accuracy; first minus second arm,56,56,80,15,9,0
RESIDENT40|ZERO|ACTIVE_C0-NOVEL_C0|E4,0.0021799723307291546,0.0006510416666666666,0.0036123657226562254,positive,raw accuracy; first minus second arm,73,41,78,17,7,0
RESIDENT40|ZERO|ACTIVE_C0-NOVEL_C0|E5,0.000323486328125025,-0.0009595235188802102,0.0017144012451172363,unresolved,raw accuracy; first minus second arm,55,58,79,12,12,0
RESIDENT40|ZERO|ACTIVE_C0-NOVEL_C0|E6,0.0006825764973958278,-0.0007813262939453321,0.0021933492024739654,unresolved,raw accuracy; first minus second arm,59,55,78,16,8,0
RESIDENT40|ZERO|ACTIVE_C0-NOVEL_C0|E7,0.0002105712890624889,-0.0017690277099609432,0.0021179707845052063,unresolved,raw accuracy; first minus second arm,52,62,78,12,12,0
RESIDENT40|ZERO|ACTIVE_C0-NOVEL_C0|E8,-0.0003712972005208287,-0.002086435953776032,0.0016127268473307317,unresolved,raw accuracy; first minus second arm,55,58,79,8,16,0
RESIDENT40|ZERO|ACTIVE_C0-NOVEL_C0|F,0.012150065104166668,-0.02234110514322917,0.044634195963541665,unresolved,carrier frequency; first minus second arm,87,29,76,15,9,0
RESIDENT40|ZERO|ACTIVE_C0-NOVEL_C0|F0,0.0,0.0,0.0,structural_zero,design-implied zero,0,0,192,0,0,24
RESIDENT40|ZERO|ACTIVE_C0-NOVEL_C0|F1,0.008951822916666666,0.006673177083333333,0.01123046875,positive,carrier frequency; first minus second arm,59,4,129,22,0,2
RESIDENT40|ZERO|ACTIVE_C0-NOVEL_C0|F40,-0.00146484375,-0.048990885416666664,0.04248046875,unresolved,carrier frequency; first minus second arm,15,14,163,6,6,12
RESIDENT40|ZERO|ACTIVE_C0-NOVEL_C0|FE1,0.01901041666666667,0.01376953125,0.024544270833333336,positive,carrier frequency; first minus second arm,92,23,77,20,3,1
RESIDENT40|ZERO|ACTIVE_C0-NOVEL_C0|FE2,0.020084635416666666,0.0007804361979166663,0.038542480468749994,positive,carrier frequency; first minus second arm,45,20,127,17,7,0
RESIDENT40|ZERO|ACTIVE_C0-NOVEL_C0|FE3,0.02200520833333333,-0.013999023437500003,0.05621826171874999,unresolved,carrier frequency; first minus second arm,28,19,145,14,8,2
RESIDENT40|ZERO|ACTIVE_C0-NOVEL_C0|FE4,0.01751302083333334,-0.026762695312500005,0.06250732421874997,unresolved,carrier frequency; first minus second arm,21,18,153,9,12,3
RESIDENT40|ZERO|ACTIVE_C0-NOVEL_C0|FE5,0.012044270833333334,-0.03750325520833333,0.06106852213541666,unresolved,carrier frequency; first minus second arm,23,15,154,9,10,5
RESIDENT40|ZERO|ACTIVE_C0-NOVEL_C0|FE6,0.005436197916666667,-0.039656575520833334,0.048046874999999996,unresolved,carrier frequency; first minus second arm,21,15,156,10,9,5
RESIDENT40|ZERO|ACTIVE_C0-NOVEL_C0|FE7,0.0022135416666666636,-0.043330078125,0.04359049479166664,unresolved,carrier frequency; first minus second arm,19,14,159,9,7,8
RESIDENT40|ZERO|ACTIVE_C0-NOVEL_C0|FE8,-0.0011067708333333329,-0.048571777343750004,0.04245035807291665,unresolved,carrier frequency; first minus second arm,16,14,162,7,7,10
RESIDENT40|ZERO|ACTIVE_C0-NOVEL_C0|MLOSS,-0.0005489349365234315,-0.001094697316487622,-1.8415451049806753e-05,negative,raw mismatch; first minus second arm,48,65,79,9,15,0
RESIDENT40|ZERO|ACTIVE_C0-NOVEL_C0|U,0.0005489349365234523,1.8415451049827333e-05,0.0010946973164876561,positive,raw accuracy; first minus second arm,65,48,79,15,9,0
RESIDENT40|ZERO|ACTIVE_C0-NOVEL_C0|U0,0.0,0.0,0.0,structural_zero,design-implied zero,0,0,192,0,0,24
RESIDENT40|ZERO|ACTIVE_C0-NOVEL_C0|U1,0.0,0.0,0.0,observed_exact_zero,sampled equality; not a design guarantee,0,0,192,0,0,24
RESIDENT40|ZERO|ACTIVE_C0-NOVEL_C0|U40,-0.0017496744791666667,-0.005834070841471354,0.0027725219726562472,unresolved,raw accuracy; first minus second arm,52,60,80,9,15,0
RESIDENT40|ZERO|ACTIVE_C0-SHAM_C0|D40,0.040201822916666664,-1.627604166666574e-05,0.08414713541666667,unresolved,carrier frequency change; first minus second arm,14,5,173,11,4,9
RESIDENT40|ZERO|ACTIVE_C0-SHAM_C0|E1,0.00044453938802084075,7.619222005207013e-05,0.0008371988932291733,positive,raw accuracy; first minus second arm,41,20,131,17,6,1
RESIDENT40|ZERO|ACTIVE_C0-SHAM_C0|E2,0.00045267740885418517,-0.0006675211588541377,0.001576843261718754,unresolved,raw accuracy; first minus second arm,38,33,121,14,10,0
RESIDENT40|ZERO|ACTIVE_C0-SHAM_C0|E3,0.0011464436848958454,-0.00015772501627602786,0.002449569702148444,unresolved,raw accuracy; first minus second arm,36,35,121,15,9,0
RESIDENT40|ZERO|ACTIVE_C0-SHAM_C0|E4,0.0008138020833333287,-0.0005422973632812744,0.002128117879231787,unresolved,raw accuracy; first minus second arm,41,29,122,15,9,0
RESIDENT40|ZERO|ACTIVE_C0-SHAM_C0|E5,0.0008056640625000028,-0.00012013753255208532,0.0018016306559244777,unresolved,raw accuracy; first minus second arm,41,29,122,13,10,1
RESIDENT40|ZERO|ACTIVE_C0-SHAM_C0|E6,0.0014973958333333408,0.0003702799479166906,0.0026917012532552023,positive,raw accuracy; first minus second arm,46,25,121,17,7,0
RESIDENT40|ZERO|ACTIVE_C0-SHAM_C0|E7,0.0019795735677083557,0.00022478739420576482,0.0036937967936198175,positive,raw accuracy; first minus second arm,46,25,121,15,9,0
RESIDENT40|ZERO|ACTIVE_C0-SHAM_C0|E8,0.0004221598307291713,-0.0008046976725260409,0.0018069966634114603,unresolved,raw accuracy; first minus second arm,37,34,121,11,13,0
RESIDENT40|ZERO|ACTIVE_C0-SHAM_C0|F,0.034313964843749996,0.0075862630208333335,0.06170583089192706,positive,carrier frequency; first minus second arm,53,18,121,17,7,0
RESIDENT40|ZERO|ACTIVE_C0-SHAM_C0|F0,0.0,0.0,0.0,structural_zero,design-implied zero,0,0,192,0,0,24
RESIDENT40|ZERO|ACTIVE_C0-SHAM_C0|F1,0.0,0.0,0.0,structural_zero,design-implied zero,0,0,192,0,0,24
RESIDENT40|ZERO|ACTIVE_C0-SHAM_C0|F40,0.040201822916666664,-1.627604166666574e-05,0.08414713541666667,unresolved,carrier frequency; first minus second arm,14,5,173,11,4,9
RESIDENT40|ZERO|ACTIVE_C0-SHAM_C0|FE1,0.005729166666666666,0.0032552083333333335,0.008300781249999998,positive,carrier frequency; first minus second arm,49,18,125,20,3,1
RESIDENT40|ZERO|ACTIVE_C0-SHAM_C0|FE2,0.021842447916666664,0.004914550781249999,0.03919352213541666,positive,carrier frequency; first minus second arm,44,16,132,17,7,0
RESIDENT40|ZERO|ACTIVE_C0-SHAM_C0|FE3,0.03792317708333333,0.00754638671875,0.06940266927083333,positive,carrier frequency; first minus second arm,28,9,155,15,5,4
RESIDENT40|ZERO|ACTIVE_C0-SHAM_C0|FE4,0.041829427083333336,0.007484537760416666,0.07588053385416665,positive,carrier frequency; first minus second arm,20,9,163,12,6,6
RESIDENT40|ZERO|ACTIVE_C0-SHAM_C0|FE5,0.043782552083333336,0.007714843750000001,0.08134928385416665,positive,carrier frequency; first minus second arm,17,7,168,12,5,7
RESIDENT40|ZERO|ACTIVE_C0-SHAM_C0|FE6,0.042578125,0.006087239583333332,0.08138264973958331,positive,carrier frequency; first minus second arm,17,7,168,13,4,7
RESIDENT40|ZERO|ACTIVE_C0-SHAM_C0|FE7,0.0404296875,0.0015266927083333356,0.08184407552083328,positive,carrier frequency; first minus second arm,15,6,171,12,4,8
RESIDENT40|ZERO|ACTIVE_C0-SHAM_C0|FE8,0.04039713541666667,-0.00016276041666666668,0.08453776041666666,unresolved,carrier frequency; first minus second arm,15,5,172,12,4,8
RESIDENT40|ZERO|ACTIVE_C0-SHAM_C0|MLOSS,-0.0009452819824218769,-0.0015013504028320273,-0.00040267308553059545,negative,raw mismatch; first minus second arm,26,45,121,6,18,0
RESIDENT40|ZERO|ACTIVE_C0-SHAM_C0|U,0.0009452819824218861,0.00040267308553061784,0.0015013504028320425,positive,raw accuracy; first minus second arm,45,26,121,18,6,0
RESIDENT40|ZERO|ACTIVE_C0-SHAM_C0|U0,0.0,0.0,0.0,structural_zero,design-implied zero,0,0,192,0,0,24
RESIDENT40|ZERO|ACTIVE_C0-SHAM_C0|U1,0.0,0.0,0.0,structural_zero,design-implied zero,0,0,192,0,0,24
RESIDENT40|ZERO|ACTIVE_C0-SHAM_C0|U40,0.001312255859375,-0.0018268585205078124,0.0051221211751302075,unresolved,raw accuracy; first minus second arm,42,29,121,13,11,0
RESIDENT40|ZERO|ACTIVE_C0|D40,0.06103515625,0.026025390625000002,0.09897867838541655,positive,carrier frequency change; absolute,19,173,0,14,10,0
RESIDENT40|ZERO|ACTIVE_C0|E1,0.6532521565755208,0.6454524739583334,0.6618605295817057,positive,raw accuracy; absolute,192,0,0,24,0,0
RESIDENT40|ZERO|ACTIVE_C0|E2,0.6150034586588542,0.6127216084798177,0.6172608947753907,positive,raw accuracy; absolute,192,0,0,24,0,0
RESIDENT40|ZERO|ACTIVE_C0|E3,0.6161265055338542,0.6139495595296225,0.618184560139974,positive,raw accuracy; absolute,192,0,0,24,0,0
RESIDENT40|ZERO|ACTIVE_C0|E4,0.615576171875,0.6131974792480469,0.618028818766276,positive,raw accuracy; absolute,192,0,0,24,0,0
RESIDENT40|ZERO|ACTIVE_C0|E5,0.6162231445312499,0.6137359364827474,0.6192149098714193,positive,raw accuracy; absolute,192,0,0,24,0,0
RESIDENT40|ZERO|ACTIVE_C0|E6,0.6170094807942709,0.6142265065511068,0.6199465179443359,positive,raw accuracy; absolute,192,0,0,24,0,0
RESIDENT40|ZERO|ACTIVE_C0|E7,0.6167144775390625,0.6130438995361328,0.6201908874511718,positive,raw accuracy; absolute,192,0,0,24,0,0
RESIDENT40|ZERO|ACTIVE_C0|E8,0.6152191162109375,0.6121510314941406,0.6185926310221355,positive,raw accuracy; absolute,192,0,0,24,0,0
RESIDENT40|ZERO|ACTIVE_C0|F,0.07804768880208333,0.051504618326822904,0.10665700276692704,positive,carrier frequency; absolute,125,0,67,24,0,0
RESIDENT40|ZERO|ACTIVE_C0|F0,0.03125,0.03125,0.03125,positive,carrier frequency; absolute,192,0,0,24,0,0
RESIDENT40|ZERO|ACTIVE_C0|F1,0.02880859375,0.02554931640625,0.032389322916666664,positive,carrier frequency; absolute,125,0,67,24,0,0
RESIDENT40|ZERO|ACTIVE_C0|F40,0.09228515625,0.057275390625,0.13022867838541657,positive,carrier frequency; absolute,19,0,173,14,0,10
RESIDENT40|ZERO|ACTIVE_C0|FE1,0.03697916666666667,0.031215820312500003,0.04310058593749999,positive,carrier frequency; absolute,125,0,67,24,0,0
RESIDENT40|ZERO|ACTIVE_C0|FE2,0.05566406249999999,0.04072102864583333,0.07184651692708331,positive,carrier frequency; absolute,56,0,136,24,0,0
RESIDENT40|ZERO|ACTIVE_C0|FE3,0.07643229166666667,0.04759033203125001,0.10696940104166666,positive,carrier frequency; absolute,34,0,158,20,0,4
RESIDENT40|ZERO|ACTIVE_C0|FE4,0.08707682291666667,0.05231038411458333,0.12597737630208333,positive,carrier frequency; absolute,25,0,167,16,0,8
RESIDENT40|ZERO|ACTIVE_C0|FE5,0.09296875,0.056083984375,0.13388671875,positive,carrier frequency; absolute,24,0,168,16,0,8
RESIDENT40|ZERO|ACTIVE_C0|FE6,0.09186197916666666,0.05816324869791666,0.12819742838541662,positive,carrier frequency; absolute,23,0,169,15,0,9
RESIDENT40|ZERO|ACTIVE_C0|FE7,0.09134114583333335,0.05644042968749999,0.1280037434895833,positive,carrier frequency; absolute,21,0,171,15,0,9
RESIDENT40|ZERO|ACTIVE_C0|FE8,0.09205729166666665,0.0571142578125,0.13022623697916658,positive,carrier frequency; absolute,19,0,173,14,0,10
RESIDENT40|ZERO|ACTIVE_C0|MLOSS,0.37935943603515626,0.3780735556284587,0.38061860402425124,positive,raw mismatch; absolute,192,0,0,24,0,0
RESIDENT40|ZERO|ACTIVE_C0|U,0.6206405639648438,0.6193813959757487,0.6219264443715413,positive,raw accuracy; absolute,192,0,0,24,0,0
RESIDENT40|ZERO|ACTIVE_C0|U0,0.7163035074869791,0.6938170115152995,0.7402376810709635,positive,raw accuracy; absolute,192,0,0,24,0,0
RESIDENT40|ZERO|ACTIVE_C0|U1,0.7331339518229166,0.7140061696370443,0.7535858154296875,positive,raw accuracy; absolute,192,0,0,24,0,0
RESIDENT40|ZERO|ACTIVE_C0|U40,0.613189697265625,0.6079859415690104,0.618545659383138,positive,raw accuracy; absolute,192,0,0,24,0,0
RESIDENT40|ZERO|ACTIVE_C1-NOVEL_C1|D40,0.0,0.0,0.0,observed_exact_zero,sampled equality; not a design guarantee,0,0,192,0,0,24
RESIDENT40|ZERO|ACTIVE_C1-NOVEL_C1|E1,0.00017801920572916666,0.0,0.00043248494466145736,unresolved,raw accuracy; first minus second arm,3,0,189,3,0,21
RESIDENT40|ZERO|ACTIVE_C1-NOVEL_C1|E2,-2.8483072916668517e-05,-0.00011095682779948476,3.5654703776041345e-05,unresolved,raw accuracy; first minus second arm,1,2,189,1,2,21
RESIDENT40|ZERO|ACTIVE_C1-NOVEL_C1|E3,-9.663899739582871e-05,-0.0003346761067708204,0.00011393229166666481,unresolved,raw accuracy; first minus second arm,1,2,189,1,2,21
RESIDENT40|ZERO|ACTIVE_C1-NOVEL_C1|E4,-3.0517578125e-05,-0.0003195444742838597,0.0002278645833333389,unresolved,raw accuracy; first minus second arm,1,2,189,1,2,21
RESIDENT40|ZERO|ACTIVE_C1-NOVEL_C1|E5,5.6966145833332406e-05,-0.00013834635416666574,0.00028076171874999445,unresolved,raw accuracy; first minus second arm,2,1,189,2,1,21
RESIDENT40|ZERO|ACTIVE_C1-NOVEL_C1|E6,0.00015462239583333148,0.0,0.00033162434895832316,unresolved,raw accuracy; first minus second arm,3,0,189,3,0,21
RESIDENT40|ZERO|ACTIVE_C1-NOVEL_C1|E7,5.086263020833796e-05,-6.917317708332593e-05,0.0002237955729166713,unresolved,raw accuracy; first minus second arm,2,1,189,2,1,21
RESIDENT40|ZERO|ACTIVE_C1-NOVEL_C1|E8,7.120768229166204e-05,-5.6966145833337034e-05,0.00024414062499999076,unresolved,raw accuracy; first minus second arm,2,1,189,2,1,21
RESIDENT40|ZERO|ACTIVE_C1-NOVEL_C1|F,2.4414062499999998e-05,0.0,5.696614583333334e-05,unresolved,carrier frequency; first minus second arm,3,0,189,3,0,21
RESIDENT40|ZERO|ACTIVE_C1-NOVEL_C1|F0,0.0,0.0,0.0,structural_zero,design-implied zero,0,0,192,0,0,24
RESIDENT40|ZERO|ACTIVE_C1-NOVEL_C1|F1,0.00016276041666666666,0.0,0.00048828125,unresolved,carrier frequency; first minus second arm,1,0,191,1,0,23
RESIDENT40|ZERO|ACTIVE_C1-NOVEL_C1|F40,0.0,0.0,0.0,observed_exact_zero,sampled equality; not a design guarantee,0,0,192,0,0,24
RESIDENT40|ZERO|ACTIVE_C1-NOVEL_C1|FE1,0.00019531249999999998,0.0,0.00045572916666666673,unresolved,carrier frequency; first minus second arm,3,0,189,3,0,21
RESIDENT40|ZERO|ACTIVE_C1-NOVEL_C1|FE2,0.0,0.0,0.0,observed_exact_zero,sampled equality; not a design guarantee,0,0,192,0,0,24
RESIDENT40|ZERO|ACTIVE_C1-NOVEL_C1|FE3,0.0,0.0,0.0,observed_exact_zero,sampled equality; not a design guarantee,0,0,192,0,0,24
RESIDENT40|ZERO|ACTIVE_C1-NOVEL_C1|FE4,0.0,0.0,0.0,observed_exact_zero,sampled equality; not a design guarantee,0,0,192,0,0,24
RESIDENT40|ZERO|ACTIVE_C1-NOVEL_C1|FE5,0.0,0.0,0.0,observed_exact_zero,sampled equality; not a design guarantee,0,0,192,0,0,24
RESIDENT40|ZERO|ACTIVE_C1-NOVEL_C1|FE6,0.0,0.0,0.0,observed_exact_zero,sampled equality; not a design guarantee,0,0,192,0,0,24
RESIDENT40|ZERO|ACTIVE_C1-NOVEL_C1|FE7,0.0,0.0,0.0,observed_exact_zero,sampled equality; not a design guarantee,0,0,192,0,0,24
RESIDENT40|ZERO|ACTIVE_C1-NOVEL_C1|FE8,0.0,0.0,0.0,observed_exact_zero,sampled equality; not a design guarantee,0,0,192,0,0,24
RESIDENT40|ZERO|ACTIVE_C1-NOVEL_C1|MLOSS,-4.4504801432291664e-05,-0.00010083516438802222,0.0,unresolved,raw mismatch; first minus second arm,0,3,189,0,3,21
RESIDENT40|ZERO|ACTIVE_C1-NOVEL_C1|U,4.4504801432291664e-05,0.0,0.00010083516438801991,unresolved,raw accuracy; first minus second arm,3,0,189,3,0,21
RESIDENT40|ZERO|ACTIVE_C1-NOVEL_C1|U0,0.0,0.0,0.0,structural_zero,design-implied zero,0,0,192,0,0,24
RESIDENT40|ZERO|ACTIVE_C1-NOVEL_C1|U1,5.086263020833333e-06,0.0,1.52587890625e-05,unresolved,raw accuracy; first minus second arm,1,0,191,1,0,23
RESIDENT40|ZERO|ACTIVE_C1-NOVEL_C1|U40,0.0001373291015625,-0.000640869140625,0.001220703125,unresolved,raw accuracy; first minus second arm,1,2,189,1,2,21
RESIDENT40|ZERO|ACTIVE_C1-SHAM_C1|D40,0.0,0.0,0.0,observed_exact_zero,sampled equality; not a design guarantee,0,0,192,0,0,24
RESIDENT40|ZERO|ACTIVE_C1-SHAM_C1|E1,0.00015563964843749722,0.0,0.0004099527994791639,unresolved,raw accuracy; first minus second arm,2,0,190,2,0,22
RESIDENT40|ZERO|ACTIVE_C1-SHAM_C1|E2,-4.374186197916852e-05,-0.00012105305989583888,0.0,unresolved,raw accuracy; first minus second arm,0,2,190,0,2,22
RESIDENT40|ZERO|ACTIVE_C1-SHAM_C1|E3,-2.2379557291664815e-05,-0.00023803710937499167,0.00017089843749999722,unresolved,raw accuracy; first minus second arm,1,1,190,1,1,22
RESIDENT40|ZERO|ACTIVE_C1-SHAM_C1|E4,7.425944010416852e-05,-1.0172526041666666e-05,0.00023803710937500555,unresolved,raw accuracy; first minus second arm,1,1,190,1,1,22
RESIDENT40|ZERO|ACTIVE_C1-SHAM_C1|E5,4.272460937499815e-05,-0.000152587890625,0.00028076171874999445,unresolved,raw accuracy; first minus second arm,1,1,190,1,1,22
RESIDENT40|ZERO|ACTIVE_C1-SHAM_C1|E6,0.00011088053385416297,0.0,0.00028076171874998984,unresolved,raw accuracy; first minus second arm,2,0,190,2,0,22
RESIDENT40|ZERO|ACTIVE_C1-SHAM_C1|E7,-1.8310546874997224e-05,-0.0001037597656249889,4.8828124999997224e-05,unresolved,raw accuracy; first minus second arm,1,1,190,1,1,22
RESIDENT40|ZERO|ACTIVE_C1-SHAM_C1|E8,4.069010416662966e-06,-8.544921875000555e-05,9.765624999999445e-05,unresolved,raw accuracy; first minus second arm,1,1,190,1,1,22
RESIDENT40|ZERO|ACTIVE_C1-SHAM_C1|F,2.0345052083333332e-05,0.0,5.289713541666667e-05,unresolved,carrier frequency; first minus second arm,2,0,190,2,0,22
RESIDENT40|ZERO|ACTIVE_C1-SHAM_C1|F0,0.0,0.0,0.0,structural_zero,design-implied zero,0,0,192,0,0,24
RESIDENT40|ZERO|ACTIVE_C1-SHAM_C1|F1,0.0,0.0,0.0,structural_zero,design-implied zero,0,0,192,0,0,24
RESIDENT40|ZERO|ACTIVE_C1-SHAM_C1|F40,0.0,0.0,0.0,observed_exact_zero,sampled equality; not a design guarantee,0,0,192,0,0,24
RESIDENT40|ZERO|ACTIVE_C1-SHAM_C1|FE1,0.00016276041666666666,0.0,0.00042317708333333335,unresolved,carrier frequency; first minus second arm,2,0,190,2,0,22
RESIDENT40|ZERO|ACTIVE_C1-SHAM_C1|FE2,0.0,0.0,0.0,observed_exact_zero,sampled equality; not a design guarantee,0,0,192,0,0,24
RESIDENT40|ZERO|ACTIVE_C1-SHAM_C1|FE3,0.0,0.0,0.0,observed_exact_zero,sampled equality; not a design guarantee,0,0,192,0,0,24
RESIDENT40|ZERO|ACTIVE_C1-SHAM_C1|FE4,0.0,0.0,0.0,observed_exact_zero,sampled equality; not a design guarantee,0,0,192,0,0,24
RESIDENT40|ZERO|ACTIVE_C1-SHAM_C1|FE5,0.0,0.0,0.0,observed_exact_zero,sampled equality; not a design guarantee,0,0,192,0,0,24
RESIDENT40|ZERO|ACTIVE_C1-SHAM_C1|FE6,0.0,0.0,0.0,observed_exact_zero,sampled equality; not a design guarantee,0,0,192,0,0,24
RESIDENT40|ZERO|ACTIVE_C1-SHAM_C1|FE7,0.0,0.0,0.0,observed_exact_zero,sampled equality; not a design guarantee,0,0,192,0,0,24
RESIDENT40|ZERO|ACTIVE_C1-SHAM_C1|FE8,0.0,0.0,0.0,observed_exact_zero,sampled equality; not a design guarantee,0,0,192,0,0,24
RESIDENT40|ZERO|ACTIVE_C1-SHAM_C1|MLOSS,-3.789265950520972e-05,-9.524027506510833e-05,0.0,unresolved,raw mismatch; first minus second arm,0,2,190,0,2,22
RESIDENT40|ZERO|ACTIVE_C1-SHAM_C1|U,3.7892659505207406e-05,0.0,9.52402750651014e-05,unresolved,raw accuracy; first minus second arm,2,0,190,2,0,22
RESIDENT40|ZERO|ACTIVE_C1-SHAM_C1|U0,0.0,0.0,0.0,structural_zero,design-implied zero,0,0,192,0,0,24
RESIDENT40|ZERO|ACTIVE_C1-SHAM_C1|U1,0.0,0.0,0.0,structural_zero,design-implied zero,0,0,192,0,0,24
RESIDENT40|ZERO|ACTIVE_C1-SHAM_C1|U40,-0.0002950032552083333,-0.0008036295572916666,0.0,unresolved,raw accuracy; first minus second arm,0,2,190,0,2,22
RESIDENT40|ZERO|ACTIVE_C1|D40,-0.03125,-0.03125,-0.03125,negative,carrier frequency change; absolute,0,192,0,0,24,0
RESIDENT40|ZERO|ACTIVE_C1|E1,0.6532063802083333,0.6452715301513672,0.661905975341797,positive,raw accuracy; absolute,192,0,0,24,0,0
RESIDENT40|ZERO|ACTIVE_C1|E2,0.6141794840494792,0.6117395782470703,0.6165884653727213,positive,raw accuracy; absolute,192,0,0,24,0,0
RESIDENT40|ZERO|ACTIVE_C1|E3,0.6146586100260416,0.6127501169840496,0.6165499369303387,positive,raw accuracy; absolute,192,0,0,24,0,0
RESIDENT40|ZERO|ACTIVE_C1|E4,0.6137969970703124,0.611298573811849,0.6163683064778647,positive,raw accuracy; absolute,192,0,0,24,0,0
RESIDENT40|ZERO|ACTIVE_C1|E5,0.6164703369140626,0.6134825388590496,0.6197720336914063,positive,raw accuracy; absolute,192,0,0,24,0,0
RESIDENT40|ZERO|ACTIVE_C1|E6,0.6158548990885416,0.6135272471110026,0.6182618459065755,positive,raw accuracy; absolute,192,0,0,24,0,0
RESIDENT40|ZERO|ACTIVE_C1|E7,0.6140838623046875,0.6109567260742187,0.6172801971435546,positive,raw accuracy; absolute,192,0,0,24,0,0
RESIDENT40|ZERO|ACTIVE_C1|E8,0.6146341959635417,0.6119159189860026,0.6174878692626954,positive,raw accuracy; absolute,192,0,0,24,0,0
RESIDENT40|ZERO|ACTIVE_C1|F,5.289713541666667e-05,1.2207031250000002e-05,0.00010172526041666667,positive,carrier frequency; absolute,8,0,184,6,0,18
RESIDENT40|ZERO|ACTIVE_C1|F0,0.03125,0.03125,0.03125,positive,carrier frequency; absolute,192,0,0,24,0,0
RESIDENT40|ZERO|ACTIVE_C1|F1,0.0013020833333333333,0.0003255208333333333,0.00244140625,positive,carrier frequency; absolute,8,0,184,6,0,18
RESIDENT40|ZERO|ACTIVE_C1|F40,0.0,0.0,0.0,observed_exact_zero,sampled equality; not a design guarantee,0,0,192,0,0,24
RESIDENT40|ZERO|ACTIVE_C1|FE1,0.00042317708333333335,9.765625000000002e-05,0.0008138020833333334,positive,carrier frequency; absolute,8,0,184,6,0,18
RESIDENT40|ZERO|ACTIVE_C1|FE2,0.0,0.0,0.0,observed_exact_zero,sampled equality; not a design guarantee,0,0,192,0,0,24
RESIDENT40|ZERO|ACTIVE_C1|FE3,0.0,0.0,0.0,observed_exact_zero,sampled equality; not a design guarantee,0,0,192,0,0,24
RESIDENT40|ZERO|ACTIVE_C1|FE4,0.0,0.0,0.0,observed_exact_zero,sampled equality; not a design guarantee,0,0,192,0,0,24
RESIDENT40|ZERO|ACTIVE_C1|FE5,0.0,0.0,0.0,observed_exact_zero,sampled equality; not a design guarantee,0,0,192,0,0,24
RESIDENT40|ZERO|ACTIVE_C1|FE6,0.0,0.0,0.0,observed_exact_zero,sampled equality; not a design guarantee,0,0,192,0,0,24
RESIDENT40|ZERO|ACTIVE_C1|FE7,0.0,0.0,0.0,observed_exact_zero,sampled equality; not a design guarantee,0,0,192,0,0,24
RESIDENT40|ZERO|ACTIVE_C1|FE8,0.0,0.0,0.0,observed_exact_zero,sampled equality; not a design guarantee,0,0,192,0,0,24
RESIDENT40|ZERO|ACTIVE_C1|MLOSS,0.380389404296875,0.3789524459838868,0.381729793548584,positive,raw mismatch; absolute,192,0,0,24,0,0
RESIDENT40|ZERO|ACTIVE_C1|U,0.6196105957031249,0.618270206451416,0.6210475540161133,positive,raw accuracy; absolute,192,0,0,24,0,0
RESIDENT40|ZERO|ACTIVE_C1|U0,0.7163035074869791,0.6938170115152995,0.7402376810709635,positive,raw accuracy; absolute,192,0,0,24,0,0
RESIDENT40|ZERO|ACTIVE_C1|U1,0.7330780029296875,0.7139205932617188,0.7535603841145834,positive,raw accuracy; absolute,192,0,0,24,0,0
RESIDENT40|ZERO|ACTIVE_C1|U40,0.6136372884114584,0.6084645589192709,0.6187597910563151,positive,raw accuracy; absolute,192,0,0,24,0,0
RESIDENT40|ZERO|NOVEL_C0-SHAM_C0|D40,0.041666666666666664,-0.010416666666666666,0.09375,unresolved,carrier frequency change; first minus second arm,16,8,168,11,5,8
RESIDENT40|ZERO|NOVEL_C0-SHAM_C0|E1,0.00017801920572918517,-0.0002777608235676812,0.0006541188557943,unresolved,raw accuracy; first minus second arm,60,42,90,14,10,0
RESIDENT40|ZERO|NOVEL_C0-SHAM_C0|E2,4.0690104166666664e-05,-0.001075312296549468,0.0011404673258463434,unresolved,raw accuracy; first minus second arm,54,48,90,13,11,0
RESIDENT40|ZERO|NOVEL_C0-SHAM_C0|E3,0.00045878092447917035,-0.0009329223632812572,0.0019043223063151247,unresolved,raw accuracy; first minus second arm,59,44,89,12,12,0
RESIDENT40|ZERO|NOVEL_C0-SHAM_C0|E4,-0.001366170247395826,-0.002748667399088544,2.985636393229599e-05,unresolved,raw accuracy; first minus second arm,43,60,89,9,15,0
RESIDENT40|ZERO|NOVEL_C0-SHAM_C0|E5,0.0004821777343749778,-0.000982793172200543,0.001865666707356753,unresolved,raw accuracy; first minus second arm,57,45,90,14,10,0
RESIDENT40|ZERO|NOVEL_C0-SHAM_C0|E6,0.000814819335937513,-0.0007839965820312318,0.0023488362630208486,unresolved,raw accuracy; first minus second arm,57,46,89,14,10,0
RESIDENT40|ZERO|NOVEL_C0-SHAM_C0|E7,0.0017690022786458666,-0.000343017578124966,0.004081242879231796,unresolved,raw accuracy; first minus second arm,59,43,90,15,9,0
RESIDENT40|ZERO|NOVEL_C0-SHAM_C0|E8,0.00079345703125,-0.0007792663574218559,0.0023428599039713198,unresolved,raw accuracy; first minus second arm,52,50,90,14,10,0
RESIDENT40|ZERO|NOVEL_C0-SHAM_C0|F,0.022163899739583336,-0.01134195963541667,0.05556986490885415,unresolved,carrier frequency; first minus second arm,34,74,84,13,11,0
RESIDENT40|ZERO|NOVEL_C0-SHAM_C0|F0,0.0,0.0,0.0,structural_zero,design-implied zero,0,0,192,0,0,24
RESIDENT40|ZERO|NOVEL_C0-SHAM_C0|F1,-0.008951822916666666,-0.01123046875,-0.006673177083333333,negative,carrier frequency; first minus second arm,4,59,129,0,22,2
RESIDENT40|ZERO|NOVEL_C0-SHAM_C0|F40,0.041666666666666664,-0.010416666666666666,0.09375,unresolved,carrier frequency; first minus second arm,16,8,168,11,5,8
RESIDENT40|ZERO|NOVEL_C0-SHAM_C0|FE1,-0.013281250000000001,-0.019075520833333335,-0.008169759114583338,negative,carrier frequency; first minus second arm,26,81,85,7,17,0
RESIDENT40|ZERO|NOVEL_C0-SHAM_C0|FE2,0.001757812500000003,-0.01865804036458333,0.021889648437499923,unresolved,carrier frequency; first minus second arm,26,23,143,12,12,0
RESIDENT40|ZERO|NOVEL_C0-SHAM_C0|FE3,0.015917968749999997,-0.013614095052083332,0.046914062499999964,unresolved,carrier frequency; first minus second arm,22,12,158,13,8,3
RESIDENT40|ZERO|NOVEL_C0-SHAM_C0|FE4,0.024316406250000002,-0.014295247395833332,0.06374023437499998,unresolved,carrier frequency; first minus second arm,18,12,162,13,8,3
RESIDENT40|ZERO|NOVEL_C0-SHAM_C0|FE5,0.03173828125,-0.012111002604166667,0.0749454752604166,unresolved,carrier frequency; first minus second arm,16,12,164,11,8,5
RESIDENT40|ZERO|NOVEL_C0-SHAM_C0|FE6,0.03714192708333333,-0.006598307291666666,0.08157633463541665,unresolved,carrier frequency; first minus second arm,17,9,166,12,5,7
RESIDENT40|ZERO|NOVEL_C0-SHAM_C0|FE7,0.03821614583333333,-0.007864583333333333,0.08353597005208331,unresolved,carrier frequency; first minus second arm,17,9,166,12,5,7
RESIDENT40|ZERO|NOVEL_C0-SHAM_C0|FE8,0.04150390625,-0.009147135416666665,0.09241943359374998,unresolved,carrier frequency; first minus second arm,16,8,168,11,5,8
RESIDENT40|ZERO|NOVEL_C0-SHAM_C0|MLOSS,-0.0003963470458984454,-0.000842199325561516,4.3255488077769774e-05,unresolved,raw mismatch; first minus second arm,48,54,90,7,17,0
RESIDENT40|ZERO|NOVEL_C0-SHAM_C0|U,0.0003963470458984338,-4.325548807782171e-05,0.0008421993255615316,unresolved,raw accuracy; first minus second arm,54,48,90,17,7,0
RESIDENT40|ZERO|NOVEL_C0-SHAM_C0|U0,0.0,0.0,0.0,structural_zero,design-implied zero,0,0,192,0,0,24
RESIDENT40|ZERO|NOVEL_C0-SHAM_C0|U1,0.0,0.0,0.0,observed_exact_zero,sampled equality; not a design guarantee,0,0,192,0,0,24
RESIDENT40|ZERO|NOVEL_C0-SHAM_C0|U40,0.0030619303385416665,-0.0009417215983072916,0.006597137451171874,unresolved,raw accuracy; first minus second arm,65,38,89,16,8,0
RESIDENT40|ZERO|NOVEL_C0|D40,0.0625,0.026041666666666668,0.09895833333333333,positive,carrier frequency change; absolute,18,174,0,14,10,0
RESIDENT40|ZERO|NOVEL_C0|E1,0.6529856363932293,0.6450534311930339,0.6617862701416015,positive,raw accuracy; absolute,192,0,0,24,0,0
RESIDENT40|ZERO|NOVEL_C0|E2,0.6145914713541667,0.6123402404785157,0.6168267567952475,positive,raw accuracy; absolute,192,0,0,24,0,0
RESIDENT40|ZERO|NOVEL_C0|E3,0.6154388427734375,0.6135709126790364,0.6172438303629557,positive,raw accuracy; absolute,192,0,0,24,0,0
RESIDENT40|ZERO|NOVEL_C0|E4,0.6133961995442708,0.6116158040364583,0.6152772521972656,positive,raw accuracy; absolute,192,0,0,24,0,0
RESIDENT40|ZERO|NOVEL_C0|E5,0.615899658203125,0.6132435607910156,0.6187704213460286,positive,raw accuracy; absolute,192,0,0,24,0,0
RESIDENT40|ZERO|NOVEL_C0|E6,0.616326904296875,0.6136196899414063,0.619164555867513,positive,raw accuracy; absolute,192,0,0,24,0,0
RESIDENT40|ZERO|NOVEL_C0|E7,0.61650390625,0.6136198425292969,0.6196107482910156,positive,raw accuracy; absolute,192,0,0,24,0,0
RESIDENT40|ZERO|NOVEL_C0|E8,0.6155904134114584,0.6130450948079427,0.6180149332682292,positive,raw accuracy; absolute,192,0,0,24,0,0
RESIDENT40|ZERO|NOVEL_C0|F,0.06589762369791666,0.043273213704427084,0.09148834228515623,positive,carrier frequency; absolute,105,0,87,24,0,0
RESIDENT40|ZERO|NOVEL_C0|F0,0.03125,0.03125,0.03125,positive,carrier frequency; absolute,192,0,0,24,0,0
RESIDENT40|ZERO|NOVEL_C0|F1,0.019856770833333332,0.017578125,0.0224609375,positive,carrier frequency; absolute,105,0,87,24,0,0
RESIDENT40|ZERO|NOVEL_C0|F40,0.09375,0.057291666666666664,0.13020833333333334,positive,carrier frequency; absolute,18,0,174,14,0,10
RESIDENT40|ZERO|NOVEL_C0|FE1,0.017968750000000002,0.0140625,0.02216796875,positive,carrier frequency; absolute,105,0,87,24,0,0
RESIDENT40|ZERO|NOVEL_C0|FE2,0.03557942708333334,0.02285074869791667,0.04941487630208333,positive,carrier frequency; absolute,31,0,161,17,0,7
RESIDENT40|ZERO|NOVEL_C0|FE3,0.05442708333333333,0.03388590494791666,0.07799560546874999,positive,carrier frequency; absolute,24,0,168,17,0,7
RESIDENT40|ZERO|NOVEL_C0|FE4,0.06956380208333333,0.043943684895833335,0.10019694010416666,positive,carrier frequency; absolute,21,0,171,16,0,8
RESIDENT40|ZERO|NOVEL_C0|FE5,0.08092447916666666,0.05194824218750001,0.11321777343749999,positive,carrier frequency; absolute,19,0,173,14,0,10
RESIDENT40|ZERO|NOVEL_C0|FE6,0.08642578125,0.056438802083333336,0.12005208333333332,positive,carrier frequency; absolute,18,0,174,14,0,10
RESIDENT40|ZERO|NOVEL_C0|FE7,0.08912760416666665,0.057291666666666664,0.12386474609374998,positive,carrier frequency; absolute,18,0,174,14,0,10
RESIDENT40|ZERO|NOVEL_C0|FE8,0.09316406249999999,0.057291666666666664,0.12962239583333332,positive,carrier frequency; absolute,18,0,174,14,0,10
RESIDENT40|ZERO|NOVEL_C0|MLOSS,0.3799083709716797,0.3785439491271973,0.38122621536254886,positive,raw mismatch; absolute,192,0,0,24,0,0
RESIDENT40|ZERO|NOVEL_C0|U,0.6200916290283204,0.6187737846374511,0.6214560508728028,positive,raw accuracy; absolute,192,0,0,24,0,0
RESIDENT40|ZERO|NOVEL_C0|U0,0.7163035074869791,0.6938170115152995,0.7402376810709635,positive,raw accuracy; absolute,192,0,0,24,0,0
RESIDENT40|ZERO|NOVEL_C0|U1,0.7331339518229166,0.7140061696370443,0.7535858154296875,positive,raw accuracy; absolute,192,0,0,24,0,0
RESIDENT40|ZERO|NOVEL_C0|U40,0.6149393717447916,0.6102331797281901,0.6195223490397136,positive,raw accuracy; absolute,192,0,0,24,0,0
RESIDENT40|ZERO|NOVEL_C1-SHAM_C1|D40,0.0,0.0,0.0,observed_exact_zero,sampled equality; not a design guarantee,0,0,192,0,0,24
RESIDENT40|ZERO|NOVEL_C1-SHAM_C1|E1,-2.2379557291669443e-05,-6.713867187500833e-05,0.0,unresolved,raw accuracy; first minus second arm,0,1,191,0,1,23
RESIDENT40|ZERO|NOVEL_C1-SHAM_C1|E2,-1.52587890625e-05,-4.57763671875e-05,0.0,unresolved,raw accuracy; first minus second arm,0,1,191,0,1,23
RESIDENT40|ZERO|NOVEL_C1-SHAM_C1|E3,7.42594401041639e-05,0.0,0.00022277832031249167,unresolved,raw accuracy; first minus second arm,1,0,191,1,0,23
RESIDENT40|ZERO|NOVEL_C1-SHAM_C1|E4,0.00010477701822916852,0.0,0.00031433105468750555,unresolved,raw accuracy; first minus second arm,1,0,191,1,0,23
RESIDENT40|ZERO|NOVEL_C1-SHAM_C1|E5,-1.4241536458334259e-05,-4.2724609375002776e-05,0.0,unresolved,raw accuracy; first minus second arm,0,1,191,0,1,23
RESIDENT40|ZERO|NOVEL_C1-SHAM_C1|E6,-4.374186197916852e-05,-0.00013122558593750555,0.0,unresolved,raw accuracy; first minus second arm,0,1,191,0,1,23
RESIDENT40|ZERO|NOVEL_C1-SHAM_C1|E7,-6.917317708333519e-05,-0.00020751953125000555,0.0,unresolved,raw accuracy; first minus second arm,0,1,191,0,1,23
RESIDENT40|ZERO|NOVEL_C1-SHAM_C1|E8,-6.713867187499907e-05,-0.00020141601562499722,0.0,unresolved,raw accuracy; first minus second arm,0,1,191,0,1,23
RESIDENT40|ZERO|NOVEL_C1-SHAM_C1|F,-4.069010416666667e-06,-1.2207031250000002e-05,0.0,unresolved,carrier frequency; first minus second arm,0,1,191,0,1,23
RESIDENT40|ZERO|NOVEL_C1-SHAM_C1|F0,0.0,0.0,0.0,structural_zero,design-implied zero,0,0,192,0,0,24
RESIDENT40|ZERO|NOVEL_C1-SHAM_C1|F1,-0.00016276041666666666,-0.00048828125,0.0,unresolved,carrier frequency; first minus second arm,0,1,191,0,1,23
RESIDENT40|ZERO|NOVEL_C1-SHAM_C1|F40,0.0,0.0,0.0,observed_exact_zero,sampled equality; not a design guarantee,0,0,192,0,0,24
RESIDENT40|ZERO|NOVEL_C1-SHAM_C1|FE1,-3.255208333333333e-05,-9.765625000000002e-05,0.0,unresolved,carrier frequency; first minus second arm,0,1,191,0,1,23
RESIDENT40|ZERO|NOVEL_C1-SHAM_C1|FE2,0.0,0.0,0.0,observed_exact_zero,sampled equality; not a design guarantee,0,0,192,0,0,24
RESIDENT40|ZERO|NOVEL_C1-SHAM_C1|FE3,0.0,0.0,0.0,observed_exact_zero,sampled equality; not a design guarantee,0,0,192,0,0,24
RESIDENT40|ZERO|NOVEL_C1-SHAM_C1|FE4,0.0,0.0,0.0,observed_exact_zero,sampled equality; not a design guarantee,0,0,192,0,0,24
RESIDENT40|ZERO|NOVEL_C1-SHAM_C1|FE5,0.0,0.0,0.0,observed_exact_zero,sampled equality; not a design guarantee,0,0,192,0,0,24
RESIDENT40|ZERO|NOVEL_C1-SHAM_C1|FE6,0.0,0.0,0.0,observed_exact_zero,sampled equality; not a design guarantee,0,0,192,0,0,24
RESIDENT40|ZERO|NOVEL_C1-SHAM_C1|FE7,0.0,0.0,0.0,observed_exact_zero,sampled equality; not a design guarantee,0,0,192,0,0,24
RESIDENT40|ZERO|NOVEL_C1-SHAM_C1|FE8,0.0,0.0,0.0,observed_exact_zero,sampled equality; not a design guarantee,0,0,192,0,0,24
RESIDENT40|ZERO|NOVEL_C1-SHAM_C1|MLOSS,6.612141927081945e-06,0.0,1.9836425781245837e-05,unresolved,raw mismatch; first minus second arm,1,0,191,1,0,23
RESIDENT40|ZERO|NOVEL_C1-SHAM_C1|U,-6.6121419270842585e-06,-1.9836425781252776e-05,0.0,unresolved,raw accuracy; first minus second arm,0,1,191,0,1,23
RESIDENT40|ZERO|NOVEL_C1-SHAM_C1|U0,0.0,0.0,0.0,structural_zero,design-implied zero,0,0,192,0,0,24
RESIDENT40|ZERO|NOVEL_C1-SHAM_C1|U1,-5.086263020833333e-06,-1.52587890625e-05,0.0,unresolved,raw accuracy; first minus second arm,0,1,191,0,1,23
RESIDENT40|ZERO|NOVEL_C1-SHAM_C1|U40,-0.0004323323567708333,-0.0012969970703125,0.0,unresolved,raw accuracy; first minus second arm,0,1,191,0,1,23
RESIDENT40|ZERO|NOVEL_C1|D40,-0.03125,-0.03125,-0.03125,negative,carrier frequency change; absolute,0,192,0,0,24,0
RESIDENT40|ZERO|NOVEL_C1|E1,0.6530283610026041,0.6451228586832682,0.6617036692301432,positive,raw accuracy; absolute,192,0,0,24,0,0
RESIDENT40|ZERO|NOVEL_C1|E2,0.6142079671223958,0.6117492421468099,0.6166349029541015,positive,raw accuracy; absolute,192,0,0,24,0,0
RESIDENT40|ZERO|NOVEL_C1|E3,0.6147552490234375,0.6128009796142578,0.6166783142089844,positive,raw accuracy; absolute,192,0,0,24,0,0
RESIDENT40|ZERO|NOVEL_C1|E4,0.6138275146484374,0.6114242299397787,0.6164001973470052,positive,raw accuracy; absolute,192,0,0,24,0,0
RESIDENT40|ZERO|NOVEL_C1|E5,0.6164133707682292,0.6133914947509765,0.6197604370117187,positive,raw accuracy; absolute,192,0,0,24,0,0
RESIDENT40|ZERO|NOVEL_C1|E6,0.6157002766927083,0.6133890024820964,0.6181386566162109,positive,raw accuracy; absolute,192,0,0,24,0,0
RESIDENT40|ZERO|NOVEL_C1|E7,0.6140329996744791,0.6108212534586588,0.617261962890625,positive,raw accuracy; absolute,192,0,0,24,0,0
RESIDENT40|ZERO|NOVEL_C1|E8,0.61456298828125,0.611871821085612,0.6174095153808595,positive,raw accuracy; absolute,192,0,0,24,0,0
RESIDENT40|ZERO|NOVEL_C1|F,2.848307291666667e-05,8.138020833333333e-06,5.696614583333334e-05,positive,carrier frequency; absolute,7,0,185,5,0,19
RESIDENT40|ZERO|NOVEL_C1|F0,0.03125,0.03125,0.03125,positive,carrier frequency; absolute,192,0,0,24,0,0
RESIDENT40|ZERO|NOVEL_C1|F1,0.0011393229166666667,0.0003255208333333333,0.0022786458333333335,positive,carrier frequency; absolute,7,0,185,5,0,19
RESIDENT40|ZERO|NOVEL_C1|F40,0.0,0.0,0.0,observed_exact_zero,sampled equality; not a design guarantee,0,0,192,0,0,24
RESIDENT40|ZERO|NOVEL_C1|FE1,0.00022786458333333336,6.510416666666667e-05,0.00045572916666666673,positive,carrier frequency; absolute,7,0,185,5,0,19
RESIDENT40|ZERO|NOVEL_C1|FE2,0.0,0.0,0.0,observed_exact_zero,sampled equality; not a design guarantee,0,0,192,0,0,24
RESIDENT40|ZERO|NOVEL_C1|FE3,0.0,0.0,0.0,observed_exact_zero,sampled equality; not a design guarantee,0,0,192,0,0,24
RESIDENT40|ZERO|NOVEL_C1|FE4,0.0,0.0,0.0,observed_exact_zero,sampled equality; not a design guarantee,0,0,192,0,0,24
RESIDENT40|ZERO|NOVEL_C1|FE5,0.0,0.0,0.0,observed_exact_zero,sampled equality; not a design guarantee,0,0,192,0,0,24
RESIDENT40|ZERO|NOVEL_C1|FE6,0.0,0.0,0.0,observed_exact_zero,sampled equality; not a design guarantee,0,0,192,0,0,24
RESIDENT40|ZERO|NOVEL_C1|FE7,0.0,0.0,0.0,observed_exact_zero,sampled equality; not a design guarantee,0,0,192,0,0,24
RESIDENT40|ZERO|NOVEL_C1|FE8,0.0,0.0,0.0,observed_exact_zero,sampled equality; not a design guarantee,0,0,192,0,0,24
RESIDENT40|ZERO|NOVEL_C1|MLOSS,0.3804339090983073,0.37899859428405763,0.38178114255269374,positive,raw mismatch; absolute,192,0,0,24,0,0
RESIDENT40|ZERO|NOVEL_C1|U,0.6195660909016928,0.6182188574473063,0.6210014057159424,positive,raw accuracy; absolute,192,0,0,24,0,0
RESIDENT40|ZERO|NOVEL_C1|U0,0.7163035074869791,0.6938170115152995,0.7402376810709635,positive,raw accuracy; absolute,192,0,0,24,0,0
RESIDENT40|ZERO|NOVEL_C1|U1,0.7330729166666666,0.7139156341552735,0.753555425008138,positive,raw accuracy; absolute,192,0,0,24,0,0
RESIDENT40|ZERO|NOVEL_C1|U40,0.6134999593098959,0.6080271402994791,0.6187859853108724,positive,raw accuracy; absolute,192,0,0,24,0,0
RESIDENT40|ZERO|SHAM_C0|D40,0.020833333333333332,-0.005208333333333333,0.052083333333333336,unresolved,carrier frequency change; absolute,10,182,0,9,15,0
RESIDENT40|ZERO|SHAM_C0|E1,0.6528076171874999,0.6449876912434895,0.6613536834716797,positive,raw accuracy; absolute,192,0,0,24,0,0
RESIDENT40|ZERO|SHAM_C0|E2,0.6145507812500001,0.6124603017171225,0.6165867106119792,positive,raw accuracy; absolute,192,0,0,24,0,0
RESIDENT40|ZERO|SHAM_C0|E3,0.6149800618489584,0.613162104288737,0.616927235921224,positive,raw accuracy; absolute,192,0,0,24,0,0
RESIDENT40|ZERO|SHAM_C0|E4,0.6147623697916667,0.6121103413899739,0.6174053446451823,positive,raw accuracy; absolute,192,0,0,24,0,0
RESIDENT40|ZERO|SHAM_C0|E5,0.61541748046875,0.6126687622070313,0.6185755920410156,positive,raw accuracy; absolute,192,0,0,24,0,0
RESIDENT40|ZERO|SHAM_C0|E6,0.6155120849609376,0.6123709106445313,0.6186711883544922,positive,raw accuracy; absolute,192,0,0,24,0,0
RESIDENT40|ZERO|SHAM_C0|E7,0.6147349039713541,0.6113300323486328,0.6181855519612629,positive,raw accuracy; absolute,192,0,0,24,0,0
RESIDENT40|ZERO|SHAM_C0|E8,0.6147969563802084,0.6118945821126303,0.6176166280110676,positive,raw accuracy; absolute,192,0,0,24,0,0
RESIDENT40|ZERO|SHAM_C0|F,0.043733723958333325,0.025756327311197917,0.06365386962890623,positive,carrier frequency; absolute,125,0,67,24,0,0
RESIDENT40|ZERO|SHAM_C0|F0,0.03125,0.03125,0.03125,positive,carrier frequency; absolute,192,0,0,24,0,0
RESIDENT40|ZERO|SHAM_C0|F1,0.02880859375,0.02554931640625,0.032389322916666664,positive,carrier frequency; absolute,125,0,67,24,0,0
RESIDENT40|ZERO|SHAM_C0|F40,0.052083333333333336,0.026041666666666668,0.08333333333333333,positive,carrier frequency; absolute,10,0,182,9,0,15
RESIDENT40|ZERO|SHAM_C0|FE1,0.03125,0.026302083333333337,0.03645914713541666,positive,carrier frequency; absolute,125,0,67,24,0,0
RESIDENT40|ZERO|SHAM_C0|FE2,0.03382161458333333,0.019660644531249997,0.05058756510416665,positive,carrier frequency; absolute,33,0,159,21,0,3
RESIDENT40|ZERO|SHAM_C0|FE3,0.03850911458333334,0.020179850260416667,0.05833414713541666,positive,carrier frequency; absolute,17,0,175,13,0,11
RESIDENT40|ZERO|SHAM_C0|FE4,0.045247395833333336,0.025193684895833336,0.06845865885416666,positive,carrier frequency; absolute,14,0,178,12,0,12
RESIDENT40|ZERO|SHAM_C0|FE5,0.04918619791666667,0.0268505859375,0.07379720052083331,positive,carrier frequency; absolute,12,0,180,10,0,14
RESIDENT40|ZERO|SHAM_C0|FE6,0.04928385416666667,0.026041666666666668,0.07487304687499999,positive,carrier frequency; absolute,12,0,180,10,0,14
RESIDENT40|ZERO|SHAM_C0|FE7,0.05091145833333333,0.025940755208333333,0.07888264973958328,positive,carrier frequency; absolute,12,0,180,10,0,14
RESIDENT40|ZERO|SHAM_C0|FE8,0.05166015625,0.026041666666666668,0.08206380208333335,positive,carrier frequency; absolute,10,0,182,9,0,15
RESIDENT40|ZERO|SHAM_C0|MLOSS,0.3803047180175781,0.37904399553934737,0.3815617338816325,positive,raw mismatch; absolute,192,0,0,24,0,0
RESIDENT40|ZERO|SHAM_C0|U,0.6196952819824219,0.6184382661183675,0.6209560044606527,positive,raw accuracy; absolute,192,0,0,24,0,0
RESIDENT40|ZERO|SHAM_C0|U0,0.7163035074869791,0.6938170115152995,0.7402376810709635,positive,raw accuracy; absolute,192,0,0,24,0,0
RESIDENT40|ZERO|SHAM_C0|U1,0.7331339518229166,0.7140061696370443,0.7535858154296875,positive,raw accuracy; absolute,192,0,0,24,0,0
RESIDENT40|ZERO|SHAM_C0|U40,0.61187744140625,0.6068621317545573,0.6166898091634115,positive,raw accuracy; absolute,192,0,0,24,0,0
RESIDENT40|ZERO|SHAM_C1|D40,-0.03125,-0.03125,-0.03125,negative,carrier frequency change; absolute,0,192,0,0,24,0
RESIDENT40|ZERO|SHAM_C1|E1,0.6530507405598959,0.6451323445638021,0.6617254892985025,positive,raw accuracy; absolute,192,0,0,24,0,0
RESIDENT40|ZERO|SHAM_C1|E2,0.6142232259114583,0.611762212117513,0.6166580963134765,positive,raw accuracy; absolute,192,0,0,24,0,0
RESIDENT40|ZERO|SHAM_C1|E3,0.6146809895833333,0.612733891805013,0.6165863291422525,positive,raw accuracy; absolute,192,0,0,24,0,0
RESIDENT40|ZERO|SHAM_C1|E4,0.6137227376302083,0.6112446594238281,0.6163433583577473,positive,raw accuracy; absolute,192,0,0,24,0,0
RESIDENT40|ZERO|SHAM_C1|E5,0.6164276123046876,0.6133951568603516,0.6197724914550782,positive,raw accuracy; absolute,192,0,0,24,0,0
RESIDENT40|ZERO|SHAM_C1|E6,0.6157440185546875,0.61343505859375,0.6181835174560547,positive,raw accuracy; absolute,192,0,0,24,0,0
RESIDENT40|ZERO|SHAM_C1|E7,0.6141021728515624,0.6109462229410807,0.6172963714599609,positive,raw accuracy; absolute,192,0,0,24,0,0
RESIDENT40|ZERO|SHAM_C1|E8,0.614630126953125,0.611939442952474,0.6174760182698568,positive,raw accuracy; absolute,192,0,0,24,0,0
RESIDENT40|ZERO|SHAM_C1|F,3.255208333333333e-05,8.138020833333333e-06,6.103515625e-05,positive,carrier frequency; absolute,8,0,184,6,0,18
RESIDENT40|ZERO|SHAM_C1|F0,0.03125,0.03125,0.03125,positive,carrier frequency; absolute,192,0,0,24,0,0
RESIDENT40|ZERO|SHAM_C1|F1,0.0013020833333333333,0.0003255208333333333,0.00244140625,positive,carrier frequency; absolute,8,0,184,6,0,18
RESIDENT40|ZERO|SHAM_C1|F40,0.0,0.0,0.0,observed_exact_zero,sampled equality; not a design guarantee,0,0,192,0,0,24
RESIDENT40|ZERO|SHAM_C1|FE1,0.00026041666666666666,6.510416666666667e-05,0.00048828125,positive,carrier frequency; absolute,8,0,184,6,0,18
RESIDENT40|ZERO|SHAM_C1|FE2,0.0,0.0,0.0,observed_exact_zero,sampled equality; not a design guarantee,0,0,192,0,0,24
RESIDENT40|ZERO|SHAM_C1|FE3,0.0,0.0,0.0,observed_exact_zero,sampled equality; not a design guarantee,0,0,192,0,0,24
RESIDENT40|ZERO|SHAM_C1|FE4,0.0,0.0,0.0,observed_exact_zero,sampled equality; not a design guarantee,0,0,192,0,0,24
RESIDENT40|ZERO|SHAM_C1|FE5,0.0,0.0,0.0,observed_exact_zero,sampled equality; not a design guarantee,0,0,192,0,0,24
RESIDENT40|ZERO|SHAM_C1|FE6,0.0,0.0,0.0,observed_exact_zero,sampled equality; not a design guarantee,0,0,192,0,0,24
RESIDENT40|ZERO|SHAM_C1|FE7,0.0,0.0,0.0,observed_exact_zero,sampled equality; not a design guarantee,0,0,192,0,0,24
RESIDENT40|ZERO|SHAM_C1|FE8,0.0,0.0,0.0,observed_exact_zero,sampled equality; not a design guarantee,0,0,192,0,0,24
RESIDENT40|ZERO|SHAM_C1|MLOSS,0.3804272969563802,0.3789891306559245,0.3817663065592448,positive,raw mismatch; absolute,192,0,0,24,0,0
RESIDENT40|ZERO|SHAM_C1|U,0.6195727030436199,0.6182336934407553,0.6210108693440755,positive,raw accuracy; absolute,192,0,0,24,0,0
RESIDENT40|ZERO|SHAM_C1|U0,0.7163035074869791,0.6938170115152995,0.7402376810709635,positive,raw accuracy; absolute,192,0,0,24,0,0
RESIDENT40|ZERO|SHAM_C1|U1,0.7330780029296875,0.7139205932617188,0.7535603841145834,positive,raw accuracy; absolute,192,0,0,24,0,0
RESIDENT40|ZERO|SHAM_C1|U40,0.6139322916666666,0.6087950388590495,0.6190748850504557,positive,raw accuracy; absolute,192,0,0,24,0,0
