key,mean,ci_low,ci_high,classification,path_positive,path_negative,path_zero,block_positive,block_negative,block_zero
FULL_MINUS_HALF|C0|ISO_H_MINUS_F|D40,0.09635416666666667,0.04312947591145833,0.14974365234374998,positive,56,23,113,18,4,2
FULL_MINUS_HALF|C0|ISO_H_MINUS_F|F,0.05058390299479167,0.01679972330729167,0.08457931518554686,positive,77,54,61,17,7,0
FULL_MINUS_HALF|C0|ISO_H_MINUS_F|F0,0.0,0.0,0.0,structural_zero,0,0,192,0,0,24
FULL_MINUS_HALF|C0|ISO_H_MINUS_F|F1,0.0,0.0,0.0,structural_zero,0,0,192,0,0,24
FULL_MINUS_HALF|C0|ISO_H_MINUS_F|F40,0.09635416666666667,0.04312947591145833,0.14974365234374998,positive,56,23,113,18,4,2
FULL_MINUS_HALF|C0|ISO_H_MINUS_F|FE1,0.004020182291666667,0.0015136718750000013,0.006689453124999999,positive,61,40,91,15,4,5
FULL_MINUS_HALF|C0|ISO_H_MINUS_F|FE2,0.014225260416666665,0.00046956380208333285,0.029658610026041643,positive,72,55,65,14,10,0
FULL_MINUS_HALF|C0|ISO_H_MINUS_F|FE3,0.018310546875000003,-0.006417643229166662,0.04497843424479163,unresolved,65,52,75,18,6,0
FULL_MINUS_HALF|C0|ISO_H_MINUS_F|FE4,0.03990885416666666,0.002321370442708324,0.07863240559895832,positive,64,42,86,17,7,0
FULL_MINUS_HALF|C0|ISO_H_MINUS_F|FE5,0.06326497395833333,0.017430419921875006,0.10969360351562495,positive,68,33,91,17,7,0
FULL_MINUS_HALF|C0|ISO_H_MINUS_F|FE6,0.08126627604166667,0.029383544921875004,0.13222941080729167,positive,65,29,98,18,6,0
FULL_MINUS_HALF|C0|ISO_H_MINUS_F|FE7,0.0880859375,0.034128824869791664,0.1404471842447917,positive,61,27,104,17,7,0
FULL_MINUS_HALF|C0|ISO_H_MINUS_F|FE8,0.09558919270833333,0.04322835286458334,0.14833048502604163,positive,60,24,108,18,6,0
FULL_MINUS_HALF|C0|MIX_H_MINUS_F|D40,0.112548828125,0.06379597981770833,0.15787760416666666,positive,57,21,114,20,2,2
FULL_MINUS_HALF|C0|MIX_H_MINUS_F|F,0.06547241210937499,0.03478892008463542,0.09487609863281246,positive,81,50,61,20,4,0
FULL_MINUS_HALF|C0|MIX_H_MINUS_F|F0,0.0,0.0,0.0,structural_zero,0,0,192,0,0,24
FULL_MINUS_HALF|C0|MIX_H_MINUS_F|F1,0.0,0.0,0.0,structural_zero,0,0,192,0,0,24
FULL_MINUS_HALF|C0|MIX_H_MINUS_F|F40,0.112548828125,0.06379597981770833,0.15787760416666666,positive,57,21,114,20,2,2
FULL_MINUS_HALF|C0|MIX_H_MINUS_F|FE1,0.0041015625,0.0016271972656249985,0.006949869791666663,positive,62,40,90,14,5,5
FULL_MINUS_HALF|C0|MIX_H_MINUS_F|FE2,0.02099609375,0.006298828125000003,0.03727457682291665,positive,76,52,64,14,10,0
FULL_MINUS_HALF|C0|MIX_H_MINUS_F|FE3,0.038476562500000006,0.013522135416666666,0.06559407552083332,positive,64,48,80,16,8,0
FULL_MINUS_HALF|C0|MIX_H_MINUS_F|FE4,0.06388346354166667,0.029556070963541663,0.09853719075520834,positive,68,35,89,18,6,0
FULL_MINUS_HALF|C0|MIX_H_MINUS_F|FE5,0.08237304687500001,0.04107706705729166,0.12326293945312497,positive,70,27,95,19,5,0
FULL_MINUS_HALF|C0|MIX_H_MINUS_F|FE6,0.10019531250000001,0.05483357747395833,0.144761962890625,positive,65,24,103,20,4,0
FULL_MINUS_HALF|C0|MIX_H_MINUS_F|FE7,0.10343424479166667,0.057127685546875,0.14803059895833334,positive,61,22,109,20,4,0
FULL_MINUS_HALF|C0|MIX_H_MINUS_F|FE8,0.11031901041666665,0.06269246419270834,0.1540743001302083,positive,61,21,110,20,2,2
FULL_MINUS_HALF|C0|MIX_MINUS_ISO_RANK|D40,0.016194661458333332,-0.027024332682291666,0.060793050130208325,unresolved,23,20,149,9,13,2
FULL_MINUS_HALF|C0|MIX_MINUS_ISO_RANK|F,0.014888509114583332,-0.011155141194661463,0.04111541748046874,unresolved,38,28,126,13,10,1
FULL_MINUS_HALF|C0|MIX_MINUS_ISO_RANK|F0,0.0,0.0,0.0,structural_zero,0,0,192,0,0,24
FULL_MINUS_HALF|C0|MIX_MINUS_ISO_RANK|F1,0.0,0.0,0.0,structural_zero,0,0,192,0,0,24
FULL_MINUS_HALF|C0|MIX_MINUS_ISO_RANK|F40,0.016194661458333332,-0.027024332682291666,0.060793050130208325,unresolved,23,20,149,9,13,2
FULL_MINUS_HALF|C0|MIX_MINUS_ISO_RANK|FE1,8.13802083333329e-05,-0.00146484375,0.001562499999999999,unresolved,25,26,141,8,9,7
FULL_MINUS_HALF|C0|MIX_MINUS_ISO_RANK|FE2,0.006770833333333336,-0.004656168619791663,0.016602783203124992,unresolved,36,27,129,15,8,1
FULL_MINUS_HALF|C0|MIX_MINUS_ISO_RANK|FE3,0.020166015624999995,-0.0010746256510416655,0.04196004231770833,unresolved,35,25,132,15,8,1
FULL_MINUS_HALF|C0|MIX_MINUS_ISO_RANK|FE4,0.023974609375,-0.003996175130208329,0.05162801106770834,unresolved,34,25,133,15,8,1
FULL_MINUS_HALF|C0|MIX_MINUS_ISO_RANK|FE5,0.01910807291666666,-0.014422607421875004,0.05275309244791664,unresolved,33,24,135,12,11,1
FULL_MINUS_HALF|C0|MIX_MINUS_ISO_RANK|FE6,0.018929036458333336,-0.020378417968749993,0.05972330729166663,unresolved,27,25,140,11,12,1
FULL_MINUS_HALF|C0|MIX_MINUS_ISO_RANK|FE7,0.015348307291666674,-0.027868652343749998,0.060043131510416674,unresolved,26,22,144,10,12,2
FULL_MINUS_HALF|C0|MIX_MINUS_ISO_RANK|FE8,0.014729817708333336,-0.028923746744791663,0.058616536458333306,unresolved,24,20,148,9,13,2
FULL_MINUS_HALF|C1|ISO_H_MINUS_F|D40,0.0026041666666666665,0.0,0.0078125,unresolved,1,0,191,1,0,23
FULL_MINUS_HALF|C1|ISO_H_MINUS_F|F,0.000701904296875,-0.0004904174804687499,0.002616373697916667,unresolved,26,21,145,13,6,5
FULL_MINUS_HALF|C1|ISO_H_MINUS_F|F0,0.0,0.0,0.0,structural_zero,0,0,192,0,0,24
FULL_MINUS_HALF|C1|ISO_H_MINUS_F|F1,0.0,0.0,0.0,structural_zero,0,0,192,0,0,24
FULL_MINUS_HALF|C1|ISO_H_MINUS_F|F40,0.0026041666666666665,0.0,0.0078125,unresolved,1,0,191,1,0,23
FULL_MINUS_HALF|C1|ISO_H_MINUS_F|FE1,0.00030924479166666676,-0.0003584798177083336,0.0010579427083333337,unresolved,22,19,151,11,5,8
FULL_MINUS_HALF|C1|ISO_H_MINUS_F|FE2,-0.0007812500000000002,-0.00244140625,0.0007649739583333332,unresolved,13,17,162,8,9,7
FULL_MINUS_HALF|C1|ISO_H_MINUS_F|FE3,-0.000244140625,-0.0022460937500000003,0.0011881510416666668,unresolved,7,4,181,6,3,15
FULL_MINUS_HALF|C1|ISO_H_MINUS_F|FE4,0.00029296875,-0.0003092447916666667,0.0011067708333333335,unresolved,2,1,189,2,1,21
FULL_MINUS_HALF|C1|ISO_H_MINUS_F|FE5,0.0008626302083333333,0.0,0.0025390625,unresolved,2,0,190,2,0,22
FULL_MINUS_HALF|C1|ISO_H_MINUS_F|FE6,0.0009114583333333332,0.0,0.0027343749999999994,unresolved,1,0,191,1,0,23
FULL_MINUS_HALF|C1|ISO_H_MINUS_F|FE7,0.0016927083333333334,0.0,0.005078125,unresolved,1,0,191,1,0,23
FULL_MINUS_HALF|C1|ISO_H_MINUS_F|FE8,0.0025716145833333333,0.0,0.007714843750000001,unresolved,1,0,191,1,0,23
FULL_MINUS_HALF|C1|MIX_H_MINUS_F|D40,0.0026041666666666665,0.0,0.0078125,unresolved,1,0,191,1,0,23
FULL_MINUS_HALF|C1|MIX_H_MINUS_F|F,0.001544189453125,-0.0001688639322916666,0.0047566731770833336,unresolved,22,18,152,7,8,9
FULL_MINUS_HALF|C1|MIX_H_MINUS_F|F0,0.0,0.0,0.0,structural_zero,0,0,192,0,0,24
FULL_MINUS_HALF|C1|MIX_H_MINUS_F|F1,0.0,0.0,0.0,structural_zero,0,0,192,0,0,24
FULL_MINUS_HALF|C1|MIX_H_MINUS_F|F40,0.0026041666666666665,0.0,0.0078125,unresolved,1,0,191,1,0,23
FULL_MINUS_HALF|C1|MIX_H_MINUS_F|FE1,8.138020833333333e-05,-0.000635172526041667,0.0009444173177083316,unresolved,18,16,158,6,8,10
FULL_MINUS_HALF|C1|MIX_H_MINUS_F|FE2,4.882812499999997e-05,-0.0011885579427083335,0.0013183593749999999,unresolved,10,14,168,8,7,9
FULL_MINUS_HALF|C1|MIX_H_MINUS_F|FE3,0.0007161458333333333,-0.00013020833333333333,0.0018229166666666665,unresolved,6,1,185,4,1,19
FULL_MINUS_HALF|C1|MIX_H_MINUS_F|FE4,0.0011881510416666666,-6.510416666666667e-05,0.0035807291666666665,unresolved,2,1,189,2,1,21
FULL_MINUS_HALF|C1|MIX_H_MINUS_F|FE5,0.002506510416666667,0.0,0.0074707031249999995,unresolved,2,0,190,2,0,22
FULL_MINUS_HALF|C1|MIX_H_MINUS_F|FE6,0.0026041666666666665,0.0,0.0078125,unresolved,1,0,191,1,0,23
FULL_MINUS_HALF|C1|MIX_H_MINUS_F|FE7,0.0026041666666666665,0.0,0.0078125,unresolved,1,0,191,1,0,23
FULL_MINUS_HALF|C1|MIX_H_MINUS_F|FE8,0.0026041666666666665,0.0,0.0078125,unresolved,1,0,191,1,0,23
FULL_MINUS_HALF|C1|MIX_MINUS_ISO_RANK|D40,0.0,-0.0078125,0.0078125,unresolved,1,1,190,1,1,22
FULL_MINUS_HALF|C1|MIX_MINUS_ISO_RANK|F,0.0008422851562499998,-0.0022257486979166663,0.004593963623046875,unresolved,13,12,167,10,9,5
FULL_MINUS_HALF|C1|MIX_MINUS_ISO_RANK|F0,0.0,0.0,0.0,structural_zero,0,0,192,0,0,24
FULL_MINUS_HALF|C1|MIX_MINUS_ISO_RANK|F1,0.0,0.0,0.0,structural_zero,0,0,192,0,0,24
FULL_MINUS_HALF|C1|MIX_MINUS_ISO_RANK|F40,0.0,-0.0078125,0.0078125,unresolved,1,1,190,1,1,22
FULL_MINUS_HALF|C1|MIX_MINUS_ISO_RANK|FE1,-0.0002278645833333334,-0.0006184895833333336,0.00013020833333333366,unresolved,11,11,170,7,9,8
FULL_MINUS_HALF|C1|MIX_MINUS_ISO_RANK|FE2,0.000830078125,-0.0008626302083333333,0.002506510416666667,unresolved,10,9,173,8,6,10
FULL_MINUS_HALF|C1|MIX_MINUS_ISO_RANK|FE3,0.0009602864583333334,-0.0005208333333333333,0.0029951985677083314,unresolved,3,3,186,3,3,18
FULL_MINUS_HALF|C1|MIX_MINUS_ISO_RANK|FE4,0.0008951822916666666,-0.0008308919270833334,0.0035481770833333333,unresolved,2,2,188,2,2,20
FULL_MINUS_HALF|C1|MIX_MINUS_ISO_RANK|FE5,0.0016438802083333333,-0.00244140625,0.007373046875,unresolved,1,1,190,1,1,22
FULL_MINUS_HALF|C1|MIX_MINUS_ISO_RANK|FE6,0.0016927083333333334,-0.0027343749999999994,0.0078125,unresolved,1,1,190,1,1,22
FULL_MINUS_HALF|C1|MIX_MINUS_ISO_RANK|FE7,0.0009114583333333332,-0.005078125,0.0078125,unresolved,1,1,190,1,1,22
FULL_MINUS_HALF|C1|MIX_MINUS_ISO_RANK|FE8,3.255208333333322e-05,-0.007714843750000001,0.0078125,unresolved,1,1,190,1,1,22
FULL_MINUS_ZERO|C0|ISO_H_MINUS_F|D40,0.24104817708333334,0.18919881184895834,0.29648030598958325,positive,86,7,99,23,0,1
FULL_MINUS_ZERO|C0|ISO_H_MINUS_F|F,0.142791748046875,0.11079666137695314,0.17769927978515626,positive,112,29,51,23,1,0
FULL_MINUS_ZERO|C0|ISO_H_MINUS_F|F0,0.0,0.0,0.0,structural_zero,0,0,192,0,0,24
FULL_MINUS_ZERO|C0|ISO_H_MINUS_F|F1,0.0,0.0,0.0,structural_zero,0,0,192,0,0,24
FULL_MINUS_ZERO|C0|ISO_H_MINUS_F|F40,0.24104817708333334,0.18919881184895834,0.29648030598958325,positive,86,7,99,23,0,1
FULL_MINUS_ZERO|C0|ISO_H_MINUS_F|FE1,0.009261067708333333,0.005841878255208334,0.013167724609374999,positive,98,39,55,21,3,0
FULL_MINUS_ZERO|C0|ISO_H_MINUS_F|FE2,0.044580078125,0.02830240885416667,0.06334920247395831,positive,97,35,60,22,2,0
FULL_MINUS_ZERO|C0|ISO_H_MINUS_F|FE3,0.08100585937499999,0.05497843424479166,0.1127461751302083,positive,87,33,72,22,2,0
FULL_MINUS_ZERO|C0|ISO_H_MINUS_F|FE4,0.13984375000000002,0.10583821614583333,0.17928588867187498,positive,89,22,81,23,1,0
FULL_MINUS_ZERO|C0|ISO_H_MINUS_F|FE5,0.183349609375,0.14297810872395833,0.2255883789062499,positive,93,15,84,24,0,0
FULL_MINUS_ZERO|C0|ISO_H_MINUS_F|FE6,0.21630859375,0.17001424153645833,0.26581868489583327,positive,90,12,90,24,0,0
FULL_MINUS_ZERO|C0|ISO_H_MINUS_F|FE7,0.22828776041666665,0.17967041015625002,0.2818021647135415,positive,89,12,91,24,0,0
FULL_MINUS_ZERO|C0|ISO_H_MINUS_F|FE8,0.23969726562500002,0.18798624674479167,0.2949605305989583,positive,87,8,97,24,0,0
FULL_MINUS_ZERO|C0|MIX_H_MINUS_F|D40,0.2571614583333333,0.20548299153645833,0.3114624023437499,positive,89,8,95,23,0,1
FULL_MINUS_ZERO|C0|MIX_H_MINUS_F|F,0.15537516276041666,0.12159764607747395,0.19177007039388017,positive,115,27,50,23,1,0
FULL_MINUS_ZERO|C0|MIX_H_MINUS_F|F0,0.0,0.0,0.0,structural_zero,0,0,192,0,0,24
FULL_MINUS_ZERO|C0|MIX_H_MINUS_F|F1,0.0,0.0,0.0,structural_zero,0,0,192,0,0,24
FULL_MINUS_ZERO|C0|MIX_H_MINUS_F|F40,0.2571614583333333,0.20548299153645833,0.3114624023437499,positive,89,8,95,23,0,1
FULL_MINUS_ZERO|C0|MIX_H_MINUS_F|FE1,0.009798177083333331,0.0063635253906249994,0.01354207356770833,positive,101,37,54,22,2,0
FULL_MINUS_ZERO|C0|MIX_H_MINUS_F|FE2,0.05128580729166667,0.035367431640624995,0.07031412760416667,positive,96,36,60,22,2,0
FULL_MINUS_ZERO|C0|MIX_H_MINUS_F|FE3,0.09931640625,0.06853068033854168,0.13400268554687492,positive,91,27,74,22,2,0
FULL_MINUS_ZERO|C0|MIX_H_MINUS_F|FE4,0.15585937500000002,0.11474405924479167,0.201253662109375,positive,92,21,79,23,1,0
FULL_MINUS_ZERO|C0|MIX_H_MINUS_F|FE5,0.201806640625,0.158809814453125,0.2509615071614583,positive,93,15,84,23,1,0
FULL_MINUS_ZERO|C0|MIX_H_MINUS_F|FE6,0.2318359375,0.18505777994791667,0.28302856445312496,positive,93,11,88,23,1,0
FULL_MINUS_ZERO|C0|MIX_H_MINUS_F|FE7,0.24069010416666667,0.19230021158854166,0.29302978515624994,positive,92,9,91,23,1,0
FULL_MINUS_ZERO|C0|MIX_H_MINUS_F|FE8,0.2524088541666667,0.20149169921875001,0.3059415690104167,positive,90,9,93,23,1,0
FULL_MINUS_ZERO|C0|MIX_MINUS_ISO_RANK|D40,0.01611328125,-0.01937459309895833,0.04598185221354166,unresolved,29,20,143,17,5,2
FULL_MINUS_ZERO|C0|MIX_MINUS_ISO_RANK|F,0.012583414713541663,-0.0063274637858072936,0.02850326538085933,unresolved,38,30,124,16,7,1
FULL_MINUS_ZERO|C0|MIX_MINUS_ISO_RANK|F0,0.0,0.0,0.0,structural_zero,0,0,192,0,0,24
FULL_MINUS_ZERO|C0|MIX_MINUS_ISO_RANK|F1,0.0,0.0,0.0,structural_zero,0,0,192,0,0,24
FULL_MINUS_ZERO|C0|MIX_MINUS_ISO_RANK|F40,0.01611328125,-0.01937459309895833,0.04598185221354166,unresolved,29,20,143,17,5,2
FULL_MINUS_ZERO|C0|MIX_MINUS_ISO_RANK|FE1,0.0005371093749999994,-0.0012532552083333334,0.002279052734374998,unresolved,35,32,125,13,10,1
FULL_MINUS_ZERO|C0|MIX_MINUS_ISO_RANK|FE2,0.00670572916666667,-0.0022298177083333293,0.015706787109375005,unresolved,34,32,126,15,8,1
FULL_MINUS_ZERO|C0|MIX_MINUS_ISO_RANK|FE3,0.018310546875,0.004508463541666666,0.03208333333333331,positive,34,28,130,17,6,1
FULL_MINUS_ZERO|C0|MIX_MINUS_ISO_RANK|FE4,0.016015625,-0.006902262369791666,0.03577514648437499,unresolved,34,26,132,16,7,1
FULL_MINUS_ZERO|C0|MIX_MINUS_ISO_RANK|FE5,0.018457031249999995,-0.004866536458333345,0.039553629557291636,unresolved,32,26,134,16,7,1
FULL_MINUS_ZERO|C0|MIX_MINUS_ISO_RANK|FE6,0.015527343749999997,-0.012516276041666668,0.03947062174479165,unresolved,32,24,136,16,7,1
FULL_MINUS_ZERO|C0|MIX_MINUS_ISO_RANK|FE7,0.012402343750000008,-0.018475748697916655,0.0388525390625,unresolved,29,22,141,16,7,1
FULL_MINUS_ZERO|C0|MIX_MINUS_ISO_RANK|FE8,0.012711588541666667,-0.021632486979166657,0.04118448893229163,unresolved,28,21,143,16,7,1
FULL_MINUS_ZERO|C1|ISO_H_MINUS_F|D40,0.0026041666666666665,0.0,0.0078125,unresolved,1,0,191,1,0,23
FULL_MINUS_ZERO|C1|ISO_H_MINUS_F|F,0.0014628092447916666,0.0002847798665364583,0.0033799235026041635,positive,41,33,118,16,7,1
FULL_MINUS_ZERO|C1|ISO_H_MINUS_F|F0,0.0,0.0,0.0,structural_zero,0,0,192,0,0,24
FULL_MINUS_ZERO|C1|ISO_H_MINUS_F|F1,0.0,0.0,0.0,structural_zero,0,0,192,0,0,24
FULL_MINUS_ZERO|C1|ISO_H_MINUS_F|F40,0.0026041666666666665,0.0,0.0078125,unresolved,1,0,191,1,0,23
FULL_MINUS_ZERO|C1|ISO_H_MINUS_F|FE1,0.0010416666666666669,-1.6682942708332926e-05,0.0021158854166666665,unresolved,39,33,120,15,6,3
FULL_MINUS_ZERO|C1|ISO_H_MINUS_F|FE2,0.0024088541666666668,0.000699462890625,0.00419921875,positive,25,13,154,14,6,4
FULL_MINUS_ZERO|C1|ISO_H_MINUS_F|FE3,0.0015299479166666667,0.00027669270833333327,0.0028324381510416645,positive,8,1,183,8,1,15
FULL_MINUS_ZERO|C1|ISO_H_MINUS_F|FE4,0.0006835937500000001,-8.138020833333333e-05,0.001708984375,unresolved,3,1,188,3,1,20
FULL_MINUS_ZERO|C1|ISO_H_MINUS_F|FE5,0.0008626302083333333,0.0,0.0025390625,unresolved,2,0,190,2,0,22
FULL_MINUS_ZERO|C1|ISO_H_MINUS_F|FE6,0.0009114583333333332,0.0,0.0027343749999999994,unresolved,1,0,191,1,0,23
FULL_MINUS_ZERO|C1|ISO_H_MINUS_F|FE7,0.0016927083333333334,0.0,0.005078125,unresolved,1,0,191,1,0,23
FULL_MINUS_ZERO|C1|ISO_H_MINUS_F|FE8,0.0025716145833333333,0.0,0.007714843750000001,unresolved,1,0,191,1,0,23
FULL_MINUS_ZERO|C1|MIX_H_MINUS_F|D40,0.0026041666666666665,0.0,0.0078125,unresolved,1,0,191,1,0,23
FULL_MINUS_ZERO|C1|MIX_H_MINUS_F|F,0.0017150878906249999,-0.00020757039388020834,0.005117136637369789,unresolved,32,38,122,10,12,2
FULL_MINUS_ZERO|C1|MIX_H_MINUS_F|F0,0.0,0.0,0.0,structural_zero,0,0,192,0,0,24
FULL_MINUS_ZERO|C1|MIX_H_MINUS_F|F1,0.0,0.0,0.0,structural_zero,0,0,192,0,0,24
FULL_MINUS_ZERO|C1|MIX_H_MINUS_F|F40,0.0026041666666666665,0.0,0.0078125,unresolved,1,0,191,1,0,23
FULL_MINUS_ZERO|C1|MIX_H_MINUS_F|FE1,0.00026041666666666655,-0.000716552734375,0.0013509114583333329,unresolved,32,34,126,10,12,2
FULL_MINUS_ZERO|C1|MIX_H_MINUS_F|FE2,0.0009440104166666667,-0.0011555989583333333,0.003076171875,unresolved,18,20,154,11,8,5
FULL_MINUS_ZERO|C1|MIX_H_MINUS_F|FE3,0.0010579427083333333,-0.0002115885416666667,0.002474365234374998,unresolved,8,3,181,6,3,15
FULL_MINUS_ZERO|C1|MIX_H_MINUS_F|FE4,0.0011393229166666667,-0.00016276041666666666,0.0035807291666666665,unresolved,2,1,189,2,1,21
FULL_MINUS_ZERO|C1|MIX_H_MINUS_F|FE5,0.002506510416666667,0.0,0.0074707031249999995,unresolved,2,0,190,2,0,22
FULL_MINUS_ZERO|C1|MIX_H_MINUS_F|FE6,0.0026041666666666665,0.0,0.0078125,unresolved,1,0,191,1,0,23
FULL_MINUS_ZERO|C1|MIX_H_MINUS_F|FE7,0.0026041666666666665,0.0,0.0078125,unresolved,1,0,191,1,0,23
FULL_MINUS_ZERO|C1|MIX_H_MINUS_F|FE8,0.0026041666666666665,0.0,0.0078125,unresolved,1,0,191,1,0,23
FULL_MINUS_ZERO|C1|MIX_MINUS_ISO_RANK|D40,0.0,-0.0078125,0.0078125,unresolved,1,1,190,1,1,22
FULL_MINUS_ZERO|C1|MIX_MINUS_ISO_RANK|F,0.0002522786458333333,-0.002937825520833333,0.004117889404296875,unresolved,15,29,148,8,14,2
FULL_MINUS_ZERO|C1|MIX_MINUS_ISO_RANK|F0,0.0,0.0,0.0,structural_zero,0,0,192,0,0,24
FULL_MINUS_ZERO|C1|MIX_MINUS_ISO_RANK|F1,0.0,0.0,0.0,structural_zero,0,0,192,0,0,24
FULL_MINUS_ZERO|C1|MIX_MINUS_ISO_RANK|F40,0.0,-0.0078125,0.0078125,unresolved,1,1,190,1,1,22
FULL_MINUS_ZERO|C1|MIX_MINUS_ISO_RANK|FE1,-0.0007812500000000003,-0.0016113281250000003,0.00019531249999999952,unresolved,16,27,149,5,17,2
FULL_MINUS_ZERO|C1|MIX_MINUS_ISO_RANK|FE2,-0.00146484375,-0.00341796875,0.0001468912760416645,unresolved,6,20,166,6,13,5
FULL_MINUS_ZERO|C1|MIX_MINUS_ISO_RANK|FE3,-0.00047200520833333334,-0.0019368489583333332,0.0006835937500000001,unresolved,2,4,186,2,3,19
FULL_MINUS_ZERO|C1|MIX_MINUS_ISO_RANK|FE4,0.00045572916666666673,-0.0013671875000000001,0.003079020182291651,unresolved,1,2,189,1,2,21
FULL_MINUS_ZERO|C1|MIX_MINUS_ISO_RANK|FE5,0.0016438802083333333,-0.00244140625,0.007373046875,unresolved,1,1,190,1,1,22
FULL_MINUS_ZERO|C1|MIX_MINUS_ISO_RANK|FE6,0.0016927083333333334,-0.0027343749999999994,0.0078125,unresolved,1,1,190,1,1,22
FULL_MINUS_ZERO|C1|MIX_MINUS_ISO_RANK|FE7,0.0009114583333333332,-0.005078125,0.0078125,unresolved,1,1,190,1,1,22
FULL_MINUS_ZERO|C1|MIX_MINUS_ISO_RANK|FE8,3.255208333333322e-05,-0.007714843750000001,0.0078125,unresolved,1,1,190,1,1,22
FULL|C0|ISO_F_POP|E1,0.7239364624023438,0.7048720677693684,0.7450503921508788,positive,192,0,0,24,0,0
FULL|C0|ISO_F_POP|E2,0.7239028930664061,0.7049575042724611,0.7451475016276041,positive,192,0,0,24,0,0
FULL|C0|ISO_F_POP|E3,0.7250386555989584,0.7059969711303711,0.7462066904703776,positive,192,0,0,24,0,0
FULL|C0|ISO_F_POP|E4,0.7245981852213542,0.705719451904297,0.7460486475626628,positive,192,0,0,24,0,0
FULL|C0|ISO_F_POP|E5,0.7256693522135415,0.7066958109537761,0.7468437321980794,positive,192,0,0,24,0,0
FULL|C0|ISO_F_POP|E6,0.7245880126953125,0.7056888834635416,0.7459449895222982,positive,192,0,0,24,0,0
FULL|C0|ISO_F_POP|E7,0.725164794921875,0.7063053894042969,0.7463405227661133,positive,192,0,0,24,0,0
FULL|C0|ISO_F_POP|E8,0.7249766031901043,0.7062287521362305,0.746151949564616,positive,192,0,0,24,0,0
FULL|C0|ISO_F_POP|MLOSS,0.27526563008626304,0.25425317923227947,0.29419597148895266,positive,192,0,0,24,0,0
FULL|C0|ISO_F_POP|U,0.7247343699137371,0.7058040285110474,0.7457468207677206,positive,192,0,0,24,0,0
FULL|C0|ISO_F_POP|U0,0.7163035074869791,0.6938170115152995,0.7402376810709635,positive,192,0,0,24,0,0
FULL|C0|ISO_F_POP|U1,0.7251612345377604,0.7053996404012044,0.7459548314412435,positive,192,0,0,24,0,0
FULL|C0|ISO_F_POP|U40,0.7235158284505209,0.7045142491658528,0.7453791300455729,positive,192,0,0,24,0,0
FULL|C0|ISO_F|D40,-0.03125,-0.03125,-0.03125,negative,0,192,0,0,24,0
FULL|C0|ISO_F|F,0.0014567057291666665,0.0012166341145833333,0.0016988118489583333,positive,160,0,32,24,0,0
FULL|C0|ISO_F|F0,0.03125,0.03125,0.03125,positive,192,0,0,24,0,0
FULL|C0|ISO_F|F1,0.021321614583333332,0.019287109375,0.023518880208333332,positive,160,0,32,24,0,0
FULL|C0|ISO_F|F40,0.0,0.0,0.0,observed_exact_zero,0,0,192,0,0,24
FULL|C0|ISO_F|FE1,0.010807291666666665,0.009228515625000001,0.012451171875,positive,160,0,32,24,0,0
FULL|C0|ISO_F|FE2,0.0008138020833333334,0.0003255208333333333,0.001400146484374998,positive,16,0,176,10,0,14
FULL|C0|ISO_F|FE3,3.255208333333333e-05,0.0,9.765625000000002e-05,unresolved,1,0,191,1,0,23
FULL|C0|ISO_F|FE4,0.0,0.0,0.0,observed_exact_zero,0,0,192,0,0,24
FULL|C0|ISO_F|FE5,0.0,0.0,0.0,observed_exact_zero,0,0,192,0,0,24
FULL|C0|ISO_F|FE6,0.0,0.0,0.0,observed_exact_zero,0,0,192,0,0,24
FULL|C0|ISO_F|FE7,0.0,0.0,0.0,observed_exact_zero,0,0,192,0,0,24
FULL|C0|ISO_F|FE8,0.0,0.0,0.0,observed_exact_zero,0,0,192,0,0,24
FULL|C0|ISO_H_MINUS_F_POP|E1,0.00012919108072917407,5.086263020933948e-07,0.0002670288085937641,positive,78,67,47,14,9,1
FULL|C0|ISO_H_MINUS_F_POP|E2,0.0007563273111979111,0.0003270467122395933,0.0012639363606770703,positive,97,54,41,19,5,0
FULL|C0|ISO_H_MINUS_F_POP|E3,0.0019414265950520964,0.0009164937337239577,0.003085467020670574,positive,102,51,39,19,5,0
FULL|C0|ISO_H_MINUS_F_POP|E4,0.004307047526041653,0.002429695129394548,0.0065607961018880325,positive,105,48,39,23,1,0
FULL|C0|ISO_H_MINUS_F_POP|E5,0.007315063476562532,0.004381510416666667,0.010790519714355455,positive,108,44,40,20,4,0
FULL|C0|ISO_H_MINUS_F_POP|E6,0.01204172770182288,0.00836168924967437,0.01618395487467443,positive,115,40,37,23,1,0
FULL|C0|ISO_H_MINUS_F_POP|E7,0.015973409016927075,0.011356061299641914,0.020931816101074197,positive,116,37,39,23,1,0
FULL|C0|ISO_H_MINUS_F_POP|E8,0.019625345865885404,0.014385592142740869,0.025195579528808593,positive,119,36,37,24,0,0
FULL|C0|ISO_H_MINUS_F_POP|MLOSS,-0.007761192321777347,-0.01043352127075196,-0.005417472521464023,negative,35,119,38,0,24,0
FULL|C0|ISO_H_MINUS_F_POP|U,0.007761192321777355,0.005417472521464035,0.010433521270751964,positive,119,35,38,24,0,0
FULL|C0|ISO_H_MINUS_F_POP|U0,0.0,0.0,0.0,structural_zero,0,0,192,0,0,24
FULL|C0|ISO_H_MINUS_F_POP|U1,6.866455078125e-05,5.086263020833333e-06,0.00013224283854166666,positive,24,12,156,14,4,6
FULL|C0|ISO_H_MINUS_F_POP|U40,0.021326700846354168,0.015800285339355468,0.0269168217976888,positive,114,41,37,23,1,0
FULL|C0|ISO_H_MINUS_F|D40,0.23445638020833334,0.19392903645833334,0.2774271647135416,positive,86,0,106,24,0,0
FULL|C0|ISO_H_MINUS_F|F,0.1458394368489583,0.12044164021809896,0.17238006591796873,positive,147,4,41,24,0,0
FULL|C0|ISO_H_MINUS_F|F0,0.0,0.0,0.0,structural_zero,0,0,192,0,0,24
FULL|C0|ISO_H_MINUS_F|F1,0.009440104166666666,0.008056640625,0.010662841796874989,positive,101,2,89,24,0,0
FULL|C0|ISO_H_MINUS_F|F40,0.23445638020833334,0.19392903645833334,0.2774271647135416,positive,86,0,106,24,0,0
FULL|C0|ISO_H_MINUS_F|FE1,0.02685546875,0.02364908854166667,0.030126953124999998,positive,145,4,43,24,0,0
FULL|C0|ISO_H_MINUS_F|FE2,0.061962890624999996,0.05159342447916667,0.073194580078125,positive,113,1,78,24,0,0
FULL|C0|ISO_H_MINUS_F|FE3,0.096875,0.07877604166666667,0.11785847981770832,positive,100,0,92,24,0,0
FULL|C0|ISO_H_MINUS_F|FE4,0.14015299479166665,0.11135864257812499,0.16989095052083333,positive,90,0,102,24,0,0
FULL|C0|ISO_H_MINUS_F|FE5,0.17923177083333333,0.1441068522135417,0.21616536458333332,positive,88,0,104,24,0,0
FULL|C0|ISO_H_MINUS_F|FE6,0.20792643229166666,0.16917114257812502,0.24736735026041662,positive,88,0,104,24,0,0
FULL|C0|ISO_H_MINUS_F|FE7,0.22140299479166667,0.18181437174479165,0.26233927408854163,positive,86,0,106,24,0,0
FULL|C0|ISO_H_MINUS_F|FE8,0.23230794270833335,0.19207316080729164,0.2743505859375,positive,86,0,106,24,0,0
FULL|C0|ISO_H_POP|E1,0.7240656534830728,0.7050372060139973,0.7451779937744141,positive,192,0,0,24,0,0
FULL|C0|ISO_H_POP|E2,0.7246592203776041,0.7059395980834959,0.7456366221110026,positive,192,0,0,24,0,0
FULL|C0|ISO_H_POP|E3,0.7269800821940104,0.7086900583902995,0.747384173075358,positive,192,0,0,24,0,0
FULL|C0|ISO_H_POP|E4,0.7289052327473957,0.7113840611775716,0.7487549591064452,positive,192,0,0,24,0,0
FULL|C0|ISO_H_POP|E5,0.7329844156901042,0.7163038253784181,0.7520948282877603,positive,192,0,0,24,0,0
FULL|C0|ISO_H_POP|E6,0.7366297403971354,0.7205437978108725,0.7550463740030924,positive,192,0,0,24,0,0
FULL|C0|ISO_H_POP|E7,0.7411382039388021,0.725475056966146,0.7588109079996745,positive,192,0,0,24,0,0
FULL|C0|ISO_H_POP|E8,0.7446019490559895,0.7294081115722656,0.7619319407145182,positive,192,0,0,24,0,0
FULL|C0|ISO_H_POP|MLOSS,0.2675044377644857,0.248264258702596,0.28457663536071776,positive,192,0,0,24,0,0
FULL|C0|ISO_H_POP|U,0.7324955622355143,0.7154233646392822,0.7517357412974041,positive,192,0,0,24,0,0
FULL|C0|ISO_H_POP|U0,0.7163035074869791,0.6938170115152995,0.7402376810709635,positive,192,0,0,24,0,0
FULL|C0|ISO_H_POP|U1,0.7252298990885416,0.705484135945638,0.7460538228352865,positive,192,0,0,24,0,0
FULL|C0|ISO_H_POP|U40,0.744842529296875,0.7293502171834311,0.7624934514363606,positive,192,0,0,24,0,0
FULL|C0|ISO_H|D40,0.20320638020833334,0.16267903645833334,0.24617716471354167,positive,86,106,0,24,0,0
FULL|C0|ISO_H|F,0.14729614257812498,0.12171198527018229,0.17398300170898437,positive,176,0,16,24,0,0
FULL|C0|ISO_H|F0,0.03125,0.03125,0.03125,positive,192,0,0,24,0,0
FULL|C0|ISO_H|F1,0.03076171875,0.028238932291666668,0.033528645833333336,positive,176,0,16,24,0,0
FULL|C0|ISO_H|F40,0.23445638020833334,0.19392903645833334,0.2774271647135416,positive,86,0,106,24,0,0
FULL|C0|ISO_H|FE1,0.03766276041666667,0.033625895182291664,0.04186238606770833,positive,176,0,16,24,0,0
FULL|C0|ISO_H|FE2,0.06277669270833335,0.052521158854166666,0.07408935546874999,positive,114,0,78,24,0,0
FULL|C0|ISO_H|FE3,0.09690755208333333,0.07893636067708333,0.11789021809895833,positive,100,0,92,24,0,0
FULL|C0|ISO_H|FE4,0.14015299479166665,0.11135864257812499,0.16989095052083333,positive,90,0,102,24,0,0
FULL|C0|ISO_H|FE5,0.17923177083333333,0.1441068522135417,0.21616536458333332,positive,88,0,104,24,0,0
FULL|C0|ISO_H|FE6,0.20792643229166666,0.16917114257812502,0.24736735026041662,positive,88,0,104,24,0,0
FULL|C0|ISO_H|FE7,0.22140299479166667,0.18181437174479165,0.26233927408854163,positive,86,0,106,24,0,0
FULL|C0|ISO_H|FE8,0.23230794270833335,0.19207316080729164,0.2743505859375,positive,86,0,106,24,0,0
FULL|C0|MIX_F|D40,-0.03125,-0.03125,-0.03125,negative,0,192,0,0,24,0
FULL|C0|MIX_F|F,0.0014729817708333335,0.0012247212727864584,0.0017355346679687495,positive,160,0,32,24,0,0
FULL|C0|MIX_F|F0,0.03125,0.03125,0.03125,positive,192,0,0,24,0,0
FULL|C0|MIX_F|F1,0.021321614583333332,0.019287109375,0.023518880208333332,positive,160,0,32,24,0,0
FULL|C0|MIX_F|F40,0.0,0.0,0.0,observed_exact_zero,0,0,192,0,0,24
FULL|C0|MIX_F|FE1,0.010693359374999998,0.009147135416666667,0.012256266276041664,positive,160,0,32,24,0,0
FULL|C0|MIX_F|FE2,0.0010416666666666667,0.0003906250000000001,0.0018066406250000003,positive,16,0,176,10,0,14
FULL|C0|MIX_F|FE3,4.882812500000001e-05,0.0,0.00013020833333333333,unresolved,2,0,190,2,0,22
FULL|C0|MIX_F|FE4,0.0,0.0,0.0,observed_exact_zero,0,0,192,0,0,24
FULL|C0|MIX_F|FE5,0.0,0.0,0.0,observed_exact_zero,0,0,192,0,0,24
FULL|C0|MIX_F|FE6,0.0,0.0,0.0,observed_exact_zero,0,0,192,0,0,24
FULL|C0|MIX_F|FE7,0.0,0.0,0.0,observed_exact_zero,0,0,192,0,0,24
FULL|C0|MIX_F|FE8,0.0,0.0,0.0,observed_exact_zero,0,0,192,0,0,24
FULL|C0|MIX_H_MINUS_F|D40,0.22623697916666666,0.19139607747395834,0.2587076822916667,positive,80,0,112,24,0,0
FULL|C0|MIX_H_MINUS_F|F,0.14546305338541665,0.12177322387695312,0.168682861328125,positive,145,6,41,24,0,0
FULL|C0|MIX_H_MINUS_F|F0,0.0,0.0,0.0,structural_zero,0,0,192,0,0,24
FULL|C0|MIX_H_MINUS_F|F1,0.009684244791666666,0.008219401041666666,0.011067708333333334,positive,101,2,89,24,0,0
FULL|C0|MIX_H_MINUS_F|F40,0.22623697916666666,0.19139607747395834,0.2587076822916667,positive,80,0,112,24,0,0
FULL|C0|MIX_H_MINUS_F|FE1,0.026692708333333332,0.023583577473958336,0.029915771484374992,positive,144,5,43,24,0,0
FULL|C0|MIX_H_MINUS_F|FE2,0.06266276041666667,0.051724853515624995,0.074642333984375,positive,111,3,78,24,0,0
FULL|C0|MIX_H_MINUS_F|FE3,0.10190429687500001,0.08100545247395834,0.1261263020833333,positive,93,0,99,24,0,0
FULL|C0|MIX_H_MINUS_F|FE4,0.14514973958333333,0.116990966796875,0.17523437499999994,positive,85,0,107,24,0,0
FULL|C0|MIX_H_MINUS_F|FE5,0.181640625,0.14957682291666666,0.2127962239583333,positive,81,0,111,24,0,0
FULL|C0|MIX_H_MINUS_F|FE6,0.20646158854166666,0.17294759114583333,0.2388199869791667,positive,81,0,111,24,0,0
FULL|C0|MIX_H_MINUS_F|FE7,0.21569010416666667,0.18142374674479164,0.2479256184895833,positive,80,0,112,24,0,0
FULL|C0|MIX_H_MINUS_F|FE8,0.22350260416666665,0.1886503092447917,0.2553230794270833,positive,80,0,112,24,0,0
FULL|C0|MIX_H|D40,0.19498697916666666,0.16014607747395834,0.22745768229166666,positive,80,112,0,24,0,0
FULL|C0|MIX_H|F,0.14693603515625,0.1231988525390625,0.17026351928710934,positive,176,0,16,24,0,0
FULL|C0|MIX_H|F0,0.03125,0.03125,0.03125,positive,192,0,0,24,0,0
FULL|C0|MIX_H|F1,0.031005859375,0.028483072916666668,0.03369140625,positive,176,0,16,24,0,0
FULL|C0|MIX_H|F40,0.22623697916666666,0.19139607747395834,0.2587076822916667,positive,80,0,112,24,0,0
FULL|C0|MIX_H|FE1,0.03738606770833334,0.03339803059895833,0.041390380859375,positive,176,0,16,24,0,0
FULL|C0|MIX_H|FE2,0.06370442708333333,0.05263671875,0.075732421875,positive,113,0,79,24,0,0
FULL|C0|MIX_H|FE3,0.10195312500000002,0.08108561197916668,0.12615885416666667,positive,93,0,99,24,0,0
FULL|C0|MIX_H|FE4,0.14514973958333333,0.116990966796875,0.17523437499999994,positive,85,0,107,24,0,0
FULL|C0|MIX_H|FE5,0.181640625,0.14957682291666666,0.2127962239583333,positive,81,0,111,24,0,0
FULL|C0|MIX_H|FE6,0.20646158854166666,0.17294759114583333,0.2388199869791667,positive,81,0,111,24,0,0
FULL|C0|MIX_H|FE7,0.21569010416666667,0.18142374674479164,0.2479256184895833,positive,80,0,112,24,0,0
FULL|C0|MIX_H|FE8,0.22350260416666665,0.1886503092447917,0.2553230794270833,positive,80,0,112,24,0,0
FULL|C0|MIX_MINUS_ISO_F_POP|E1,0.0002009073893229213,0.00012817382812501272,0.0002833302815755422,positive,68,27,97,22,2,0
FULL|C0|MIX_MINUS_ISO_F_POP|E2,0.0007446289062499981,0.00039670308430989575,0.0011368179321289106,positive,79,41,72,20,4,0
FULL|C0|MIX_MINUS_ISO_F_POP|E3,0.0021275838216145843,0.0009708913167317593,0.003485132853190118,positive,74,49,69,21,3,0
FULL|C0|MIX_MINUS_ISO_F_POP|E4,0.005065409342447901,0.002981478373209621,0.007456487019856775,positive,94,31,67,22,2,0
FULL|C0|MIX_MINUS_ISO_F_POP|E5,0.008402506510416685,0.005497690836588558,0.01176609039306639,positive,95,30,67,23,1,0
FULL|C0|MIX_MINUS_ISO_F_POP|E6,0.012585957845052079,0.009096514383951834,0.016441485087076796,positive,99,25,68,24,0,0
FULL|C0|MIX_MINUS_ISO_F_POP|E7,0.01659952799479167,0.012431310017903662,0.021047668457031283,positive,96,27,69,24,0,0
FULL|C0|MIX_MINUS_ISO_F_POP|E8,0.020233662923177048,0.015341962178548147,0.025274543762207027,positive,94,30,68,24,0,0
FULL|C0|MIX_MINUS_ISO_F_POP|MLOSS,-0.008245023091634112,-0.01076964060465495,-0.005960367520650216,negative,27,98,67,0,24,0
FULL|C0|MIX_MINUS_ISO_F_POP|U,0.008245023091634135,0.005960367520650245,0.010769640604654976,positive,98,27,67,24,0,0
FULL|C0|MIX_MINUS_ISO_F_POP|U0,0.0,0.0,0.0,structural_zero,0,0,192,0,0,24
FULL|C0|MIX_MINUS_ISO_F_POP|U1,0.0,0.0,0.0,observed_exact_zero,0,0,192,0,0,24
FULL|C0|MIX_MINUS_ISO_F_POP|U40,0.021550496419270832,0.01619828542073568,0.02675946553548177,positive,95,30,67,23,1,0
FULL|C0|MIX_MINUS_ISO_F|D40,0.0,0.0,0.0,observed_exact_zero,0,0,192,0,0,24
FULL|C0|MIX_MINUS_ISO_F|F,1.6276041666666663e-05,-4.47591145833333e-05,8.346557617187482e-05,unresolved,6,5,181,6,5,13
FULL|C0|MIX_MINUS_ISO_F|F0,0.0,0.0,0.0,structural_zero,0,0,192,0,0,24
FULL|C0|MIX_MINUS_ISO_F|F1,0.0,0.0,0.0,observed_exact_zero,0,0,192,0,0,24
FULL|C0|MIX_MINUS_ISO_F|F40,0.0,0.0,0.0,observed_exact_zero,0,0,192,0,0,24
FULL|C0|MIX_MINUS_ISO_F|FE1,-0.0001139322916666667,-0.0004231770833333333,0.00021158854166666657,unresolved,3,6,183,3,6,15
FULL|C0|MIX_MINUS_ISO_F|FE2,0.0002278645833333333,-3.255208333333335e-05,0.0005696614583333334,unresolved,5,2,185,5,2,17
FULL|C0|MIX_MINUS_ISO_F|FE3,1.6276041666666666e-05,0.0,4.882812500000001e-05,unresolved,1,0,191,1,0,23
FULL|C0|MIX_MINUS_ISO_F|FE4,0.0,0.0,0.0,observed_exact_zero,0,0,192,0,0,24
FULL|C0|MIX_MINUS_ISO_F|FE5,0.0,0.0,0.0,observed_exact_zero,0,0,192,0,0,24
FULL|C0|MIX_MINUS_ISO_F|FE6,0.0,0.0,0.0,observed_exact_zero,0,0,192,0,0,24
FULL|C0|MIX_MINUS_ISO_F|FE7,0.0,0.0,0.0,observed_exact_zero,0,0,192,0,0,24
FULL|C0|MIX_MINUS_ISO_F|FE8,0.0,0.0,0.0,observed_exact_zero,0,0,192,0,0,24
FULL|C0|MIX_MINUS_ISO_H_POP|E1,7.171630859374722e-05,-5.190531412763444e-05,0.00019430796305339754,unresolved,72,66,54,14,10,0
FULL|C0|MIX_MINUS_ISO_H_POP|E2,-1.1698404947912966e-05,-0.00030417124430335017,0.0002665201822916742,unresolved,68,80,44,10,14,0
FULL|C0|MIX_MINUS_ISO_H_POP|E3,0.00018615722656248798,-0.00026252746582033313,0.0006688690185547064,unresolved,68,77,47,13,11,0
FULL|C0|MIX_MINUS_ISO_H_POP|E4,0.0007583618164062472,5.032857259112111e-05,0.0014435450236002657,positive,76,72,44,17,7,0
FULL|C0|MIX_MINUS_ISO_H_POP|E5,0.0010874430338541536,0.00011290232340497366,0.0020407358805338157,positive,81,65,46,19,5,0
FULL|C0|MIX_MINUS_ISO_H_POP|E6,0.000544230143229199,-0.0009309260050455542,0.001995862325032588,unresolved,75,74,43,13,11,0
FULL|C0|MIX_MINUS_ISO_H_POP|E7,0.0006261189778645945,-0.0013200124104817599,0.002471974690755226,unresolved,65,80,47,15,9,0
FULL|C0|MIX_MINUS_ISO_H_POP|E8,0.0006083170572916454,-0.0016088104248047303,0.0027022298177083433,unresolved,68,81,43,12,12,0
FULL|C0|MIX_MINUS_ISO_H_POP|MLOSS,-0.00048383076985676507,-0.0012926594416300381,0.0003673156102498274,unresolved,70,79,43,10,14,0
FULL|C0|MIX_MINUS_ISO_H_POP|U,0.0004838307698567801,-0.00036731561024981303,0.0012926594416300687,unresolved,79,70,43,14,10,0
FULL|C0|MIX_MINUS_ISO_H_POP|U0,0.0,0.0,0.0,structural_zero,0,0,192,0,0,24
FULL|C0|MIX_MINUS_ISO_H_POP|U1,-6.866455078125e-05,-0.00013224283854166666,-5.086263020833333e-06,negative,12,24,156,4,14,6
FULL|C0|MIX_MINUS_ISO_H_POP|U40,0.00022379557291666666,-0.0024948755900065104,0.0027414957682291665,unresolved,71,77,44,14,10,0
FULL|C0|MIX_MINUS_ISO_H|D40,-0.008219401041666666,-0.040447998046874996,0.022867838541666668,unresolved,18,21,153,9,11,4
FULL|C0|MIX_MINUS_ISO_H|F,-0.00036010742187500035,-0.01832605997721354,0.01651199340820311,unresolved,32,35,125,10,13,1
FULL|C0|MIX_MINUS_ISO_H|F0,0.0,0.0,0.0,structural_zero,0,0,192,0,0,24
FULL|C0|MIX_MINUS_ISO_H|F1,0.000244140625,0.0,0.0005696614583333334,unresolved,3,0,189,3,0,21
FULL|C0|MIX_MINUS_ISO_H|F40,-0.008219401041666666,-0.040447998046874996,0.022867838541666668,unresolved,18,21,153,9,11,4
FULL|C0|MIX_MINUS_ISO_H|FE1,-0.0002766927083333328,-0.0016931152343749997,0.0011067708333333337,unresolved,33,33,126,9,12,3
FULL|C0|MIX_MINUS_ISO_H|FE2,0.0009277343750000033,-0.004639078776041662,0.005615641276041671,unresolved,28,32,132,12,11,1
FULL|C0|MIX_MINUS_ISO_H|FE3,0.005045572916666667,-0.007309570312500003,0.016569824218749994,unresolved,24,30,138,11,11,2
FULL|C0|MIX_MINUS_ISO_H|FE4,0.004996744791666665,-0.016409912109374997,0.024739990234374995,unresolved,23,27,142,12,10,2
FULL|C0|MIX_MINUS_ISO_H|FE5,0.0024088541666666616,-0.021503906250000013,0.02482299804687498,unresolved,22,26,144,12,10,2
FULL|C0|MIX_MINUS_ISO_H|FE6,-0.001464843750000001,-0.029580078125000003,0.02516316731770833,unresolved,20,25,147,10,12,2
FULL|C0|MIX_MINUS_ISO_H|FE7,-0.005712890624999994,-0.03501139322916667,0.022738037109375005,unresolved,19,22,151,10,11,3
FULL|C0|MIX_MINUS_ISO_H|FE8,-0.008805338541666664,-0.040416259765625,0.02145385742187499,unresolved,18,21,153,9,11,4
FULL|C0|MIX_MINUS_ISO_RANK|D40,-0.008219401041666666,-0.040447998046874996,0.022867838541666668,unresolved,18,21,153,9,11,4
FULL|C0|MIX_MINUS_ISO_RANK|F,-0.0003763834635416678,-0.018342183430989582,0.01652267456054687,unresolved,32,35,125,11,12,1
FULL|C0|MIX_MINUS_ISO_RANK|F0,0.0,0.0,0.0,structural_zero,0,0,192,0,0,24
FULL|C0|MIX_MINUS_ISO_RANK|F1,0.000244140625,0.0,0.0005696614583333334,unresolved,3,0,189,3,0,21
FULL|C0|MIX_MINUS_ISO_RANK|F40,-0.008219401041666666,-0.040447998046874996,0.022867838541666668,unresolved,18,21,153,9,11,4
FULL|C0|MIX_MINUS_ISO_RANK|FE1,-0.0001627604166666664,-0.0015136718749999979,0.0011230468749999997,unresolved,34,32,126,10,11,3
FULL|C0|MIX_MINUS_ISO_RANK|FE2,0.0006998697916666697,-0.004883626302083331,0.0054524739583333365,unresolved,29,32,131,13,10,1
FULL|C0|MIX_MINUS_ISO_RANK|FE3,0.0050292968749999995,-0.007309570312500003,0.016569417317708328,unresolved,24,30,138,11,11,2
FULL|C0|MIX_MINUS_ISO_RANK|FE4,0.004996744791666665,-0.016409912109374997,0.024739990234374995,unresolved,23,27,142,12,10,2
FULL|C0|MIX_MINUS_ISO_RANK|FE5,0.0024088541666666616,-0.021503906250000013,0.02482299804687498,unresolved,22,26,144,12,10,2
FULL|C0|MIX_MINUS_ISO_RANK|FE6,-0.001464843750000001,-0.029580078125000003,0.02516316731770833,unresolved,20,25,147,10,12,2
FULL|C0|MIX_MINUS_ISO_RANK|FE7,-0.005712890624999994,-0.03501139322916667,0.022738037109375005,unresolved,19,22,151,10,11,3
FULL|C0|MIX_MINUS_ISO_RANK|FE8,-0.008805338541666664,-0.040416259765625,0.02145385742187499,unresolved,18,21,153,9,11,4
FULL|C0|MIX_POP|E1,0.7241373697916668,0.705114860534668,0.7451857757568359,positive,192,0,0,24,0,0
FULL|C0|MIX_POP|E2,0.7246475219726562,0.7059333165486653,0.7455954233805339,positive,192,0,0,24,0,0
FULL|C0|MIX_POP|E3,0.727166239420573,0.7087627029418946,0.7475074768066406,positive,192,0,0,24,0,0
FULL|C0|MIX_POP|E4,0.7296635945638021,0.7120842234293618,0.7495449574788411,positive,192,0,0,24,0,0
FULL|C0|MIX_POP|E5,0.7340718587239584,0.7172997156778972,0.7532037353515625,positive,192,0,0,24,0,0
FULL|C0|MIX_POP|E6,0.7371739705403645,0.7207137425740561,0.7558668518066408,positive,192,0,0,24,0,0
FULL|C0|MIX_POP|E7,0.7417643229166666,0.7257939402262368,0.7599457168579102,positive,192,0,0,24,0,0
FULL|C0|MIX_POP|E8,0.7452102661132812,0.7295344416300458,0.7631129201253254,positive,192,0,0,24,0,0
FULL|C0|MIX_POP|MLOSS,0.26702060699462893,0.24744049708048502,0.28428899923960366,positive,192,0,0,24,0,0
FULL|C0|MIX_POP|U,0.7329793930053712,0.7157110007603963,0.752559502919515,positive,192,0,0,24,0,0
FULL|C0|MIX_POP|U0,0.7163035074869791,0.6938170115152995,0.7402376810709635,positive,192,0,0,24,0,0
FULL|C0|MIX_POP|U1,0.7251612345377604,0.7053996404012044,0.7459548314412435,positive,192,0,0,24,0,0
FULL|C0|MIX_POP|U40,0.7450663248697916,0.7291910807291667,0.7627338409423828,positive,192,0,0,24,0,0
FULL|C0|MIX_R|D40,-0.16373697916666666,-0.19620768229166666,-0.1288960774739584,negative,112,80,0,0,22,2
FULL|C0|MIX_R|F,0.8515909830729166,0.8281227111816406,0.8753426615397135,positive,192,0,0,24,0,0
FULL|C0|MIX_R|F0,0.9375,0.9375,0.9375,positive,192,0,0,24,0,0
FULL|C0|MIX_R|F1,0.9476725260416666,0.94287109375,0.9519856770833334,positive,192,0,0,24,0,0
FULL|C0|MIX_R|F40,0.7737630208333334,0.7412923177083334,0.8086039225260416,positive,185,0,7,24,0,0
FULL|C0|MIX_R|FE1,0.9519205729166668,0.9468904622395834,0.95693359375,positive,192,0,0,24,0,0
FULL|C0|MIX_R|FE2,0.9352539062500002,0.92346923828125,0.9462410481770834,positive,192,0,0,24,0,0
FULL|C0|MIX_R|FE3,0.8979980468750001,0.87380859375,0.9189127604166666,positive,192,0,0,24,0,0
FULL|C0|MIX_R|FE4,0.8548502604166665,0.824765625,0.883009033203125,positive,192,0,0,24,0,0
FULL|C0|MIX_R|FE5,0.818359375,0.7872037760416667,0.8504231770833334,positive,190,0,2,24,0,0
FULL|C0|MIX_R|FE6,0.7935384114583334,0.7611800130208335,0.8270524088541666,positive,189,0,3,24,0,0
FULL|C0|MIX_R|FE7,0.7843098958333333,0.7520743815104166,0.8185762532552082,positive,189,0,3,24,0,0
FULL|C0|MIX_R|FE8,0.7764973958333332,0.7446769205729168,0.8113496907552084,positive,186,0,6,24,0,0
FULL|C1|ISO_F_POP|E1,0.7239969889322917,0.704886868794759,0.7451513671875001,positive,192,0,0,24,0,0
FULL|C1|ISO_F_POP|E2,0.7239344278971354,0.704872283935547,0.7452053197224935,positive,192,0,0,24,0,0
FULL|C1|ISO_F_POP|E3,0.7248743693033853,0.7059914016723633,0.7459408569335937,positive,192,0,0,24,0,0
FULL|C1|ISO_F_POP|E4,0.7247207641601562,0.7057521565755209,0.7462858454386394,positive,192,0,0,24,0,0
FULL|C1|ISO_F_POP|E5,0.7254257202148438,0.7065531031290689,0.7465249888102214,positive,192,0,0,24,0,0
FULL|C1|ISO_F_POP|E6,0.724725341796875,0.7057006200154623,0.7461244837443034,positive,192,0,0,24,0,0
FULL|C1|ISO_F_POP|E7,0.7251902262369793,0.7062956364949544,0.7464797846476238,positive,192,0,0,24,0,0
FULL|C1|ISO_F_POP|E8,0.7248423258463541,0.705996831258138,0.7459203084309896,positive,192,0,0,24,0,0
FULL|C1|ISO_F_POP|MLOSS,0.2752862294514974,0.25427517890930174,0.29423014958699545,positive,192,0,0,24,0,0
FULL|C1|ISO_F_POP|U,0.7247137705485027,0.7057698504130044,0.7457248210906982,positive,192,0,0,24,0,0
FULL|C1|ISO_F_POP|U0,0.7163035074869791,0.6938170115152995,0.7402376810709635,positive,192,0,0,24,0,0
FULL|C1|ISO_F_POP|U1,0.7251917521158854,0.7054584503173829,0.7459543863932292,positive,192,0,0,24,0,0
FULL|C1|ISO_F_POP|U40,0.7242151896158854,0.7056665420532227,0.7453131357828775,positive,192,0,0,24,0,0
FULL|C1|ISO_F|D40,-0.03125,-0.03125,-0.03125,negative,0,192,0,0,24,0
FULL|C1|ISO_F|F,0.0004964192708333333,0.00042317708333333335,0.0005758158365885415,positive,112,0,80,24,0,0
FULL|C1|ISO_F|F0,0.03125,0.03125,0.03125,positive,192,0,0,24,0,0
FULL|C1|ISO_F|F1,0.012125651041666666,0.0107421875,0.013427734375,positive,112,0,80,24,0,0
FULL|C1|ISO_F|F40,0.0,0.0,0.0,observed_exact_zero,0,0,192,0,0,24
FULL|C1|ISO_F|FE1,0.003955078125,0.0033691406250000006,0.004573974609374998,positive,112,0,80,24,0,0
FULL|C1|ISO_F|FE2,1.6276041666666666e-05,0.0,4.882812500000001e-05,unresolved,1,0,191,1,0,23
FULL|C1|ISO_F|FE3,0.0,0.0,0.0,observed_exact_zero,0,0,192,0,0,24
FULL|C1|ISO_F|FE4,0.0,0.0,0.0,observed_exact_zero,0,0,192,0,0,24
FULL|C1|ISO_F|FE5,0.0,0.0,0.0,observed_exact_zero,0,0,192,0,0,24
FULL|C1|ISO_F|FE6,0.0,0.0,0.0,observed_exact_zero,0,0,192,0,0,24
FULL|C1|ISO_F|FE7,0.0,0.0,0.0,observed_exact_zero,0,0,192,0,0,24
FULL|C1|ISO_F|FE8,0.0,0.0,0.0,observed_exact_zero,0,0,192,0,0,24
FULL|C1|ISO_H_MINUS_F_POP|E1,5.493164062501943e-05,-5.392710367836881e-05,0.0001597086588541972,unresolved,53,46,93,13,10,1
FULL|C1|ISO_H_MINUS_F_POP|E2,7.985432942708703e-05,-0.00012563069661457386,0.0002822875976562457,unresolved,59,42,91,14,10,0
FULL|C1|ISO_H_MINUS_F_POP|E3,5.137125651041389e-05,-0.0001576995849609383,0.0002772267659505159,unresolved,55,45,92,12,12,0
FULL|C1|ISO_H_MINUS_F_POP|E4,4.7302246093737045e-05,-0.00025894165039063675,0.0003657404581705754,unresolved,53,50,89,11,13,0
FULL|C1|ISO_H_MINUS_F_POP|E5,6.917317708336757e-05,-0.00017192840576166468,0.000307744344075562,unresolved,52,50,90,12,12,0
FULL|C1|ISO_H_MINUS_F_POP|E6,-0.00011444091796875,-0.00034283955891925983,0.00017405192057290525,unresolved,46,55,91,9,15,0
FULL|C1|ISO_H_MINUS_F_POP|E7,0.0001785278320312426,-8.397420247398569e-05,0.0004588317871093609,unresolved,48,52,92,13,10,1
FULL|C1|ISO_H_MINUS_F_POP|E8,5.95092773437352e-05,-0.000456822713216178,0.0007941691080728671,unresolved,49,53,90,9,15,0
FULL|C1|ISO_H_MINUS_F_POP|MLOSS,-5.3278605143234486e-05,-0.00023214817047119486,9.023825327556633e-05,unresolved,48,55,89,11,13,0
FULL|C1|ISO_H_MINUS_F_POP|U,5.327860514321251e-05,-9.023825327554118e-05,0.00023214817047116307,unresolved,55,48,89,13,11,0
FULL|C1|ISO_H_MINUS_F_POP|U0,0.0,0.0,0.0,structural_zero,0,0,192,0,0,24
FULL|C1|ISO_H_MINUS_F_POP|U1,3.814697265625e-05,2.5431315104166665e-06,7.375081380208333e-05,positive,15,5,172,11,4,9
FULL|C1|ISO_H_MINUS_F_POP|U40,-0.0008036295572916666,-0.0022026697794596357,0.0008729298909505173,unresolved,39,61,92,8,16,0
FULL|C1|ISO_H_MINUS_F|D40,0.0026041666666666665,0.0,0.0078125,unresolved,1,0,191,1,0,23
FULL|C1|ISO_H_MINUS_F|F,0.0018371582031249999,0.000732421875,0.0037112935384114565,positive,95,4,93,23,1,0
FULL|C1|ISO_H_MINUS_F|F0,0.0,0.0,0.0,structural_zero,0,0,192,0,0,24
FULL|C1|ISO_H_MINUS_F|F1,0.005289713541666667,0.004231770833333333,0.006266276041666667,positive,64,2,126,23,1,0
FULL|C1|ISO_H_MINUS_F|F40,0.0026041666666666665,0.0,0.0078125,unresolved,1,0,191,1,0,23
FULL|C1|ISO_H_MINUS_F|FE1,0.005501302083333333,0.004117838541666668,0.006917724609374998,positive,95,4,93,23,1,0
FULL|C1|ISO_H_MINUS_F|FE2,0.0019205729166666668,0.0009277343749999998,0.00302734375,positive,19,0,173,14,0,10
FULL|C1|ISO_H_MINUS_F|FE3,0.0008138020833333334,9.765624999999999e-05,0.001708984375,positive,5,0,187,5,0,19
FULL|C1|ISO_H_MINUS_F|FE4,0.00042317708333333335,0.0,0.0011881510416666668,unresolved,2,0,190,2,0,22
FULL|C1|ISO_H_MINUS_F|FE5,0.0008626302083333333,0.0,0.0025390625,unresolved,2,0,190,2,0,22
FULL|C1|ISO_H_MINUS_F|FE6,0.0009114583333333332,0.0,0.0027343749999999994,unresolved,1,0,191,1,0,23
FULL|C1|ISO_H_MINUS_F|FE7,0.0016927083333333334,0.0,0.005078125,unresolved,1,0,191,1,0,23
FULL|C1|ISO_H_MINUS_F|FE8,0.0025716145833333333,0.0,0.007714843750000001,unresolved,1,0,191,1,0,23
FULL|C1|ISO_H_POP|E1,0.7240519205729167,0.7049802144368489,0.7452002080281575,positive,192,0,0,24,0,0
FULL|C1|ISO_H_POP|E2,0.7240142822265625,0.7049313100179034,0.7454081598917645,positive,192,0,0,24,0,0
FULL|C1|ISO_H_POP|E3,0.7249257405598959,0.7060219319661458,0.7460127766927082,positive,192,0,0,24,0,0
FULL|C1|ISO_H_POP|E4,0.72476806640625,0.7058454004923502,0.7461141713460286,positive,192,0,0,24,0,0
FULL|C1|ISO_H_POP|E5,0.7254948933919271,0.7065505091349283,0.7467918523152669,positive,192,0,0,24,0,0
FULL|C1|ISO_H_POP|E6,0.7246109008789063,0.705536346435547,0.7460531997680665,positive,192,0,0,24,0,0
FULL|C1|ISO_H_POP|E7,0.7253687540690104,0.7064596939086915,0.7467870585123697,positive,192,0,0,24,0,0
FULL|C1|ISO_H_POP|E8,0.7249018351236979,0.7057293828328453,0.7461027399698893,positive,192,0,0,24,0,0
FULL|C1|ISO_H_POP|MLOSS,0.2752329508463542,0.25412528196970624,0.2941628170013427,positive,192,0,0,24,0,0
FULL|C1|ISO_H_POP|U,0.7247670491536459,0.7058371829986572,0.7458747180302938,positive,192,0,0,24,0,0
FULL|C1|ISO_H_POP|U0,0.7163035074869791,0.6938170115152995,0.7402376810709635,positive,192,0,0,24,0,0
FULL|C1|ISO_H_POP|U1,0.7252298990885416,0.705502192179362,0.746017583211263,positive,192,0,0,24,0,0
FULL|C1|ISO_H_POP|U40,0.7234115600585938,0.7044499079386394,0.7450369517008464,positive,192,0,0,24,0,0
FULL|C1|ISO_H|D40,-0.028645833333333332,-0.03125,-0.0234375,negative,1,191,0,1,23,0
FULL|C1|ISO_H|F,0.0023335774739583334,0.0012145996093750001,0.004191385904947915,positive,139,0,53,24,0,0
FULL|C1|ISO_H|F0,0.03125,0.03125,0.03125,positive,192,0,0,24,0,0
FULL|C1|ISO_H|F1,0.017415364583333332,0.015785725911458333,0.019124348958333332,positive,139,0,53,24,0,0
FULL|C1|ISO_H|F40,0.0026041666666666665,0.0,0.0078125,unresolved,1,0,191,1,0,23
FULL|C1|ISO_H|FE1,0.009456380208333335,0.007877604166666668,0.01123046875,positive,139,0,53,24,0,0
FULL|C1|ISO_H|FE2,0.0019368489583333334,0.0009440104166666667,0.0030440266927083317,positive,20,0,172,14,0,10
FULL|C1|ISO_H|FE3,0.0008138020833333334,9.765624999999999e-05,0.001708984375,positive,5,0,187,5,0,19
FULL|C1|ISO_H|FE4,0.00042317708333333335,0.0,0.0011881510416666668,unresolved,2,0,190,2,0,22
FULL|C1|ISO_H|FE5,0.0008626302083333333,0.0,0.0025390625,unresolved,2,0,190,2,0,22
FULL|C1|ISO_H|FE6,0.0009114583333333332,0.0,0.0027343749999999994,unresolved,1,0,191,1,0,23
FULL|C1|ISO_H|FE7,0.0016927083333333334,0.0,0.005078125,unresolved,1,0,191,1,0,23
FULL|C1|ISO_H|FE8,0.0025716145833333333,0.0,0.007714843750000001,unresolved,1,0,191,1,0,23
FULL|C1|MIX_F|D40,-0.03125,-0.03125,-0.03125,negative,0,192,0,0,24,0
FULL|C1|MIX_F|F,0.0004821777343750001,0.0004150390625,0.0005533854166666667,positive,113,0,79,24,0,0
FULL|C1|MIX_F|F0,0.03125,0.03125,0.03125,positive,192,0,0,24,0,0
FULL|C1|MIX_F|F1,0.012288411458333334,0.010823567708333334,0.013753255208333334,positive,113,0,79,24,0,0
FULL|C1|MIX_F|F40,0.0,0.0,0.0,observed_exact_zero,0,0,192,0,0,24
FULL|C1|MIX_F|FE1,0.0038411458333333336,0.003304036458333334,0.00439453125,positive,113,0,79,24,0,0
FULL|C1|MIX_F|FE2,1.6276041666666666e-05,0.0,4.882812500000001e-05,unresolved,1,0,191,1,0,23
FULL|C1|MIX_F|FE3,0.0,0.0,0.0,observed_exact_zero,0,0,192,0,0,24
FULL|C1|MIX_F|FE4,0.0,0.0,0.0,observed_exact_zero,0,0,192,0,0,24
FULL|C1|MIX_F|FE5,0.0,0.0,0.0,observed_exact_zero,0,0,192,0,0,24
FULL|C1|MIX_F|FE6,0.0,0.0,0.0,observed_exact_zero,0,0,192,0,0,24
FULL|C1|MIX_F|FE7,0.0,0.0,0.0,observed_exact_zero,0,0,192,0,0,24
FULL|C1|MIX_F|FE8,0.0,0.0,0.0,observed_exact_zero,0,0,192,0,0,24
FULL|C1|MIX_H_MINUS_F|D40,0.0026041666666666665,0.0,0.0078125,unresolved,1,0,191,1,0,23
FULL|C1|MIX_H_MINUS_F|F,0.0023905436197916665,0.0006103515625,0.005757751464843749,positive,92,3,97,23,1,0
FULL|C1|MIX_H_MINUS_F|F0,0.0,0.0,0.0,structural_zero,0,0,192,0,0,24
FULL|C1|MIX_H_MINUS_F|F1,0.00537109375,0.004231770833333333,0.00634765625,positive,64,2,126,23,1,0
FULL|C1|MIX_H_MINUS_F|F40,0.0026041666666666665,0.0,0.0078125,unresolved,1,0,191,1,0,23
FULL|C1|MIX_H_MINUS_F|FE1,0.004947916666666667,0.0037105305989583327,0.006266276041666665,positive,92,3,97,23,1,0
FULL|C1|MIX_H_MINUS_F|FE2,0.0017252604166666666,0.0006673177083333332,0.00302734375,positive,12,0,180,10,0,14
FULL|C1|MIX_H_MINUS_F|FE3,0.0009114583333333332,4.8828124999999996e-05,0.0021647135416666668,positive,6,0,186,4,0,20
FULL|C1|MIX_H_MINUS_F|FE4,0.001220703125,0.0,0.0035807291666666665,unresolved,2,0,190,2,0,22
FULL|C1|MIX_H_MINUS_F|FE5,0.002506510416666667,0.0,0.0074707031249999995,unresolved,2,0,190,2,0,22
FULL|C1|MIX_H_MINUS_F|FE6,0.0026041666666666665,0.0,0.0078125,unresolved,1,0,191,1,0,23
FULL|C1|MIX_H_MINUS_F|FE7,0.0026041666666666665,0.0,0.0078125,unresolved,1,0,191,1,0,23
FULL|C1|MIX_H_MINUS_F|FE8,0.0026041666666666665,0.0,0.0078125,unresolved,1,0,191,1,0,23
FULL|C1|MIX_H|D40,-0.028645833333333332,-0.03125,-0.0234375,negative,1,191,0,1,23,0
FULL|C1|MIX_H|F,0.0028727213541666664,0.0010660807291666666,0.006248219807942708,positive,140,0,52,24,0,0
FULL|C1|MIX_H|F0,0.03125,0.03125,0.03125,positive,192,0,0,24,0,0
FULL|C1|MIX_H|F1,0.017659505208333332,0.015948486328125,0.019368489583333332,positive,140,0,52,24,0,0
FULL|C1|MIX_H|F40,0.0026041666666666665,0.0,0.0078125,unresolved,1,0,191,1,0,23
FULL|C1|MIX_H|FE1,0.0087890625,0.007291259765625,0.010384114583333333,positive,140,0,52,24,0,0
FULL|C1|MIX_H|FE2,0.0017415364583333332,0.0006673177083333332,0.0030440266927083317,positive,13,0,179,10,0,14
FULL|C1|MIX_H|FE3,0.0009114583333333332,4.8828124999999996e-05,0.0021647135416666668,positive,6,0,186,4,0,20
FULL|C1|MIX_H|FE4,0.001220703125,0.0,0.0035807291666666665,unresolved,2,0,190,2,0,22
FULL|C1|MIX_H|FE5,0.002506510416666667,0.0,0.0074707031249999995,unresolved,2,0,190,2,0,22
FULL|C1|MIX_H|FE6,0.0026041666666666665,0.0,0.0078125,unresolved,1,0,191,1,0,23
FULL|C1|MIX_H|FE7,0.0026041666666666665,0.0,0.0078125,unresolved,1,0,191,1,0,23
FULL|C1|MIX_H|FE8,0.0026041666666666665,0.0,0.0078125,unresolved,1,0,191,1,0,23
FULL|C1|MIX_MINUS_ISO_F_POP|E1,1.6276041666661117e-05,-0.00015920003255206195,0.0001968510945637973,unresolved,80,89,23,12,12,0
FULL|C1|MIX_MINUS_ISO_F_POP|E2,-8.4940592447925e-05,-0.0003631591796874936,0.00020306905110674517,unresolved,82,89,21,13,11,0
FULL|C1|MIX_MINUS_ISO_F_POP|E3,0.00042572021484376293,3.299713134765209e-05,0.000833702087402369,positive,94,75,23,17,7,0
FULL|C1|MIX_MINUS_ISO_F_POP|E4,0.00024108886718749814,-0.0003596115112304719,0.0008550135294596145,unresolved,88,81,23,11,13,0
FULL|C1|MIX_MINUS_ISO_F_POP|E5,0.00025634765625003053,-0.00022280375162758633,0.0007426579793294727,unresolved,86,83,23,15,9,0
FULL|C1|MIX_MINUS_ISO_F_POP|E6,0.0002110799153645787,-0.0005539321899414141,0.0011160914103190392,unresolved,85,84,23,11,13,0
FULL|C1|MIX_MINUS_ISO_F_POP|E7,0.0004211425781249963,-0.0003886667887370044,0.0013868077596028699,unresolved,82,88,22,13,11,0
FULL|C1|MIX_MINUS_ISO_F_POP|E8,0.00033671061197915186,-0.0005885314941406509,0.001497027079264295,unresolved,77,93,22,12,12,0
FULL|C1|MIX_MINUS_ISO_F_POP|MLOSS,-0.00022792816162109838,-0.0006619087855021213,7.526715596516732e-05,unresolved,80,93,19,13,11,0
FULL|C1|MIX_MINUS_ISO_F_POP|U,0.00022792816162109838,-7.526715596513436e-05,0.0006619087855021252,unresolved,93,80,19,11,13,0
FULL|C1|MIX_MINUS_ISO_F_POP|U0,0.0,0.0,0.0,structural_zero,0,0,192,0,0,24
FULL|C1|MIX_MINUS_ISO_F_POP|U1,2.0345052083333332e-05,-4.0690104166666664e-05,8.900960286458333e-05,unresolved,26,24,142,11,8,5
FULL|C1|MIX_MINUS_ISO_F_POP|U40,0.00018819173177083334,-0.0023122151692708333,0.0028230031331380203,unresolved,79,89,24,12,11,1
FULL|C1|MIX_MINUS_ISO_F|D40,0.0,0.0,0.0,observed_exact_zero,0,0,192,0,0,24
FULL|C1|MIX_MINUS_ISO_F|F,-1.4241536458333339e-05,-5.905151367187502e-05,2.441406250000001e-05,unresolved,13,8,171,8,6,10
FULL|C1|MIX_MINUS_ISO_F|F0,0.0,0.0,0.0,structural_zero,0,0,192,0,0,24
FULL|C1|MIX_MINUS_ISO_F|F1,0.00016276041666666666,0.0,0.0004069010416666667,unresolved,2,0,190,2,0,22
FULL|C1|MIX_MINUS_ISO_F|F40,0.0,0.0,0.0,observed_exact_zero,0,0,192,0,0,24
FULL|C1|MIX_MINUS_ISO_F|FE1,-0.00011393229166666671,-0.0004724121093750002,0.0001953125000000001,unresolved,13,8,171,8,6,10
FULL|C1|MIX_MINUS_ISO_F|FE2,0.0,0.0,0.0,observed_exact_zero,0,0,192,0,0,24
FULL|C1|MIX_MINUS_ISO_F|FE3,0.0,0.0,0.0,observed_exact_zero,0,0,192,0,0,24
FULL|C1|MIX_MINUS_ISO_F|FE4,0.0,0.0,0.0,observed_exact_zero,0,0,192,0,0,24
FULL|C1|MIX_MINUS_ISO_F|FE5,0.0,0.0,0.0,observed_exact_zero,0,0,192,0,0,24
FULL|C1|MIX_MINUS_ISO_F|FE6,0.0,0.0,0.0,observed_exact_zero,0,0,192,0,0,24
FULL|C1|MIX_MINUS_ISO_F|FE7,0.0,0.0,0.0,observed_exact_zero,0,0,192,0,0,24
FULL|C1|MIX_MINUS_ISO_F|FE8,0.0,0.0,0.0,observed_exact_zero,0,0,192,0,0,24
FULL|C1|MIX_MINUS_ISO_H_POP|E1,-3.8655598958358316e-05,-0.00021210988362630628,0.0001241683959961222,unresolved,81,87,24,10,14,0
FULL|C1|MIX_MINUS_ISO_H_POP|E2,-0.00016479492187501202,-0.0004237111409505444,9.415944417316275e-05,unresolved,86,87,19,8,16,0
FULL|C1|MIX_MINUS_ISO_H_POP|E3,0.0003743489583333491,-1.276652018229636e-05,0.0007355499267578458,unresolved,94,77,21,17,7,0
FULL|C1|MIX_MINUS_ISO_H_POP|E4,0.0001937866210937611,-0.00023047129313147062,0.0006490198771158822,unresolved,89,83,20,13,11,0
FULL|C1|MIX_MINUS_ISO_H_POP|E5,0.00018717447916666297,-0.0002955245971679839,0.0006983820597330734,unresolved,86,84,22,14,10,0
FULL|C1|MIX_MINUS_ISO_H_POP|E6,0.0003255208333333287,-0.0004847208658854177,0.0013432947794596282,unresolved,84,86,22,12,12,0
FULL|C1|MIX_MINUS_ISO_H_POP|E7,0.0002426147460937537,-0.0005463155110677389,0.001206080118815097,unresolved,86,86,20,11,13,0
FULL|C1|MIX_MINUS_ISO_H_POP|E8,0.0002772013346354167,-0.0007992426554361999,0.0014753595987955935,unresolved,82,89,21,12,12,0
FULL|C1|MIX_MINUS_ISO_H_POP|MLOSS,-0.0001746495564778639,-0.0005899000167846727,0.00012760321299235965,unresolved,80,94,18,11,13,0
FULL|C1|MIX_MINUS_ISO_H_POP|U,0.00017464955647788585,-0.00012760321299230273,0.0005899000167846486,unresolved,94,80,18,13,11,0
FULL|C1|MIX_MINUS_ISO_H_POP|U0,0.0,0.0,0.0,structural_zero,0,0,192,0,0,24
FULL|C1|MIX_MINUS_ISO_H_POP|U1,-1.7801920572916668e-05,-8.900960286458333e-05,6.103515625e-05,unresolved,28,38,126,8,9,7
FULL|C1|MIX_MINUS_ISO_H_POP|U40,0.0009918212890625,-0.0016785303751627604,0.0038122177124023434,unresolved,84,87,21,12,12,0
FULL|C1|MIX_MINUS_ISO_H|D40,0.0,-0.0078125,0.0078125,unresolved,1,1,190,1,1,22
FULL|C1|MIX_MINUS_ISO_H|F,0.0005391438802083335,-0.002687632242838542,0.004406738281249999,unresolved,20,22,150,11,10,3
FULL|C1|MIX_MINUS_ISO_H|F0,0.0,0.0,0.0,structural_zero,0,0,192,0,0,24
FULL|C1|MIX_MINUS_ISO_H|F1,0.000244140625,0.0,0.00048828125,unresolved,3,0,189,3,0,21
FULL|C1|MIX_MINUS_ISO_H|F40,0.0,-0.0078125,0.0078125,unresolved,1,1,190,1,1,22
FULL|C1|MIX_MINUS_ISO_H|FE1,-0.0006673177083333336,-0.001513671875,0.0001139322916666662,unresolved,19,22,151,10,10,4
FULL|C1|MIX_MINUS_ISO_H|FE2,-0.00019531250000000004,-0.0009602864583333334,0.0005533854166666665,unresolved,2,10,180,2,8,14
FULL|C1|MIX_MINUS_ISO_H|FE3,9.765624999999998e-05,-0.0007486979166666667,0.0010091145833333334,unresolved,2,1,189,2,1,21
FULL|C1|MIX_MINUS_ISO_H|FE4,0.0007975260416666668,-0.001025390625,0.00341796875,unresolved,1,1,190,1,1,22
FULL|C1|MIX_MINUS_ISO_H|FE5,0.0016438802083333333,-0.00244140625,0.007373046875,unresolved,1,1,190,1,1,22
FULL|C1|MIX_MINUS_ISO_H|FE6,0.0016927083333333334,-0.0027343749999999994,0.0078125,unresolved,1,1,190,1,1,22
FULL|C1|MIX_MINUS_ISO_H|FE7,0.0009114583333333332,-0.005078125,0.0078125,unresolved,1,1,190,1,1,22
FULL|C1|MIX_MINUS_ISO_H|FE8,3.255208333333322e-05,-0.007714843750000001,0.0078125,unresolved,1,1,190,1,1,22
FULL|C1|MIX_MINUS_ISO_RANK|D40,0.0,-0.0078125,0.0078125,unresolved,1,1,190,1,1,22
FULL|C1|MIX_MINUS_ISO_RANK|F,0.0005533854166666668,-0.002679494222005208,0.004429219563802082,unresolved,17,24,151,8,12,4
FULL|C1|MIX_MINUS_ISO_RANK|F0,0.0,0.0,0.0,structural_zero,0,0,192,0,0,24
FULL|C1|MIX_MINUS_ISO_RANK|F1,8.138020833333333e-05,-0.000244140625,0.0004069010416666667,unresolved,3,2,187,3,2,19
FULL|C1|MIX_MINUS_ISO_RANK|F40,0.0,-0.0078125,0.0078125,unresolved,1,1,190,1,1,22
FULL|C1|MIX_MINUS_ISO_RANK|FE1,-0.000553385416666667,-0.0012858072916666669,0.00014648437499999967,unresolved,16,24,152,8,11,5
FULL|C1|MIX_MINUS_ISO_RANK|FE2,-0.00019531250000000004,-0.0009602864583333334,0.0005533854166666665,unresolved,2,10,180,2,8,14
FULL|C1|MIX_MINUS_ISO_RANK|FE3,9.765624999999998e-05,-0.0007486979166666667,0.0010091145833333334,unresolved,2,1,189,2,1,21
FULL|C1|MIX_MINUS_ISO_RANK|FE4,0.0007975260416666668,-0.001025390625,0.00341796875,unresolved,1,1,190,1,1,22
FULL|C1|MIX_MINUS_ISO_RANK|FE5,0.0016438802083333333,-0.00244140625,0.007373046875,unresolved,1,1,190,1,1,22
FULL|C1|MIX_MINUS_ISO_RANK|FE6,0.0016927083333333334,-0.0027343749999999994,0.0078125,unresolved,1,1,190,1,1,22
FULL|C1|MIX_MINUS_ISO_RANK|FE7,0.0009114583333333332,-0.005078125,0.0078125,unresolved,1,1,190,1,1,22
FULL|C1|MIX_MINUS_ISO_RANK|FE8,3.255208333333322e-05,-0.007714843750000001,0.0078125,unresolved,1,1,190,1,1,22
FULL|C1|MIX_POP|E1,0.7240132649739582,0.7049849955240884,0.7449676386515299,positive,192,0,0,24,0,0
FULL|C1|MIX_POP|E2,0.7238494873046876,0.7047994867960612,0.7451396179199219,positive,192,0,0,24,0,0
FULL|C1|MIX_POP|E3,0.7253000895182291,0.7063726806640626,0.746610361735026,positive,192,0,0,24,0,0
FULL|C1|MIX_POP|E4,0.7249618530273438,0.7060537465413412,0.7462389882405599,positive,192,0,0,24,0,0
FULL|C1|MIX_POP|E5,0.7256820678710939,0.7069774881998697,0.7466924540201823,positive,192,0,0,24,0,0
FULL|C1|MIX_POP|E6,0.7249364217122395,0.7060913721720377,0.7460740280151367,positive,192,0,0,24,0,0
FULL|C1|MIX_POP|E7,0.7256113688151041,0.7069074249267578,0.7465588251749674,positive,192,0,0,24,0,0
FULL|C1|MIX_POP|E8,0.7251790364583334,0.7064345041910808,0.7459662882486978,positive,192,0,0,24,0,0
FULL|C1|MIX_POP|MLOSS,0.2750583012898763,0.25409806410471597,0.2939607477188111,positive,192,0,0,24,0,0
FULL|C1|MIX_POP|U,0.7249416987101238,0.706039252281189,0.745901935895284,positive,192,0,0,24,0,0
FULL|C1|MIX_POP|U0,0.7163035074869791,0.6938170115152995,0.7402376810709635,positive,192,0,0,24,0,0
FULL|C1|MIX_POP|U1,0.7252120971679688,0.705487314860026,0.7459248860677083,positive,192,0,0,24,0,0
FULL|C1|MIX_POP|U40,0.7244033813476562,0.7059668858846029,0.7458721160888672,positive,192,0,0,24,0,0
FULL|C1|MIX_R|D40,0.059895833333333336,0.0546875,0.0625,positive,191,1,0,23,0,1
FULL|C1|MIX_R|F,0.9966451009114583,0.9932616678873698,0.9984822591145833,positive,192,0,0,24,0,0
FULL|C1|MIX_R|F0,0.9375,0.9375,0.9375,positive,192,0,0,24,0,0
FULL|C1|MIX_R|F1,0.9700520833333334,0.9669596354166666,0.9730631510416666,positive,192,0,0,24,0,0
FULL|C1|MIX_R|F40,0.9973958333333334,0.9921875,1.0,positive,192,0,0,24,0,0
FULL|C1|MIX_R|FE1,0.9873697916666666,0.9854166666666666,0.9892578125,positive,192,0,0,24,0,0
FULL|C1|MIX_R|FE2,0.9982421874999999,0.996939697265625,0.9993326822916666,positive,192,0,0,24,0,0
FULL|C1|MIX_R|FE3,0.9990885416666666,0.9978352864583333,0.9999511718749999,positive,192,0,0,24,0,0
FULL|C1|MIX_R|FE4,0.998779296875,0.9964192708333334,1.0,positive,192,0,0,24,0,0
FULL|C1|MIX_R|FE5,0.9974934895833334,0.992529296875,1.0,positive,192,0,0,24,0,0
FULL|C1|MIX_R|FE6,0.9973958333333334,0.9921875,1.0,positive,192,0,0,24,0,0
FULL|C1|MIX_R|FE7,0.9973958333333334,0.9921875,1.0,positive,192,0,0,24,0,0
FULL|C1|MIX_R|FE8,0.9973958333333334,0.9921875,1.0,positive,192,0,0,24,0,0
HALF_MINUS_ZERO|C0|ISO_H_MINUS_F|D40,0.14469401041666666,0.09838053385416667,0.19297281901041657,positive,64,17,111,20,3,1
HALF_MINUS_ZERO|C0|ISO_H_MINUS_F|F,0.09220784505208333,0.0630950927734375,0.12234390258789057,positive,101,35,56,21,3,0
HALF_MINUS_ZERO|C0|ISO_H_MINUS_F|F0,0.0,0.0,0.0,structural_zero,0,0,192,0,0,24
HALF_MINUS_ZERO|C0|ISO_H_MINUS_F|F1,0.0,0.0,0.0,structural_zero,0,0,192,0,0,24
HALF_MINUS_ZERO|C0|ISO_H_MINUS_F|F40,0.14469401041666666,0.09838053385416667,0.19297281901041657,positive,64,17,111,20,3,1
HALF_MINUS_ZERO|C0|ISO_H_MINUS_F|FE1,0.005240885416666667,0.001936442057291666,0.008658854166666667,positive,76,40,76,16,4,4
HALF_MINUS_ZERO|C0|ISO_H_MINUS_F|FE2,0.030354817708333332,0.012824300130208334,0.049513346354166654,positive,81,45,66,21,3,0
HALF_MINUS_ZERO|C0|ISO_H_MINUS_F|FE3,0.06269531249999999,0.03835856119791667,0.09061808268229163,positive,79,35,78,21,3,0
HALF_MINUS_ZERO|C0|ISO_H_MINUS_F|FE4,0.09993489583333333,0.06848510742187501,0.1330928548177083,positive,74,27,91,22,2,0
HALF_MINUS_ZERO|C0|ISO_H_MINUS_F|FE5,0.12008463541666668,0.08274495442708334,0.15942789713541664,positive,75,19,98,22,2,0
HALF_MINUS_ZERO|C0|ISO_H_MINUS_F|FE6,0.13504231770833333,0.09254842122395834,0.18147786458333334,positive,71,20,101,21,3,0
HALF_MINUS_ZERO|C0|ISO_H_MINUS_F|FE7,0.1402018229166667,0.09444824218749999,0.18948160807291659,positive,70,18,104,21,3,0
HALF_MINUS_ZERO|C0|ISO_H_MINUS_F|FE8,0.1441080729166667,0.09688354492187502,0.19439005533854162,positive,67,19,106,21,3,0
HALF_MINUS_ZERO|C0|MIX_H_MINUS_F|D40,0.14461263020833334,0.099200439453125,0.18562825520833334,positive,66,17,109,22,2,0
HALF_MINUS_ZERO|C0|MIX_H_MINUS_F|F,0.08990275065104165,0.060166880289713544,0.11862955729166666,positive,101,37,54,22,2,0
HALF_MINUS_ZERO|C0|MIX_H_MINUS_F|F0,0.0,0.0,0.0,structural_zero,0,0,192,0,0,24
HALF_MINUS_ZERO|C0|MIX_H_MINUS_F|F1,0.0,0.0,0.0,structural_zero,0,0,192,0,0,24
HALF_MINUS_ZERO|C0|MIX_H_MINUS_F|F40,0.14461263020833334,0.099200439453125,0.18562825520833334,positive,66,17,109,22,2,0
HALF_MINUS_ZERO|C0|MIX_H_MINUS_F|FE1,0.005696614583333333,0.002359619140625,0.008902994791666665,positive,81,35,76,16,4,4
HALF_MINUS_ZERO|C0|MIX_H_MINUS_F|FE2,0.03028971354166667,0.014876302083333334,0.04721842447916666,positive,81,47,64,17,7,0
HALF_MINUS_ZERO|C0|MIX_H_MINUS_F|FE3,0.06083984374999999,0.033267822265625004,0.08917765299479166,positive,79,38,75,20,4,0
HALF_MINUS_ZERO|C0|MIX_H_MINUS_F|FE4,0.09197591145833332,0.057852783203125,0.12791748046874998,positive,75,32,85,20,4,0
HALF_MINUS_ZERO|C0|MIX_H_MINUS_F|FE5,0.11943359375,0.07927815755208334,0.156007080078125,positive,75,23,94,22,2,0
HALF_MINUS_ZERO|C0|MIX_H_MINUS_F|FE6,0.13164062499999998,0.08878580729166667,0.17037923177083333,positive,72,23,97,22,2,0
HALF_MINUS_ZERO|C0|MIX_H_MINUS_F|FE7,0.13725585937499998,0.094283447265625,0.17563964843749996,positive,69,18,105,22,2,0
HALF_MINUS_ZERO|C0|MIX_H_MINUS_F|FE8,0.14208984375000003,0.09724934895833333,0.18303141276041662,positive,67,19,106,22,2,0
HALF_MINUS_ZERO|C0|MIX_MINUS_ISO_RANK|D40,-8.138020833333333e-05,-0.042399088541666664,0.03939005533854166,unresolved,22,24,146,13,9,2
HALF_MINUS_ZERO|C0|MIX_MINUS_ISO_RANK|F,-0.002305094401041668,-0.02960906982421876,0.022158610026041654,unresolved,31,35,126,14,9,1
HALF_MINUS_ZERO|C0|MIX_MINUS_ISO_RANK|F0,0.0,0.0,0.0,structural_zero,0,0,192,0,0,24
HALF_MINUS_ZERO|C0|MIX_MINUS_ISO_RANK|F1,0.0,0.0,0.0,structural_zero,0,0,192,0,0,24
HALF_MINUS_ZERO|C0|MIX_MINUS_ISO_RANK|F40,-8.138020833333333e-05,-0.042399088541666664,0.03939005533854166,unresolved,22,24,146,13,9,2
HALF_MINUS_ZERO|C0|MIX_MINUS_ISO_RANK|FE1,0.0004557291666666665,-0.0012211100260416676,0.0021647135416666668,unresolved,25,26,141,9,10,5
HALF_MINUS_ZERO|C0|MIX_MINUS_ISO_RANK|FE2,-6.510416666666499e-05,-0.009521891276041666,0.009506429036458326,unresolved,35,30,127,12,11,1
HALF_MINUS_ZERO|C0|MIX_MINUS_ISO_RANK|FE3,-0.0018554687499999984,-0.02379597981770833,0.018475748697916655,unresolved,31,31,130,13,10,1
HALF_MINUS_ZERO|C0|MIX_MINUS_ISO_RANK|FE4,-0.007958984375000007,-0.03727335611979167,0.01824951171874998,unresolved,26,32,134,13,10,1
HALF_MINUS_ZERO|C0|MIX_MINUS_ISO_RANK|FE5,-0.0006510416666666644,-0.03966512044270833,0.032744140624999925,unresolved,27,29,136,14,9,1
HALF_MINUS_ZERO|C0|MIX_MINUS_ISO_RANK|FE6,-0.00340169270833334,-0.04481282552083335,0.03374145507812498,unresolved,27,29,136,14,9,1
HALF_MINUS_ZERO|C0|MIX_MINUS_ISO_RANK|FE7,-0.002945963541666667,-0.04633992513020834,0.03750488281249997,unresolved,24,25,143,14,9,1
HALF_MINUS_ZERO|C0|MIX_MINUS_ISO_RANK|FE8,-0.00201822916666667,-0.044581705729166664,0.038235677083333315,unresolved,22,25,145,14,9,1
HALF_MINUS_ZERO|C1|ISO_H_MINUS_F|D40,0.0,0.0,0.0,observed_exact_zero,0,0,192,0,0,24
HALF_MINUS_ZERO|C1|ISO_H_MINUS_F|F,0.0007609049479166665,0.0002156575520833333,0.0014933776855468749,positive,36,28,128,17,5,2
HALF_MINUS_ZERO|C1|ISO_H_MINUS_F|F0,0.0,0.0,0.0,structural_zero,0,0,192,0,0,24
HALF_MINUS_ZERO|C1|ISO_H_MINUS_F|F1,0.0,0.0,0.0,structural_zero,0,0,192,0,0,24
HALF_MINUS_ZERO|C1|ISO_H_MINUS_F|F40,0.0,0.0,0.0,observed_exact_zero,0,0,192,0,0,24
HALF_MINUS_ZERO|C1|ISO_H_MINUS_F|FE1,0.0007324218750000001,-0.00013020833333333284,0.001546223958333333,unresolved,29,27,136,12,5,7
HALF_MINUS_ZERO|C1|ISO_H_MINUS_F|FE2,0.003190104166666667,0.0012044270833333334,0.005647786458333332,positive,26,11,155,15,4,5
HALF_MINUS_ZERO|C1|ISO_H_MINUS_F|FE3,0.0017740885416666667,-3.255208333333336e-05,0.004427083333333333,unresolved,7,2,183,6,2,16
HALF_MINUS_ZERO|C1|ISO_H_MINUS_F|FE4,0.0003906250000000001,-0.00016276041666666666,0.0012044270833333334,unresolved,2,1,189,2,1,21
HALF_MINUS_ZERO|C1|ISO_H_MINUS_F|FE5,0.0,0.0,0.0,observed_exact_zero,0,0,192,0,0,24
HALF_MINUS_ZERO|C1|ISO_H_MINUS_F|FE6,0.0,0.0,0.0,observed_exact_zero,0,0,192,0,0,24
HALF_MINUS_ZERO|C1|ISO_H_MINUS_F|FE7,0.0,0.0,0.0,observed_exact_zero,0,0,192,0,0,24
HALF_MINUS_ZERO|C1|ISO_H_MINUS_F|FE8,0.0,0.0,0.0,observed_exact_zero,0,0,192,0,0,24
HALF_MINUS_ZERO|C1|MIX_H_MINUS_F|D40,0.0,0.0,0.0,observed_exact_zero,0,0,192,0,0,24
HALF_MINUS_ZERO|C1|MIX_H_MINUS_F|F,0.00017089843749999996,-0.00019536336263020833,0.0005696614583333332,unresolved,28,34,130,11,11,2
HALF_MINUS_ZERO|C1|MIX_H_MINUS_F|F0,0.0,0.0,0.0,structural_zero,0,0,192,0,0,24
HALF_MINUS_ZERO|C1|MIX_H_MINUS_F|F1,0.0,0.0,0.0,structural_zero,0,0,192,0,0,24
HALF_MINUS_ZERO|C1|MIX_H_MINUS_F|F40,0.0,0.0,0.0,observed_exact_zero,0,0,192,0,0,24
HALF_MINUS_ZERO|C1|MIX_H_MINUS_F|FE1,0.0001790364583333332,-0.0004724121093750006,0.0008626302083333332,unresolved,25,30,137,11,8,5
HALF_MINUS_ZERO|C1|MIX_H_MINUS_F|FE2,0.0008951822916666665,-0.0007975260416666668,0.002669270833333333,unresolved,21,17,154,8,10,6
HALF_MINUS_ZERO|C1|MIX_H_MINUS_F|FE3,0.0003417968749999999,-0.000570068359375,0.0013187662760416642,unresolved,3,4,185,3,4,17
HALF_MINUS_ZERO|C1|MIX_H_MINUS_F|FE4,-4.8828124999999996e-05,-0.000244140625,9.765625000000002e-05,unresolved,1,1,190,1,1,22
HALF_MINUS_ZERO|C1|MIX_H_MINUS_F|FE5,0.0,0.0,0.0,observed_exact_zero,0,0,192,0,0,24
HALF_MINUS_ZERO|C1|MIX_H_MINUS_F|FE6,0.0,0.0,0.0,observed_exact_zero,0,0,192,0,0,24
HALF_MINUS_ZERO|C1|MIX_H_MINUS_F|FE7,0.0,0.0,0.0,observed_exact_zero,0,0,192,0,0,24
HALF_MINUS_ZERO|C1|MIX_H_MINUS_F|FE8,0.0,0.0,0.0,observed_exact_zero,0,0,192,0,0,24
HALF_MINUS_ZERO|C1|MIX_MINUS_ISO_RANK|D40,0.0,0.0,0.0,observed_exact_zero,0,0,192,0,0,24
HALF_MINUS_ZERO|C1|MIX_MINUS_ISO_RANK|F,-0.0005900065104166665,-0.0010701497395833332,-0.00018503824869791719,negative,13,29,150,4,17,3
HALF_MINUS_ZERO|C1|MIX_MINUS_ISO_RANK|F0,0.0,0.0,0.0,structural_zero,0,0,192,0,0,24
HALF_MINUS_ZERO|C1|MIX_MINUS_ISO_RANK|F1,0.0,0.0,0.0,structural_zero,0,0,192,0,0,24
HALF_MINUS_ZERO|C1|MIX_MINUS_ISO_RANK|F40,0.0,0.0,0.0,observed_exact_zero,0,0,192,0,0,24
HALF_MINUS_ZERO|C1|MIX_MINUS_ISO_RANK|FE1,-0.0005533854166666669,-0.0013671875000000001,0.00039062499999999953,unresolved,12,23,157,3,15,6
HALF_MINUS_ZERO|C1|MIX_MINUS_ISO_RANK|FE2,-0.002294921875,-0.0038090006510416666,-0.0009269205729166709,negative,6,19,167,4,15,5
HALF_MINUS_ZERO|C1|MIX_MINUS_ISO_RANK|FE3,-0.0014322916666666668,-0.0033365885416666665,-0.000146484375,negative,1,6,185,1,6,17
HALF_MINUS_ZERO|C1|MIX_MINUS_ISO_RANK|FE4,-0.000439453125,-0.0012858072916666667,6.510416666666667e-05,unresolved,1,2,189,1,2,21
HALF_MINUS_ZERO|C1|MIX_MINUS_ISO_RANK|FE5,0.0,0.0,0.0,observed_exact_zero,0,0,192,0,0,24
HALF_MINUS_ZERO|C1|MIX_MINUS_ISO_RANK|FE6,0.0,0.0,0.0,observed_exact_zero,0,0,192,0,0,24
HALF_MINUS_ZERO|C1|MIX_MINUS_ISO_RANK|FE7,0.0,0.0,0.0,observed_exact_zero,0,0,192,0,0,24
HALF_MINUS_ZERO|C1|MIX_MINUS_ISO_RANK|FE8,0.0,0.0,0.0,observed_exact_zero,0,0,192,0,0,24
HALF|C0|ISO_F_POP|E1,0.6797719319661458,0.660981674194336,0.6995254770914714,positive,192,0,0,24,0,0
HALF|C0|ISO_F_POP|E2,0.6181615193684896,0.6094575500488282,0.6281024169921875,positive,192,0,0,24,0,0
HALF|C0|ISO_F_POP|E3,0.6226491292317707,0.6140868377685547,0.6329733403523763,positive,192,0,0,24,0,0
HALF|C0|ISO_F_POP|E4,0.6201253255208333,0.6134025446573893,0.6289387893676758,positive,192,0,0,24,0,0
HALF|C0|ISO_F_POP|E5,0.6198277791341146,0.6131072489420574,0.6278499857584635,positive,192,0,0,24,0,0
HALF|C0|ISO_F_POP|E6,0.6151229858398437,0.6093096415201823,0.6212746556599934,positive,192,0,0,24,0,0
HALF|C0|ISO_F_POP|E7,0.6152130126953125,0.6104890314737955,0.620112673441569,positive,192,0,0,24,0,0
HALF|C0|ISO_F_POP|E8,0.6244806925455729,0.6189043680826822,0.6304670842488608,positive,192,0,0,24,0,0
HALF|C0|ISO_F_POP|MLOSS,0.37308095296223964,0.36932951450347895,0.37651087443033854,positive,192,0,0,24,0,0
HALF|C0|ISO_F_POP|U,0.6269190470377605,0.6234891255696615,0.630670485496521,positive,192,0,0,24,0,0
HALF|C0|ISO_F_POP|U0,0.7163035074869791,0.6938170115152995,0.7402376810709635,positive,192,0,0,24,0,0
HALF|C0|ISO_F_POP|U1,0.7251612345377604,0.7053996404012044,0.7459548314412435,positive,192,0,0,24,0,0
HALF|C0|ISO_F_POP|U40,0.6159693400065104,0.6016895294189454,0.6303575515747071,positive,192,0,0,24,0,0
HALF|C0|ISO_F|D40,-0.024820963541666668,-0.03125,-0.01708984375,negative,4,188,0,2,21,1
HALF|C0|ISO_F|F,0.010506184895833333,0.004155680338541666,0.019003245035807286,positive,160,0,32,24,0,0
HALF|C0|ISO_F|F0,0.03125,0.03125,0.03125,positive,192,0,0,24,0,0
HALF|C0|ISO_F|F1,0.021321614583333332,0.019287109375,0.023518880208333332,positive,160,0,32,24,0,0
HALF|C0|ISO_F|F40,0.006429036458333333,0.0,0.01416015625,unresolved,4,0,188,3,0,21
HALF|C0|ISO_F|FE1,0.013704427083333333,0.011033935546874998,0.016813151041666665,positive,160,0,32,24,0,0
HALF|C0|ISO_F|FE2,0.014355468750000001,0.005582682291666666,0.026140136718749995,positive,33,0,159,14,0,10
HALF|C0|ISO_F|FE3,0.012711588541666666,0.0034667968750000003,0.02594441731770833,positive,17,0,175,8,0,16
HALF|C0|ISO_F|FE4,0.009781901041666667,0.0030415852864583335,0.018978271484375,positive,13,0,179,6,0,18
HALF|C0|ISO_F|FE5,0.010302734374999999,0.0026041666666666665,0.020198567708333334,positive,11,0,181,6,0,18
HALF|C0|ISO_F|FE6,0.008317057291666667,0.0018880208333333333,0.01640625,positive,7,0,185,4,0,20
HALF|C0|ISO_F|FE7,0.008496093750000001,0.002262369791666667,0.016748046875,positive,6,0,186,4,0,20
HALF|C0|ISO_F|FE8,0.006380208333333334,0.00019531249999999998,0.013964843749999999,positive,6,0,186,4,0,20
HALF|C0|ISO_H_MINUS_F_POP|E1,-8.138020833325932e-06,-0.0003087997436523292,0.00027263641357424775,unresolved,81,74,37,12,11,1
HALF|C0|ISO_H_MINUS_F_POP|E2,-0.00031433105468750094,-0.0017578633626302187,0.0010555775960286444,unresolved,75,81,36,14,10,0
HALF|C0|ISO_H_MINUS_F_POP|E3,0.0015085856119791592,-0.0002497609456380497,0.003397789001464842,unresolved,90,68,34,17,7,0
HALF|C0|ISO_H_MINUS_F_POP|E4,0.0010843912760416425,-0.000175107320149752,0.0024981562296549297,unresolved,80,78,34,14,10,0
HALF|C0|ISO_H_MINUS_F_POP|E5,0.0024353027343750147,0.0007958984375000316,0.004037488301595057,positive,98,59,35,19,5,0
HALF|C0|ISO_H_MINUS_F_POP|E6,0.003600565592447938,0.0017198944091797006,0.005493049621582077,positive,96,60,36,19,5,0
HALF|C0|ISO_H_MINUS_F_POP|E7,0.0010599772135416602,-0.0003995513916015811,0.002600657145182274,unresolved,86,72,34,12,12,0
HALF|C0|ISO_H_MINUS_F_POP|E8,0.0005864461263020981,-0.0008790334065754985,0.0019211959838867359,unresolved,84,73,35,16,8,0
HALF|C0|ISO_H_MINUS_F_POP|MLOSS,-0.0012440999348958374,-0.0019903898239135936,-0.0005493338902791334,negative,62,96,34,4,20,0
HALF|C0|ISO_H_MINUS_F_POP|U,0.0012440999348958166,0.0005493338902791371,0.0019903898239135697,positive,96,62,34,20,4,0
HALF|C0|ISO_H_MINUS_F_POP|U0,0.0,0.0,0.0,structural_zero,0,0,192,0,0,24
HALF|C0|ISO_H_MINUS_F_POP|U1,6.866455078125e-05,5.086263020833333e-06,0.00013224283854166666,positive,24,12,156,14,4,6
HALF|C0|ISO_H_MINUS_F_POP|U40,1.2715657552083334e-05,-0.0026245752970377604,0.00246435801188151,unresolved,79,78,35,13,10,1
HALF|C0|ISO_H_MINUS_F|D40,0.13810221354166666,0.10530598958333333,0.172283935546875,positive,52,4,136,23,0,1
HALF|C0|ISO_H_MINUS_F|F,0.09525553385416667,0.07159352620442708,0.11993484497070311,positive,140,16,36,24,0,0
HALF|C0|ISO_H_MINUS_F|F0,0.0,0.0,0.0,structural_zero,0,0,192,0,0,24
HALF|C0|ISO_H_MINUS_F|F1,0.009440104166666666,0.008056640625,0.010662841796874989,positive,101,2,89,24,0,0
HALF|C0|ISO_H_MINUS_F|F40,0.13810221354166666,0.10530598958333333,0.172283935546875,positive,52,4,136,23,0,1
HALF|C0|ISO_H_MINUS_F|FE1,0.022835286458333336,0.019514567057291664,0.026009521484375,positive,135,16,41,24,0,0
HALF|C0|ISO_H_MINUS_F|FE2,0.047737630208333326,0.03478108723958333,0.060190429687499984,positive,97,16,79,23,1,0
HALF|C0|ISO_H_MINUS_F|FE3,0.078564453125,0.057161051432291665,0.10055582682291664,positive,78,9,105,23,1,0
HALF|C0|ISO_H_MINUS_F|FE4,0.10024414062499999,0.07175984700520834,0.12921549479166666,positive,61,9,122,24,0,0
HALF|C0|ISO_H_MINUS_F|FE5,0.115966796875,0.084619140625,0.15011515299479167,positive,58,8,126,23,0,1
HALF|C0|ISO_H_MINUS_F|FE6,0.12666015625000002,0.09259114583333333,0.16405273437499998,positive,54,6,132,23,0,1
HALF|C0|ISO_H_MINUS_F|FE7,0.13331705729166665,0.09789713541666667,0.17069173177083327,positive,52,6,134,23,0,1
HALF|C0|ISO_H_MINUS_F|FE8,0.13671875,0.10359456380208333,0.17115885416666665,positive,52,6,134,23,0,1
HALF|C0|ISO_H_POP|E1,0.6797637939453125,0.6609817377726237,0.6995458348592123,positive,192,0,0,24,0,0
HALF|C0|ISO_H_POP|E2,0.6178471883138021,0.6094079844156902,0.6277928161621094,positive,192,0,0,24,0,0
HALF|C0|ISO_H_POP|E3,0.6241577148437499,0.6153783289591471,0.6346382268269857,positive,192,0,0,24,0,0
HALF|C0|ISO_H_POP|E4,0.621209716796875,0.6142337036132812,0.6309212748209635,positive,192,0,0,24,0,0
HALF|C0|ISO_H_POP|E5,0.6222630818684896,0.6158457946777344,0.6297848510742188,positive,192,0,0,24,0,0
HALF|C0|ISO_H_POP|E6,0.6187235514322916,0.6118684768676756,0.6258990859985352,positive,192,0,0,24,0,0
HALF|C0|ISO_H_POP|E7,0.6162729899088542,0.6109716542561848,0.6218731435139974,positive,192,0,0,24,0,0
HALF|C0|ISO_H_POP|E8,0.625067138671875,0.6195097859700521,0.6306309127807617,positive,192,0,0,24,0,0
HALF|C0|ISO_H_POP|MLOSS,0.3718368530273437,0.3677940956751504,0.3753871854146322,positive,192,0,0,24,0,0
HALF|C0|ISO_H_POP|U,0.6281631469726562,0.6246128145853678,0.6322059043248494,positive,192,0,0,24,0,0
HALF|C0|ISO_H_POP|U0,0.7163035074869791,0.6938170115152995,0.7402376810709635,positive,192,0,0,24,0,0
HALF|C0|ISO_H_POP|U1,0.7252298990885416,0.705484135945638,0.7460538228352865,positive,192,0,0,24,0,0
HALF|C0|ISO_H_POP|U40,0.6159820556640625,0.6020024617513021,0.6299704869588215,positive,192,0,0,24,0,0
HALF|C0|ISO_H|D40,0.11328125,0.081378173828125,0.1497538248697916,positive,51,140,1,23,1,0
HALF|C0|ISO_H|F,0.10576171875,0.08172037760416667,0.13207473754882812,positive,176,0,16,24,0,0
HALF|C0|ISO_H|F0,0.03125,0.03125,0.03125,positive,192,0,0,24,0,0
HALF|C0|ISO_H|F1,0.03076171875,0.028238932291666668,0.033528645833333336,positive,176,0,16,24,0,0
HALF|C0|ISO_H|F40,0.14453125,0.112628173828125,0.1810038248697916,positive,52,0,140,23,0,1
HALF|C0|ISO_H|FE1,0.036539713541666664,0.032454427083333334,0.041260172526041666,positive,176,0,16,24,0,0
HALF|C0|ISO_H|FE2,0.062093098958333336,0.050829671223958324,0.07425252278645834,positive,106,0,86,24,0,0
HALF|C0|ISO_H|FE3,0.09127604166666665,0.069644775390625,0.11461954752604166,positive,80,0,112,24,0,0
HALF|C0|ISO_H|FE4,0.11002604166666667,0.08172078450520834,0.13893229166666668,positive,63,0,129,24,0,0
HALF|C0|ISO_H|FE5,0.12626953124999998,0.09487060546875,0.1616280110677083,positive,58,0,134,23,0,1
HALF|C0|ISO_H|FE6,0.13497721354166667,0.10154296875,0.17401570638020827,positive,54,0,138,23,0,1
HALF|C0|ISO_H|FE7,0.14181315104166667,0.10728759765625001,0.181300048828125,positive,52,0,140,23,0,1
HALF|C0|ISO_H|FE8,0.14309895833333333,0.11043131510416666,0.17982096354166663,positive,52,0,140,23,0,1
HALF|C0|MIX_F|D40,-0.025716145833333332,-0.03125,-0.01806640625,negative,3,189,0,2,22,0
HALF|C0|MIX_F|F,0.009895833333333333,0.003964335123697917,0.017742767333984364,positive,160,0,32,24,0,0
HALF|C0|MIX_F|F0,0.03125,0.03125,0.03125,positive,192,0,0,24,0,0
HALF|C0|MIX_F|F1,0.021321614583333332,0.019287109375,0.023518880208333332,positive,160,0,32,24,0,0
HALF|C0|MIX_F|F40,0.005533854166666667,0.0,0.01318359375,unresolved,3,0,189,3,0,21
HALF|C0|MIX_F|FE1,0.013932291666666666,0.011116536458333335,0.017122802734374998,positive,160,0,32,24,0,0
HALF|C0|MIX_F|FE2,0.014095052083333332,0.005826822916666666,0.02454549153645833,positive,34,0,158,14,0,10
HALF|C0|MIX_F|FE3,0.01171875,0.003368733723958334,0.024121500651041662,positive,18,0,174,9,0,15
HALF|C0|MIX_F|FE4,0.009375,0.0031054687500000006,0.01788859049479166,positive,12,0,180,7,0,17
HALF|C0|MIX_F|FE5,0.010107421875,0.002685546875,0.01964762369791665,positive,11,0,181,7,0,17
HALF|C0|MIX_F|FE6,0.007584635416666667,0.0014973958333333332,0.015349121093749996,positive,6,0,186,4,0,20
HALF|C0|MIX_F|FE7,0.006966145833333334,0.0013183593749999999,0.014699300130208325,positive,5,0,187,4,0,20
HALF|C0|MIX_F|FE8,0.005387369791666667,0.00019531249999999998,0.012890625000000001,positive,5,0,187,4,0,20
HALF|C0|MIX_H_MINUS_F|D40,0.11368815104166667,0.08389689127604168,0.14143880208333334,positive,48,3,141,21,0,3
HALF|C0|MIX_H_MINUS_F|F,0.07999064127604166,0.05957992553710937,0.09978917439778646,positive,138,18,36,24,0,0
HALF|C0|MIX_H_MINUS_F|F0,0.0,0.0,0.0,structural_zero,0,0,192,0,0,24
HALF|C0|MIX_H_MINUS_F|F1,0.009684244791666666,0.008219401041666666,0.011067708333333334,positive,101,2,89,24,0,0
HALF|C0|MIX_H_MINUS_F|F40,0.11368815104166667,0.08389689127604168,0.14143880208333334,positive,48,3,141,21,0,3
HALF|C0|MIX_H_MINUS_F|FE1,0.022591145833333336,0.019645182291666664,0.025390625,positive,135,16,41,24,0,0
HALF|C0|MIX_H_MINUS_F|FE2,0.041666666666666664,0.028759765625000003,0.05374552408854166,positive,97,17,78,22,2,0
HALF|C0|MIX_H_MINUS_F|FE3,0.063427734375,0.04216959635416667,0.08395304361979165,positive,79,10,103,21,2,1
HALF|C0|MIX_H_MINUS_F|FE4,0.08126627604166667,0.05525349934895834,0.10663004557291664,positive,62,8,122,22,0,2
HALF|C0|MIX_H_MINUS_F|FE5,0.09926757812499999,0.07258951822916668,0.1259147135416666,positive,57,8,127,22,0,2
HALF|C0|MIX_H_MINUS_F|FE6,0.10626627604166668,0.07776652018229166,0.1337890625,positive,53,6,133,22,0,2
HALF|C0|MIX_H_MINUS_F|FE7,0.11225585937499999,0.083499755859375,0.1406591796875,positive,50,5,137,21,0,3
HALF|C0|MIX_H_MINUS_F|FE8,0.11318359375000002,0.08290242513020833,0.14103352864583332,positive,49,5,138,21,0,3
HALF|C0|MIX_H|D40,0.08797200520833333,0.05737101236979167,0.1181640625,positive,46,145,1,20,4,0
HALF|C0|MIX_H|F,0.089886474609375,0.06887776692708333,0.11057271321614581,positive,176,0,16,24,0,0
HALF|C0|MIX_H|F0,0.03125,0.03125,0.03125,positive,192,0,0,24,0,0
HALF|C0|MIX_H|F1,0.031005859375,0.028483072916666668,0.03369140625,positive,176,0,16,24,0,0
HALF|C0|MIX_H|F40,0.11922200520833333,0.08862101236979167,0.1494140625,positive,48,0,144,21,0,3
HALF|C0|MIX_H|FE1,0.0365234375,0.032649332682291664,0.040691324869791656,positive,176,0,16,24,0,0
HALF|C0|MIX_H|FE2,0.05576171875,0.04439778645833334,0.06816446940104166,positive,108,0,84,24,0,0
HALF|C0|MIX_H|FE3,0.075146484375,0.055435791015625006,0.09554199218749998,positive,83,0,109,23,0,1
HALF|C0|MIX_H|FE4,0.09064127604166666,0.06534708658854166,0.11640991210937499,positive,62,0,130,22,0,2
HALF|C0|MIX_H|FE5,0.109375,0.08225504557291669,0.13580729166666666,positive,57,0,135,22,0,2
HALF|C0|MIX_H|FE6,0.11385091145833333,0.08474812825520835,0.14203287760416664,positive,53,0,139,22,0,2
HALF|C0|MIX_H|FE7,0.11922200520833333,0.089237060546875,0.14889567057291667,positive,50,0,142,21,0,3
HALF|C0|MIX_H|FE8,0.11857096354166667,0.08804524739583333,0.14878092447916666,positive,49,0,143,21,0,3
HALF|C0|MIX_MINUS_ISO_F_POP|E1,0.0001485188802083509,7.629394531287007e-06,0.00030925750732421975,positive,57,45,90,16,8,0
HALF|C0|MIX_MINUS_ISO_F_POP|E2,0.00024515787760416113,-0.0004766082763671915,0.001035067240397085,unresolved,66,63,63,13,11,0
HALF|C0|MIX_MINUS_ISO_F_POP|E3,0.0007756551106771018,-0.000413309733072919,0.0019431686401366905,unresolved,69,62,61,15,9,0
HALF|C0|MIX_MINUS_ISO_F_POP|E4,0.0008656819661458139,-0.0005172856648763336,0.002329533894856761,unresolved,67,63,62,14,10,0
HALF|C0|MIX_MINUS_ISO_F_POP|E5,0.0010070800781250046,-8.876800537108673e-05,0.0021028137207031315,unresolved,79,52,61,15,9,0
HALF|C0|MIX_MINUS_ISO_F_POP|E6,0.0025787353515625278,0.001080665588378916,0.004100112915039083,positive,84,47,61,18,6,0
HALF|C0|MIX_MINUS_ISO_F_POP|E7,0.0015472412109374851,0.00021736145019530867,0.0029170608520507355,positive,78,53,61,17,7,0
HALF|C0|MIX_MINUS_ISO_F_POP|E8,0.00029856363932295277,-0.0008540725708007199,0.0013086827596029303,unresolved,69,62,61,14,10,0
HALF|C0|MIX_MINUS_ISO_F_POP|MLOSS,-0.0009333292643229144,-0.0013708162307739156,-0.0005000050862630186,negative,57,76,59,5,19,0
HALF|C0|MIX_MINUS_ISO_F_POP|U,0.0009333292643228889,0.0005000050862629658,0.0013708162307739065,positive,76,57,59,19,5,0
HALF|C0|MIX_MINUS_ISO_F_POP|U0,0.0,0.0,0.0,structural_zero,0,0,192,0,0,24
HALF|C0|MIX_MINUS_ISO_F_POP|U1,0.0,0.0,0.0,observed_exact_zero,0,0,192,0,0,24
HALF|C0|MIX_MINUS_ISO_F_POP|U40,0.0002772013346354167,-0.0015441258748372397,0.0018974304199218736,unresolved,68,61,63,14,10,0
HALF|C0|MIX_MINUS_ISO_F|D40,-0.0008951822916666666,-0.002685546875,0.0,unresolved,0,1,191,0,1,23
HALF|C0|MIX_MINUS_ISO_F|F,-0.0006103515625000005,-0.0022361755371093747,0.0004516601562499994,unresolved,8,8,176,7,6,11
HALF|C0|MIX_MINUS_ISO_F|F0,0.0,0.0,0.0,structural_zero,0,0,192,0,0,24
HALF|C0|MIX_MINUS_ISO_F|F1,0.0,0.0,0.0,observed_exact_zero,0,0,192,0,0,24
HALF|C0|MIX_MINUS_ISO_F|F40,-0.0008951822916666666,-0.002685546875,0.0,unresolved,0,1,191,0,1,23
HALF|C0|MIX_MINUS_ISO_F|FE1,0.0002278645833333334,-0.0003255208333333335,0.0008138020833333325,unresolved,8,6,178,6,6,12
HALF|C0|MIX_MINUS_ISO_F|FE2,-0.00026041666666666677,-0.003076171875,0.0020674641927083313,unresolved,7,5,180,7,3,14
HALF|C0|MIX_MINUS_ISO_F|FE3,-0.0009928385416666668,-0.003581136067708334,0.0007486979166666662,unresolved,4,3,185,4,3,17
HALF|C0|MIX_MINUS_ISO_F|FE4,-0.0004069010416666669,-0.0020182291666666664,0.000911458333333333,unresolved,1,2,189,1,2,21
HALF|C0|MIX_MINUS_ISO_F|FE5,-0.00019531249999999996,-0.0012695312499999998,0.0006835937499999998,unresolved,1,1,190,1,1,22
HALF|C0|MIX_MINUS_ISO_F|FE6,-0.000732421875,-0.002197265625,0.0,unresolved,0,1,191,0,1,23
HALF|C0|MIX_MINUS_ISO_F|FE7,-0.0015299479166666667,-0.00458984375,0.0,unresolved,0,1,191,0,1,23
HALF|C0|MIX_MINUS_ISO_F|FE8,-0.0009928385416666666,-0.0029785156249999994,0.0,unresolved,0,1,191,0,1,23
HALF|C0|MIX_MINUS_ISO_H_POP|E1,0.00015665690104167684,-0.00017650604248044556,0.0004771296183268594,unresolved,80,67,45,14,10,0
HALF|C0|MIX_MINUS_ISO_H_POP|E2,0.0005594889322916621,-0.000649197896321612,0.001791941324869774,unresolved,84,69,39,11,13,0
HALF|C0|MIX_MINUS_ISO_H_POP|E3,-0.0007329305013020574,-0.0023465092976887657,0.0009862899780273555,unresolved,71,82,39,8,16,0
HALF|C0|MIX_MINUS_ISO_H_POP|E4,-0.0002187093098958287,-0.0019400278727213656,0.0013872146606445427,unresolved,82,71,39,11,13,0
HALF|C0|MIX_MINUS_ISO_H_POP|E5,-0.00142822265625001,-0.0031185277303059427,0.0001578648885091362,unresolved,78,74,40,9,15,0
HALF|C0|MIX_MINUS_ISO_H_POP|E6,-0.0010218302408854102,-0.0027102788289387935,0.0006502532958984553,unresolved,75,77,40,10,14,0
HALF|C0|MIX_MINUS_ISO_H_POP|E7,0.000487263997395825,-0.0007027562459310098,0.0016149139404296829,unresolved,80,73,39,15,9,0
HALF|C0|MIX_MINUS_ISO_H_POP|E8,-0.00028788248697914537,-0.0022025426228840872,0.0017521413167318034,unresolved,74,79,39,10,14,0
HALF|C0|MIX_MINUS_ISO_H_POP|MLOSS,0.0003107706705729231,-0.0004254420598347795,0.0010458501180013113,unresolved,81,72,39,14,10,0
HALF|C0|MIX_MINUS_ISO_H_POP|U,-0.0003107706705729278,-0.0010458501180012822,0.00042544205983475575,unresolved,72,81,39,10,14,0
HALF|C0|MIX_MINUS_ISO_H_POP|U0,0.0,0.0,0.0,structural_zero,0,0,192,0,0,24
HALF|C0|MIX_MINUS_ISO_H_POP|U1,-6.866455078125e-05,-0.00013224283854166666,-5.086263020833333e-06,negative,12,24,156,4,14,6
HALF|C0|MIX_MINUS_ISO_H_POP|U40,0.0002644856770833333,-0.002492968241373698,0.002833175659179687,unresolved,77,74,41,11,13,0
HALF|C0|MIX_MINUS_ISO_H|D40,-0.025309244791666668,-0.05843302408854167,0.007082112630208322,unresolved,13,20,159,7,12,5
HALF|C0|MIX_MINUS_ISO_H|F,-0.015875244140624998,-0.03733062744140625,0.004358774820963535,unresolved,32,33,127,9,14,1
HALF|C0|MIX_MINUS_ISO_H|F0,0.0,0.0,0.0,structural_zero,0,0,192,0,0,24
HALF|C0|MIX_MINUS_ISO_H|F1,0.000244140625,0.0,0.0005696614583333334,unresolved,3,0,189,3,0,21
HALF|C0|MIX_MINUS_ISO_H|F40,-0.025309244791666668,-0.05843302408854167,0.007082112630208322,unresolved,13,20,159,7,12,5
HALF|C0|MIX_MINUS_ISO_H|FE1,-1.6276041666665887e-05,-0.00197021484375,0.0020837402343749987,unresolved,31,30,131,9,12,3
HALF|C0|MIX_MINUS_ISO_H|FE2,-0.006331380208333333,-0.01627685546875,0.003678385416666666,unresolved,29,28,135,9,14,1
HALF|C0|MIX_MINUS_ISO_H|FE3,-0.016129557291666662,-0.03523966471354166,0.0013517252604166655,unresolved,19,27,146,8,15,1
HALF|C0|MIX_MINUS_ISO_H|FE4,-0.019384765625000005,-0.042062988281250005,0.002312418619791657,unresolved,19,25,148,9,14,1
HALF|C0|MIX_MINUS_ISO_H|FE5,-0.01689453125,-0.04528157552083333,0.009164225260416665,unresolved,17,23,152,9,13,2
HALF|C0|MIX_MINUS_ISO_H|FE6,-0.021126302083333336,-0.052769775390624996,0.008350016276041664,unresolved,17,22,153,8,13,3
HALF|C0|MIX_MINUS_ISO_H|FE7,-0.022591145833333336,-0.056201171875000004,0.009654134114583319,unresolved,15,21,156,7,12,5
HALF|C0|MIX_MINUS_ISO_H|FE8,-0.024527994791666664,-0.05773193359375,0.008010253906249988,unresolved,13,20,159,7,12,5
HALF|C0|MIX_MINUS_ISO_RANK|D40,-0.0244140625,-0.05762125651041666,0.008630371093749978,unresolved,14,20,158,7,12,5
HALF|C0|MIX_MINUS_ISO_RANK|F,-0.015264892578125,-0.03685323079427083,0.005698801676432294,unresolved,32,35,125,9,14,1
HALF|C0|MIX_MINUS_ISO_RANK|F0,0.0,0.0,0.0,structural_zero,0,0,192,0,0,24
HALF|C0|MIX_MINUS_ISO_RANK|F1,0.000244140625,0.0,0.0005696614583333334,unresolved,3,0,189,3,0,21
HALF|C0|MIX_MINUS_ISO_RANK|F40,-0.0244140625,-0.05762125651041666,0.008630371093749978,unresolved,14,20,158,7,12,5
HALF|C0|MIX_MINUS_ISO_RANK|FE1,-0.00024414062499999927,-0.0024251302083333312,0.0019047037760416652,unresolved,33,30,129,10,11,3
HALF|C0|MIX_MINUS_ISO_RANK|FE2,-0.006070963541666665,-0.015952148437499997,0.004183756510416664,unresolved,28,31,133,10,13,1
HALF|C0|MIX_MINUS_ISO_RANK|FE3,-0.015136718749999995,-0.03442382812499999,0.0029988606770833164,unresolved,21,27,144,8,15,1
HALF|C0|MIX_MINUS_ISO_RANK|FE4,-0.018977864583333337,-0.04193196614583334,0.0032727050781249925,unresolved,20,25,147,9,14,1
HALF|C0|MIX_MINUS_ISO_RANK|FE5,-0.016699218749999998,-0.04528157552083334,0.009719645182291655,unresolved,18,23,151,9,13,2
HALF|C0|MIX_MINUS_ISO_RANK|FE6,-0.020393880208333336,-0.05237711588541668,0.009766438802083327,unresolved,18,22,152,8,13,3
HALF|C0|MIX_MINUS_ISO_RANK|FE7,-0.021061197916666666,-0.05501871744791667,0.0120015462239583,unresolved,16,21,155,7,12,5
HALF|C0|MIX_MINUS_ISO_RANK|FE8,-0.023535156249999998,-0.05712972005208333,0.00978312174479166,unresolved,14,20,158,7,12,5
HALF|C0|MIX_POP|E1,0.6799204508463541,0.6611546325683594,0.6995859654744466,positive,192,0,0,24,0,0
HALF|C0|MIX_POP|E2,0.6184066772460938,0.6096579233805338,0.6283006032307943,positive,192,0,0,24,0,0
HALF|C0|MIX_POP|E3,0.623424784342448,0.6148702748616536,0.6337679799397786,positive,192,0,0,24,0,0
HALF|C0|MIX_POP|E4,0.6209910074869792,0.6146639887491862,0.6296469370524088,positive,192,0,0,24,0,0
HALF|C0|MIX_POP|E5,0.6208348592122396,0.614414914449056,0.6286443456013997,positive,192,0,0,24,0,0
HALF|C0|MIX_POP|E6,0.6177017211914062,0.611732292175293,0.6240048726399741,positive,192,0,0,24,0,0
HALF|C0|MIX_POP|E7,0.61676025390625,0.6118295415242513,0.6218746312459311,positive,192,0,0,24,0,0
HALF|C0|MIX_POP|E8,0.6247792561848958,0.618894271850586,0.6310000356038412,positive,192,0,0,24,0,0
HALF|C0|MIX_POP|MLOSS,0.37214762369791665,0.36844528834025064,0.37544777711232497,positive,192,0,0,24,0,0
HALF|C0|MIX_POP|U,0.6278523763020833,0.6245522228876749,0.6315547116597493,positive,192,0,0,24,0,0
HALF|C0|MIX_POP|U0,0.7163035074869791,0.6938170115152995,0.7402376810709635,positive,192,0,0,24,0,0
HALF|C0|MIX_POP|U1,0.7251612345377604,0.7053996404012044,0.7459548314412435,positive,192,0,0,24,0,0
HALF|C0|MIX_POP|U40,0.6162465413411459,0.6014198303222655,0.631236712137858,positive,192,0,0,24,0,0
HALF|C0|MIX_R|D40,-0.062255859375,-0.09604288736979166,-0.02880655924479168,negative,143,49,0,5,15,4
HALF|C0|MIX_R|F,0.9002176920572916,0.8764449564615885,0.9242487080891927,positive,192,0,0,24,0,0
HALF|C0|MIX_R|F0,0.9375,0.9375,0.9375,positive,192,0,0,24,0,0
HALF|C0|MIX_R|F1,0.9476725260416666,0.94287109375,0.9519856770833334,positive,192,0,0,24,0,0
HALF|C0|MIX_R|F40,0.875244140625,0.8414571126302083,0.9086934407552083,positive,192,0,0,24,0,0
HALF|C0|MIX_R|FE1,0.9495442708333334,0.9425284830729167,0.9555505371093751,positive,192,0,0,24,0,0
HALF|C0|MIX_R|FE2,0.9301432291666667,0.9107259114583334,0.9467305501302085,positive,192,0,0,24,0,0
HALF|C0|MIX_R|FE3,0.9131347656249998,0.8892215983072917,0.9371427408854166,positive,192,0,0,24,0,0
HALF|C0|MIX_R|FE4,0.8999837239583334,0.8726721191406251,0.9273624674479166,positive,192,0,0,24,0,0
HALF|C0|MIX_R|FE5,0.880517578125,0.8515926106770834,0.9106022135416666,positive,192,0,0,24,0,0
HALF|C0|MIX_R|FE6,0.8785644531250001,0.8470312500000001,0.909881591796875,positive,192,0,0,24,0,0
HALF|C0|MIX_R|FE7,0.8738118489583333,0.8415173339843749,0.9061877441406249,positive,192,0,0,24,0,0
HALF|C0|MIX_R|FE8,0.8760416666666666,0.8421549479166668,0.9095552571614584,positive,192,0,0,24,0,0
HALF|C1|ISO_F_POP|E1,0.6799082438151042,0.6612170537312826,0.6996420288085938,positive,192,0,0,24,0,0
HALF|C1|ISO_F_POP|E2,0.6175974527994792,0.6090321350097656,0.6275262196858724,positive,192,0,0,24,0,0
HALF|C1|ISO_F_POP|E3,0.6224446614583333,0.6137324396769206,0.6327891031901042,positive,192,0,0,24,0,0
HALF|C1|ISO_F_POP|E4,0.6193486531575522,0.6126402791341146,0.6283712768554688,positive,192,0,0,24,0,0
HALF|C1|ISO_F_POP|E5,0.6188791910807291,0.6124798202514649,0.6266587193806967,positive,192,0,0,24,0,0
HALF|C1|ISO_F_POP|E6,0.6152313232421874,0.6085693868001303,0.622080307006836,positive,192,0,0,24,0,0
HALF|C1|ISO_F_POP|E7,0.6143346150716146,0.609897232055664,0.6188325754801431,positive,192,0,0,24,0,0
HALF|C1|ISO_F_POP|E8,0.6233759562174479,0.6179161326090494,0.6291642761230469,positive,192,0,0,24,0,0
HALF|C1|ISO_F_POP|MLOSS,0.37360998789469396,0.36969723224639894,0.3772062158584595,positive,192,0,0,24,0,0
HALF|C1|ISO_F_POP|U,0.626390012105306,0.6227937841415405,0.6303027677536011,positive,192,0,0,24,0,0
HALF|C1|ISO_F_POP|U0,0.7163035074869791,0.6938170115152995,0.7402376810709635,positive,192,0,0,24,0,0
HALF|C1|ISO_F_POP|U1,0.7251917521158854,0.7054584503173829,0.7459543863932292,positive,192,0,0,24,0,0
HALF|C1|ISO_F_POP|U40,0.6154352823893229,0.6022838592529297,0.6289606094360352,positive,192,0,0,24,0,0
HALF|C1|ISO_F|D40,-0.03125,-0.03125,-0.03125,negative,0,192,0,0,24,0
HALF|C1|ISO_F|F,0.0006998697916666668,0.0005126953125,0.000921630859375,positive,112,0,80,24,0,0
HALF|C1|ISO_F|F0,0.03125,0.03125,0.03125,positive,192,0,0,24,0,0
HALF|C1|ISO_F|F1,0.012125651041666666,0.0107421875,0.013427734375,positive,112,0,80,24,0,0
HALF|C1|ISO_F|F40,0.0,0.0,0.0,observed_exact_zero,0,0,192,0,0,24
HALF|C1|ISO_F|FE1,0.00458984375,0.0037923177083333333,0.0055175781249999995,positive,112,0,80,24,0,0
HALF|C1|ISO_F|FE2,0.0007649739583333333,0.00016276041666666666,0.001513671875,positive,6,0,186,6,0,18
HALF|C1|ISO_F|FE3,0.000244140625,0.0,0.0006998697916666667,unresolved,2,0,190,2,0,22
HALF|C1|ISO_F|FE4,0.0,0.0,0.0,observed_exact_zero,0,0,192,0,0,24
HALF|C1|ISO_F|FE5,0.0,0.0,0.0,observed_exact_zero,0,0,192,0,0,24
HALF|C1|ISO_F|FE6,0.0,0.0,0.0,observed_exact_zero,0,0,192,0,0,24
HALF|C1|ISO_F|FE7,0.0,0.0,0.0,observed_exact_zero,0,0,192,0,0,24
HALF|C1|ISO_F|FE8,0.0,0.0,0.0,observed_exact_zero,0,0,192,0,0,24
HALF|C1|ISO_H_MINUS_F_POP|E1,0.00024770100911457776,1.4724731445310905e-05,0.000508689880371089,positive,54,46,92,16,8,0
HALF|C1|ISO_H_MINUS_F_POP|E2,-0.0005091349283854277,-0.001243120829264362,0.00019082387288410897,unresolved,46,56,90,13,11,0
HALF|C1|ISO_H_MINUS_F_POP|E3,0.00027364095052084814,-0.000631879170735671,0.0011098734537760416,unresolved,58,44,90,14,10,0
HALF|C1|ISO_H_MINUS_F_POP|E4,0.000249226888020838,-0.0005708567301432467,0.0010366185506184818,unresolved,56,47,89,13,11,0
HALF|C1|ISO_H_MINUS_F_POP|E5,0.000399271647135412,-0.0008429972330729155,0.0017553710937499825,unresolved,58,45,89,12,12,0
HALF|C1|ISO_H_MINUS_F_POP|E6,8.697509765623335e-05,-0.001134834289550788,0.0013361612955728884,unresolved,47,55,90,11,13,0
HALF|C1|ISO_H_MINUS_F_POP|E7,0.0008707682291666565,-7.593790690106233e-05,0.001880137125651006,unresolved,61,42,89,16,8,0
HALF|C1|ISO_H_MINUS_F_POP|E8,-9.155273437500462e-05,-0.0012522633870442974,0.0009888585408528575,unresolved,52,50,90,14,9,1
HALF|C1|ISO_H_MINUS_F_POP|MLOSS,-0.00019086201985677592,-0.00048665682474772007,0.00013782342274982584,unresolved,46,58,88,8,16,0
HALF|C1|ISO_H_MINUS_F_POP|U,0.00019086201985678286,-0.0001378234227498216,0.00048665682474774506,unresolved,58,46,88,16,8,0
HALF|C1|ISO_H_MINUS_F_POP|U0,0.0,0.0,0.0,structural_zero,0,0,192,0,0,24
HALF|C1|ISO_H_MINUS_F_POP|U1,3.814697265625e-05,2.5431315104166665e-06,7.375081380208333e-05,positive,15,5,172,11,4,9
HALF|C1|ISO_H_MINUS_F_POP|U40,-0.000457763671875,-0.0027263641357421872,0.0016967137654622373,unresolved,55,48,89,12,12,0
HALF|C1|ISO_H_MINUS_F|D40,0.0,0.0,0.0,observed_exact_zero,0,0,192,0,0,24
HALF|C1|ISO_H_MINUS_F|F,0.0011352539062499999,0.0006103006998697917,0.001727396647135416,positive,90,11,91,22,2,0
HALF|C1|ISO_H_MINUS_F|F0,0.0,0.0,0.0,structural_zero,0,0,192,0,0,24
HALF|C1|ISO_H_MINUS_F|F1,0.005289713541666667,0.004231770833333333,0.006266276041666667,positive,64,2,126,23,1,0
HALF|C1|ISO_H_MINUS_F|F40,0.0,0.0,0.0,observed_exact_zero,0,0,192,0,0,24
HALF|C1|ISO_H_MINUS_F|FE1,0.0051920572916666664,0.0038077799479166665,0.006527099609374999,positive,90,9,93,23,1,0
HALF|C1|ISO_H_MINUS_F|FE2,0.002701822916666667,0.0009928385416666668,0.004671630859374999,positive,21,4,167,13,3,8
HALF|C1|ISO_H_MINUS_F|FE3,0.0010579427083333335,-0.00021158854166666667,0.0029463704427083316,unresolved,5,2,185,5,2,17
HALF|C1|ISO_H_MINUS_F|FE4,0.00013020833333333333,0.0,0.0003906250000000001,unresolved,1,0,191,1,0,23
HALF|C1|ISO_H_MINUS_F|FE5,0.0,0.0,0.0,observed_exact_zero,0,0,192,0,0,24
HALF|C1|ISO_H_MINUS_F|FE6,0.0,0.0,0.0,observed_exact_zero,0,0,192,0,0,24
HALF|C1|ISO_H_MINUS_F|FE7,0.0,0.0,0.0,observed_exact_zero,0,0,192,0,0,24
HALF|C1|ISO_H_MINUS_F|FE8,0.0,0.0,0.0,observed_exact_zero,0,0,192,0,0,24
HALF|C1|ISO_H_POP|E1,0.6801559448242186,0.6614982350667319,0.6998317718505859,positive,192,0,0,24,0,0
HALF|C1|ISO_H_POP|E2,0.6170883178710938,0.6083689880371094,0.6271392186482747,positive,192,0,0,24,0,0
HALF|C1|ISO_H_POP|E3,0.6227183024088542,0.6139846801757812,0.6331218846638997,positive,192,0,0,24,0,0
HALF|C1|ISO_H_POP|E4,0.6195978800455729,0.6126534271240235,0.6288757832845052,positive,192,0,0,24,0,0
HALF|C1|ISO_H_POP|E5,0.6192784627278646,0.6126848220825194,0.6271055475870768,positive,192,0,0,24,0,0
HALF|C1|ISO_H_POP|E6,0.6153182983398438,0.6087529881795248,0.6221927897135416,positive,192,0,0,24,0,0
HALF|C1|ISO_H_POP|E7,0.6152053833007812,0.6109285990397135,0.6196186574300131,positive,192,0,0,24,0,0
HALF|C1|ISO_H_POP|E8,0.6232844034830729,0.6175388590494791,0.6291157531738282,positive,192,0,0,24,0,0
HALF|C1|ISO_H_POP|MLOSS,0.3734191258748372,0.36934315204620355,0.37707640329996744,positive,192,0,0,24,0,0
HALF|C1|ISO_H_POP|U,0.6265808741251627,0.6229235967000325,0.6306568479537964,positive,192,0,0,24,0,0
HALF|C1|ISO_H_POP|U0,0.7163035074869791,0.6938170115152995,0.7402376810709635,positive,192,0,0,24,0,0
HALF|C1|ISO_H_POP|U1,0.7252298990885416,0.705502192179362,0.746017583211263,positive,192,0,0,24,0,0
HALF|C1|ISO_H_POP|U40,0.6149775187174479,0.6014204025268555,0.6288226445515951,positive,192,0,0,24,0,0
HALF|C1|ISO_H|D40,-0.03125,-0.03125,-0.03125,negative,0,192,0,0,24,0
HALF|C1|ISO_H|F,0.0018351236979166667,0.0013406880696614583,0.002445627848307291,positive,139,0,53,24,0,0
HALF|C1|ISO_H|F0,0.03125,0.03125,0.03125,positive,192,0,0,24,0,0
HALF|C1|ISO_H|F1,0.017415364583333332,0.015785725911458333,0.019124348958333332,positive,139,0,53,24,0,0
HALF|C1|ISO_H|F40,0.0,0.0,0.0,observed_exact_zero,0,0,192,0,0,24
HALF|C1|ISO_H|FE1,0.009781901041666667,0.008251953125000001,0.011328938802083329,positive,139,0,53,24,0,0
HALF|C1|ISO_H|FE2,0.0034667968750000003,0.0017252604166666668,0.005501302083333333,positive,22,0,170,14,0,10
HALF|C1|ISO_H|FE3,0.0013020833333333333,0.000146484375,0.0031087239583333336,positive,5,0,187,5,0,19
HALF|C1|ISO_H|FE4,0.00013020833333333333,0.0,0.0003906250000000001,unresolved,1,0,191,1,0,23
HALF|C1|ISO_H|FE5,0.0,0.0,0.0,observed_exact_zero,0,0,192,0,0,24
HALF|C1|ISO_H|FE6,0.0,0.0,0.0,observed_exact_zero,0,0,192,0,0,24
HALF|C1|ISO_H|FE7,0.0,0.0,0.0,observed_exact_zero,0,0,192,0,0,24
HALF|C1|ISO_H|FE8,0.0,0.0,0.0,observed_exact_zero,0,0,192,0,0,24
HALF|C1|MIX_F|D40,-0.03125,-0.03125,-0.03125,negative,0,192,0,0,24,0
HALF|C1|MIX_F|F,0.0006632486979166667,0.0004984537760416667,0.0008586120605468748,positive,113,0,79,24,0,0
HALF|C1|MIX_F|F0,0.03125,0.03125,0.03125,positive,192,0,0,24,0,0
HALF|C1|MIX_F|F1,0.012288411458333334,0.010823567708333334,0.013753255208333334,positive,113,0,79,24,0,0
HALF|C1|MIX_F|F40,0.0,0.0,0.0,observed_exact_zero,0,0,192,0,0,24
HALF|C1|MIX_F|FE1,0.00458984375,0.003727213541666667,0.005501708984374997,positive,113,0,79,24,0,0
HALF|C1|MIX_F|FE2,0.0005045572916666667,6.510416666666667e-05,0.001139729817708331,positive,5,0,187,5,0,19
HALF|C1|MIX_F|FE3,0.00021158854166666667,0.0,0.000634765625,unresolved,1,0,191,1,0,23
HALF|C1|MIX_F|FE4,0.0,0.0,0.0,observed_exact_zero,0,0,192,0,0,24
HALF|C1|MIX_F|FE5,0.0,0.0,0.0,observed_exact_zero,0,0,192,0,0,24
HALF|C1|MIX_F|FE6,0.0,0.0,0.0,observed_exact_zero,0,0,192,0,0,24
HALF|C1|MIX_F|FE7,0.0,0.0,0.0,observed_exact_zero,0,0,192,0,0,24
HALF|C1|MIX_F|FE8,0.0,0.0,0.0,observed_exact_zero,0,0,192,0,0,24
HALF|C1|MIX_H_MINUS_F|D40,0.0,0.0,0.0,observed_exact_zero,0,0,192,0,0,24
HALF|C1|MIX_H_MINUS_F|F,0.0008463541666666666,0.0005125935872395833,0.0011617024739583332,positive,88,9,95,23,1,0
HALF|C1|MIX_H_MINUS_F|F0,0.0,0.0,0.0,structural_zero,0,0,192,0,0,24
HALF|C1|MIX_H_MINUS_F|F1,0.00537109375,0.004231770833333333,0.00634765625,positive,64,2,126,23,1,0
HALF|C1|MIX_H_MINUS_F|F40,0.0,0.0,0.0,observed_exact_zero,0,0,192,0,0,24
HALF|C1|MIX_H_MINUS_F|FE1,0.004866536458333333,0.0036132812500000006,0.0060058593749999995,positive,89,6,97,23,1,0
HALF|C1|MIX_H_MINUS_F|FE2,0.0016764322916666668,0.0006673177083333335,0.002815755208333333,positive,17,4,171,12,2,10
HALF|C1|MIX_H_MINUS_F|FE3,0.00019531249999999998,-0.0004557291666666666,0.0008626302083333333,unresolved,2,1,189,2,1,21
HALF|C1|MIX_H_MINUS_F|FE4,3.255208333333333e-05,0.0,9.765625000000002e-05,unresolved,1,0,191,1,0,23
HALF|C1|MIX_H_MINUS_F|FE5,0.0,0.0,0.0,observed_exact_zero,0,0,192,0,0,24
HALF|C1|MIX_H_MINUS_F|FE6,0.0,0.0,0.0,observed_exact_zero,0,0,192,0,0,24
HALF|C1|MIX_H_MINUS_F|FE7,0.0,0.0,0.0,observed_exact_zero,0,0,192,0,0,24
HALF|C1|MIX_H_MINUS_F|FE8,0.0,0.0,0.0,observed_exact_zero,0,0,192,0,0,24
HALF|C1|MIX_H|D40,-0.03125,-0.03125,-0.03125,negative,0,192,0,0,24,0
HALF|C1|MIX_H|F,0.0015096028645833334,0.0011677042643229165,0.0019002278645833335,positive,140,0,52,24,0,0
HALF|C1|MIX_H|F0,0.03125,0.03125,0.03125,positive,192,0,0,24,0,0
HALF|C1|MIX_H|F1,0.017659505208333332,0.015948486328125,0.019368489583333332,positive,140,0,52,24,0,0
HALF|C1|MIX_H|F40,0.0,0.0,0.0,observed_exact_zero,0,0,192,0,0,24
HALF|C1|MIX_H|FE1,0.009456380208333334,0.007845052083333333,0.011019287109374998,positive,140,0,52,24,0,0
HALF|C1|MIX_H|FE2,0.002180989583333334,0.0010416666666666667,0.003564453125,positive,18,0,174,13,0,11
HALF|C1|MIX_H|FE3,0.0004069010416666667,0.0,0.0009928385416666666,unresolved,2,0,190,2,0,22
HALF|C1|MIX_H|FE4,3.255208333333333e-05,0.0,9.765625000000002e-05,unresolved,1,0,191,1,0,23
HALF|C1|MIX_H|FE5,0.0,0.0,0.0,observed_exact_zero,0,0,192,0,0,24
HALF|C1|MIX_H|FE6,0.0,0.0,0.0,observed_exact_zero,0,0,192,0,0,24
HALF|C1|MIX_H|FE7,0.0,0.0,0.0,observed_exact_zero,0,0,192,0,0,24
HALF|C1|MIX_H|FE8,0.0,0.0,0.0,observed_exact_zero,0,0,192,0,0,24
HALF|C1|MIX_MINUS_ISO_F_POP|E1,6.103515625008327e-06,-0.0003601074218749829,0.0004227193196614778,unresolved,79,88,25,12,12,0
HALF|C1|MIX_MINUS_ISO_F_POP|E2,3.865559895833518e-05,-0.0014633433024088616,0.0014867146809895756,unresolved,93,77,22,14,10,0
HALF|C1|MIX_MINUS_ISO_F_POP|E3,0.0006139119466146056,-0.001268742879231778,0.002378285725911501,unresolved,90,82,20,15,9,0
HALF|C1|MIX_MINUS_ISO_F_POP|E4,0.0013829549153645722,-0.0002315521240234471,0.003125902811686191,unresolved,96,76,20,15,9,0
HALF|C1|MIX_MINUS_ISO_F_POP|E5,0.0009170532226562556,-0.0008993148803710904,0.0027329889933268414,unresolved,88,84,20,13,11,0
HALF|C1|MIX_MINUS_ISO_F_POP|E6,0.000832621256510388,-0.0005949401855469103,0.0022962824503580366,unresolved,90,82,20,11,13,0
HALF|C1|MIX_MINUS_ISO_F_POP|E7,0.00048726399739581577,-0.0009822336832682136,0.0017935434977213141,unresolved,96,75,21,14,10,0
HALF|C1|MIX_MINUS_ISO_F_POP|E8,0.00041809082031249445,-0.0013077672322591087,0.00199947357177735,unresolved,92,80,20,13,11,0
HALF|C1|MIX_MINUS_ISO_F_POP|MLOSS,-0.0005870819091796908,-0.0010977141062418778,-6.73198699951238e-05,negative,72,101,19,9,15,0
HALF|C1|MIX_MINUS_ISO_F_POP|U,0.0005870819091797069,6.73198699951348e-05,0.0010977141062418763,positive,101,72,19,15,9,0
HALF|C1|MIX_MINUS_ISO_F_POP|U0,0.0,0.0,0.0,structural_zero,0,0,192,0,0,24
HALF|C1|MIX_MINUS_ISO_F_POP|U1,2.0345052083333332e-05,-4.0690104166666664e-05,8.900960286458333e-05,unresolved,26,24,142,11,8,5
HALF|C1|MIX_MINUS_ISO_F_POP|U40,-0.0024617513020833335,-0.006009610493977864,0.001170094807942707,unresolved,83,87,22,8,16,0
HALF|C1|MIX_MINUS_ISO_F|D40,0.0,0.0,0.0,observed_exact_zero,0,0,192,0,0,24
HALF|C1|MIX_MINUS_ISO_F|F,-3.6621093750000005e-05,-0.00013631184895833336,4.6793619791666656e-05,unresolved,15,10,167,9,8,7
HALF|C1|MIX_MINUS_ISO_F|F0,0.0,0.0,0.0,structural_zero,0,0,192,0,0,24
HALF|C1|MIX_MINUS_ISO_F|F1,0.00016276041666666666,0.0,0.0004069010416666667,unresolved,2,0,190,2,0,22
HALF|C1|MIX_MINUS_ISO_F|F40,0.0,0.0,0.0,observed_exact_zero,0,0,192,0,0,24
HALF|C1|MIX_MINUS_ISO_F|FE1,-7.228014483236696e-20,-0.0004069010416666667,0.0004231770833333334,unresolved,15,10,167,9,8,7
HALF|C1|MIX_MINUS_ISO_F|FE2,-0.00026041666666666666,-0.0007812499999999998,4.882812500000001e-05,unresolved,2,3,187,1,3,20
HALF|C1|MIX_MINUS_ISO_F|FE3,-3.255208333333333e-05,-9.765625000000002e-05,0.0,unresolved,0,1,191,0,1,23
HALF|C1|MIX_MINUS_ISO_F|FE4,0.0,0.0,0.0,observed_exact_zero,0,0,192,0,0,24
HALF|C1|MIX_MINUS_ISO_F|FE5,0.0,0.0,0.0,observed_exact_zero,0,0,192,0,0,24
HALF|C1|MIX_MINUS_ISO_F|FE6,0.0,0.0,0.0,observed_exact_zero,0,0,192,0,0,24
HALF|C1|MIX_MINUS_ISO_F|FE7,0.0,0.0,0.0,observed_exact_zero,0,0,192,0,0,24
HALF|C1|MIX_MINUS_ISO_F|FE8,0.0,0.0,0.0,observed_exact_zero,0,0,192,0,0,24
HALF|C1|MIX_MINUS_ISO_H_POP|E1,-0.00024159749348956946,-0.0007192357381184735,0.00023295084635416784,unresolved,81,89,22,10,14,0
HALF|C1|MIX_MINUS_ISO_H_POP|E2,0.000547790527343763,-0.0008565902709961044,0.0020035171508789042,unresolved,98,75,19,13,11,0
HALF|C1|MIX_MINUS_ISO_H_POP|E3,0.0003402709960937574,-0.001433423360188789,0.002086067199707028,unresolved,88,86,18,12,12,0
HALF|C1|MIX_MINUS_ISO_H_POP|E4,0.0011337280273437343,-0.0004552714029948285,0.0029451370239257616,unresolved,93,81,18,13,11,0
HALF|C1|MIX_MINUS_ISO_H_POP|E5,0.0005177815755208435,-0.0013408152262369536,0.0025193023681640493,unresolved,83,91,18,11,13,0
HALF|C1|MIX_MINUS_ISO_H_POP|E6,0.0007456461588541546,-0.0005152765909830917,0.0019770304361979114,unresolved,91,82,19,15,9,0
HALF|C1|MIX_MINUS_ISO_H_POP|E7,-0.00038350423177084075,-0.0018754577636718923,0.000954742431640646,unresolved,90,83,19,12,12,0
HALF|C1|MIX_MINUS_ISO_H_POP|E8,0.0005096435546874991,-0.0016083145141601372,0.002538108825683608,unresolved,93,81,18,13,11,0
HALF|C1|MIX_MINUS_ISO_H_POP|MLOSS,-0.0003962198893229148,-0.000949304898579926,0.00014242649078371542,unresolved,85,90,17,9,15,0
HALF|C1|MIX_MINUS_ISO_H_POP|U,0.00039621988932292407,-0.0001424264907836762,0.0009493048985799372,unresolved,90,85,17,15,9,0
HALF|C1|MIX_MINUS_ISO_H_POP|U0,0.0,0.0,0.0,structural_zero,0,0,192,0,0,24
HALF|C1|MIX_MINUS_ISO_H_POP|U1,-1.7801920572916668e-05,-8.900960286458333e-05,6.103515625e-05,unresolved,28,38,126,8,9,7
HALF|C1|MIX_MINUS_ISO_H_POP|U40,-0.0020039876302083335,-0.006099319458007813,0.0018590927124023434,unresolved,82,90,20,10,14,0
HALF|C1|MIX_MINUS_ISO_H|D40,0.0,0.0,0.0,observed_exact_zero,0,0,192,0,0,24
HALF|C1|MIX_MINUS_ISO_H|F,-0.0003255208333333333,-0.0008179219563802082,4.28771972656242e-05,unresolved,22,24,146,11,11,2
HALF|C1|MIX_MINUS_ISO_H|F0,0.0,0.0,0.0,structural_zero,0,0,192,0,0,24
HALF|C1|MIX_MINUS_ISO_H|F1,0.000244140625,0.0,0.00048828125,unresolved,3,0,189,3,0,21
HALF|C1|MIX_MINUS_ISO_H|F40,0.0,0.0,0.0,observed_exact_zero,0,0,192,0,0,24
HALF|C1|MIX_MINUS_ISO_H|FE1,-0.0003255208333333335,-0.001285807291666667,0.0005208333333333333,unresolved,22,24,146,11,10,3
HALF|C1|MIX_MINUS_ISO_H|FE2,-0.0012858072916666667,-0.0028808593750000006,8.138020833333326e-05,unresolved,4,10,178,4,8,12
HALF|C1|MIX_MINUS_ISO_H|FE3,-0.0008951822916666666,-0.002587890625,9.765625000000005e-05,unresolved,1,3,188,1,3,20
HALF|C1|MIX_MINUS_ISO_H|FE4,-9.765625000000002e-05,-0.0003906250000000001,9.765625000000002e-05,unresolved,1,1,190,1,1,22
HALF|C1|MIX_MINUS_ISO_H|FE5,0.0,0.0,0.0,observed_exact_zero,0,0,192,0,0,24
HALF|C1|MIX_MINUS_ISO_H|FE6,0.0,0.0,0.0,observed_exact_zero,0,0,192,0,0,24
HALF|C1|MIX_MINUS_ISO_H|FE7,0.0,0.0,0.0,observed_exact_zero,0,0,192,0,0,24
HALF|C1|MIX_MINUS_ISO_H|FE8,0.0,0.0,0.0,observed_exact_zero,0,0,192,0,0,24
HALF|C1|MIX_MINUS_ISO_RANK|D40,0.0,0.0,0.0,observed_exact_zero,0,0,192,0,0,24
HALF|C1|MIX_MINUS_ISO_RANK|F,-0.00028889973958333334,-0.0007812499999999998,7.944742838541613e-05,unresolved,16,29,147,9,12,3
HALF|C1|MIX_MINUS_ISO_RANK|F0,0.0,0.0,0.0,structural_zero,0,0,192,0,0,24
HALF|C1|MIX_MINUS_ISO_RANK|F1,8.138020833333333e-05,-0.000244140625,0.0004069010416666667,unresolved,3,2,187,3,2,19
HALF|C1|MIX_MINUS_ISO_RANK|F40,0.0,0.0,0.0,observed_exact_zero,0,0,192,0,0,24
HALF|C1|MIX_MINUS_ISO_RANK|FE1,-0.0003255208333333335,-0.001123453776041667,0.0004394531249999997,unresolved,17,27,148,10,12,2
HALF|C1|MIX_MINUS_ISO_RANK|FE2,-0.001025390625,-0.002701822916666667,0.0005208333333333332,unresolved,5,11,176,4,9,11
HALF|C1|MIX_MINUS_ISO_RANK|FE3,-0.0008626302083333333,-0.0025553385416666667,0.00013020833333333339,unresolved,2,3,187,2,3,19
HALF|C1|MIX_MINUS_ISO_RANK|FE4,-9.765625000000002e-05,-0.0003906250000000001,9.765625000000002e-05,unresolved,1,1,190,1,1,22
HALF|C1|MIX_MINUS_ISO_RANK|FE5,0.0,0.0,0.0,observed_exact_zero,0,0,192,0,0,24
HALF|C1|MIX_MINUS_ISO_RANK|FE6,0.0,0.0,0.0,observed_exact_zero,0,0,192,0,0,24
HALF|C1|MIX_MINUS_ISO_RANK|FE7,0.0,0.0,0.0,observed_exact_zero,0,0,192,0,0,24
HALF|C1|MIX_MINUS_ISO_RANK|FE8,0.0,0.0,0.0,observed_exact_zero,0,0,192,0,0,24
HALF|C1|MIX_POP|E1,0.6799143473307292,0.6612527211507162,0.6994848887125652,positive,192,0,0,24,0,0
HALF|C1|MIX_POP|E2,0.6176361083984375,0.6090794372558593,0.6275393422444662,positive,192,0,0,24,0,0
HALF|C1|MIX_POP|E3,0.623058573404948,0.6142943064371744,0.6331300608317056,positive,192,0,0,24,0,0
HALF|C1|MIX_POP|E4,0.6207316080729166,0.613834342956543,0.6299114863077799,positive,192,0,0,24,0,0
HALF|C1|MIX_POP|E5,0.6197962443033854,0.6128936386108399,0.6278445307413737,positive,192,0,0,24,0,0
HALF|C1|MIX_POP|E6,0.616063944498698,0.609318962097168,0.6230772145589193,positive,192,0,0,24,0,0
HALF|C1|MIX_POP|E7,0.6148218790690104,0.6106426747639974,0.6188492329915365,positive,192,0,0,24,0,0
HALF|C1|MIX_POP|E8,0.6237940470377604,0.6179610061645509,0.6299940999348957,positive,192,0,0,24,0,0
HALF|C1|MIX_POP|MLOSS,0.3730229059855143,0.3690185546875,0.37661696275075274,positive,192,0,0,24,0,0
HALF|C1|MIX_POP|U,0.6269770940144856,0.6233830372492473,0.6309814453125,positive,192,0,0,24,0,0
HALF|C1|MIX_POP|U0,0.7163035074869791,0.6938170115152995,0.7402376810709635,positive,192,0,0,24,0,0
HALF|C1|MIX_POP|U1,0.7252120971679688,0.705487314860026,0.7459248860677083,positive,192,0,0,24,0,0
HALF|C1|MIX_POP|U40,0.6129735310872396,0.5997320810953776,0.6268747329711915,positive,192,0,0,24,0,0
HALF|C1|MIX_R|D40,0.0625,0.0625,0.0625,positive,192,0,0,24,0,0
HALF|C1|MIX_R|F,0.9978271484375001,0.9973124186197917,0.9982686360677082,positive,192,0,0,24,0,0
HALF|C1|MIX_R|F0,0.9375,0.9375,0.9375,positive,192,0,0,24,0,0
HALF|C1|MIX_R|F1,0.9700520833333334,0.9669596354166666,0.9730631510416666,positive,192,0,0,24,0,0
HALF|C1|MIX_R|F40,1.0,1.0,1.0,positive,192,0,0,24,0,0
HALF|C1|MIX_R|FE1,0.9859537760416667,0.9836747233072918,0.98818359375,positive,192,0,0,24,0,0
HALF|C1|MIX_R|FE2,0.997314453125,0.9955240885416666,0.9986653645833332,positive,192,0,0,24,0,0
HALF|C1|MIX_R|FE3,0.9993815104166667,0.9987141927083334,1.0,positive,192,0,0,24,0,0
HALF|C1|MIX_R|FE4,0.9999674479166667,0.99990234375,1.0,positive,192,0,0,24,0,0
HALF|C1|MIX_R|FE5,1.0,1.0,1.0,positive,192,0,0,24,0,0
HALF|C1|MIX_R|FE6,1.0,1.0,1.0,positive,192,0,0,24,0,0
HALF|C1|MIX_R|FE7,1.0,1.0,1.0,positive,192,0,0,24,0,0
HALF|C1|MIX_R|FE8,1.0,1.0,1.0,positive,192,0,0,24,0,0
ZERO|C0|ISO_F_POP|E1,0.6400990804036458,0.632575937906901,0.6483752059936523,positive,192,0,0,24,0,0
ZERO|C0|ISO_F_POP|E2,0.5964248657226563,0.5945159276326498,0.5982821655273437,positive,192,0,0,24,0,0
ZERO|C0|ISO_F_POP|E3,0.5972773234049479,0.5953911590576172,0.5991959381103515,positive,192,0,0,24,0,0
ZERO|C0|ISO_F_POP|E4,0.5983113606770833,0.5966822179158529,0.6000024922688802,positive,192,0,0,24,0,0
ZERO|C0|ISO_F_POP|E5,0.5970418294270834,0.5951579920450846,0.5990223439534506,positive,192,0,0,24,0,0
ZERO|C0|ISO_F_POP|E6,0.5980443318684895,0.5956963348388672,0.6004934819539387,positive,192,0,0,24,0,0
ZERO|C0|ISO_F_POP|E7,0.5988723754882813,0.5964403279622397,0.6011658223470052,positive,192,0,0,24,0,0
ZERO|C0|ISO_F_POP|E8,0.5981343587239584,0.5956756464640299,0.6007054773966471,positive,192,0,0,24,0,0
ZERO|C0|ISO_F_POP|MLOSS,0.3969743092854818,0.39585275808970133,0.39795072555542,positive,192,0,0,24,0,0
ZERO|C0|ISO_F_POP|U,0.6030256907145183,0.6020492744445801,0.6041472419102987,positive,192,0,0,24,0,0
ZERO|C0|ISO_F_POP|U0,0.7163035074869791,0.6938170115152995,0.7402376810709635,positive,192,0,0,24,0,0
ZERO|C0|ISO_F_POP|U1,0.7251612345377604,0.7053996404012044,0.7459548314412435,positive,192,0,0,24,0,0
ZERO|C0|ISO_F_POP|U40,0.5971145629882812,0.5916311264038085,0.6024326324462891,positive,192,0,0,24,0,0
ZERO|C0|ISO_F|D40,0.058512369791666664,0.029945882161458333,0.08952026367187499,positive,38,153,1,16,7,1
ZERO|C0|ISO_F|F,0.060351562500000004,0.04140899658203125,0.0803863525390625,positive,160,0,32,24,0,0
ZERO|C0|ISO_F|F0,0.03125,0.03125,0.03125,positive,192,0,0,24,0,0
ZERO|C0|ISO_F|F1,0.021321614583333332,0.019287109375,0.023518880208333332,positive,160,0,32,24,0,0
ZERO|C0|ISO_F|F40,0.08976236979166667,0.06119588216145833,0.12077026367187499,positive,39,0,153,17,0,7
ZERO|C0|ISO_F|FE1,0.018229166666666668,0.015364176432291666,0.021517333984374994,positive,160,0,32,24,0,0
ZERO|C0|ISO_F|FE2,0.03234049479166667,0.022167561848958333,0.04408284505208329,positive,58,0,134,22,0,2
ZERO|C0|ISO_F|FE3,0.04698893229166667,0.03167195638020834,0.06328572591145831,positive,45,0,147,20,0,4
ZERO|C0|ISO_F|FE4,0.05978190104166667,0.040299072265625,0.08139689127604167,positive,42,0,150,19,0,5
ZERO|C0|ISO_F|FE5,0.07141927083333334,0.048094482421875,0.09683227539062499,positive,41,0,151,18,0,6
ZERO|C0|ISO_F|FE6,0.08004557291666667,0.05386922200520833,0.10774902343749998,positive,39,0,153,17,0,7
ZERO|C0|ISO_F|FE7,0.084765625,0.05694986979166666,0.11463826497395829,positive,39,0,153,17,0,7
ZERO|C0|ISO_F|FE8,0.08924153645833333,0.06028645833333333,0.1201387532552083,positive,39,0,153,17,0,7
ZERO|C0|ISO_H_MINUS_F_POP|E1,-0.00021565755208332685,-0.0006714757283528505,0.0002375411987304994,unresolved,74,82,36,11,13,0
ZERO|C0|ISO_H_MINUS_F_POP|E2,-0.00038045247395832965,-0.0013575236002604206,0.0006796137491862126,unresolved,76,81,35,9,15,0
ZERO|C0|ISO_H_MINUS_F_POP|E3,0.00038859049479167407,-0.0005921173095702885,0.0013816070556640497,unresolved,82,75,35,15,9,0
ZERO|C0|ISO_H_MINUS_F_POP|E4,9.816487630209351e-05,-0.0012030029296874996,0.0012005488077799567,unresolved,76,80,36,12,12,0
ZERO|C0|ISO_H_MINUS_F_POP|E5,-0.0001775105794270676,-0.0011113993326822551,0.0007868703206380192,unresolved,70,86,36,13,11,0
ZERO|C0|ISO_H_MINUS_F_POP|E6,0.00017903645833336015,-0.0011363983154296486,0.001603698730468765,unresolved,81,73,38,14,10,0
ZERO|C0|ISO_H_MINUS_F_POP|E7,-0.0007100423177083445,-0.001986694335937525,0.0005549112955729232,unresolved,72,85,35,9,15,0
ZERO|C0|ISO_H_MINUS_F_POP|E8,-0.0006861368815103963,-0.001596285502115886,0.00015769958496096936,unresolved,65,90,37,7,16,1
ZERO|C0|ISO_H_MINUS_F_POP|MLOSS,0.00018800099690754793,-0.00025876522064210376,0.000607275962829594,unresolved,78,78,36,13,11,0
ZERO|C0|ISO_H_MINUS_F_POP|U,-0.000188000996907541,-0.0006072759628295719,0.0002587652206420993,unresolved,78,78,36,11,13,0
ZERO|C0|ISO_H_MINUS_F_POP|U0,0.0,0.0,0.0,structural_zero,0,0,192,0,0,24
ZERO|C0|ISO_H_MINUS_F_POP|U1,6.866455078125e-05,5.086263020833333e-06,0.00013224283854166666,positive,24,12,156,14,4,6
ZERO|C0|ISO_H_MINUS_F_POP|U40,-0.00018819173177083334,-0.002629979451497396,0.0023372014363606764,unresolved,78,76,38,13,11,0
ZERO|C0|ISO_H_MINUS_F|D40,-0.006591796875,-0.04159138997395834,0.029052734375,unresolved,30,31,131,9,14,1
ZERO|C0|ISO_H_MINUS_F|F,0.003047688802083329,-0.018137613932291668,0.023248545328776033,unresolved,106,49,37,13,11,0
ZERO|C0|ISO_H_MINUS_F|F0,0.0,0.0,0.0,structural_zero,0,0,192,0,0,24
ZERO|C0|ISO_H_MINUS_F|F1,0.009440104166666666,0.008056640625,0.010662841796874989,positive,101,2,89,24,0,0
ZERO|C0|ISO_H_MINUS_F|F40,-0.006591796875,-0.04159138997395834,0.029052734375,unresolved,30,31,131,9,14,1
ZERO|C0|ISO_H_MINUS_F|FE1,0.017594401041666666,0.013783772786458332,0.02169637044270833,positive,120,31,41,23,1,0
ZERO|C0|ISO_H_MINUS_F|FE2,0.0173828125,0.004703369140625001,0.028955485026041665,positive,66,41,85,19,5,0
ZERO|C0|ISO_H_MINUS_F|FE3,0.015869140625,-0.0034033203125000025,0.032895507812499995,unresolved,55,37,100,17,7,0
ZERO|C0|ISO_H_MINUS_F|FE4,0.0003092447916666653,-0.020589599609375005,0.019389241536458306,unresolved,43,34,115,13,10,1
ZERO|C0|ISO_H_MINUS_F|FE5,-0.004117838541666666,-0.02769002278645833,0.019453531901041644,unresolved,35,33,124,12,11,1
ZERO|C0|ISO_H_MINUS_F|FE6,-0.008382161458333336,-0.037598876953125,0.02053466796874994,unresolved,32,34,126,9,13,2
ZERO|C0|ISO_H_MINUS_F|FE7,-0.006884765625000004,-0.03997395833333333,0.02578613281249997,unresolved,32,33,127,10,13,1
ZERO|C0|ISO_H_MINUS_F|FE8,-0.007389322916666667,-0.042336832682291665,0.027508138020833326,unresolved,32,32,128,9,14,1
ZERO|C0|ISO_H_POP|E1,0.6398834228515625,0.6325049209594726,0.6481887817382812,positive,192,0,0,24,0,0
ZERO|C0|ISO_H_POP|E2,0.596044413248698,0.5941853586832683,0.5978719202677408,positive,192,0,0,24,0,0
ZERO|C0|ISO_H_POP|E3,0.5976659138997397,0.5956633504231771,0.5996990585327149,positive,192,0,0,24,0,0
ZERO|C0|ISO_H_POP|E4,0.5984095255533854,0.5966769663492839,0.6002581914265951,positive,192,0,0,24,0,0
ZERO|C0|ISO_H_POP|E5,0.5968643188476562,0.5949745178222656,0.599009641011556,positive,192,0,0,24,0,0
ZERO|C0|ISO_H_POP|E6,0.5982233683268229,0.5962075042724609,0.6002762858072918,positive,192,0,0,24,0,0
ZERO|C0|ISO_H_POP|E7,0.5981623331705729,0.5958356730143229,0.600529556274414,positive,192,0,0,24,0,0
ZERO|C0|ISO_H_POP|E8,0.597448221842448,0.5953465525309246,0.5996192932128908,positive,192,0,0,24,0,0
ZERO|C0|ISO_H_POP|MLOSS,0.39716231028238935,0.39605399608612063,0.39821986039479573,positive,192,0,0,24,0,0
ZERO|C0|ISO_H_POP|U,0.6028376897176108,0.6017801396052043,0.6039460039138794,positive,192,0,0,24,0,0
ZERO|C0|ISO_H_POP|U0,0.7163035074869791,0.6938170115152995,0.7402376810709635,positive,192,0,0,24,0,0
ZERO|C0|ISO_H_POP|U1,0.7252298990885416,0.705484135945638,0.7460538228352865,positive,192,0,0,24,0,0
ZERO|C0|ISO_H_POP|U40,0.5969263712565104,0.5923919041951498,0.6012549082438151,positive,192,0,0,24,0,0
ZERO|C0|ISO_H|D40,0.051920572916666664,0.02514444986979167,0.08064778645833333,positive,37,155,0,17,7,0
ZERO|C0|ISO_H|F,0.06339925130208333,0.047389017740885414,0.08076329549153644,positive,176,0,16,24,0,0
ZERO|C0|ISO_H|F0,0.03125,0.03125,0.03125,positive,192,0,0,24,0,0
ZERO|C0|ISO_H|F1,0.03076171875,0.028238932291666668,0.033528645833333336,positive,176,0,16,24,0,0
ZERO|C0|ISO_H|F40,0.08317057291666667,0.05639444986979167,0.11189778645833333,positive,37,0,155,20,0,4
ZERO|C0|ISO_H|FE1,0.03582356770833333,0.03147705078125,0.04087036132812499,positive,176,0,16,24,0,0
ZERO|C0|ISO_H|FE2,0.049723307291666664,0.03906168619791667,0.061035563151041666,positive,96,0,96,24,0,0
ZERO|C0|ISO_H|FE3,0.06285807291666666,0.047522786458333334,0.07981974283854165,positive,71,0,121,23,0,1
ZERO|C0|ISO_H|FE4,0.06009114583333333,0.04451416015625,0.07894246419270831,positive,55,0,137,21,0,3
ZERO|C0|ISO_H|FE5,0.06730143229166667,0.049315185546875,0.08751912434895831,positive,44,0,148,20,0,4
ZERO|C0|ISO_H|FE6,0.07166341145833333,0.050649820963541675,0.09375040690104167,positive,41,0,151,20,0,4
ZERO|C0|ISO_H|FE7,0.077880859375,0.054052734375,0.10319173177083332,positive,40,0,152,20,0,4
ZERO|C0|ISO_H|FE8,0.08185221354166668,0.05584147135416667,0.11025634765625,positive,39,0,153,20,0,4
ZERO|C0|MIX_F|D40,0.057210286458333336,0.030354817708333332,0.08740234375,positive,37,154,1,18,5,1
ZERO|C0|MIX_F|F,0.058746337890625,0.04057561238606771,0.07939127604166668,positive,160,0,32,24,0,0
ZERO|C0|MIX_F|F0,0.03125,0.03125,0.03125,positive,192,0,0,24,0,0
ZERO|C0|MIX_F|F1,0.021321614583333332,0.019287109375,0.023518880208333332,positive,160,0,32,24,0,0
ZERO|C0|MIX_F|F40,0.08846028645833333,0.061604817708333336,0.11865234375,positive,38,0,154,19,0,5
ZERO|C0|MIX_F|FE1,0.018147786458333332,0.015087076822916665,0.021598307291666664,positive,160,0,32,24,0,0
ZERO|C0|MIX_F|FE2,0.030843098958333332,0.021123860677083335,0.04189493815104167,positive,58,0,134,22,0,2
ZERO|C0|MIX_F|FE3,0.04537760416666666,0.03056599934895833,0.061369222005208286,positive,45,0,147,21,0,3
ZERO|C0|MIX_F|FE4,0.058675130208333336,0.037888183593750006,0.08209635416666666,positive,43,0,149,19,0,5
ZERO|C0|MIX_F|FE5,0.07052408854166667,0.047083740234375,0.09734863281249997,positive,41,0,151,19,0,5
ZERO|C0|MIX_F|FE6,0.07797851562500001,0.05313924153645833,0.10724568684895831,positive,39,0,153,19,0,5
ZERO|C0|MIX_F|FE7,0.08128255208333333,0.055399576822916664,0.11094075520833332,positive,38,0,154,19,0,5
ZERO|C0|MIX_F|FE8,0.08714192708333335,0.06093587239583333,0.11712402343749999,positive,38,0,154,19,0,5
ZERO|C0|MIX_H_MINUS_F|D40,-0.030924479166666668,-0.066082763671875,0.004233805338541655,unresolved,24,34,134,10,13,1
ZERO|C0|MIX_H_MINUS_F|F,-0.009912109375,-0.03368860880533855,0.012784372965494787,unresolved,106,49,37,11,13,0
ZERO|C0|MIX_H_MINUS_F|F0,0.0,0.0,0.0,structural_zero,0,0,192,0,0,24
ZERO|C0|MIX_H_MINUS_F|F1,0.009684244791666666,0.008219401041666666,0.011067708333333334,positive,101,2,89,24,0,0
ZERO|C0|MIX_H_MINUS_F|F40,-0.030924479166666668,-0.066082763671875,0.004233805338541655,unresolved,24,34,134,10,13,1
ZERO|C0|MIX_H_MINUS_F|FE1,0.01689453125,0.013199869791666666,0.020427246093749997,positive,117,33,42,22,2,0
ZERO|C0|MIX_H_MINUS_F|FE2,0.011376953124999999,-0.0017744954427083332,0.022982177734374994,unresolved,65,41,86,19,5,0
ZERO|C0|MIX_H_MINUS_F|FE3,0.0025878906250000003,-0.01920654296875,0.022282714843749992,unresolved,54,38,100,12,12,0
ZERO|C0|MIX_H_MINUS_F|FE4,-0.010709635416666663,-0.038463134765625,0.014570719401041645,unresolved,42,38,112,12,12,0
ZERO|C0|MIX_H_MINUS_F|FE5,-0.020166015625,-0.050211588541666664,0.008854166666666666,unresolved,35,36,121,10,14,0
ZERO|C0|MIX_H_MINUS_F|FE6,-0.025374348958333338,-0.056854248046875,0.006513264973958316,unresolved,30,36,126,9,15,0
ZERO|C0|MIX_H_MINUS_F|FE7,-0.024999999999999998,-0.05675903320312501,0.007405598958333329,unresolved,27,36,129,9,15,0
ZERO|C0|MIX_H_MINUS_F|FE8,-0.028906249999999998,-0.06360799153645832,0.0053930664062499705,unresolved,27,35,130,10,13,1
ZERO|C0|MIX_H|D40,0.026285807291666668,0.0029296875,0.053145345052083307,positive,29,163,0,13,11,0
ZERO|C0|MIX_H|F,0.048834228515625,0.035058085123697916,0.06471160888671873,positive,176,0,16,24,0,0
ZERO|C0|MIX_H|F0,0.03125,0.03125,0.03125,positive,192,0,0,24,0,0
ZERO|C0|MIX_H|F1,0.031005859375,0.028483072916666668,0.03369140625,positive,176,0,16,24,0,0
ZERO|C0|MIX_H|F40,0.057535807291666664,0.0341796875,0.08439534505208332,positive,29,0,163,18,0,6
ZERO|C0|MIX_H|FE1,0.03504231770833333,0.03126546223958333,0.03935587565104167,positive,176,0,16,24,0,0
ZERO|C0|MIX_H|FE2,0.04222005208333333,0.034390869140625,0.05048909505208332,positive,91,0,101,24,0,0
ZERO|C0|MIX_H|FE3,0.04796549479166667,0.03546468098958334,0.061720784505208334,positive,68,0,124,24,0,0
ZERO|C0|MIX_H|FE4,0.04796549479166667,0.03351155598958334,0.06525390624999998,positive,51,0,141,22,0,2
ZERO|C0|MIX_H|FE5,0.05035807291666666,0.033981119791666674,0.06969523111979167,positive,43,0,149,22,0,2
ZERO|C0|MIX_H|FE6,0.052604166666666674,0.03432169596354166,0.07395914713541667,positive,37,0,155,20,0,4
ZERO|C0|MIX_H|FE7,0.05628255208333333,0.03605061848958333,0.07965820312499998,positive,34,0,158,20,0,4
ZERO|C0|MIX_H|FE8,0.05823567708333333,0.035660400390625,0.084456787109375,positive,33,0,159,20,0,4
ZERO|C0|MIX_MINUS_ISO_F_POP|E1,-7.06990559895861e-05,-0.00028687795003254113,0.00015616099039710785,unresolved,52,53,87,10,14,0
ZERO|C0|MIX_MINUS_ISO_F_POP|E2,0.00010528564453121207,-0.0007151667277018484,0.0008566029866536295,unresolved,63,55,74,13,11,0
ZERO|C0|MIX_MINUS_ISO_F_POP|E3,0.0010976155598958481,0.00018765767415363985,0.0020391209920247477,positive,64,52,76,15,9,0
ZERO|C0|MIX_MINUS_ISO_F_POP|E4,0.0005884806315104065,-0.00035911560058594916,0.0015009689331054571,unresolved,59,59,74,15,9,0
ZERO|C0|MIX_MINUS_ISO_F_POP|E5,0.0008295694986979232,7.718404134114492e-05,0.0016474914550781644,positive,66,52,74,15,9,0
ZERO|C0|MIX_MINUS_ISO_F_POP|E6,1.0172526041671293e-05,-0.0010447947184244633,0.001083920796712233,unresolved,61,57,74,9,15,0
ZERO|C0|MIX_MINUS_ISO_F_POP|E7,0.0004145304361979259,-0.0004629007975260326,0.0013602701822916555,unresolved,64,53,75,13,11,0
ZERO|C0|MIX_MINUS_ISO_F_POP|E8,0.00031382242838542035,-0.00042064666748046787,0.001087977091471353,unresolved,65,52,75,14,10,0
ZERO|C0|MIX_MINUS_ISO_F_POP|MLOSS,-0.0004110972086588625,-0.0007302045822143827,-9.1107686360688e-05,negative,50,69,73,8,16,0
ZERO|C0|MIX_MINUS_ISO_F_POP|U,0.0004110972086588856,9.110768636070588e-05,0.0007302045822143832,positive,69,50,73,16,8,0
ZERO|C0|MIX_MINUS_ISO_F_POP|U0,0.0,0.0,0.0,structural_zero,0,0,192,0,0,24
ZERO|C0|MIX_MINUS_ISO_F_POP|U1,0.0,0.0,0.0,observed_exact_zero,0,0,192,0,0,24
ZERO|C0|MIX_MINUS_ISO_F_POP|U40,0.0003509521484375,-0.0018922170003255207,0.0024213155110677067,unresolved,59,59,74,12,12,0
ZERO|C0|MIX_MINUS_ISO_F|D40,-0.0013020833333333333,-0.01782430013020833,0.014078776041666666,unresolved,7,8,177,6,8,10
ZERO|C0|MIX_MINUS_ISO_F|F,-0.0016052246093750005,-0.011434834798177083,0.008155466715494782,unresolved,10,16,166,7,13,4
ZERO|C0|MIX_MINUS_ISO_F|F0,0.0,0.0,0.0,structural_zero,0,0,192,0,0,24
ZERO|C0|MIX_MINUS_ISO_F|F1,0.0,0.0,0.0,observed_exact_zero,0,0,192,0,0,24
ZERO|C0|MIX_MINUS_ISO_F|F40,-0.0013020833333333333,-0.01782430013020833,0.014078776041666666,unresolved,7,8,177,6,8,10
ZERO|C0|MIX_MINUS_ISO_F|FE1,-8.138020833333365e-05,-0.0007812499999999998,0.0007002766927083299,unresolved,9,12,171,7,11,6
ZERO|C0|MIX_MINUS_ISO_F|FE2,-0.0014973958333333332,-0.005338948567708335,0.0025240071614583267,unresolved,10,15,167,7,12,5
ZERO|C0|MIX_MINUS_ISO_F|FE3,-0.0016113281250000012,-0.008349609374999999,0.004900716145833323,unresolved,9,11,172,7,10,7
ZERO|C0|MIX_MINUS_ISO_F|FE4,-0.0011067708333333337,-0.011283365885416669,0.009442138671874989,unresolved,8,8,176,6,8,10
ZERO|C0|MIX_MINUS_ISO_F|FE5,-0.0008951822916666681,-0.013428955078125,0.011605224609374996,unresolved,8,8,176,6,8,10
ZERO|C0|MIX_MINUS_ISO_F|FE6,-0.002067057291666667,-0.01679728190104167,0.012002360026041629,unresolved,8,8,176,6,8,10
ZERO|C0|MIX_MINUS_ISO_F|FE7,-0.0034830729166666647,-0.019449869791666664,0.011102294921874992,unresolved,7,8,177,6,8,10
ZERO|C0|MIX_MINUS_ISO_F|FE8,-0.002099609375,-0.018415527343749998,0.012972819010416666,unresolved,7,8,177,6,8,10
ZERO|C0|MIX_MINUS_ISO_H_POP|E1,0.00014495849609374076,-0.00032454172770183794,0.0005849711100260369,unresolved,85,69,38,13,11,0
ZERO|C0|MIX_MINUS_ISO_H_POP|E2,0.0004857381184895417,-0.00031448364257815004,0.0011922454833983981,unresolved,78,75,39,15,9,0
ZERO|C0|MIX_MINUS_ISO_H_POP|E3,0.0007090250651041741,-0.0002736409505208252,0.0016429265340169449,unresolved,85,70,37,17,7,0
ZERO|C0|MIX_MINUS_ISO_H_POP|E4,0.0004903157552083129,-0.000457394917806047,0.001376508076985633,unresolved,82,72,38,16,8,0
ZERO|C0|MIX_MINUS_ISO_H_POP|E5,0.0010070800781249907,0.0003371556599934676,0.001720733642578116,positive,89,65,38,15,9,0
ZERO|C0|MIX_MINUS_ISO_H_POP|E6,-0.00016886393229168886,-0.0014257431030273678,0.0010992685953775594,unresolved,69,84,39,12,12,0
ZERO|C0|MIX_MINUS_ISO_H_POP|E7,0.0011245727539062704,-1.37964884439911e-05,0.0022279357910156604,unresolved,83,70,39,15,9,0
ZERO|C0|MIX_MINUS_ISO_H_POP|E8,0.0009999593098958166,8.4940592447911e-05,0.0019236373901367029,positive,88,66,38,16,8,0
ZERO|C0|MIX_MINUS_ISO_H_POP|MLOSS,-0.0005990982055664104,-0.0009546311696370598,-0.00022738138834634816,negative,63,92,37,5,19,0
ZERO|C0|MIX_MINUS_ISO_H_POP|U,0.0005990982055664266,0.00022738138834637553,0.0009546311696370758,positive,92,63,37,19,5,0
ZERO|C0|MIX_MINUS_ISO_H_POP|U0,0.0,0.0,0.0,structural_zero,0,0,192,0,0,24
ZERO|C0|MIX_MINUS_ISO_H_POP|U1,-6.866455078125e-05,-0.00013224283854166666,-5.086263020833333e-06,negative,12,24,156,4,14,6
ZERO|C0|MIX_MINUS_ISO_H_POP|U40,0.0005391438802083334,-0.0020753224690755207,0.0030492146809895835,unresolved,78,72,42,12,12,0
ZERO|C0|MIX_MINUS_ISO_H|D40,-0.025634765625,-0.039473470052083334,-0.012288411458333334,negative,10,19,163,3,14,7
ZERO|C0|MIX_MINUS_ISO_H|F,-0.014565022786458331,-0.02489491780598958,-0.003931833902994805,negative,31,33,128,7,16,1
ZERO|C0|MIX_MINUS_ISO_H|F0,0.0,0.0,0.0,structural_zero,0,0,192,0,0,24
ZERO|C0|MIX_MINUS_ISO_H|F1,0.000244140625,0.0,0.0005696614583333334,unresolved,3,0,189,3,0,21
ZERO|C0|MIX_MINUS_ISO_H|F40,-0.025634765625,-0.039473470052083334,-0.012288411458333334,negative,10,19,163,3,14,7
ZERO|C0|MIX_MINUS_ISO_H|FE1,-0.0007812499999999994,-0.002669270833333332,0.001074625651041666,unresolved,30,32,130,9,12,3
ZERO|C0|MIX_MINUS_ISO_H|FE2,-0.007503255208333334,-0.014176839192708337,-0.0011535644531250125,negative,23,30,139,7,16,1
ZERO|C0|MIX_MINUS_ISO_H|FE3,-0.014892578125,-0.02550496419270833,-0.004101155598958335,negative,20,26,146,7,15,2
ZERO|C0|MIX_MINUS_ISO_H|FE4,-0.012125651041666664,-0.024462890624999997,0.00040690104166666706,unresolved,15,25,152,6,15,3
ZERO|C0|MIX_MINUS_ISO_H|FE5,-0.016943359375,-0.03146280924479167,-0.0005859375000000002,negative,15,21,156,6,15,3
ZERO|C0|MIX_MINUS_ISO_H|FE6,-0.019059244791666666,-0.03392049153645833,-0.00341796875,negative,13,22,157,5,16,3
ZERO|C0|MIX_MINUS_ISO_H|FE7,-0.021598307291666664,-0.03697916666666667,-0.005810139973958336,negative,11,20,161,5,14,5
ZERO|C0|MIX_MINUS_ISO_H|FE8,-0.023616536458333334,-0.03811848958333333,-0.009683430989583337,negative,12,19,161,5,14,5
ZERO|C0|MIX_MINUS_ISO_RANK|D40,-0.024332682291666668,-0.04793497721354167,-0.00016276041666666666,negative,15,21,156,6,14,4
ZERO|C0|MIX_MINUS_ISO_RANK|F,-0.012959798177083329,-0.02833292643229167,0.002801767985026036,unresolved,33,32,127,7,16,1
ZERO|C0|MIX_MINUS_ISO_RANK|F0,0.0,0.0,0.0,structural_zero,0,0,192,0,0,24
ZERO|C0|MIX_MINUS_ISO_RANK|F1,0.000244140625,0.0,0.0005696614583333334,unresolved,3,0,189,3,0,21
ZERO|C0|MIX_MINUS_ISO_RANK|F40,-0.024332682291666668,-0.04793497721354167,-0.00016276041666666666,negative,15,21,156,6,14,4
ZERO|C0|MIX_MINUS_ISO_RANK|FE1,-0.0006998697916666658,-0.0028483072916666657,0.0013020833333333333,unresolved,33,32,127,11,12,1
ZERO|C0|MIX_MINUS_ISO_RANK|FE2,-0.006005859375000001,-0.013853352864583335,0.0018074544270833296,unresolved,26,31,135,9,14,1
ZERO|C0|MIX_MINUS_ISO_RANK|FE3,-0.01328125,-0.026416422526041664,0.0004113769531249774,unresolved,25,27,140,8,15,1
ZERO|C0|MIX_MINUS_ISO_RANK|FE4,-0.011018880208333331,-0.028500569661458326,0.0059749348958333245,unresolved,21,25,146,9,14,1
ZERO|C0|MIX_MINUS_ISO_RANK|FE5,-0.016048177083333334,-0.03647501627604166,0.005165608723958302,unresolved,20,22,150,9,14,1
ZERO|C0|MIX_MINUS_ISO_RANK|FE6,-0.016992187499999995,-0.0398779296875,0.007015380859374997,unresolved,17,24,151,7,16,1
ZERO|C0|MIX_MINUS_ISO_RANK|FE7,-0.018115234375,-0.04181640625,0.006369222005208301,unresolved,15,22,155,7,15,2
ZERO|C0|MIX_MINUS_ISO_RANK|FE8,-0.02151692708333333,-0.04474568684895833,0.003016357421874973,unresolved,16,21,155,7,15,2
ZERO|C0|MIX_POP|E1,0.6400283813476563,0.632465565999349,0.6483435948689779,positive,192,0,0,24,0,0
ZERO|C0|MIX_POP|E2,0.5965301513671873,0.594692268371582,0.5983404286702473,positive,192,0,0,24,0,0
ZERO|C0|MIX_POP|E3,0.5983749389648437,0.5961837514241537,0.6004862594604492,positive,192,0,0,24,0,0
ZERO|C0|MIX_POP|E4,0.5988998413085938,0.5974393463134766,0.6004596074422202,positive,192,0,0,24,0,0
ZERO|C0|MIX_POP|E5,0.5978713989257812,0.5960057195027669,0.5997958501180014,positive,192,0,0,24,0,0
ZERO|C0|MIX_POP|E6,0.5980545043945312,0.5957578150431315,0.6003252792358399,positive,192,0,0,24,0,0
ZERO|C0|MIX_POP|E7,0.5992869059244792,0.5967744827270508,0.6016220092773438,positive,192,0,0,24,0,0
ZERO|C0|MIX_POP|E8,0.5984481811523438,0.596099853515625,0.6008058420817057,positive,192,0,0,24,0,0
ZERO|C0|MIX_POP|MLOSS,0.39656321207682294,0.3954599968592326,0.3974984614054362,positive,192,0,0,24,0,0
ZERO|C0|MIX_POP|U,0.6034367879231771,0.6025015385945638,0.6045400031407675,positive,192,0,0,24,0,0
ZERO|C0|MIX_POP|U0,0.7163035074869791,0.6938170115152995,0.7402376810709635,positive,192,0,0,24,0,0
ZERO|C0|MIX_POP|U1,0.7251612345377604,0.7053996404012044,0.7459548314412435,positive,192,0,0,24,0,0
ZERO|C0|MIX_POP|U40,0.5974655151367188,0.591943359375,0.6024503707885742,positive,192,0,0,24,0,0
ZERO|C0|MIX_R|D40,-0.08349609375,-0.12630411783854167,-0.045731608072916693,negative,133,59,0,5,17,2
ZERO|C0|MIX_R|F,0.89241943359375,0.8658060201009116,0.916458282470703,positive,192,0,0,24,0,0
ZERO|C0|MIX_R|F0,0.9375,0.9375,0.9375,positive,192,0,0,24,0,0
ZERO|C0|MIX_R|F1,0.9476725260416666,0.94287109375,0.9519856770833334,positive,192,0,0,24,0,0
ZERO|C0|MIX_R|F40,0.85400390625,0.8111958821614583,0.8917683919270832,positive,189,0,3,24,0,0
ZERO|C0|MIX_R|FE1,0.9468098958333334,0.9399735514322918,0.9528165690104167,positive,192,0,0,24,0,0
ZERO|C0|MIX_R|FE2,0.9269368489583334,0.9122871907552084,0.9401241048177084,positive,192,0,0,24,0,0
ZERO|C0|MIX_R|FE3,0.9066569010416666,0.8857397460937501,0.9258841959635417,positive,192,0,0,24,0,0
ZERO|C0|MIX_R|FE4,0.8933593750000001,0.8639306640625,0.9191573079427083,positive,192,0,0,24,0,0
ZERO|C0|MIX_R|FE5,0.8791178385416667,0.8454410807291666,0.90814208984375,positive,192,0,0,24,0,0
ZERO|C0|MIX_R|FE6,0.8694173177083334,0.8331376139322917,0.9010766601562498,positive,192,0,0,24,0,0
ZERO|C0|MIX_R|FE7,0.8624348958333332,0.8228670247395834,0.8966963704427082,positive,191,0,1,24,0,0
ZERO|C0|MIX_R|FE8,0.8546223958333333,0.8122371419270833,0.8912947591145833,positive,190,0,2,24,0,0
ZERO|C1|ISO_F_POP|E1,0.6399998982747396,0.6324195988972983,0.6484194819132486,positive,192,0,0,24,0,0
ZERO|C1|ISO_F_POP|E2,0.5962407430013021,0.5947578684488933,0.5977905654907226,positive,192,0,0,24,0,0
ZERO|C1|ISO_F_POP|E3,0.5965057373046875,0.5947650146484375,0.5982127126057942,positive,192,0,0,24,0,0
ZERO|C1|ISO_F_POP|E4,0.5973963419596354,0.5958076222737629,0.5989738337198893,positive,192,0,0,24,0,0
ZERO|C1|ISO_F_POP|E5,0.5974136352539062,0.595432357788086,0.5996697362263996,positive,192,0,0,24,0,0
ZERO|C1|ISO_F_POP|E6,0.5970423380533855,0.5950819651285807,0.5989615122477213,positive,192,0,0,24,0,0
ZERO|C1|ISO_F_POP|E7,0.5979944864908854,0.5955758921305339,0.6004223251342773,positive,192,0,0,24,0,0
ZERO|C1|ISO_F_POP|E8,0.596954345703125,0.5945149485270182,0.5993719100952148,positive,192,0,0,24,0,0
ZERO|C1|ISO_F_POP|MLOSS,0.39755655924479166,0.3964653507868449,0.3985706456502278,positive,192,0,0,24,0,0
ZERO|C1|ISO_F_POP|U,0.6024434407552083,0.6014293543497722,0.6035346492131551,positive,192,0,0,24,0,0
ZERO|C1|ISO_F_POP|U0,0.7163035074869791,0.6938170115152995,0.7402376810709635,positive,192,0,0,24,0,0
ZERO|C1|ISO_F_POP|U1,0.7251917521158854,0.7054584503173829,0.7459543863932292,positive,192,0,0,24,0,0
ZERO|C1|ISO_F_POP|U40,0.5954132080078125,0.5905229568481445,0.6001920064290365,positive,192,0,0,24,0,0
ZERO|C1|ISO_F|D40,-0.03125,-0.03125,-0.03125,negative,0,192,0,0,24,0
ZERO|C1|ISO_F|F,0.0010314941406250001,0.0006469217936197918,0.0015299479166666664,positive,112,0,80,24,0,0
ZERO|C1|ISO_F|F0,0.03125,0.03125,0.03125,positive,192,0,0,24,0,0
ZERO|C1|ISO_F|F1,0.012125651041666666,0.0107421875,0.013427734375,positive,112,0,80,24,0,0
ZERO|C1|ISO_F|F40,0.0,0.0,0.0,observed_exact_zero,0,0,192,0,0,24
ZERO|C1|ISO_F|FE1,0.0053059895833333336,0.004263916015625001,0.0063480631510416646,positive,112,0,80,24,0,0
ZERO|C1|ISO_F|FE2,0.001708984375,0.0005208333333333333,0.003190104166666666,positive,11,0,181,10,0,14
ZERO|C1|ISO_F|FE3,0.0008951822916666666,0.0,0.0020345052083333335,unresolved,3,0,189,3,0,21
ZERO|C1|ISO_F|FE4,0.00034179687500000003,0.0,0.001025390625,unresolved,1,0,191,1,0,23
ZERO|C1|ISO_F|FE5,0.0,0.0,0.0,observed_exact_zero,0,0,192,0,0,24
ZERO|C1|ISO_F|FE6,0.0,0.0,0.0,observed_exact_zero,0,0,192,0,0,24
ZERO|C1|ISO_F|FE7,0.0,0.0,0.0,observed_exact_zero,0,0,192,0,0,24
ZERO|C1|ISO_F|FE8,0.0,0.0,0.0,observed_exact_zero,0,0,192,0,0,24
ZERO|C1|ISO_H_MINUS_F_POP|E1,0.0002700805664062472,-0.00013131459554035623,0.0006175104777018255,unresolved,62,43,87,17,7,0
ZERO|C1|ISO_H_MINUS_F_POP|E2,-0.00045318603515629347,-0.0011718877156576101,0.00022448221842445628,unresolved,43,61,88,8,16,0
ZERO|C1|ISO_H_MINUS_F_POP|E3,-0.00021107991536459259,-0.0010225931803385872,0.0006154505411783942,unresolved,46,59,87,10,14,0
ZERO|C1|ISO_H_MINUS_F_POP|E4,-2.0345052083222312e-06,-0.0007554499308267852,0.0007355372111002657,unresolved,48,57,87,12,12,0
ZERO|C1|ISO_H_MINUS_F_POP|E5,-0.00018157958984373981,-0.0008285649617512913,0.00042985280354820426,unresolved,55,50,87,11,12,1
ZERO|C1|ISO_H_MINUS_F_POP|E6,0.0009282430013021018,0.00012257893880210762,0.0017302322387695546,positive,65,40,87,17,7,0
ZERO|C1|ISO_H_MINUS_F_POP|E7,8.23974609375037e-05,-0.0005600357055664083,0.0007156499226888371,unresolved,57,47,88,15,9,0
ZERO|C1|ISO_H_MINUS_F_POP|E8,0.0001688639322916565,-0.000508728027343759,0.0008306121826171928,unresolved,52,53,87,12,12,0
ZERO|C1|ISO_H_MINUS_F_POP|MLOSS,-7.521311442057245e-05,-0.00032450993855795695,0.00018681526184081995,unresolved,48,58,86,12,12,0
ZERO|C1|ISO_H_MINUS_F_POP|U,7.521311442057015e-05,-0.00018681526184081398,0.000324509938557934,unresolved,58,48,86,12,12,0
ZERO|C1|ISO_H_MINUS_F_POP|U0,0.0,0.0,0.0,structural_zero,0,0,192,0,0,24
ZERO|C1|ISO_H_MINUS_F_POP|U1,3.814697265625e-05,2.5431315104166665e-06,7.375081380208333e-05,positive,15,5,172,11,4,9
ZERO|C1|ISO_H_MINUS_F_POP|U40,0.0003763834635416667,-0.0014116287231445313,0.0025738398234049467,unresolved,60,44,88,13,11,0
ZERO|C1|ISO_H_MINUS_F|D40,0.0,0.0,0.0,observed_exact_zero,0,0,192,0,0,24
ZERO|C1|ISO_H_MINUS_F|F,0.00037434895833333336,-7.944742838541662e-05,0.0007446797688802082,unresolved,91,15,86,20,4,0
ZERO|C1|ISO_H_MINUS_F|F0,0.0,0.0,0.0,structural_zero,0,0,192,0,0,24
ZERO|C1|ISO_H_MINUS_F|F1,0.005289713541666667,0.004231770833333333,0.006266276041666667,positive,64,2,126,23,1,0
ZERO|C1|ISO_H_MINUS_F|F40,0.0,0.0,0.0,observed_exact_zero,0,0,192,0,0,24
ZERO|C1|ISO_H_MINUS_F|FE1,0.004459635416666667,0.0033365885416666665,0.005485026041666667,positive,89,15,88,23,1,0
ZERO|C1|ISO_H_MINUS_F|FE2,-0.0004882812500000001,-0.0019535319010416667,0.0008138020833333334,unresolved,15,10,167,11,6,7
ZERO|C1|ISO_H_MINUS_F|FE3,-0.0007161458333333334,-0.001953125,0.0002115885416666667,unresolved,1,3,188,1,3,20
ZERO|C1|ISO_H_MINUS_F|FE4,-0.00026041666666666666,-0.001025390625,0.000244140625,unresolved,1,1,190,1,1,22
ZERO|C1|ISO_H_MINUS_F|FE5,0.0,0.0,0.0,observed_exact_zero,0,0,192,0,0,24
ZERO|C1|ISO_H_MINUS_F|FE6,0.0,0.0,0.0,observed_exact_zero,0,0,192,0,0,24
ZERO|C1|ISO_H_MINUS_F|FE7,0.0,0.0,0.0,observed_exact_zero,0,0,192,0,0,24
ZERO|C1|ISO_H_MINUS_F|FE8,0.0,0.0,0.0,observed_exact_zero,0,0,192,0,0,24
ZERO|C1|ISO_H_POP|E1,0.6402699788411458,0.6327261352539062,0.6485824076334635,positive,192,0,0,24,0,0
ZERO|C1|ISO_H_POP|E2,0.5957875569661458,0.5941626739501952,0.597540791829427,positive,192,0,0,24,0,0
ZERO|C1|ISO_H_POP|E3,0.596294657389323,0.5945274225870768,0.5979950332641603,positive,192,0,0,24,0,0
ZERO|C1|ISO_H_POP|E4,0.5973943074544271,0.5957697931925456,0.5989843368530273,positive,192,0,0,24,0,0
ZERO|C1|ISO_H_POP|E5,0.5972320556640625,0.5953781127929688,0.5992874399820963,positive,192,0,0,24,0,0
ZERO|C1|ISO_H_POP|E6,0.5979705810546875,0.5959763336181642,0.5999309412638346,positive,192,0,0,24,0,0
ZERO|C1|ISO_H_POP|E7,0.5980768839518229,0.5959164555867513,0.6002081298828125,positive,192,0,0,24,0,0
ZERO|C1|ISO_H_POP|E8,0.5971232096354167,0.5945770263671876,0.5995488993326823,positive,192,0,0,24,0,0
ZERO|C1|ISO_H_POP|MLOSS,0.39748134613037117,0.3963536898295085,0.3984998607635498,positive,192,0,0,24,0,0
ZERO|C1|ISO_H_POP|U,0.602518653869629,0.6015001392364503,0.6036463101704914,positive,192,0,0,24,0,0
ZERO|C1|ISO_H_POP|U0,0.7163035074869791,0.6938170115152995,0.7402376810709635,positive,192,0,0,24,0,0
ZERO|C1|ISO_H_POP|U1,0.7252298990885416,0.705502192179362,0.746017583211263,positive,192,0,0,24,0,0
ZERO|C1|ISO_H_POP|U40,0.5957895914713541,0.5913794835408528,0.6004082361857097,positive,192,0,0,24,0,0
ZERO|C1|ISO_H|D40,-0.03125,-0.03125,-0.03125,negative,0,192,0,0,24,0
ZERO|C1|ISO_H|F,0.0014058430989583334,0.0011718241373697917,0.00164794921875,positive,139,0,53,24,0,0
ZERO|C1|ISO_H|F0,0.03125,0.03125,0.03125,positive,192,0,0,24,0,0
ZERO|C1|ISO_H|F1,0.017415364583333332,0.015785725911458333,0.019124348958333332,positive,139,0,53,24,0,0
ZERO|C1|ISO_H|F40,0.0,0.0,0.0,observed_exact_zero,0,0,192,0,0,24
ZERO|C1|ISO_H|FE1,0.009765625000000002,0.008333333333333333,0.011181640625000001,positive,139,0,53,24,0,0
ZERO|C1|ISO_H|FE2,0.001220703125,0.0007161458333333334,0.0018554687500000001,positive,15,0,177,14,0,10
ZERO|C1|ISO_H|FE3,0.00017903645833333335,0.0,0.000537109375,unresolved,1,0,191,1,0,23
ZERO|C1|ISO_H|FE4,8.138020833333333e-05,0.0,0.000244140625,unresolved,1,0,191,1,0,23
ZERO|C1|ISO_H|FE5,0.0,0.0,0.0,observed_exact_zero,0,0,192,0,0,24
ZERO|C1|ISO_H|FE6,0.0,0.0,0.0,observed_exact_zero,0,0,192,0,0,24
ZERO|C1|ISO_H|FE7,0.0,0.0,0.0,observed_exact_zero,0,0,192,0,0,24
ZERO|C1|ISO_H|FE8,0.0,0.0,0.0,observed_exact_zero,0,0,192,0,0,24
ZERO|C1|MIX_F|D40,-0.03125,-0.03125,-0.03125,negative,0,192,0,0,24,0
ZERO|C1|MIX_F|F,0.00087890625,0.0005980936686197918,0.0012288411458333333,positive,113,0,79,24,0,0
ZERO|C1|MIX_F|F0,0.03125,0.03125,0.03125,positive,192,0,0,24,0,0
ZERO|C1|MIX_F|F1,0.012288411458333334,0.010823567708333334,0.013753255208333334,positive,113,0,79,24,0,0
ZERO|C1|MIX_F|F40,0.0,0.0,0.0,observed_exact_zero,0,0,192,0,0,24
ZERO|C1|MIX_F|FE1,0.0053059895833333336,0.004280598958333334,0.0063480631510416646,positive,113,0,79,24,0,0
ZERO|C1|MIX_F|FE2,0.0012369791666666666,0.00021158854166666667,0.002620442708333333,positive,10,0,182,8,0,16
ZERO|C1|MIX_F|FE3,0.00048828125,0.0,0.0013020833333333333,unresolved,2,0,190,2,0,22
ZERO|C1|MIX_F|FE4,0.0,0.0,0.0,observed_exact_zero,0,0,192,0,0,24
ZERO|C1|MIX_F|FE5,0.0,0.0,0.0,observed_exact_zero,0,0,192,0,0,24
ZERO|C1|MIX_F|FE6,0.0,0.0,0.0,observed_exact_zero,0,0,192,0,0,24
ZERO|C1|MIX_F|FE7,0.0,0.0,0.0,observed_exact_zero,0,0,192,0,0,24
ZERO|C1|MIX_F|FE8,0.0,0.0,0.0,observed_exact_zero,0,0,192,0,0,24
ZERO|C1|MIX_H_MINUS_F|D40,0.0,0.0,0.0,observed_exact_zero,0,0,192,0,0,24
ZERO|C1|MIX_H_MINUS_F|F,0.0006754557291666665,0.0002805074055989584,0.0010620625813802082,positive,89,10,93,21,3,0
ZERO|C1|MIX_H_MINUS_F|F0,0.0,0.0,0.0,structural_zero,0,0,192,0,0,24
ZERO|C1|MIX_H_MINUS_F|F1,0.00537109375,0.004231770833333333,0.00634765625,positive,64,2,126,23,1,0
ZERO|C1|MIX_H_MINUS_F|F40,0.0,0.0,0.0,observed_exact_zero,0,0,192,0,0,24
ZERO|C1|MIX_H_MINUS_F|FE1,0.0046875,0.003531901041666667,0.005810546874999999,positive,88,9,95,22,2,0
ZERO|C1|MIX_H_MINUS_F|FE2,0.0007812499999999998,-0.0010746256510416666,0.0024902343750000003,unresolved,21,8,163,13,4,7
ZERO|C1|MIX_H_MINUS_F|FE3,-0.00014648437499999997,-0.0009928385416666666,0.0006514485677083311,unresolved,3,2,187,3,2,19
ZERO|C1|MIX_H_MINUS_F|FE4,8.138020833333333e-05,0.0,0.000244140625,unresolved,1,0,191,1,0,23
ZERO|C1|MIX_H_MINUS_F|FE5,0.0,0.0,0.0,observed_exact_zero,0,0,192,0,0,24
ZERO|C1|MIX_H_MINUS_F|FE6,0.0,0.0,0.0,observed_exact_zero,0,0,192,0,0,24
ZERO|C1|MIX_H_MINUS_F|FE7,0.0,0.0,0.0,observed_exact_zero,0,0,192,0,0,24
ZERO|C1|MIX_H_MINUS_F|FE8,0.0,0.0,0.0,observed_exact_zero,0,0,192,0,0,24
ZERO|C1|MIX_H|D40,-0.03125,-0.03125,-0.03125,negative,0,192,0,0,24,0
ZERO|C1|MIX_H|F,0.0015543619791666668,0.0012776692708333333,0.0018412272135416667,positive,140,0,52,24,0,0
ZERO|C1|MIX_H|F0,0.03125,0.03125,0.03125,positive,192,0,0,24,0,0
ZERO|C1|MIX_H|F1,0.017659505208333332,0.015948486328125,0.019368489583333332,positive,140,0,52,24,0,0
ZERO|C1|MIX_H|F40,0.0,0.0,0.0,observed_exact_zero,0,0,192,0,0,24
ZERO|C1|MIX_H|FE1,0.009993489583333333,0.008496093750000001,0.011425781250000001,positive,140,0,52,24,0,0
ZERO|C1|MIX_H|FE2,0.0020182291666666664,0.0010904947916666667,0.003076171875,positive,22,0,170,14,0,10
ZERO|C1|MIX_H|FE3,0.00034179687500000003,0.0,0.0008463541666666667,unresolved,3,0,189,3,0,21
ZERO|C1|MIX_H|FE4,8.138020833333333e-05,0.0,0.000244140625,unresolved,1,0,191,1,0,23
ZERO|C1|MIX_H|FE5,0.0,0.0,0.0,observed_exact_zero,0,0,192,0,0,24
ZERO|C1|MIX_H|FE6,0.0,0.0,0.0,observed_exact_zero,0,0,192,0,0,24
ZERO|C1|MIX_H|FE7,0.0,0.0,0.0,observed_exact_zero,0,0,192,0,0,24
ZERO|C1|MIX_H|FE8,0.0,0.0,0.0,observed_exact_zero,0,0,192,0,0,24
ZERO|C1|MIX_MINUS_ISO_F_POP|E1,-0.0004430135091145713,-0.0008841069539387978,-2.5177001953032946e-06,negative,75,98,19,9,15,0
ZERO|C1|MIX_MINUS_ISO_F_POP|E2,-0.0007593790690104176,-0.0018832906087239613,0.00038253784179687354,unresolved,79,92,21,10,14,0
ZERO|C1|MIX_MINUS_ISO_F_POP|E3,-0.0005523681640625019,-0.0016306813557942703,0.0005295181274414119,unresolved,75,97,20,10,14,0
ZERO|C1|MIX_MINUS_ISO_F_POP|E4,-0.0002227783203124778,-0.001440480550130179,0.0010509999593099153,unresolved,88,84,20,13,11,0
ZERO|C1|MIX_MINUS_ISO_F_POP|E5,-6.510416666664447e-05,-0.0009531911214192591,0.0008016840616861951,unresolved,87,84,21,10,14,0
ZERO|C1|MIX_MINUS_ISO_F_POP|E6,0.0018046061197916675,0.0005757649739583692,0.0030396652221679602,positive,100,72,20,18,6,0
ZERO|C1|MIX_MINUS_ISO_F_POP|E7,-0.0010025024414062427,-0.002266019185384101,0.00023193359375000658,unresolved,79,92,21,10,14,0
ZERO|C1|MIX_MINUS_ISO_F_POP|E8,-0.0003311157226562611,-0.001488812764485712,0.0008520126342773345,unresolved,79,93,20,10,14,0
ZERO|C1|MIX_MINUS_ISO_F_POP|MLOSS,0.00019645690917968287,-0.000155080159505198,0.0005391422907511332,unresolved,94,79,19,12,12,0
ZERO|C1|MIX_MINUS_ISO_F_POP|U,-0.0001964569091797245,-0.0005391422907511814,0.00015508015950515384,unresolved,79,94,19,12,12,0
ZERO|C1|MIX_MINUS_ISO_F_POP|U0,0.0,0.0,0.0,structural_zero,0,0,192,0,0,24
ZERO|C1|MIX_MINUS_ISO_F_POP|U1,2.0345052083333332e-05,-4.0690104166666664e-05,8.900960286458333e-05,unresolved,26,24,142,11,8,5
ZERO|C1|MIX_MINUS_ISO_F_POP|U40,0.00038909912109375,-0.0018768310546875,0.002546056111653644,unresolved,82,89,21,11,13,0
ZERO|C1|MIX_MINUS_ISO_F|D40,0.0,0.0,0.0,observed_exact_zero,0,0,192,0,0,24
ZERO|C1|MIX_MINUS_ISO_F|F,-0.00015258789062499997,-0.0004903666178385416,5.900065104166668e-05,unresolved,15,10,167,11,6,7
ZERO|C1|MIX_MINUS_ISO_F|F0,0.0,0.0,0.0,structural_zero,0,0,192,0,0,24
ZERO|C1|MIX_MINUS_ISO_F|F1,0.00016276041666666666,0.0,0.0004069010416666667,unresolved,2,0,190,2,0,22
ZERO|C1|MIX_MINUS_ISO_F|F40,0.0,0.0,0.0,observed_exact_zero,0,0,192,0,0,24
ZERO|C1|MIX_MINUS_ISO_F|FE1,5.421010862427522e-20,-0.0005045572916666667,0.0004720052083333334,unresolved,16,9,167,11,6,7
ZERO|C1|MIX_MINUS_ISO_F|FE2,-0.0004720052083333334,-0.0014322916666666668,0.00017903645833333335,unresolved,3,5,184,2,5,17
ZERO|C1|MIX_MINUS_ISO_F|FE3,-0.0004069010416666667,-0.001220703125,0.0,unresolved,0,1,191,0,1,23
ZERO|C1|MIX_MINUS_ISO_F|FE4,-0.00034179687500000003,-0.001025390625,0.0,unresolved,0,1,191,0,1,23
ZERO|C1|MIX_MINUS_ISO_F|FE5,0.0,0.0,0.0,observed_exact_zero,0,0,192,0,0,24
ZERO|C1|MIX_MINUS_ISO_F|FE6,0.0,0.0,0.0,observed_exact_zero,0,0,192,0,0,24
ZERO|C1|MIX_MINUS_ISO_F|FE7,0.0,0.0,0.0,observed_exact_zero,0,0,192,0,0,24
ZERO|C1|MIX_MINUS_ISO_F|FE8,0.0,0.0,0.0,observed_exact_zero,0,0,192,0,0,24
ZERO|C1|MIX_MINUS_ISO_H_POP|E1,-0.0007130940755208185,-0.00115367889404296,-0.0002816645304362187,negative,72,101,19,7,17,0
ZERO|C1|MIX_MINUS_ISO_H_POP|E2,-0.0003061930338541241,-0.0014145914713541228,0.0007474136352539582,unresolved,85,86,21,11,13,0
ZERO|C1|MIX_MINUS_ISO_H_POP|E3,-0.00034128824869790925,-0.0015681076049804648,0.0009222030639648398,unresolved,76,95,21,10,14,0
ZERO|C1|MIX_MINUS_ISO_H_POP|E4,-0.00022074381510415556,-0.001486269632975259,0.001020495096842444,unresolved,83,91,18,13,11,0
ZERO|C1|MIX_MINUS_ISO_H_POP|E5,0.00011647542317709536,-0.0007014211018880143,0.0009482065836588705,unresolved,88,85,19,15,9,0
ZERO|C1|MIX_MINUS_ISO_H_POP|E6,0.0008763631184895657,-0.0006173324584960994,0.002303288777669252,unresolved,92,82,18,15,9,0
ZERO|C1|MIX_MINUS_ISO_H_POP|E7,-0.0010848999023437462,-0.0022985076904296765,1.5131632486957309e-05,unresolved,80,93,19,9,15,0
ZERO|C1|MIX_MINUS_ISO_H_POP|E8,-0.0004999796549479176,-0.0016784922281900994,0.0006485239664713676,unresolved,74,98,20,11,13,0
ZERO|C1|MIX_MINUS_ISO_H_POP|MLOSS,0.00027167002360025533,-9.362856547038318e-05,0.0006497240066528351,unresolved,105,70,17,15,9,0
ZERO|C1|MIX_MINUS_ISO_H_POP|U,-0.00027167002360029463,-0.0006497240066528562,9.362856547036151e-05,unresolved,70,105,17,9,15,0
ZERO|C1|MIX_MINUS_ISO_H_POP|U0,0.0,0.0,0.0,structural_zero,0,0,192,0,0,24
ZERO|C1|MIX_MINUS_ISO_H_POP|U1,-1.7801920572916668e-05,-8.900960286458333e-05,6.103515625e-05,unresolved,28,38,126,8,9,7
ZERO|C1|MIX_MINUS_ISO_H_POP|U40,1.2715657552083334e-05,-0.0022945404052734375,0.0023349126180013005,unresolved,79,93,20,12,12,0
ZERO|C1|MIX_MINUS_ISO_H|D40,0.0,0.0,0.0,observed_exact_zero,0,0,192,0,0,24
ZERO|C1|MIX_MINUS_ISO_H|F,0.00014851888020833332,-7.736206054687498e-05,0.00037841796874999996,unresolved,28,20,144,14,8,2
ZERO|C1|MIX_MINUS_ISO_H|F0,0.0,0.0,0.0,structural_zero,0,0,192,0,0,24
ZERO|C1|MIX_MINUS_ISO_H|F1,0.000244140625,0.0,0.00048828125,unresolved,3,0,189,3,0,21
ZERO|C1|MIX_MINUS_ISO_H|F40,0.0,0.0,0.0,observed_exact_zero,0,0,192,0,0,24
ZERO|C1|MIX_MINUS_ISO_H|FE1,0.0002278645833333335,-0.0008138020833333334,0.0012211100260416646,unresolved,27,20,145,12,8,4
ZERO|C1|MIX_MINUS_ISO_H|FE2,0.0007975260416666665,-8.178710937500002e-05,0.001872151692708331,unresolved,11,5,176,10,4,10
ZERO|C1|MIX_MINUS_ISO_H|FE3,0.00016276041666666666,0.0,0.00047200520833333334,unresolved,2,0,190,2,0,22
ZERO|C1|MIX_MINUS_ISO_H|FE4,0.0,0.0,0.0,observed_exact_zero,0,0,192,0,0,24
ZERO|C1|MIX_MINUS_ISO_H|FE5,0.0,0.0,0.0,observed_exact_zero,0,0,192,0,0,24
ZERO|C1|MIX_MINUS_ISO_H|FE6,0.0,0.0,0.0,observed_exact_zero,0,0,192,0,0,24
ZERO|C1|MIX_MINUS_ISO_H|FE7,0.0,0.0,0.0,observed_exact_zero,0,0,192,0,0,24
ZERO|C1|MIX_MINUS_ISO_H|FE8,0.0,0.0,0.0,observed_exact_zero,0,0,192,0,0,24
ZERO|C1|MIX_MINUS_ISO_RANK|D40,0.0,0.0,0.0,observed_exact_zero,0,0,192,0,0,24
ZERO|C1|MIX_MINUS_ISO_RANK|F,0.0003011067708333333,-4.0740966796875046e-05,0.0007487487792968747,unresolved,26,21,145,15,7,2
ZERO|C1|MIX_MINUS_ISO_RANK|F0,0.0,0.0,0.0,structural_zero,0,0,192,0,0,24
ZERO|C1|MIX_MINUS_ISO_RANK|F1,8.138020833333333e-05,-0.000244140625,0.0004069010416666667,unresolved,3,2,187,3,2,19
ZERO|C1|MIX_MINUS_ISO_RANK|F40,0.0,0.0,0.0,observed_exact_zero,0,0,192,0,0,24
ZERO|C1|MIX_MINUS_ISO_RANK|FE1,0.0002278645833333334,-0.0006840006510416667,0.0010742187499999999,unresolved,24,22,146,14,7,3
ZERO|C1|MIX_MINUS_ISO_RANK|FE2,0.00126953125,-3.295898437500008e-05,0.002816162109374998,unresolved,15,5,172,12,4,8
ZERO|C1|MIX_MINUS_ISO_RANK|FE3,0.0005696614583333334,0.0,0.0015462239583333333,unresolved,3,0,189,3,0,21
ZERO|C1|MIX_MINUS_ISO_RANK|FE4,0.00034179687500000003,0.0,0.001025390625,unresolved,1,0,191,1,0,23
ZERO|C1|MIX_MINUS_ISO_RANK|FE5,0.0,0.0,0.0,observed_exact_zero,0,0,192,0,0,24
ZERO|C1|MIX_MINUS_ISO_RANK|FE6,0.0,0.0,0.0,observed_exact_zero,0,0,192,0,0,24
ZERO|C1|MIX_MINUS_ISO_RANK|FE7,0.0,0.0,0.0,observed_exact_zero,0,0,192,0,0,24
ZERO|C1|MIX_MINUS_ISO_RANK|FE8,0.0,0.0,0.0,observed_exact_zero,0,0,192,0,0,24
ZERO|C1|MIX_POP|E1,0.639556884765625,0.6317595799763998,0.648149185180664,positive,192,0,0,24,0,0
ZERO|C1|MIX_POP|E2,0.5954813639322917,0.5936670176188152,0.5973580678304037,positive,192,0,0,24,0,0
ZERO|C1|MIX_POP|E3,0.595953369140625,0.5938709640502929,0.5979753112792969,positive,192,0,0,24,0,0
ZERO|C1|MIX_POP|E4,0.597173563639323,0.5950845336914062,0.5994467035929363,positive,192,0,0,24,0,0
ZERO|C1|MIX_POP|E5,0.5973485310872396,0.5954220708211263,0.5994913482666016,positive,192,0,0,24,0,0
ZERO|C1|MIX_POP|E6,0.5988469441731771,0.5963288370768229,0.6014141464233398,positive,192,0,0,24,0,0
ZERO|C1|MIX_POP|E7,0.5969919840494792,0.5944589869181315,0.599255345662435,positive,192,0,0,24,0,0
ZERO|C1|MIX_POP|E8,0.5966232299804687,0.5942377471923829,0.598897565205892,positive,192,0,0,24,0,0
ZERO|C1|MIX_POP|MLOSS,0.3977530161539713,0.3966238101323445,0.3987550354003906,positive,192,0,0,24,0,0
ZERO|C1|MIX_POP|U,0.6022469838460287,0.6012449645996094,0.6033761898676554,positive,192,0,0,24,0,0
ZERO|C1|MIX_POP|U0,0.7163035074869791,0.6938170115152995,0.7402376810709635,positive,192,0,0,24,0,0
ZERO|C1|MIX_POP|U1,0.7252120971679688,0.705487314860026,0.7459248860677083,positive,192,0,0,24,0,0
ZERO|C1|MIX_POP|U40,0.5958023071289062,0.5902911504109701,0.6007338205973307,positive,192,0,0,24,0,0
ZERO|C1|MIX_R|D40,0.0625,0.0625,0.0625,positive,192,0,0,24,0,0
ZERO|C1|MIX_R|F,0.9975667317708333,0.9971109008789062,0.997991943359375,positive,192,0,0,24,0,0
ZERO|C1|MIX_R|F0,0.9375,0.9375,0.9375,positive,192,0,0,24,0,0
ZERO|C1|MIX_R|F1,0.9700520833333334,0.9669596354166666,0.9730631510416666,positive,192,0,0,24,0,0
ZERO|C1|MIX_R|F40,1.0,1.0,1.0,positive,192,0,0,24,0,0
ZERO|C1|MIX_R|FE1,0.9847005208333334,0.9824544270833334,0.986995849609375,positive,192,0,0,24,0,0
ZERO|C1|MIX_R|FE2,0.9967447916666666,0.995279541015625,0.998046875,positive,192,0,0,24,0,0
ZERO|C1|MIX_R|FE3,0.999169921875,0.9983398437500001,0.9998372395833334,positive,192,0,0,24,0,0
ZERO|C1|MIX_R|FE4,0.9999186197916666,0.999755859375,1.0,positive,192,0,0,24,0,0
ZERO|C1|MIX_R|FE5,1.0,1.0,1.0,positive,192,0,0,24,0,0
ZERO|C1|MIX_R|FE6,1.0,1.0,1.0,positive,192,0,0,24,0,0
ZERO|C1|MIX_R|FE7,1.0,1.0,1.0,positive,192,0,0,24,0,0
ZERO|C1|MIX_R|FE8,1.0,1.0,1.0,positive,192,0,0,24,0,0
