key,mean,ci_low,ci_high,classification,path_positive,path_negative,path_zero,block_positive,block_negative,block_zero
FULL_MINUS_HALF|C0|INTERACTION|D40,-0.036295572916666664,-0.06982625325520833,-0.004313151041666667,negative,18,28,146,5,15,4
FULL_MINUS_HALF|C0|INTERACTION|F,-0.016312662760416673,-0.03366780598958334,0.0004381815592447289,unresolved,30,42,120,8,15,1
FULL_MINUS_HALF|C0|INTERACTION|F0,0.0,0.0,0.0,structural_zero,0,0,192,0,0,24
FULL_MINUS_HALF|C0|INTERACTION|F1,0.0,0.0,0.0,structural_zero,0,0,192,0,0,24
FULL_MINUS_HALF|C0|INTERACTION|F40,-0.036295572916666664,-0.06982625325520833,-0.004313151041666667,negative,18,28,146,5,15,4
FULL_MINUS_HALF|C0|INTERACTION|FE1,-0.0006998697916666642,-0.0027506510416666625,0.001253662109374999,unresolved,22,31,139,8,10,6
FULL_MINUS_HALF|C0|INTERACTION|FE2,0.0005371093750000003,-0.01181681315104166,0.014796142578124992,unresolved,36,34,122,10,12,2
FULL_MINUS_HALF|C0|INTERACTION|FE3,-0.007096354166666663,-0.022283528645833328,0.007553304036458338,unresolved,31,35,126,10,13,1
FULL_MINUS_HALF|C0|INTERACTION|FE4,-0.013411458333333329,-0.03365966796875,0.00683959960937499,unresolved,27,38,127,8,14,2
FULL_MINUS_HALF|C0|INTERACTION|FE5,-0.02010091145833333,-0.04438476562499999,0.004136962890624996,unresolved,29,33,130,7,13,4
FULL_MINUS_HALF|C0|INTERACTION|FE6,-0.025764973958333326,-0.05317586263020833,0.000911865234375003,unresolved,27,33,132,7,13,4
FULL_MINUS_HALF|C0|INTERACTION|FE7,-0.03038736979166666,-0.060321044921875004,-0.00016072591145834152,negative,21,34,137,6,14,4
FULL_MINUS_HALF|C0|INTERACTION|FE8,-0.03357747395833333,-0.06600056966145833,-0.0013000488281250159,negative,20,30,142,6,14,4
FULL_MINUS_HALF|C0|R_F|D40,0.125732421875,0.06046346028645833,0.189453125,positive,70,29,93,20,4,0
FULL_MINUS_HALF|C0|R_F|F,0.05794474283854167,0.01697265625,0.0980001322428385,positive,88,49,55,18,6,0
FULL_MINUS_HALF|C0|R_F|F0,0.0,0.0,0.0,structural_zero,0,0,192,0,0,24
FULL_MINUS_HALF|C0|R_F|F1,0.0,0.0,0.0,structural_zero,0,0,192,0,0,24
FULL_MINUS_HALF|C0|R_F|F40,0.125732421875,0.06046346028645833,0.189453125,positive,70,29,93,20,4,0
FULL_MINUS_HALF|C0|R_F|FE1,0.005452473958333332,0.001350911458333331,0.009472656249999998,positive,68,32,92,12,6,6
FULL_MINUS_HALF|C0|R_F|FE2,0.0043782552083333325,-0.020703938802083332,0.02663126627604164,unresolved,79,53,60,12,12,0
FULL_MINUS_HALF|C0|R_F|FE3,0.022412109375,-0.009815266927083337,0.05312662760416666,unresolved,78,47,67,17,7,0
FULL_MINUS_HALF|C0|R_F|FE4,0.04064127604166667,-0.003013102213541664,0.0820674641927083,unresolved,78,46,68,17,7,0
FULL_MINUS_HALF|C0|R_F|FE5,0.06559244791666667,0.013588460286458343,0.11644368489583327,positive,74,44,74,17,7,0
FULL_MINUS_HALF|C0|R_F|FE6,0.09306640625,0.03450520833333333,0.15094482421874997,positive,75,38,79,18,6,0
FULL_MINUS_HALF|C0|R_F|FE7,0.11087239583333332,0.048632405598958324,0.17311686197916656,positive,73,33,86,18,6,0
FULL_MINUS_HALF|C0|R_F|FE8,0.121142578125,0.05634562174479168,0.1853702799479166,positive,70,31,91,19,5,0
FULL_MINUS_HALF|C0|R_H|D40,0.08943684895833333,0.03620198567708334,0.14177449544270826,positive,59,26,107,16,7,1
FULL_MINUS_HALF|C0|R_H|F,0.041632080078125,0.005565643310546876,0.07741388956705728,positive,87,48,57,17,7,0
FULL_MINUS_HALF|C0|R_H|F0,0.0,0.0,0.0,structural_zero,0,0,192,0,0,24
FULL_MINUS_HALF|C0|R_H|F1,0.0,0.0,0.0,structural_zero,0,0,192,0,0,24
FULL_MINUS_HALF|C0|R_H|F40,0.08943684895833333,0.03620198567708334,0.14177449544270826,positive,59,26,107,16,7,1
FULL_MINUS_HALF|C0|R_H|FE1,0.004752604166666668,0.0006998697916666671,0.008919677734374997,positive,61,39,92,12,6,6
FULL_MINUS_HALF|C0|R_H|FE2,0.004915364583333334,-0.02071980794270833,0.027458089192708337,unresolved,76,52,64,12,12,0
FULL_MINUS_HALF|C0|R_H|FE3,0.015315755208333335,-0.014766845703124998,0.04464680989583332,unresolved,75,44,73,15,9,0
FULL_MINUS_HALF|C0|R_H|FE4,0.02722981770833333,-0.008919677734375003,0.06271240234375,unresolved,73,43,76,15,9,0
FULL_MINUS_HALF|C0|R_H|FE5,0.045491536458333336,0.0006994628906249995,0.09017700195312496,positive,70,41,81,16,8,0
FULL_MINUS_HALF|C0|R_H|FE6,0.06730143229166667,0.016010335286458337,0.118489990234375,positive,69,35,88,16,8,0
FULL_MINUS_HALF|C0|R_H|FE7,0.08048502604166667,0.02700113932291667,0.1327193196614583,positive,66,30,96,16,8,0
FULL_MINUS_HALF|C0|R_H|FE8,0.08756510416666667,0.03427937825520834,0.1403808593749999,positive,60,27,105,16,7,1
FULL_MINUS_HALF|C1|INTERACTION|D40,0.0,0.0,0.0,observed_exact_zero,0,0,192,0,0,24
FULL_MINUS_HALF|C1|INTERACTION|F,-7.120768229166659e-05,-0.0001444498697916666,-1.7618285302891912e-20,negative,5,11,176,5,9,10
FULL_MINUS_HALF|C1|INTERACTION|F0,0.0,0.0,0.0,structural_zero,0,0,192,0,0,24
FULL_MINUS_HALF|C1|INTERACTION|F1,0.0,0.0,0.0,structural_zero,0,0,192,0,0,24
FULL_MINUS_HALF|C1|INTERACTION|F40,0.0,0.0,0.0,observed_exact_zero,0,0,192,0,0,24
FULL_MINUS_HALF|C1|INTERACTION|FE1,-0.00011393229166666648,-0.00037434895833333314,0.00011393229166666687,unresolved,6,8,178,5,7,12
FULL_MINUS_HALF|C1|INTERACTION|FE2,-0.00047200520833333323,-0.0009440104166666665,-6.510416666666667e-05,negative,2,9,181,2,9,13
FULL_MINUS_HALF|C1|INTERACTION|FE3,1.6276041666666666e-05,0.0,4.882812500000001e-05,unresolved,1,0,191,1,0,23
FULL_MINUS_HALF|C1|INTERACTION|FE4,0.0,0.0,0.0,observed_exact_zero,0,0,192,0,0,24
FULL_MINUS_HALF|C1|INTERACTION|FE5,0.0,0.0,0.0,observed_exact_zero,0,0,192,0,0,24
FULL_MINUS_HALF|C1|INTERACTION|FE6,0.0,0.0,0.0,observed_exact_zero,0,0,192,0,0,24
FULL_MINUS_HALF|C1|INTERACTION|FE7,0.0,0.0,0.0,observed_exact_zero,0,0,192,0,0,24
FULL_MINUS_HALF|C1|INTERACTION|FE8,0.0,0.0,0.0,observed_exact_zero,0,0,192,0,0,24
FULL_MINUS_HALF|C1|R_F|D40,-0.0026041666666666665,-0.0078125,0.0,unresolved,0,1,191,0,1,23
FULL_MINUS_HALF|C1|R_F|F,-0.002213541666666666,-0.006862436930338541,0.00022786458333333328,unresolved,29,17,146,9,9,6
FULL_MINUS_HALF|C1|R_F|F0,0.0,0.0,0.0,structural_zero,0,0,192,0,0,24
FULL_MINUS_HALF|C1|R_F|F1,0.0,0.0,0.0,structural_zero,0,0,192,0,0,24
FULL_MINUS_HALF|C1|R_F|F40,-0.0026041666666666665,-0.0078125,0.0,unresolved,0,1,191,0,1,23
FULL_MINUS_HALF|C1|R_F|FE1,0.0006184895833333333,-0.0002608235677083337,0.0015791829427083315,unresolved,27,16,149,9,8,7
FULL_MINUS_HALF|C1|R_F|FE2,-0.002180989583333333,-0.0073421223958333335,0.0008630371093749978,unresolved,16,8,168,10,6,8
FULL_MINUS_HALF|C1|R_F|FE3,-0.003076171875,-0.008919270833333333,0.0,unresolved,0,3,189,0,2,22
FULL_MINUS_HALF|C1|R_F|FE4,-0.0026529947916666668,-0.00791015625,0.0,unresolved,0,2,190,0,2,22
FULL_MINUS_HALF|C1|R_F|FE5,-0.0026041666666666665,-0.0078125,0.0,unresolved,0,1,191,0,1,23
FULL_MINUS_HALF|C1|R_F|FE6,-0.0026041666666666665,-0.0078125,0.0,unresolved,0,1,191,0,1,23
FULL_MINUS_HALF|C1|R_F|FE7,-0.0026041666666666665,-0.0078125,0.0,unresolved,0,1,191,0,1,23
FULL_MINUS_HALF|C1|R_F|FE8,-0.0026041666666666665,-0.0078125,0.0,unresolved,0,1,191,0,1,23
FULL_MINUS_HALF|C1|R_H|D40,-0.0026041666666666665,-0.0078125,0.0,unresolved,0,1,191,0,1,23
FULL_MINUS_HALF|C1|R_H|F,-0.002284749348958333,-0.0069173685709635405,0.00014444986979166672,unresolved,27,18,147,7,8,9
FULL_MINUS_HALF|C1|R_H|F0,0.0,0.0,0.0,structural_zero,0,0,192,0,0,24
FULL_MINUS_HALF|C1|R_H|F1,0.0,0.0,0.0,structural_zero,0,0,192,0,0,24
FULL_MINUS_HALF|C1|R_H|F40,-0.0026041666666666665,-0.0078125,0.0,unresolved,0,1,191,0,1,23
FULL_MINUS_HALF|C1|R_H|FE1,0.0005045572916666668,-0.00034179687500000003,0.0014164225260416647,unresolved,26,17,149,8,7,9
FULL_MINUS_HALF|C1|R_H|FE2,-0.0026529947916666668,-0.0076660156250000005,0.00026041666666666666,unresolved,13,11,168,7,6,11
FULL_MINUS_HALF|C1|R_H|FE3,-0.003059895833333333,-0.008902994791666665,3.255208333333333e-05,unresolved,1,3,188,1,2,21
FULL_MINUS_HALF|C1|R_H|FE4,-0.0026529947916666668,-0.00791015625,0.0,unresolved,0,2,190,0,2,22
FULL_MINUS_HALF|C1|R_H|FE5,-0.0026041666666666665,-0.0078125,0.0,unresolved,0,1,191,0,1,23
FULL_MINUS_HALF|C1|R_H|FE6,-0.0026041666666666665,-0.0078125,0.0,unresolved,0,1,191,0,1,23
FULL_MINUS_HALF|C1|R_H|FE7,-0.0026041666666666665,-0.0078125,0.0,unresolved,0,1,191,0,1,23
FULL_MINUS_HALF|C1|R_H|FE8,-0.0026041666666666665,-0.0078125,0.0,unresolved,0,1,191,0,1,23
FULL_MINUS_ZERO|C0|INTERACTION|D40,-0.0419921875,-0.099127197265625,0.004561360677083312,unresolved,24,25,143,8,11,5
FULL_MINUS_ZERO|C0|INTERACTION|F,-0.02414550781250001,-0.054142201741536465,0.0027537027994791355,unresolved,35,41,116,11,13,0
FULL_MINUS_ZERO|C0|INTERACTION|F0,0.0,0.0,0.0,structural_zero,0,0,192,0,0,24
FULL_MINUS_ZERO|C0|INTERACTION|F1,0.0,0.0,0.0,structural_zero,0,0,192,0,0,24
FULL_MINUS_ZERO|C0|INTERACTION|F40,-0.0419921875,-0.099127197265625,0.004561360677083312,unresolved,24,25,143,8,11,5
FULL_MINUS_ZERO|C0|INTERACTION|FE1,-0.0007486979166666656,-0.0029459635416666644,0.0013020833333333346,unresolved,35,38,119,14,10,0
FULL_MINUS_ZERO|C0|INTERACTION|FE2,-0.0038085937499999947,-0.01642374674479166,0.009099121093749999,unresolved,34,37,121,12,12,0
FULL_MINUS_ZERO|C0|INTERACTION|FE3,-0.014306640625000006,-0.03754272460937501,0.007212320963541659,unresolved,33,34,125,10,14,0
FULL_MINUS_ZERO|C0|INTERACTION|FE4,-0.028092447916666662,-0.058728841145833335,9.806315104167054e-05,unresolved,29,36,127,10,13,1
FULL_MINUS_ZERO|C0|INTERACTION|FE5,-0.03235677083333333,-0.069586181640625,0.0009448242187500021,unresolved,29,35,128,11,12,1
FULL_MINUS_ZERO|C0|INTERACTION|FE6,-0.037890625000000004,-0.08618733723958333,0.003282063802083273,unresolved,28,32,132,9,13,2
FULL_MINUS_ZERO|C0|INTERACTION|FE7,-0.035921223958333325,-0.08875406901041666,0.008384195963541653,unresolved,29,28,135,10,11,3
FULL_MINUS_ZERO|C0|INTERACTION|FE8,-0.0400390625,-0.09580485026041667,0.0056481933593749934,unresolved,26,26,140,8,11,5
FULL_MINUS_ZERO|C0|R_F|D40,0.24861653645833334,0.19709676106770835,0.3025716145833333,positive,85,9,98,24,0,0
FULL_MINUS_ZERO|C0|R_F|F,0.14398193359375,0.11571014404296874,0.1730533854166667,positive,116,27,49,24,0,0
FULL_MINUS_ZERO|C0|R_F|F0,0.0,0.0,0.0,structural_zero,0,0,192,0,0,24
FULL_MINUS_ZERO|C0|R_F|F1,0.0,0.0,0.0,structural_zero,0,0,192,0,0,24
FULL_MINUS_ZERO|C0|R_F|F40,0.24861653645833334,0.19709676106770835,0.3025716145833333,positive,85,9,98,24,0,0
FULL_MINUS_ZERO|C0|R_F|FE1,0.011897786458333332,0.008821207682291665,0.015104166666666663,positive,105,31,56,21,3,0
FULL_MINUS_ZERO|C0|R_F|FE2,0.05021158854166666,0.03862263997395834,0.06365641276041667,positive,106,34,52,24,0,0
FULL_MINUS_ZERO|C0|R_F|FE3,0.08831380208333334,0.07006754557291665,0.10776367187499998,positive,100,23,69,23,0,1
FULL_MINUS_ZERO|C0|R_F|FE4,0.1400716145833333,0.11418986002604167,0.16670491536458332,positive,98,18,76,24,0,0
FULL_MINUS_ZERO|C0|R_F|FE5,0.17887369791666666,0.14407470703125,0.21615112304687498,positive,100,14,78,24,0,0
FULL_MINUS_ZERO|C0|R_F|FE6,0.21220703125000004,0.167138671875,0.2595821126302083,positive,98,7,87,24,0,0
FULL_MINUS_ZERO|C0|R_F|FE7,0.22750651041666667,0.17748575846354167,0.28003540039062497,positive,89,9,94,24,0,0
FULL_MINUS_ZERO|C0|R_F|FE8,0.2427734375,0.19099894205729168,0.29686319986979165,positive,86,10,96,24,0,0
FULL_MINUS_ZERO|C0|R_H|D40,0.20662434895833334,0.16145426432291668,0.2547220865885416,positive,83,10,99,24,0,0
FULL_MINUS_ZERO|C0|R_H|F,0.11983642578124999,0.09119247436523435,0.15088282267252603,positive,110,33,49,24,0,0
FULL_MINUS_ZERO|C0|R_H|F0,0.0,0.0,0.0,structural_zero,0,0,192,0,0,24
FULL_MINUS_ZERO|C0|R_H|F1,0.0,0.0,0.0,structural_zero,0,0,192,0,0,24
FULL_MINUS_ZERO|C0|R_H|F40,0.20662434895833334,0.16145426432291668,0.2547220865885416,positive,83,10,99,24,0,0
FULL_MINUS_ZERO|C0|R_H|FE1,0.011149088541666666,0.008251953125000003,0.014420979817708332,positive,102,36,54,23,0,1
FULL_MINUS_ZERO|C0|R_H|FE2,0.04640299479166667,0.03129801432291667,0.06372355143229165,positive,96,41,55,21,3,0
FULL_MINUS_ZERO|C0|R_H|FE3,0.07400716145833332,0.05034179687499999,0.10091227213541666,positive,91,28,73,23,1,0
FULL_MINUS_ZERO|C0|R_H|FE4,0.11197916666666667,0.08181477864583334,0.14555948893229165,positive,90,21,81,23,1,0
FULL_MINUS_ZERO|C0|R_H|FE5,0.14651692708333333,0.11129516601562499,0.184979248046875,positive,92,18,82,24,0,0
FULL_MINUS_ZERO|C0|R_H|FE6,0.17431640625,0.132984619140625,0.21923421223958328,positive,88,13,91,24,0,0
FULL_MINUS_ZERO|C0|R_H|FE7,0.1915852864583333,0.14637003580729166,0.23992838541666664,positive,85,12,95,24,0,0
FULL_MINUS_ZERO|C0|R_H|FE8,0.20273437500000002,0.15747558593750002,0.25123819986979157,positive,83,11,98,24,0,0
FULL_MINUS_ZERO|C1|INTERACTION|D40,0.0,0.0,0.0,observed_exact_zero,0,0,192,0,0,24
FULL_MINUS_ZERO|C1|INTERACTION|F,0.00015055338541666676,-0.0002502441406249997,0.0006267801920572908,unresolved,8,10,174,7,8,9
FULL_MINUS_ZERO|C1|INTERACTION|F0,0.0,0.0,0.0,structural_zero,0,0,192,0,0,24
FULL_MINUS_ZERO|C1|INTERACTION|F1,0.0,0.0,0.0,structural_zero,0,0,192,0,0,24
FULL_MINUS_ZERO|C1|INTERACTION|F40,0.0,0.0,0.0,observed_exact_zero,0,0,192,0,0,24
FULL_MINUS_ZERO|C1|INTERACTION|FE1,-0.00022786458333333336,-0.0008300781250000001,0.0002770996093749977,unresolved,10,7,175,7,7,10
FULL_MINUS_ZERO|C1|INTERACTION|FE2,0.0004394531249999999,-0.0013671875000000001,0.00224609375,unresolved,6,6,180,5,6,13
FULL_MINUS_ZERO|C1|INTERACTION|FE3,0.00029296874999999993,-0.00042317708333333335,0.001123860677083329,unresolved,3,1,188,3,1,20
FULL_MINUS_ZERO|C1|INTERACTION|FE4,0.00017903645833333335,0.0,0.000537109375,unresolved,1,0,191,1,0,23
FULL_MINUS_ZERO|C1|INTERACTION|FE5,0.00047200520833333334,0.0,0.001416015625,unresolved,1,0,191,1,0,23
FULL_MINUS_ZERO|C1|INTERACTION|FE6,4.8828124999999996e-05,0.0,0.000146484375,unresolved,1,0,191,1,0,23
FULL_MINUS_ZERO|C1|INTERACTION|FE7,0.0,0.0,0.0,observed_exact_zero,0,0,192,0,0,24
FULL_MINUS_ZERO|C1|INTERACTION|FE8,0.0,0.0,0.0,observed_exact_zero,0,0,192,0,0,24
FULL_MINUS_ZERO|C1|R_F|D40,0.0,0.0,0.0,observed_exact_zero,0,0,192,0,0,24
FULL_MINUS_ZERO|C1|R_F|F,7.934570312499988e-05,-0.00022379557291666674,0.00039271036783854136,unresolved,42,26,124,14,10,0
FULL_MINUS_ZERO|C1|R_F|F0,0.0,0.0,0.0,structural_zero,0,0,192,0,0,24
FULL_MINUS_ZERO|C1|R_F|F1,0.0,0.0,0.0,structural_zero,0,0,192,0,0,24
FULL_MINUS_ZERO|C1|R_F|F40,0.0,0.0,0.0,observed_exact_zero,0,0,192,0,0,24
FULL_MINUS_ZERO|C1|R_F|FE1,0.0009602864583333334,6.469726562499995e-05,0.0019205729166666668,positive,42,26,124,16,8,0
FULL_MINUS_ZERO|C1|R_F|FE2,0.00019531249999999988,-0.0010904947916666665,0.0016117350260416645,unresolved,13,14,165,8,11,5
FULL_MINUS_ZERO|C1|R_F|FE3,-0.00042317708333333335,-0.0011555989583333333,8.138020833333333e-05,unresolved,1,3,188,1,3,20
FULL_MINUS_ZERO|C1|R_F|FE4,-9.765624999999999e-05,-0.00029296875,0.0,unresolved,0,1,191,0,1,23
FULL_MINUS_ZERO|C1|R_F|FE5,0.0,0.0,0.0,observed_exact_zero,0,0,192,0,0,24
FULL_MINUS_ZERO|C1|R_F|FE6,0.0,0.0,0.0,observed_exact_zero,0,0,192,0,0,24
FULL_MINUS_ZERO|C1|R_F|FE7,0.0,0.0,0.0,observed_exact_zero,0,0,192,0,0,24
FULL_MINUS_ZERO|C1|R_F|FE8,0.0,0.0,0.0,observed_exact_zero,0,0,192,0,0,24
FULL_MINUS_ZERO|C1|R_H|D40,0.0,0.0,0.0,observed_exact_zero,0,0,192,0,0,24
FULL_MINUS_ZERO|C1|R_H|F,0.00022989908854166664,-0.0002259318033854166,0.0007711283365885415,unresolved,41,26,125,13,10,1
FULL_MINUS_ZERO|C1|R_H|F0,0.0,0.0,0.0,structural_zero,0,0,192,0,0,24
FULL_MINUS_ZERO|C1|R_H|F1,0.0,0.0,0.0,structural_zero,0,0,192,0,0,24
FULL_MINUS_ZERO|C1|R_H|F40,0.0,0.0,0.0,observed_exact_zero,0,0,192,0,0,24
FULL_MINUS_ZERO|C1|R_H|FE1,0.000732421875,-0.0002929687500000001,0.0017907714843749976,unresolved,42,25,125,15,8,1
FULL_MINUS_ZERO|C1|R_H|FE2,0.0006347656249999999,-0.0011555989583333333,0.0025390625,unresolved,14,12,166,9,7,8
FULL_MINUS_ZERO|C1|R_H|FE3,-0.00013020833333333339,-0.0011071777343750003,0.0008626302083333333,unresolved,3,3,186,3,3,18
FULL_MINUS_ZERO|C1|R_H|FE4,8.138020833333336e-05,-0.00021158854166666665,0.000537109375,unresolved,1,1,190,1,1,22
FULL_MINUS_ZERO|C1|R_H|FE5,0.00047200520833333334,0.0,0.001416015625,unresolved,1,0,191,1,0,23
FULL_MINUS_ZERO|C1|R_H|FE6,4.8828124999999996e-05,0.0,0.000146484375,unresolved,1,0,191,1,0,23
FULL_MINUS_ZERO|C1|R_H|FE7,0.0,0.0,0.0,observed_exact_zero,0,0,192,0,0,24
FULL_MINUS_ZERO|C1|R_H|FE8,0.0,0.0,0.0,observed_exact_zero,0,0,192,0,0,24
FULL|C0|COMP_F|D40,0.0,0.0,0.0,observed_exact_zero,0,0,192,0,0,24
FULL|C0|COMP_F|F,-8.138020833333338e-05,-0.00020141601562500004,2.848307291666662e-05,unresolved,20,26,146,10,11,3
FULL|C0|COMP_F|F0,0.0,0.0,0.0,structural_zero,0,0,192,0,0,24
FULL|C0|COMP_F|F1,-8.138020833333333e-05,-0.000244140625,0.0,unresolved,0,1,191,0,1,23
FULL|C0|COMP_F|F40,0.0,0.0,0.0,observed_exact_zero,0,0,192,0,0,24
FULL|C0|COMP_F|FE1,-0.00047200520833333377,-0.0011718750000000002,0.00017903645833333262,unresolved,21,24,147,8,12,4
FULL|C0|COMP_F|FE2,-0.00013020833333333336,-0.0005208333333333333,0.00021158854166666665,unresolved,8,6,178,7,5,12
FULL|C0|COMP_F|FE3,-4.882812500000001e-05,-0.00014648437500000002,0.0,unresolved,0,1,191,0,1,23
FULL|C0|COMP_F|FE4,0.0,0.0,0.0,observed_exact_zero,0,0,192,0,0,24
FULL|C0|COMP_F|FE5,0.0,0.0,0.0,observed_exact_zero,0,0,192,0,0,24
FULL|C0|COMP_F|FE6,0.0,0.0,0.0,observed_exact_zero,0,0,192,0,0,24
FULL|C0|COMP_F|FE7,0.0,0.0,0.0,observed_exact_zero,0,0,192,0,0,24
FULL|C0|COMP_F|FE8,0.0,0.0,0.0,observed_exact_zero,0,0,192,0,0,24
FULL|C0|COMP_H|D40,-0.05517578125,-0.08513590494791667,-0.028639729817708365,negative,9,30,153,2,15,7
FULL|C0|COMP_H|F,-0.029811604817708337,-0.04578994750976564,-0.015995229085286458,negative,24,52,116,3,21,0
FULL|C0|COMP_H|F0,0.0,0.0,0.0,structural_zero,0,0,192,0,0,24
FULL|C0|COMP_H|F1,-0.00016276041666666666,-0.0004069010416666667,0.0,unresolved,0,2,190,0,2,22
FULL|C0|COMP_H|F40,-0.05517578125,-0.08513590494791667,-0.028639729817708365,negative,9,30,153,2,15,7
FULL|C0|COMP_H|FE1,-0.0023600260416666657,-0.004036865234374998,-0.0008459472656250003,negative,28,47,117,6,17,1
FULL|C0|COMP_H|FE2,-0.006738281249999999,-0.014030761718749998,0.00016276041666666842,unresolved,28,42,122,9,13,2
FULL|C0|COMP_H|FE3,-0.016666666666666666,-0.026953125000000005,-0.0074523925781250135,negative,23,38,131,7,16,1
FULL|C0|COMP_H|FE4,-0.029736328125,-0.047381184895833324,-0.01362060546875001,negative,19,41,132,3,19,2
FULL|C0|COMP_H|FE5,-0.038525390624999996,-0.05879231770833334,-0.020214843749999992,negative,17,37,138,3,17,4
FULL|C0|COMP_H|FE6,-0.04443359375,-0.06933919270833333,-0.022792968750000052,negative,18,34,140,3,17,4
FULL|C0|COMP_H|FE7,-0.047688802083333336,-0.07560750325520833,-0.023254801432291684,negative,11,35,146,3,15,6
FULL|C0|COMP_H|FE8,-0.05234375,-0.08172403971354167,-0.026610107421875008,negative,11,33,148,3,15,6
FULL|C0|FF_AVG|D40,-0.03125,-0.03125,-0.03125,negative,0,192,0,0,24,0
FULL|C0|FF_AVG|F,0.0015726725260416668,0.001332550048828125,0.0018107096354166667,positive,155,0,37,24,0,0
FULL|C0|FF_AVG|F0,0.03125,0.03125,0.03125,positive,192,0,0,24,0,0
FULL|C0|FF_AVG|F1,0.022705078125,0.020100911458333332,0.025309244791666668,positive,155,0,37,24,0,0
FULL|C0|FF_AVG|F40,0.0,0.0,0.0,observed_exact_zero,0,0,192,0,0,24
FULL|C0|FF_AVG|FE1,0.011588541666666667,0.009798177083333333,0.013362630208333332,positive,155,0,37,24,0,0
FULL|C0|FF_AVG|FE2,0.0009114583333333332,0.0005529785156249999,0.0013346354166666665,positive,18,0,174,14,0,10
FULL|C0|FF_AVG|FE3,8.138020833333333e-05,0.0,0.0002278645833333333,unresolved,2,0,190,2,0,22
FULL|C0|FF_AVG|FE4,0.0,0.0,0.0,observed_exact_zero,0,0,192,0,0,24
FULL|C0|FF_AVG|FE5,0.0,0.0,0.0,observed_exact_zero,0,0,192,0,0,24
FULL|C0|FF_AVG|FE6,0.0,0.0,0.0,observed_exact_zero,0,0,192,0,0,24
FULL|C0|FF_AVG|FE7,0.0,0.0,0.0,observed_exact_zero,0,0,192,0,0,24
FULL|C0|FF_AVG|FE8,0.0,0.0,0.0,observed_exact_zero,0,0,192,0,0,24
FULL|C0|FF_CARR|D40,-0.0625,-0.0625,-0.0625,negative,0,192,0,0,24,0
FULL|C0|FF_CARR|F,0.0031453450520833337,0.00266510009765625,0.0036214192708333335,positive,155,0,37,24,0,0
FULL|C0|FF_CARR|F0,0.0625,0.0625,0.0625,positive,192,0,0,24,0,0
FULL|C0|FF_CARR|F1,0.04541015625,0.040201822916666664,0.050618489583333336,positive,155,0,37,24,0,0
FULL|C0|FF_CARR|F40,0.0,0.0,0.0,observed_exact_zero,0,0,192,0,0,24
FULL|C0|FF_CARR|FE1,0.023177083333333334,0.019596354166666666,0.026725260416666664,positive,155,0,37,24,0,0
FULL|C0|FF_CARR|FE2,0.0018229166666666665,0.0011059570312499998,0.002669270833333333,positive,18,0,174,14,0,10
FULL|C0|FF_CARR|FE3,0.00016276041666666666,0.0,0.0004557291666666666,unresolved,2,0,190,2,0,22
FULL|C0|FF_CARR|FE4,0.0,0.0,0.0,observed_exact_zero,0,0,192,0,0,24
FULL|C0|FF_CARR|FE5,0.0,0.0,0.0,observed_exact_zero,0,0,192,0,0,24
FULL|C0|FF_CARR|FE6,0.0,0.0,0.0,observed_exact_zero,0,0,192,0,0,24
FULL|C0|FF_CARR|FE7,0.0,0.0,0.0,observed_exact_zero,0,0,192,0,0,24
FULL|C0|FF_CARR|FE8,0.0,0.0,0.0,observed_exact_zero,0,0,192,0,0,24
FULL|C0|FF_POP|E1,0.7618367513020834,0.7448510233561197,0.779040756225586,positive,192,0,0,24,0,0
FULL|C0|FF_POP|E2,0.7615610758463541,0.7454107920328776,0.7775503031412759,positive,192,0,0,24,0,0
FULL|C0|FF_POP|E3,0.7632609049479168,0.746583735148112,0.780197525024414,positive,192,0,0,24,0,0
FULL|C0|FF_POP|E4,0.7624654134114582,0.7463439432779948,0.7782966105143229,positive,192,0,0,24,0,0
FULL|C0|FF_POP|E5,0.7631622314453125,0.7462164306640626,0.7802051035563151,positive,192,0,0,24,0,0
FULL|C0|FF_POP|E6,0.7628448486328127,0.7465838623046875,0.7790908813476562,positive,192,0,0,24,0,0
FULL|C0|FF_POP|E7,0.7635416666666667,0.746901397705078,0.7805455017089843,positive,192,0,0,24,0,0
FULL|C0|FF_POP|E8,0.7629557291666668,0.746953328450521,0.7789147440592449,positive,192,0,0,24,0,0
FULL|C0|FF_POP|MLOSS,0.23729642232259116,0.22083978652954103,0.25372895240783694,positive,192,0,0,24,0,0
FULL|C0|FF_POP|U,0.7627035776774088,0.7462710475921631,0.779160213470459,positive,192,0,0,24,0,0
FULL|C0|FF_POP|U0,0.76220703125,0.7422551472981771,0.7825715382893881,positive,192,0,0,24,0,0
FULL|C0|FF_POP|U1,0.7654469807942709,0.7462818145751954,0.7850454966227213,positive,192,0,0,24,0,0
FULL|C0|FF_POP|U40,0.7608540852864584,0.7452688852945963,0.7759530385335286,positive,192,0,0,24,0,0
FULL|C0|HF_CARR|D40,0.19718424479166666,0.15225830078125,0.24348958333333334,positive,93,99,0,23,1,0
FULL|C0|HF_CARR|F,0.157196044921875,0.13047709147135414,0.1844262186686198,positive,172,0,20,24,0,0
FULL|C0|HF_CARR|F0,0.0625,0.0625,0.0625,positive,192,0,0,24,0,0
FULL|C0|HF_CARR|F1,0.055257161458333336,0.050211588541666664,0.060384114583333336,positive,172,0,20,24,0,0
FULL|C0|HF_CARR|F40,0.2596842447916667,0.21475830078125,0.3059895833333333,positive,94,0,98,24,0,0
FULL|C0|HF_CARR|FE1,0.05011393229166666,0.04392903645833333,0.05633138020833334,positive,172,0,20,24,0,0
FULL|C0|HF_CARR|FE2,0.06619466145833333,0.055972900390625,0.077589111328125,positive,122,0,70,24,0,0
FULL|C0|HF_CARR|FE3,0.1013671875,0.086114501953125,0.11852539062499998,positive,106,0,86,24,0,0
FULL|C0|HF_CARR|FE4,0.14469401041666666,0.11965942382812501,0.17103068033854166,positive,101,0,91,24,0,0
FULL|C0|HF_CARR|FE5,0.1852701822916667,0.14993448893229167,0.22172119140624996,positive,98,0,94,24,0,0
FULL|C0|HF_CARR|FE6,0.2171875,0.17555216471354165,0.2602148437499999,positive,94,0,98,24,0,0
FULL|C0|HF_CARR|FE7,0.23906250000000004,0.19565226236979166,0.28303304036458327,positive,94,0,98,24,0,0
FULL|C0|HF_CARR|FE8,0.25367838541666665,0.20894531250000004,0.29914876302083326,positive,94,0,98,24,0,0
FULL|C0|HF_F|D40,-0.03125,-0.03125,-0.03125,negative,0,192,0,0,24,0
FULL|C0|HF_F|F,0.0014912923177083333,0.0012288411458333335,0.0017598470052083333,positive,155,0,37,24,0,0
FULL|C0|HF_F|F0,0.03125,0.03125,0.03125,positive,192,0,0,24,0,0
FULL|C0|HF_F|F1,0.022623697916666668,0.02001953125,0.025309244791666668,positive,155,0,37,24,0,0
FULL|C0|HF_F|F40,0.0,0.0,0.0,observed_exact_zero,0,0,192,0,0,24
FULL|C0|HF_F|FE1,0.011116536458333333,0.009195963541666666,0.013118489583333332,positive,155,0,37,24,0,0
FULL|C0|HF_F|FE2,0.0007812499999999999,0.000439453125,0.0011881510416666666,positive,19,0,173,15,0,9
FULL|C0|HF_F|FE3,3.255208333333333e-05,0.0,8.138020833333333e-05,unresolved,2,0,190,2,0,22
FULL|C0|HF_F|FE4,0.0,0.0,0.0,observed_exact_zero,0,0,192,0,0,24
FULL|C0|HF_F|FE5,0.0,0.0,0.0,observed_exact_zero,0,0,192,0,0,24
FULL|C0|HF_F|FE6,0.0,0.0,0.0,observed_exact_zero,0,0,192,0,0,24
FULL|C0|HF_F|FE7,0.0,0.0,0.0,observed_exact_zero,0,0,192,0,0,24
FULL|C0|HF_F|FE8,0.0,0.0,0.0,observed_exact_zero,0,0,192,0,0,24
FULL|C0|HF_H|D40,0.22843424479166666,0.18350830078125,0.2747395833333333,positive,93,99,0,24,0,0
FULL|C0|HF_H|F,0.1557047526041667,0.1291326904296875,0.18278462727864578,positive,172,0,20,24,0,0
FULL|C0|HF_H|F0,0.03125,0.03125,0.03125,positive,192,0,0,24,0,0
FULL|C0|HF_H|F1,0.032633463541666664,0.029866536458333332,0.035481770833333336,positive,172,0,20,24,0,0
FULL|C0|HF_H|F40,0.2596842447916667,0.21475830078125,0.3059895833333333,positive,94,0,98,24,0,0
FULL|C0|HF_H|FE1,0.03899739583333334,0.03429361979166667,0.04381591796875,positive,172,0,20,24,0,0
FULL|C0|HF_H|FE2,0.06541341145833333,0.055224202473958324,0.07682413736979167,positive,120,0,72,24,0,0
FULL|C0|HF_H|FE3,0.10133463541666667,0.08611368815104167,0.11849283854166665,positive,106,0,86,24,0,0
FULL|C0|HF_H|FE4,0.14469401041666666,0.11965942382812501,0.17103068033854166,positive,101,0,91,24,0,0
FULL|C0|HF_H|FE5,0.1852701822916667,0.14993448893229167,0.22172119140624996,positive,98,0,94,24,0,0
FULL|C0|HF_H|FE6,0.2171875,0.17555216471354165,0.2602148437499999,positive,94,0,98,24,0,0
FULL|C0|HF_H|FE7,0.23906250000000004,0.19565226236979166,0.28303304036458327,positive,94,0,98,24,0,0
FULL|C0|HF_H|FE8,0.25367838541666665,0.20894531250000004,0.29914876302083326,positive,94,0,98,24,0,0
FULL|C0|HF_MINUS_FF_POP|E1,0.0002487182617187435,0.00012714385986325427,0.00036622365315756064,positive,90,53,49,21,3,0
FULL|C0|HF_MINUS_FF_POP|E2,0.0004150390625000065,0.00012156168619795529,0.0007339859008789027,positive,91,61,40,17,7,0
FULL|C0|HF_MINUS_FF_POP|E3,0.0011311848958333083,0.000711046854654931,0.0015768305460611514,positive,94,59,39,19,5,0
FULL|C0|HF_MINUS_FF_POP|E4,0.002773539225260408,0.0019958241780599034,0.0036341603597005293,positive,103,49,40,21,3,0
FULL|C0|HF_MINUS_FF_POP|E5,0.005892435709635403,0.004267272949218727,0.0077115249633788975,positive,118,35,39,23,1,0
FULL|C0|HF_MINUS_FF_POP|E6,0.008875528971354166,0.006336085001627597,0.011633923848470052,positive,106,47,39,21,3,0
FULL|C0|HF_MINUS_FF_POP|E7,0.012888081868489568,0.009642855326334642,0.0164564514160156,positive,119,35,38,22,2,0
FULL|C0|HF_MINUS_FF_POP|E8,0.016015116373697912,0.012056973775227837,0.020296999613443993,positive,118,35,39,24,0,0
FULL|C0|HF_MINUS_FF_POP|MLOSS,-0.006029955546061202,-0.007645130157470712,-0.004527985254923517,negative,29,125,38,1,23,0
FULL|C0|HF_MINUS_FF_POP|U,0.006029955546061218,0.004527985254923506,0.007645130157470742,positive,125,29,38,23,1,0
FULL|C0|HF_MINUS_FF_POP|U0,0.0,0.0,0.0,structural_zero,0,0,192,0,0,24
FULL|C0|HF_MINUS_FF_POP|U1,6.866455078125e-05,3.814697265625e-05,0.0001068115234375,positive,22,9,161,16,2,6
FULL|C0|HF_MINUS_FF_POP|U40,0.017153422037760418,0.012745857238769531,0.021693356831868488,positive,115,36,41,24,0,0
FULL|C0|HF_POP|E1,0.7620854695638021,0.7451470311482749,0.7792955525716146,positive,192,0,0,24,0,0
FULL|C0|HF_POP|E2,0.7619761149088541,0.7459822972615561,0.7778460184733073,positive,192,0,0,24,0,0
FULL|C0|HF_POP|E3,0.7643920898437501,0.7478535588582357,0.7812900416056315,positive,192,0,0,24,0,0
FULL|C0|HF_POP|E4,0.7652389526367188,0.7494470469156901,0.7809161758422851,positive,192,0,0,24,0,0
FULL|C0|HF_POP|E5,0.7690546671549479,0.7534736506144205,0.7850999704996745,positive,192,0,0,24,0,0
FULL|C0|HF_POP|E6,0.7717203776041668,0.7572765604654947,0.7862877655029298,positive,192,0,0,24,0,0
FULL|C0|HF_POP|E7,0.7764297485351562,0.7622902425130208,0.7910693486531576,positive,192,0,0,24,0,0
FULL|C0|HF_POP|E8,0.7789708455403646,0.7660046641031901,0.7925865936279297,positive,192,0,0,24,0,0
FULL|C0|HF_POP|MLOSS,0.23126646677652996,0.21587376435597738,0.24644607543945313,positive,192,0,0,24,0,0
FULL|C0|HF_POP|U,0.76873353322347,0.7535539245605469,0.7841262356440227,positive,192,0,0,24,0,0
FULL|C0|HF_POP|U0,0.76220703125,0.7422551472981771,0.7825715382893881,positive,192,0,0,24,0,0
FULL|C0|HF_POP|U1,0.7655156453450521,0.7463326136271159,0.785104242960612,positive,192,0,0,24,0,0
FULL|C0|HF_POP|U40,0.7780075073242188,0.7656170527140299,0.7909141540527345,positive,192,0,0,24,0,0
FULL|C0|HH_AVG|D40,0.17325846354166666,0.137451171875,0.2085062662760416,positive,83,109,0,23,1,0
FULL|C0|HH_AVG|F,0.12589314778645835,0.10353057861328124,0.14877960205078125,positive,172,0,20,24,0,0
FULL|C0|HH_AVG|F0,0.03125,0.03125,0.03125,positive,192,0,0,24,0,0
FULL|C0|HH_AVG|F1,0.032470703125,0.029703776041666668,0.035319010416666664,positive,172,0,20,24,0,0
FULL|C0|HH_AVG|F40,0.20450846354166666,0.168701171875,0.2397562662760416,positive,84,0,108,24,0,0
FULL|C0|HH_AVG|FE1,0.03663736979166667,0.03191691080729167,0.041536865234375,positive,172,0,20,24,0,0
FULL|C0|HH_AVG|FE2,0.058675130208333336,0.047851155598958334,0.07159830729166666,positive,110,0,82,24,0,0
FULL|C0|HH_AVG|FE3,0.08466796875,0.069530029296875,0.10076619466145834,positive,94,0,98,24,0,0
FULL|C0|HH_AVG|FE4,0.11495768229166665,0.09297851562500002,0.13683268229166667,positive,90,0,102,24,0,0
FULL|C0|HH_AVG|FE5,0.14674479166666668,0.11643880208333333,0.17659912109374998,positive,89,0,103,24,0,0
FULL|C0|HH_AVG|FE6,0.17275390625,0.13911865234375,0.20648885091145824,positive,85,0,107,24,0,0
FULL|C0|HH_AVG|FE7,0.19137369791666667,0.15632975260416665,0.2268416341145833,positive,84,0,108,24,0,0
FULL|C0|HH_AVG|FE8,0.20133463541666666,0.16540730794270836,0.23706217447916667,positive,84,0,108,24,0,0
FULL|C0|HH_CARR|D40,0.3465169270833333,0.27490234375,0.4170125325520832,positive,83,109,0,23,1,0
FULL|C0|HH_CARR|F,0.2517862955729167,0.2070611572265625,0.2975592041015625,positive,172,0,20,24,0,0
FULL|C0|HH_CARR|F0,0.0625,0.0625,0.0625,positive,192,0,0,24,0,0
FULL|C0|HH_CARR|F1,0.06494140625,0.059407552083333336,0.07063802083333333,positive,172,0,20,24,0,0
FULL|C0|HH_CARR|F40,0.4090169270833333,0.33740234375,0.4795125325520832,positive,84,0,108,24,0,0
FULL|C0|HH_CARR|FE1,0.07327473958333335,0.06383382161458334,0.08307373046875,positive,172,0,20,24,0,0
FULL|C0|HH_CARR|FE2,0.11735026041666667,0.09570231119791667,0.14319661458333333,positive,110,0,82,24,0,0
FULL|C0|HH_CARR|FE3,0.1693359375,0.13906005859375,0.20153238932291667,positive,94,0,98,24,0,0
FULL|C0|HH_CARR|FE4,0.2299153645833333,0.18595703125000004,0.27366536458333335,positive,90,0,102,24,0,0
FULL|C0|HH_CARR|FE5,0.29348958333333336,0.23287760416666667,0.35319824218749996,positive,89,0,103,24,0,0
FULL|C0|HH_CARR|FE6,0.3455078125,0.2782373046875,0.4129777018229165,positive,85,0,107,24,0,0
FULL|C0|HH_CARR|FE7,0.38274739583333334,0.3126595052083333,0.4536832682291666,positive,84,0,108,24,0,0
FULL|C0|HH_CARR|FE8,0.4026692708333333,0.3308146158854167,0.47412434895833333,positive,84,0,108,24,0,0
FULL|C0|HH_MINUS_FF_POP|E1,0.00035502115885416297,0.00014953613281252094,0.0005432383219400958,positive,87,52,53,19,5,0
FULL|C0|HH_MINUS_FF_POP|E2,0.0003417968750000176,-4.094441731722006e-06,0.00070495605468753,unresolved,72,76,44,15,9,0
FULL|C0|HH_MINUS_FF_POP|E3,0.0017476399739583166,0.0011565653483073207,0.0024537150065103816,positive,90,62,40,22,2,0
FULL|C0|HH_MINUS_FF_POP|E4,0.004306030273437493,0.002938588460286432,0.005822931925455719,positive,102,50,40,21,3,0
FULL|C0|HH_MINUS_FF_POP|E5,0.00948486328125,0.0067339579264323185,0.012383041381835944,positive,111,40,41,22,2,0
FULL|C0|HH_MINUS_FF_POP|E6,0.014333089192708362,0.010255050659179704,0.018557637532552122,positive,103,50,39,21,3,0
FULL|C0|HH_MINUS_FF_POP|E7,0.02071024576822914,0.015288874308268193,0.026014607747395804,positive,118,36,38,22,2,0
FULL|C0|HH_MINUS_FF_POP|E8,0.026138305664062486,0.019500350952148433,0.032503000895182266,positive,113,39,40,23,1,0
FULL|C0|HH_MINUS_FF_POP|MLOSS,-0.009677124023437502,-0.012206420898437499,-0.007142356236775721,negative,34,120,38,2,22,0
FULL|C0|HH_MINUS_FF_POP|U,0.009677124023437516,0.0071423562367757395,0.012206420898437492,positive,120,34,38,22,2,0
FULL|C0|HH_MINUS_FF_POP|U0,0.0,0.0,0.0,structural_zero,0,0,192,0,0,24
FULL|C0|HH_MINUS_FF_POP|U1,0.00011698404947916667,5.5948893229166664e-05,0.00018310546875,positive,22,9,161,15,3,6
FULL|C0|HH_MINUS_FF_POP|U40,0.028391520182291668,0.021128209431966145,0.035503005981445304,positive,111,40,41,23,1,0
FULL|C0|HH_MINUS_HF_POP|E1,0.00010630289713541945,-1.0299682617174077e-06,0.00020804087320964266,unresolved,82,61,49,14,10,0
FULL|C0|HH_MINUS_HF_POP|E2,-7.32421874999889e-05,-0.0004089355468749757,0.00026210784912108847,unresolved,69,83,40,14,10,0
FULL|C0|HH_MINUS_HF_POP|E3,0.0006164550781250083,0.00010629018147786292,0.0011627705891927098,positive,76,77,39,16,8,0
FULL|C0|HH_MINUS_HF_POP|E4,0.0015324910481770843,0.0006340408325195121,0.0024714660644531367,positive,89,63,40,18,6,0
FULL|C0|HH_MINUS_HF_POP|E5,0.003592427571614598,0.0019663238525390874,0.005204798380533887,positive,98,53,41,19,5,0
FULL|C0|HH_MINUS_HF_POP|E6,0.005457560221354195,0.0032481002807617596,0.007650807698567734,positive,87,66,39,20,4,0
FULL|C0|HH_MINUS_HF_POP|E7,0.007822163899739573,0.004829546610514312,0.01074806213378907,positive,97,56,39,19,5,0
FULL|C0|HH_MINUS_HF_POP|E8,0.010123189290364576,0.0065514500935872615,0.013464889526367166,positive,99,54,39,23,1,0
FULL|C0|HH_MINUS_HF_POP|MLOSS,-0.003647168477376301,-0.0049663988749186205,-0.0022411028544108095,negative,52,102,38,4,20,0
FULL|C0|HH_MINUS_HF_POP|U,0.0036471684773762975,0.0022411028544107895,0.004966398874918634,positive,102,52,38,20,4,0
FULL|C0|HH_MINUS_HF_POP|U0,0.0,0.0,0.0,structural_zero,0,0,192,0,0,24
FULL|C0|HH_MINUS_HF_POP|U1,4.8319498697916664e-05,1.52587890625e-05,8.138020833333333e-05,positive,19,9,164,14,4,6
FULL|C0|HH_MINUS_HF_POP|U40,0.01123809814453125,0.007069778442382812,0.015124829610188796,positive,98,54,40,22,2,0
FULL|C0|HH_POP|E1,0.7621917724609375,0.7452718607584635,0.7794129435221354,positive,192,0,0,24,0,0
FULL|C0|HH_POP|E2,0.7619028727213543,0.7458178456624349,0.7777577209472657,positive,192,0,0,24,0,0
FULL|C0|HH_POP|E3,0.7650085449218751,0.7482884470621745,0.7819671885172526,positive,192,0,0,24,0,0
FULL|C0|HH_POP|E4,0.7667714436848958,0.7509290568033853,0.7824774678548178,positive,192,0,0,24,0,0
FULL|C0|HH_POP|E5,0.7726470947265626,0.7571977996826171,0.7883751678466798,positive,192,0,0,24,0,0
FULL|C0|HH_POP|E6,0.7771779378255209,0.7631661732991536,0.7914925130208333,positive,192,0,0,24,0,0
FULL|C0|HH_POP|E7,0.7842519124348959,0.7704802449544269,0.7985620625813801,positive,192,0,0,24,0,0
FULL|C0|HH_POP|E8,0.7890940348307293,0.7767502085367839,0.8022827657063802,positive,192,0,0,24,0,0
FULL|C0|HH_POP|MLOSS,0.22761929829915364,0.21241207758585615,0.2426355234781901,positive,192,0,0,24,0,0
FULL|C0|HH_POP|U,0.7723807017008464,0.7573644765218098,0.787587922414144,positive,192,0,0,24,0,0
FULL|C0|HH_POP|U0,0.76220703125,0.7422551472981771,0.7825715382893881,positive,192,0,0,24,0,0
FULL|C0|HH_POP|U1,0.76556396484375,0.7463682810465495,0.7851275126139323,positive,192,0,0,24,0,0
FULL|C0|HH_POP|U40,0.78924560546875,0.7768858591715495,0.8020434061686198,positive,192,0,0,24,0,0
FULL|C0|INTERACTION|D40,-0.05517578125,-0.08513590494791667,-0.028639729817708365,negative,9,30,153,2,15,7
FULL|C0|INTERACTION|F,-0.029730224609375005,-0.04573394775390626,-0.01597269694010418,negative,23,53,116,3,21,0
FULL|C0|INTERACTION|F0,0.0,0.0,0.0,structural_zero,0,0,192,0,0,24
FULL|C0|INTERACTION|F1,-8.138020833333333e-05,-0.0003255208333333333,0.00016276041666666666,unresolved,1,2,189,1,2,21
FULL|C0|INTERACTION|F40,-0.05517578125,-0.08513590494791667,-0.028639729817708365,negative,9,30,153,2,15,7
FULL|C0|INTERACTION|FE1,-0.0018880208333333312,-0.003646240234374999,-0.0003092447916666663,negative,31,45,116,6,17,1
FULL|C0|INTERACTION|FE2,-0.006608072916666663,-0.013851318359374996,0.0002457682291666601,unresolved,27,43,122,9,13,2
FULL|C0|INTERACTION|FE3,-0.01661783854166667,-0.026920979817708333,-0.00732381184895834,negative,23,38,131,7,16,1
FULL|C0|INTERACTION|FE4,-0.029736328125,-0.047381184895833324,-0.01362060546875001,negative,19,41,132,3,19,2
FULL|C0|INTERACTION|FE5,-0.038525390624999996,-0.05879231770833334,-0.020214843749999992,negative,17,37,138,3,17,4
FULL|C0|INTERACTION|FE6,-0.04443359375,-0.06933919270833333,-0.022792968750000052,negative,18,34,140,3,17,4
FULL|C0|INTERACTION|FE7,-0.047688802083333336,-0.07560750325520833,-0.023254801432291684,negative,11,35,146,3,15,6
FULL|C0|INTERACTION|FE8,-0.05234375,-0.08172403971354167,-0.026610107421875008,negative,11,33,148,3,15,6
FULL|C0|MIX_RANK|D40,0.2596842447916667,0.21475830078125,0.3059895833333333,positive,94,0,98,24,0,0
FULL|C0|MIX_RANK|F,0.15421346028645835,0.12784286499023437,0.18115331013997396,positive,151,5,36,24,0,0
FULL|C0|MIX_RANK|F0,0.0,0.0,0.0,structural_zero,0,0,192,0,0,24
FULL|C0|MIX_RANK|F1,0.010009765625,0.00830078125,0.011720784505208323,positive,106,0,86,24,0,0
FULL|C0|MIX_RANK|F40,0.2596842447916667,0.21475830078125,0.3059895833333333,positive,94,0,98,24,0,0
FULL|C0|MIX_RANK|FE1,0.027880859375,0.023941650390625003,0.03190144856770833,positive,150,5,37,24,0,0
FULL|C0|MIX_RANK|FE2,0.06463216145833334,0.05455729166666667,0.07597737630208333,positive,120,2,70,24,0,0
FULL|C0|MIX_RANK|FE3,0.10130208333333333,0.08611287434895834,0.11846028645833331,positive,106,0,86,24,0,0
FULL|C0|MIX_RANK|FE4,0.14469401041666666,0.11965942382812501,0.17103068033854166,positive,101,0,91,24,0,0
FULL|C0|MIX_RANK|FE5,0.1852701822916667,0.14993448893229167,0.22172119140624996,positive,98,0,94,24,0,0
FULL|C0|MIX_RANK|FE6,0.2171875,0.17555216471354165,0.2602148437499999,positive,94,0,98,24,0,0
FULL|C0|MIX_RANK|FE7,0.23906250000000004,0.19565226236979166,0.28303304036458327,positive,94,0,98,24,0,0
FULL|C0|MIX_RANK|FE8,0.25367838541666665,0.20894531250000004,0.29914876302083326,positive,94,0,98,24,0,0
FULL|C0|R_F|D40,0.2596842447916667,0.21475830078125,0.3059895833333333,positive,94,0,98,24,0,0
FULL|C0|R_F|F,0.15413208007812498,0.1277116394042969,0.18100224812825516,positive,153,3,36,24,0,0
FULL|C0|R_F|F0,0.0,0.0,0.0,structural_zero,0,0,192,0,0,24
FULL|C0|R_F|F1,0.009928385416666666,0.008219401041666666,0.011637369791666666,positive,106,0,86,24,0,0
FULL|C0|R_F|F40,0.2596842447916667,0.21475830078125,0.3059895833333333,positive,94,0,98,24,0,0
FULL|C0|R_F|FE1,0.027408854166666663,0.023339029947916663,0.031706136067708335,positive,151,4,37,24,0,0
FULL|C0|R_F|FE2,0.064501953125,0.054443359375,0.075911865234375,positive,120,2,70,24,0,0
FULL|C0|R_F|FE3,0.10125325520833334,0.08606404622395833,0.11842610677083332,positive,106,0,86,24,0,0
FULL|C0|R_F|FE4,0.14469401041666666,0.11965942382812501,0.17103068033854166,positive,101,0,91,24,0,0
FULL|C0|R_F|FE5,0.1852701822916667,0.14993448893229167,0.22172119140624996,positive,98,0,94,24,0,0
FULL|C0|R_F|FE6,0.2171875,0.17555216471354165,0.2602148437499999,positive,94,0,98,24,0,0
FULL|C0|R_F|FE7,0.23906250000000004,0.19565226236979166,0.28303304036458327,positive,94,0,98,24,0,0
FULL|C0|R_F|FE8,0.25367838541666665,0.20894531250000004,0.29914876302083326,positive,94,0,98,24,0,0
FULL|C0|R_H|D40,0.20450846354166666,0.168701171875,0.2397562662760416,positive,84,0,108,24,0,0
FULL|C0|R_H|F,0.12440185546874999,0.10225367228190105,0.1472657267252604,positive,151,5,36,24,0,0
FULL|C0|R_H|F0,0.0,0.0,0.0,structural_zero,0,0,192,0,0,24
FULL|C0|R_H|F1,0.009847005208333334,0.008219401041666666,0.011474609375,positive,106,0,86,24,0,0
FULL|C0|R_H|F40,0.20450846354166666,0.168701171875,0.2397562662760416,positive,84,0,108,24,0,0
FULL|C0|R_H|FE1,0.025520833333333336,0.021809488932291666,0.02924886067708333,positive,150,5,37,24,0,0
FULL|C0|R_H|FE2,0.05789388020833334,0.04711710611979167,0.07068806966145834,positive,110,2,80,24,0,0
FULL|C0|R_H|FE3,0.08463541666666667,0.06948242187499999,0.10074869791666667,positive,94,1,97,24,0,0
FULL|C0|R_H|FE4,0.11495768229166665,0.09297851562500002,0.13683268229166667,positive,90,0,102,24,0,0
FULL|C0|R_H|FE5,0.14674479166666668,0.11643880208333333,0.17659912109374998,positive,89,0,103,24,0,0
FULL|C0|R_H|FE6,0.17275390625,0.13911865234375,0.20648885091145824,positive,85,0,107,24,0,0
FULL|C0|R_H|FE7,0.19137369791666667,0.15632975260416665,0.2268416341145833,positive,84,0,108,24,0,0
FULL|C0|R_H|FE8,0.20133463541666666,0.16540730794270836,0.23706217447916667,positive,84,0,108,24,0,0
FULL|C1|COMP_F|D40,0.0,0.0,0.0,observed_exact_zero,0,0,192,0,0,24
FULL|C1|COMP_F|F,-8.13802083333334e-06,-2.6448567708333344e-05,1.2207031249999992e-05,unresolved,4,7,181,3,6,15
FULL|C1|COMP_F|F0,0.0,0.0,0.0,structural_zero,0,0,192,0,0,24
FULL|C1|COMP_F|F1,-0.000244140625,-0.00048828125,0.0,unresolved,0,3,189,0,3,21
FULL|C1|COMP_F|F40,0.0,0.0,0.0,observed_exact_zero,0,0,192,0,0,24
FULL|C1|COMP_F|FE1,-6.510416666666672e-05,-0.00021158854166666676,9.765624999999994e-05,unresolved,4,7,181,3,6,15
FULL|C1|COMP_F|FE2,0.0,0.0,0.0,observed_exact_zero,0,0,192,0,0,24
FULL|C1|COMP_F|FE3,0.0,0.0,0.0,observed_exact_zero,0,0,192,0,0,24
FULL|C1|COMP_F|FE4,0.0,0.0,0.0,observed_exact_zero,0,0,192,0,0,24
FULL|C1|COMP_F|FE5,0.0,0.0,0.0,observed_exact_zero,0,0,192,0,0,24
FULL|C1|COMP_F|FE6,0.0,0.0,0.0,observed_exact_zero,0,0,192,0,0,24
FULL|C1|COMP_F|FE7,0.0,0.0,0.0,observed_exact_zero,0,0,192,0,0,24
FULL|C1|COMP_F|FE8,0.0,0.0,0.0,observed_exact_zero,0,0,192,0,0,24
FULL|C1|COMP_H|D40,0.0,0.0,0.0,observed_exact_zero,0,0,192,0,0,24
FULL|C1|COMP_H|F,-0.00010375976562499994,-0.00024007161458333327,1.220703125000003e-05,unresolved,6,13,173,5,10,9
FULL|C1|COMP_H|F0,0.0,0.0,0.0,structural_zero,0,0,192,0,0,24
FULL|C1|COMP_H|F1,-0.0003255208333333333,-0.0006510416666666666,-8.138020833333333e-05,negative,0,4,188,0,4,20
FULL|C1|COMP_H|F40,0.0,0.0,0.0,observed_exact_zero,0,0,192,0,0,24
FULL|C1|COMP_H|FE1,-0.00045572916666666657,-0.0010095214843750002,4.8828124999999935e-05,unresolved,5,13,174,4,10,10
FULL|C1|COMP_H|FE2,-0.0003743489583333333,-0.0009765625,9.765625000000002e-05,unresolved,2,3,187,2,3,19
FULL|C1|COMP_H|FE3,0.0,0.0,0.0,observed_exact_zero,0,0,192,0,0,24
FULL|C1|COMP_H|FE4,0.0,0.0,0.0,observed_exact_zero,0,0,192,0,0,24
FULL|C1|COMP_H|FE5,0.0,0.0,0.0,observed_exact_zero,0,0,192,0,0,24
FULL|C1|COMP_H|FE6,0.0,0.0,0.0,observed_exact_zero,0,0,192,0,0,24
FULL|C1|COMP_H|FE7,0.0,0.0,0.0,observed_exact_zero,0,0,192,0,0,24
FULL|C1|COMP_H|FE8,0.0,0.0,0.0,observed_exact_zero,0,0,192,0,0,24
FULL|C1|FF_AVG|D40,-0.03125,-0.03125,-0.03125,negative,0,192,0,0,24,0
FULL|C1|FF_AVG|F,0.0005249023437500001,0.00045369466145833335,0.0006022644042968748,positive,120,0,72,24,0,0
FULL|C1|FF_AVG|F0,0.03125,0.03125,0.03125,positive,192,0,0,24,0,0
FULL|C1|FF_AVG|F1,0.013590494791666666,0.011962890625,0.015218098958333334,positive,120,0,72,24,0,0
FULL|C1|FF_AVG|F40,0.0,0.0,0.0,observed_exact_zero,0,0,192,0,0,24
FULL|C1|FF_AVG|FE1,0.004199218750000001,0.0036295572916666668,0.004818115234374998,positive,120,0,72,24,0,0
FULL|C1|FF_AVG|FE2,0.0,0.0,0.0,observed_exact_zero,0,0,192,0,0,24
FULL|C1|FF_AVG|FE3,0.0,0.0,0.0,observed_exact_zero,0,0,192,0,0,24
FULL|C1|FF_AVG|FE4,0.0,0.0,0.0,observed_exact_zero,0,0,192,0,0,24
FULL|C1|FF_AVG|FE5,0.0,0.0,0.0,observed_exact_zero,0,0,192,0,0,24
FULL|C1|FF_AVG|FE6,0.0,0.0,0.0,observed_exact_zero,0,0,192,0,0,24
FULL|C1|FF_AVG|FE7,0.0,0.0,0.0,observed_exact_zero,0,0,192,0,0,24
FULL|C1|FF_AVG|FE8,0.0,0.0,0.0,observed_exact_zero,0,0,192,0,0,24
FULL|C1|FF_CARR|D40,-0.0625,-0.0625,-0.0625,negative,0,192,0,0,24,0
FULL|C1|FF_CARR|F,0.0010498046875000002,0.0009073893229166667,0.0012045288085937495,positive,120,0,72,24,0,0
FULL|C1|FF_CARR|F0,0.0625,0.0625,0.0625,positive,192,0,0,24,0,0
FULL|C1|FF_CARR|F1,0.027180989583333332,0.02392578125,0.030436197916666668,positive,120,0,72,24,0,0
FULL|C1|FF_CARR|F40,0.0,0.0,0.0,observed_exact_zero,0,0,192,0,0,24
FULL|C1|FF_CARR|FE1,0.008398437500000001,0.0072591145833333336,0.009636230468749996,positive,120,0,72,24,0,0
FULL|C1|FF_CARR|FE2,0.0,0.0,0.0,observed_exact_zero,0,0,192,0,0,24
FULL|C1|FF_CARR|FE3,0.0,0.0,0.0,observed_exact_zero,0,0,192,0,0,24
FULL|C1|FF_CARR|FE4,0.0,0.0,0.0,observed_exact_zero,0,0,192,0,0,24
FULL|C1|FF_CARR|FE5,0.0,0.0,0.0,observed_exact_zero,0,0,192,0,0,24
FULL|C1|FF_CARR|FE6,0.0,0.0,0.0,observed_exact_zero,0,0,192,0,0,24
FULL|C1|FF_CARR|FE7,0.0,0.0,0.0,observed_exact_zero,0,0,192,0,0,24
FULL|C1|FF_CARR|FE8,0.0,0.0,0.0,observed_exact_zero,0,0,192,0,0,24
FULL|C1|FF_POP|E1,0.7620707194010418,0.7450416564941406,0.7793015034993489,positive,192,0,0,24,0,0
FULL|C1|FF_POP|E2,0.7617685953776041,0.7457274119059246,0.7776231384277343,positive,192,0,0,24,0,0
FULL|C1|FF_POP|E3,0.7632853190104166,0.7464692687988281,0.7802565765380859,positive,192,0,0,24,0,0
FULL|C1|FF_POP|E4,0.7624084472656248,0.7464029693603516,0.7783598327636718,positive,192,0,0,24,0,0
FULL|C1|FF_POP|E5,0.7634714762369792,0.7465943400065105,0.7804446156819662,positive,192,0,0,24,0,0
FULL|C1|FF_POP|E6,0.7623443603515625,0.7459726206461589,0.778619384765625,positive,192,0,0,24,0,0
FULL|C1|FF_POP|E7,0.76383056640625,0.7471243540445964,0.780839335123698,positive,192,0,0,24,0,0
FULL|C1|FF_POP|E8,0.7625539143880209,0.7464614613850912,0.778720499674479,positive,192,0,0,24,0,0
FULL|C1|FF_POP|MLOSS,0.23728332519531248,0.22075175603230793,0.2537624867757161,positive,192,0,0,24,0,0
FULL|C1|FF_POP|U,0.7627166748046874,0.7462375132242839,0.779248243967692,positive,192,0,0,24,0,0
FULL|C1|FF_POP|U0,0.76220703125,0.7422551472981771,0.7825715382893881,positive,192,0,0,24,0,0
FULL|C1|FF_POP|U1,0.7653706868489584,0.7462460835774739,0.7849783579508464,positive,192,0,0,24,0,0
FULL|C1|FF_POP|U40,0.7594655354817709,0.743856938680013,0.775249989827474,positive,192,0,0,24,0,0
FULL|C1|HF_CARR|D40,-0.0625,-0.0625,-0.0625,negative,0,192,0,0,24,0
FULL|C1|HF_CARR|F,0.0016886393229166667,0.0014994303385416667,0.0018962097167968745,positive,141,0,51,24,0,0
FULL|C1|HF_CARR|F0,0.0625,0.0625,0.0625,positive,192,0,0,24,0,0
FULL|C1|HF_CARR|F1,0.032470703125,0.029215494791666668,0.035725911458333336,positive,141,0,51,24,0,0
FULL|C1|HF_CARR|F40,0.0,0.0,0.0,observed_exact_zero,0,0,192,0,0,24
FULL|C1|HF_CARR|FE1,0.012809244791666667,0.011507161458333333,0.014209391276041667,positive,141,0,51,24,0,0
FULL|C1|HF_CARR|FE2,0.0006998697916666667,0.00021158854166666667,0.001334635416666667,positive,10,0,182,8,0,16
FULL|C1|HF_CARR|FE3,0.0,0.0,0.0,observed_exact_zero,0,0,192,0,0,24
FULL|C1|HF_CARR|FE4,0.0,0.0,0.0,observed_exact_zero,0,0,192,0,0,24
FULL|C1|HF_CARR|FE5,0.0,0.0,0.0,observed_exact_zero,0,0,192,0,0,24
FULL|C1|HF_CARR|FE6,0.0,0.0,0.0,observed_exact_zero,0,0,192,0,0,24
FULL|C1|HF_CARR|FE7,0.0,0.0,0.0,observed_exact_zero,0,0,192,0,0,24
FULL|C1|HF_CARR|FE8,0.0,0.0,0.0,observed_exact_zero,0,0,192,0,0,24
FULL|C1|HF_F|D40,-0.03125,-0.03125,-0.03125,negative,0,192,0,0,24,0
FULL|C1|HF_F|F,0.0005167643229166667,0.0004475911458333333,0.0005940755208333333,positive,120,0,72,24,0,0
FULL|C1|HF_F|F0,0.03125,0.03125,0.03125,positive,192,0,0,24,0,0
FULL|C1|HF_F|F1,0.013346354166666666,0.011800130208333334,0.014892578125,positive,120,0,72,24,0,0
FULL|C1|HF_F|F40,0.0,0.0,0.0,observed_exact_zero,0,0,192,0,0,24
FULL|C1|HF_F|FE1,0.004134114583333333,0.0035807291666666665,0.004752604166666666,positive,120,0,72,24,0,0
FULL|C1|HF_F|FE2,0.0,0.0,0.0,observed_exact_zero,0,0,192,0,0,24
FULL|C1|HF_F|FE3,0.0,0.0,0.0,observed_exact_zero,0,0,192,0,0,24
FULL|C1|HF_F|FE4,0.0,0.0,0.0,observed_exact_zero,0,0,192,0,0,24
FULL|C1|HF_F|FE5,0.0,0.0,0.0,observed_exact_zero,0,0,192,0,0,24
FULL|C1|HF_F|FE6,0.0,0.0,0.0,observed_exact_zero,0,0,192,0,0,24
FULL|C1|HF_F|FE7,0.0,0.0,0.0,observed_exact_zero,0,0,192,0,0,24
FULL|C1|HF_F|FE8,0.0,0.0,0.0,observed_exact_zero,0,0,192,0,0,24
FULL|C1|HF_H|D40,-0.03125,-0.03125,-0.03125,negative,0,192,0,0,24,0
FULL|C1|HF_H|F,0.001171875,0.001021270751953125,0.0013448588053385413,positive,141,0,51,24,0,0
FULL|C1|HF_H|F0,0.03125,0.03125,0.03125,positive,192,0,0,24,0,0
FULL|C1|HF_H|F1,0.019124348958333332,0.017252604166666668,0.020914713541666668,positive,141,0,51,24,0,0
FULL|C1|HF_H|F40,0.0,0.0,0.0,observed_exact_zero,0,0,192,0,0,24
FULL|C1|HF_H|FE1,0.008675130208333333,0.007730712890625001,0.00966796875,positive,141,0,51,24,0,0
FULL|C1|HF_H|FE2,0.0006998697916666667,0.00021158854166666667,0.001334635416666667,positive,10,0,182,8,0,16
FULL|C1|HF_H|FE3,0.0,0.0,0.0,observed_exact_zero,0,0,192,0,0,24
FULL|C1|HF_H|FE4,0.0,0.0,0.0,observed_exact_zero,0,0,192,0,0,24
FULL|C1|HF_H|FE5,0.0,0.0,0.0,observed_exact_zero,0,0,192,0,0,24
FULL|C1|HF_H|FE6,0.0,0.0,0.0,observed_exact_zero,0,0,192,0,0,24
FULL|C1|HF_H|FE7,0.0,0.0,0.0,observed_exact_zero,0,0,192,0,0,24
FULL|C1|HF_H|FE8,0.0,0.0,0.0,observed_exact_zero,0,0,192,0,0,24
FULL|C1|HF_MINUS_FF_POP|E1,-3.3569335937492596e-05,-0.0001083374023437603,4.119873046875197e-05,unresolved,48,49,95,10,14,0
FULL|C1|HF_MINUS_FF_POP|E2,-0.00012156168619791945,-0.0002868779500325508,4.222869873046896e-05,unresolved,50,48,94,11,12,1
FULL|C1|HF_MINUS_FF_POP|E3,-6.510416666667222e-05,-0.00026301066080728616,0.00014146169026694108,unresolved,45,54,93,10,14,0
FULL|C1|HF_MINUS_FF_POP|E4,-8.494059244789724e-05,-0.0002650070190429295,9.8177591959668e-05,unresolved,49,49,94,8,16,0
FULL|C1|HF_MINUS_FF_POP|E5,6.663004557291852e-05,-0.00020196278889973384,0.0003056971232096325,unresolved,57,43,92,14,10,0
FULL|C1|HF_MINUS_FF_POP|E6,0.00010426839192706021,-0.0001642990112304925,0.00036520640055337256,unresolved,58,42,92,13,11,0
FULL|C1|HF_MINUS_FF_POP|E7,-2.8991699218739824e-05,-0.00029551188151040014,0.0002019500732421915,unresolved,43,53,96,12,12,0
FULL|C1|HF_MINUS_FF_POP|E8,-0.00017038981119792593,-0.0004938761393229185,0.00019077301025390085,unresolved,44,54,94,8,16,0
FULL|C1|HF_MINUS_FF_POP|MLOSS,4.1707356770827784e-05,-2.9004414876309155e-05,0.00010649522145588046,unresolved,55,46,91,14,10,0
FULL|C1|HF_MINUS_FF_POP|U,-4.1707356770827784e-05,-0.00010649522145588312,2.9004414876314434e-05,unresolved,46,55,91,10,14,0
FULL|C1|HF_MINUS_FF_POP|U0,0.0,0.0,0.0,structural_zero,0,0,192,0,0,24
FULL|C1|HF_MINUS_FF_POP|U1,5.5948893229166664e-05,1.52587890625e-05,0.00010426839192708333,positive,13,6,173,8,2,14
FULL|C1|HF_MINUS_FF_POP|U40,-0.0001373291015625,-0.0014909744262695313,0.0012512842814127601,unresolved,48,51,93,9,15,0
FULL|C1|HF_POP|E1,0.7620371500651042,0.7449705505371094,0.7792892964680991,positive,192,0,0,24,0,0
FULL|C1|HF_POP|E2,0.7616470336914062,0.7456111017862955,0.7775706227620443,positive,192,0,0,24,0,0
FULL|C1|HF_POP|E3,0.76322021484375,0.7463274892171224,0.7802099482218423,positive,192,0,0,24,0,0
FULL|C1|HF_POP|E4,0.7623235066731772,0.7463139216105144,0.778225466410319,positive,192,0,0,24,0,0
FULL|C1|HF_POP|E5,0.7635381062825521,0.7465257771809896,0.7806731923421224,positive,192,0,0,24,0,0
FULL|C1|HF_POP|E6,0.7624486287434896,0.7461773427327474,0.7786807378133139,positive,192,0,0,24,0,0
FULL|C1|HF_POP|E7,0.7638015747070312,0.747090581258138,0.7808541870117187,positive,192,0,0,24,0,0
FULL|C1|HF_POP|E8,0.762383524576823,0.7463179779052733,0.778313636779785,positive,192,0,0,24,0,0
FULL|C1|HF_POP|MLOSS,0.23732503255208334,0.22081874847412108,0.2538126341501872,positive,192,0,0,24,0,0
FULL|C1|HF_POP|U,0.7626749674479166,0.7461873658498128,0.7791812515258789,positive,192,0,0,24,0,0
FULL|C1|HF_POP|U0,0.76220703125,0.7422551472981771,0.7825715382893881,positive,192,0,0,24,0,0
FULL|C1|HF_POP|U1,0.7654266357421875,0.7463066101074218,0.7850526173909504,positive,192,0,0,24,0,0
FULL|C1|HF_POP|U40,0.7593282063802084,0.7441757837931315,0.7748086293538412,positive,192,0,0,24,0,0
FULL|C1|HH_AVG|D40,-0.03125,-0.03125,-0.03125,negative,0,192,0,0,24,0
FULL|C1|HH_AVG|F,0.001068115234375,0.0009480794270833333,0.0012125651041666667,positive,141,0,51,24,0,0
FULL|C1|HH_AVG|F0,0.03125,0.03125,0.03125,positive,192,0,0,24,0,0
FULL|C1|HH_AVG|F1,0.018798828125,0.017008463541666668,0.02050984700520832,positive,141,0,51,24,0,0
FULL|C1|HH_AVG|F40,0.0,0.0,0.0,observed_exact_zero,0,0,192,0,0,24
FULL|C1|HH_AVG|FE1,0.008219401041666666,0.00732421875,0.009277750651041665,positive,141,0,51,24,0,0
FULL|C1|HH_AVG|FE2,0.0003255208333333333,0.00011393229166666668,0.0005696614583333334,positive,9,0,183,8,0,16
FULL|C1|HH_AVG|FE3,0.0,0.0,0.0,observed_exact_zero,0,0,192,0,0,24
FULL|C1|HH_AVG|FE4,0.0,0.0,0.0,observed_exact_zero,0,0,192,0,0,24
FULL|C1|HH_AVG|FE5,0.0,0.0,0.0,observed_exact_zero,0,0,192,0,0,24
FULL|C1|HH_AVG|FE6,0.0,0.0,0.0,observed_exact_zero,0,0,192,0,0,24
FULL|C1|HH_AVG|FE7,0.0,0.0,0.0,observed_exact_zero,0,0,192,0,0,24
FULL|C1|HH_AVG|FE8,0.0,0.0,0.0,observed_exact_zero,0,0,192,0,0,24
FULL|C1|HH_CARR|D40,-0.0625,-0.0625,-0.0625,negative,0,192,0,0,24,0
FULL|C1|HH_CARR|F,0.00213623046875,0.0018961588541666667,0.0024251302083333334,positive,141,0,51,24,0,0
FULL|C1|HH_CARR|F0,0.0625,0.0625,0.0625,positive,192,0,0,24,0,0
FULL|C1|HH_CARR|F1,0.03759765625,0.034016927083333336,0.04101969401041664,positive,141,0,51,24,0,0
FULL|C1|HH_CARR|F40,0.0,0.0,0.0,observed_exact_zero,0,0,192,0,0,24
FULL|C1|HH_CARR|FE1,0.016438802083333332,0.0146484375,0.01855550130208333,positive,141,0,51,24,0,0
FULL|C1|HH_CARR|FE2,0.0006510416666666666,0.00022786458333333336,0.0011393229166666667,positive,9,0,183,8,0,16
FULL|C1|HH_CARR|FE3,0.0,0.0,0.0,observed_exact_zero,0,0,192,0,0,24
FULL|C1|HH_CARR|FE4,0.0,0.0,0.0,observed_exact_zero,0,0,192,0,0,24
FULL|C1|HH_CARR|FE5,0.0,0.0,0.0,observed_exact_zero,0,0,192,0,0,24
FULL|C1|HH_CARR|FE6,0.0,0.0,0.0,observed_exact_zero,0,0,192,0,0,24
FULL|C1|HH_CARR|FE7,0.0,0.0,0.0,observed_exact_zero,0,0,192,0,0,24
FULL|C1|HH_CARR|FE8,0.0,0.0,0.0,observed_exact_zero,0,0,192,0,0,24
FULL|C1|HH_MINUS_FF_POP|E1,-1.627604166665649e-05,-0.00015159606933590222,0.00012110392252606516,unresolved,50,47,95,10,14,0
FULL|C1|HH_MINUS_FF_POP|E2,6.103515625008327e-06,-0.00022481282552083297,0.0002350107828776262,unresolved,50,47,95,10,13,1
FULL|C1|HH_MINUS_FF_POP|E3,-4.2724609375007404e-05,-0.0004120381673177043,0.0003540293375650975,unresolved,47,51,94,10,14,0
FULL|C1|HH_MINUS_FF_POP|E4,0.00011698404947919443,-0.0003021240234374844,0.0005351003011068026,unresolved,51,46,95,11,13,0
FULL|C1|HH_MINUS_FF_POP|E5,5.086263020834721e-05,-0.00037645975748696464,0.00046201070149740997,unresolved,56,44,92,14,10,0
FULL|C1|HH_MINUS_FF_POP|E6,0.00031433105468750094,-0.00010681152343747756,0.0007711283365885567,unresolved,58,42,92,14,10,0
FULL|C1|HH_MINUS_FF_POP|E7,-0.00020345052083333334,-0.0007427215576171826,0.00031842549641924534,unresolved,44,53,95,11,13,0
FULL|C1|HH_MINUS_FF_POP|E8,-0.00025838216145833426,-0.0008158620198567599,0.00031127929687501304,unresolved,44,54,94,9,15,0
FULL|C1|HH_MINUS_FF_POP|MLOSS,4.069010416673374e-06,-0.0001106421152750559,0.00011838595072428894,unresolved,52,50,90,11,13,0
FULL|C1|HH_MINUS_FF_POP|U,-4.069010416639836e-06,-0.00011838595072428196,0.00011064211527509694,unresolved,50,52,90,13,11,0
FULL|C1|HH_MINUS_FF_POP|U0,0.0,0.0,0.0,structural_zero,0,0,192,0,0,24
FULL|C1|HH_MINUS_FF_POP|U1,9.663899739583333e-05,2.5431315104166668e-05,0.00017801920572916666,positive,13,6,173,8,2,14
FULL|C1|HH_MINUS_FF_POP|U40,-1.52587890625e-05,-0.0021975199381510414,0.0022176106770833335,unresolved,49,50,93,12,12,0
FULL|C1|HH_MINUS_HF_POP|E1,1.7293294270836108e-05,-5.9509277343753814e-05,9.613037109374364e-05,unresolved,51,46,95,10,14,0
FULL|C1|HH_MINUS_HF_POP|E2,0.00012766520182292776,5.073547363277041e-06,0.00023754119873045914,positive,55,43,94,16,7,1
FULL|C1|HH_MINUS_HF_POP|E3,2.2379557291664815e-05,-0.00017653147379558033,0.0002421188354492111,unresolved,46,52,94,11,12,1
FULL|C1|HH_MINUS_HF_POP|E4,0.00020192464192709167,-0.00010531107584634836,0.0005116907755533913,unresolved,54,44,94,14,10,0
FULL|C1|HH_MINUS_HF_POP|E5,-1.5767415364571307e-05,-0.000252876281738285,0.00020755767822268012,unresolved,55,45,92,12,12,0
FULL|C1|HH_MINUS_HF_POP|E6,0.00021006266276044072,-3.103892008461869e-05,0.0004689788818359777,unresolved,59,41,92,15,9,0
FULL|C1|HH_MINUS_HF_POP|E7,-0.0001744588216145935,-0.000498987833658879,0.00017955780029296515,unresolved,43,54,95,11,13,0
FULL|C1|HH_MINUS_HF_POP|E8,-8.799235026040834e-05,-0.0003728357950846178,0.00022435506184897397,unresolved,45,53,94,9,15,0
FULL|C1|HH_MINUS_HF_POP|MLOSS,-3.763834635415441e-05,-0.00011005878448485735,3.268241882324675e-05,unresolved,48,54,90,9,15,0
FULL|C1|HH_MINUS_HF_POP|U,3.7638346354187946e-05,-3.268241882325128e-05,0.00011005878448487707,unresolved,54,48,90,15,9,0
FULL|C1|HH_MINUS_HF_POP|U0,0.0,0.0,0.0,structural_zero,0,0,192,0,0,24
FULL|C1|HH_MINUS_HF_POP|U1,4.0690104166666664e-05,1.0172526041666666e-05,7.62939453125e-05,positive,12,6,174,8,2,14
FULL|C1|HH_MINUS_HF_POP|U40,0.0001220703125,-0.0010681788126627604,0.0013225555419921868,unresolved,47,52,93,12,12,0
FULL|C1|HH_POP|E1,0.762054443359375,0.7449681599934896,0.7793417358398437,positive,192,0,0,24,0,0
FULL|C1|HH_POP|E2,0.7617746988932291,0.7457732899983724,0.7777278900146484,positive,192,0,0,24,0,0
FULL|C1|HH_POP|E3,0.7632425944010416,0.7463527679443358,0.7803182220458983,positive,192,0,0,24,0,0
FULL|C1|HH_POP|E4,0.7625254313151042,0.7467202504475912,0.7782086435953776,positive,192,0,0,24,0,0
FULL|C1|HH_POP|E5,0.7635223388671873,0.746385269165039,0.7808470408121745,positive,192,0,0,24,0,0
FULL|C1|HH_POP|E6,0.76265869140625,0.7465581258138022,0.778698755900065,positive,192,0,0,24,0,0
FULL|C1|HH_POP|E7,0.7636271158854168,0.7466915130615233,0.7807228597005207,positive,192,0,0,24,0,0
FULL|C1|HH_POP|E8,0.7622955322265624,0.7464448038736979,0.778129145304362,positive,192,0,0,24,0,0
FULL|C1|HH_POP|MLOSS,0.2372873942057292,0.22079331398010257,0.25376005490620934,positive,192,0,0,24,0,0
FULL|C1|HH_POP|U,0.7627126057942708,0.7462399450937908,0.7792066860198974,positive,192,0,0,24,0,0
FULL|C1|HH_POP|U0,0.76220703125,0.7422551472981771,0.7825715382893881,positive,192,0,0,24,0,0
FULL|C1|HH_POP|U1,0.7654673258463541,0.7463170369466146,0.7850968678792317,positive,192,0,0,24,0,0
FULL|C1|HH_POP|U40,0.7594502766927084,0.7446175893147787,0.7744410196940104,positive,192,0,0,24,0,0
FULL|C1|INTERACTION|D40,0.0,0.0,0.0,observed_exact_zero,0,0,192,0,0,24
FULL|C1|INTERACTION|F,-9.562174479166658e-05,-0.00023401896158854158,2.441406250000002e-05,unresolved,10,9,173,7,8,9
FULL|C1|INTERACTION|F0,0.0,0.0,0.0,structural_zero,0,0,192,0,0,24
FULL|C1|INTERACTION|F1,-8.138020833333333e-05,-0.000244140625,0.0,unresolved,0,1,191,0,1,23
FULL|C1|INTERACTION|F40,0.0,0.0,0.0,observed_exact_zero,0,0,192,0,0,24
FULL|C1|INTERACTION|FE1,-0.0003906249999999999,-0.0009602864583333333,0.00011433919270833157,unresolved,10,9,173,7,8,9
FULL|C1|INTERACTION|FE2,-0.0003743489583333333,-0.0009765625,9.765625000000002e-05,unresolved,2,3,187,2,3,19
FULL|C1|INTERACTION|FE3,0.0,0.0,0.0,observed_exact_zero,0,0,192,0,0,24
FULL|C1|INTERACTION|FE4,0.0,0.0,0.0,observed_exact_zero,0,0,192,0,0,24
FULL|C1|INTERACTION|FE5,0.0,0.0,0.0,observed_exact_zero,0,0,192,0,0,24
FULL|C1|INTERACTION|FE6,0.0,0.0,0.0,observed_exact_zero,0,0,192,0,0,24
FULL|C1|INTERACTION|FE7,0.0,0.0,0.0,observed_exact_zero,0,0,192,0,0,24
FULL|C1|INTERACTION|FE8,0.0,0.0,0.0,observed_exact_zero,0,0,192,0,0,24
FULL|C1|MIX_RANK|D40,0.0,0.0,0.0,observed_exact_zero,0,0,192,0,0,24
FULL|C1|MIX_RANK|F,0.0006551106770833333,0.0005126444498697916,0.0008280436197916665,positive,97,2,93,24,0,0
FULL|C1|MIX_RANK|F0,0.0,0.0,0.0,structural_zero,0,0,192,0,0,24
FULL|C1|MIX_RANK|F1,0.005777994791666667,0.004557291666666667,0.007080078125,positive,62,0,130,24,0,0
FULL|C1|MIX_RANK|F40,0.0,0.0,0.0,observed_exact_zero,0,0,192,0,0,24
FULL|C1|MIX_RANK|FE1,0.004541015625,0.0037593587239583334,0.0054361979166666664,positive,97,2,93,24,0,0
FULL|C1|MIX_RANK|FE2,0.0006998697916666667,0.00021158854166666667,0.001334635416666667,positive,10,0,182,8,0,16
FULL|C1|MIX_RANK|FE3,0.0,0.0,0.0,observed_exact_zero,0,0,192,0,0,24
FULL|C1|MIX_RANK|FE4,0.0,0.0,0.0,observed_exact_zero,0,0,192,0,0,24
FULL|C1|MIX_RANK|FE5,0.0,0.0,0.0,observed_exact_zero,0,0,192,0,0,24
FULL|C1|MIX_RANK|FE6,0.0,0.0,0.0,observed_exact_zero,0,0,192,0,0,24
FULL|C1|MIX_RANK|FE7,0.0,0.0,0.0,observed_exact_zero,0,0,192,0,0,24
FULL|C1|MIX_RANK|FE8,0.0,0.0,0.0,observed_exact_zero,0,0,192,0,0,24
FULL|C1|R_F|D40,0.0,0.0,0.0,observed_exact_zero,0,0,192,0,0,24
FULL|C1|R_F|F,0.00064697265625,0.000502471923828125,0.0008341979980468747,positive,97,1,94,24,0,0
FULL|C1|R_F|F0,0.0,0.0,0.0,structural_zero,0,0,192,0,0,24
FULL|C1|R_F|F1,0.005533854166666667,0.00439453125,0.006754557291666667,positive,62,0,130,24,0,0
FULL|C1|R_F|F40,0.0,0.0,0.0,observed_exact_zero,0,0,192,0,0,24
FULL|C1|R_F|FE1,0.004475911458333333,0.003645833333333333,0.005452473958333333,positive,97,1,94,24,0,0
FULL|C1|R_F|FE2,0.0006998697916666667,0.00021158854166666667,0.001334635416666667,positive,10,0,182,8,0,16
FULL|C1|R_F|FE3,0.0,0.0,0.0,observed_exact_zero,0,0,192,0,0,24
FULL|C1|R_F|FE4,0.0,0.0,0.0,observed_exact_zero,0,0,192,0,0,24
FULL|C1|R_F|FE5,0.0,0.0,0.0,observed_exact_zero,0,0,192,0,0,24
FULL|C1|R_F|FE6,0.0,0.0,0.0,observed_exact_zero,0,0,192,0,0,24
FULL|C1|R_F|FE7,0.0,0.0,0.0,observed_exact_zero,0,0,192,0,0,24
FULL|C1|R_F|FE8,0.0,0.0,0.0,observed_exact_zero,0,0,192,0,0,24
FULL|C1|R_H|D40,0.0,0.0,0.0,observed_exact_zero,0,0,192,0,0,24
FULL|C1|R_H|F,0.0005513509114583333,0.0004475911458333333,0.0006896972656250002,positive,97,1,94,24,0,0
FULL|C1|R_H|F0,0.0,0.0,0.0,structural_zero,0,0,192,0,0,24
FULL|C1|R_H|F1,0.005452473958333333,0.004231770833333333,0.006754557291666667,positive,62,0,130,24,0,0
FULL|C1|R_H|F40,0.0,0.0,0.0,observed_exact_zero,0,0,192,0,0,24
FULL|C1|R_H|FE1,0.0040852864583333336,0.0033365885416666665,0.005045572916666667,positive,97,1,94,24,0,0
FULL|C1|R_H|FE2,0.0003255208333333333,0.00011393229166666668,0.0005696614583333334,positive,9,0,183,8,0,16
FULL|C1|R_H|FE3,0.0,0.0,0.0,observed_exact_zero,0,0,192,0,0,24
FULL|C1|R_H|FE4,0.0,0.0,0.0,observed_exact_zero,0,0,192,0,0,24
FULL|C1|R_H|FE5,0.0,0.0,0.0,observed_exact_zero,0,0,192,0,0,24
FULL|C1|R_H|FE6,0.0,0.0,0.0,observed_exact_zero,0,0,192,0,0,24
FULL|C1|R_H|FE7,0.0,0.0,0.0,observed_exact_zero,0,0,192,0,0,24
FULL|C1|R_H|FE8,0.0,0.0,0.0,observed_exact_zero,0,0,192,0,0,24
HALF_MINUS_ZERO|C0|INTERACTION|D40,-0.005696614583333333,-0.045660400390625,0.029380289713541653,unresolved,23,23,146,11,9,4
HALF_MINUS_ZERO|C0|INTERACTION|F,-0.007832845052083337,-0.03070465087890625,0.013215688069661431,unresolved,33,38,121,11,13,0
HALF_MINUS_ZERO|C0|INTERACTION|F0,0.0,0.0,0.0,structural_zero,0,0,192,0,0,24
HALF_MINUS_ZERO|C0|INTERACTION|F1,0.0,0.0,0.0,structural_zero,0,0,192,0,0,24
HALF_MINUS_ZERO|C0|INTERACTION|F40,-0.005696614583333333,-0.045660400390625,0.029380289713541653,unresolved,23,23,146,11,9,4
HALF_MINUS_ZERO|C0|INTERACTION|FE1,-4.882812500000149e-05,-0.002116292317708334,0.0017903645833333296,unresolved,31,28,133,11,10,3
HALF_MINUS_ZERO|C0|INTERACTION|FE2,-0.004345703124999996,-0.015755208333333326,0.006659749348958318,unresolved,29,38,125,12,12,0
HALF_MINUS_ZERO|C0|INTERACTION|FE3,-0.00721028645833334,-0.026353352864583346,0.010014648437499966,unresolved,31,31,130,12,11,1
HALF_MINUS_ZERO|C0|INTERACTION|FE4,-0.01468098958333333,-0.04153849283854166,0.009432373046874951,unresolved,29,31,132,11,12,1
HALF_MINUS_ZERO|C0|INTERACTION|FE5,-0.012255859375000002,-0.04067586263020833,0.014665120442708332,unresolved,26,30,136,11,11,2
HALF_MINUS_ZERO|C0|INTERACTION|FE6,-0.012125651041666676,-0.046248779296875,0.020414632161458304,unresolved,22,30,140,10,11,3
HALF_MINUS_ZERO|C0|INTERACTION|FE7,-0.005533854166666667,-0.04287312825520833,0.028907877604166663,unresolved,23,27,142,10,11,3
HALF_MINUS_ZERO|C0|INTERACTION|FE8,-0.006461588541666667,-0.045655517578125,0.027947591145833322,unresolved,23,23,146,11,9,4
HALF_MINUS_ZERO|C0|R_F|D40,0.12288411458333333,0.08422648111979167,0.16845906575520833,positive,58,18,116,21,2,1
HALF_MINUS_ZERO|C0|R_F|F,0.08603719075520834,0.05994394938151042,0.1150447082519531,positive,92,40,60,23,1,0
HALF_MINUS_ZERO|C0|R_F|F0,0.0,0.0,0.0,structural_zero,0,0,192,0,0,24
HALF_MINUS_ZERO|C0|R_F|F1,0.0,0.0,0.0,structural_zero,0,0,192,0,0,24
HALF_MINUS_ZERO|C0|R_F|F40,0.12288411458333333,0.08422648111979167,0.16845906575520833,positive,58,18,116,21,2,1
HALF_MINUS_ZERO|C0|R_F|FE1,0.006445312500000001,0.0036458333333333356,0.009424235026041665,positive,80,31,81,17,4,3
HALF_MINUS_ZERO|C0|R_F|FE2,0.04583333333333333,0.02813883463541666,0.06749145507812492,positive,92,38,62,22,2,0
HALF_MINUS_ZERO|C0|R_F|FE3,0.06590169270833333,0.04114501953125001,0.094189453125,positive,76,36,80,19,5,0
HALF_MINUS_ZERO|C0|R_F|FE4,0.09943033854166666,0.06772135416666666,0.13434651692708333,positive,71,33,88,22,2,0
HALF_MINUS_ZERO|C0|R_F|FE5,0.11328125,0.07879150390624999,0.14987019856770833,positive,69,25,98,21,3,0
HALF_MINUS_ZERO|C0|R_F|FE6,0.119140625,0.08356119791666668,0.157635498046875,positive,66,21,105,21,2,1
HALF_MINUS_ZERO|C0|R_F|FE7,0.11663411458333332,0.07878743489583333,0.15893636067708333,positive,62,20,110,21,2,1
HALF_MINUS_ZERO|C0|R_F|FE8,0.12163085937500001,0.08368977864583332,0.1667220052083333,positive,59,18,115,21,2,1
HALF_MINUS_ZERO|C0|R_H|D40,0.1171875,0.07095743815104168,0.161785888671875,positive,58,13,121,19,4,1
HALF_MINUS_ZERO|C0|R_H|F,0.078204345703125,0.046607513427734386,0.10791702270507811,positive,93,42,57,19,5,0
HALF_MINUS_ZERO|C0|R_H|F0,0.0,0.0,0.0,structural_zero,0,0,192,0,0,24
HALF_MINUS_ZERO|C0|R_H|F1,0.0,0.0,0.0,structural_zero,0,0,192,0,0,24
HALF_MINUS_ZERO|C0|R_H|F40,0.1171875,0.07095743815104168,0.161785888671875,positive,58,13,121,19,4,1
HALF_MINUS_ZERO|C0|R_H|FE1,0.006396484375,0.0036454264322916654,0.009440104166666666,positive,80,34,78,18,3,3
HALF_MINUS_ZERO|C0|R_H|FE2,0.041487630208333334,0.023127034505208338,0.06129597981770834,positive,90,40,62,19,5,0
HALF_MINUS_ZERO|C0|R_H|FE3,0.058691406249999994,0.028580322265625,0.08680094401041666,positive,77,32,83,19,5,0
HALF_MINUS_ZERO|C0|R_H|FE4,0.08474934895833335,0.047960611979166665,0.12018229166666666,positive,74,28,90,19,4,1
HALF_MINUS_ZERO|C0|R_H|FE5,0.101025390625,0.06049031575520833,0.13913126627604164,positive,69,24,99,19,4,1
HALF_MINUS_ZERO|C0|R_H|FE6,0.10701497395833333,0.059576822916666654,0.1505106608072916,positive,67,19,106,18,5,1
HALF_MINUS_ZERO|C0|R_H|FE7,0.11110026041666667,0.06337849934895834,0.15574747721354165,positive,63,18,111,18,5,1
HALF_MINUS_ZERO|C0|R_H|FE8,0.11516927083333334,0.06867879231770833,0.16069702148437495,positive,61,13,118,18,5,1
HALF_MINUS_ZERO|C1|INTERACTION|D40,0.0,0.0,0.0,observed_exact_zero,0,0,192,0,0,24
HALF_MINUS_ZERO|C1|INTERACTION|F,0.00022176106770833339,-0.0001566569010416666,0.0006836446126302079,unresolved,8,8,176,6,7,11
HALF_MINUS_ZERO|C1|INTERACTION|F0,0.0,0.0,0.0,structural_zero,0,0,192,0,0,24
HALF_MINUS_ZERO|C1|INTERACTION|F1,0.0,0.0,0.0,structural_zero,0,0,192,0,0,24
HALF_MINUS_ZERO|C1|INTERACTION|F40,0.0,0.0,0.0,observed_exact_zero,0,0,192,0,0,24
HALF_MINUS_ZERO|C1|INTERACTION|FE1,-0.00011393229166666687,-0.0007486979166666667,0.0004557291666666664,unresolved,7,7,178,5,6,13
HALF_MINUS_ZERO|C1|INTERACTION|FE2,0.0009114583333333332,-0.0008463541666666667,0.002800292968749995,unresolved,7,5,180,7,5,12
HALF_MINUS_ZERO|C1|INTERACTION|FE3,0.0002766927083333333,-0.00045613606770833335,0.0011071777343749979,unresolved,3,2,187,3,2,19
HALF_MINUS_ZERO|C1|INTERACTION|FE4,0.00017903645833333335,0.0,0.000537109375,unresolved,1,0,191,1,0,23
HALF_MINUS_ZERO|C1|INTERACTION|FE5,0.00047200520833333334,0.0,0.001416015625,unresolved,1,0,191,1,0,23
HALF_MINUS_ZERO|C1|INTERACTION|FE6,4.8828124999999996e-05,0.0,0.000146484375,unresolved,1,0,191,1,0,23
HALF_MINUS_ZERO|C1|INTERACTION|FE7,0.0,0.0,0.0,observed_exact_zero,0,0,192,0,0,24
HALF_MINUS_ZERO|C1|INTERACTION|FE8,0.0,0.0,0.0,observed_exact_zero,0,0,192,0,0,24
HALF_MINUS_ZERO|C1|R_F|D40,0.0026041666666666665,0.0,0.0078125,unresolved,1,0,191,1,0,23
HALF_MINUS_ZERO|C1|R_F|F,0.0022928873697916664,-0.00024414062500000005,0.007037658691406246,unresolved,24,24,144,10,11,3
HALF_MINUS_ZERO|C1|R_F|F0,0.0,0.0,0.0,structural_zero,0,0,192,0,0,24
HALF_MINUS_ZERO|C1|R_F|F1,0.0,0.0,0.0,structural_zero,0,0,192,0,0,24
HALF_MINUS_ZERO|C1|R_F|F40,0.0026041666666666665,0.0,0.0078125,unresolved,1,0,191,1,0,23
HALF_MINUS_ZERO|C1|R_F|FE1,0.0003417968750000001,-0.00048828124999999957,0.001171875,unresolved,26,22,144,11,9,4
HALF_MINUS_ZERO|C1|R_F|FE2,0.002376302083333333,-0.0011555989583333333,0.007716064453124992,unresolved,13,19,160,7,11,6
HALF_MINUS_ZERO|C1|R_F|FE3,0.0026529947916666663,-0.0008138020833333334,0.008658854166666667,unresolved,3,3,186,2,3,19
HALF_MINUS_ZERO|C1|R_F|FE4,0.0025553385416666667,-0.00019531249999999998,0.007861328124999999,unresolved,2,1,189,2,1,21
HALF_MINUS_ZERO|C1|R_F|FE5,0.0026041666666666665,0.0,0.0078125,unresolved,1,0,191,1,0,23
HALF_MINUS_ZERO|C1|R_F|FE6,0.0026041666666666665,0.0,0.0078125,unresolved,1,0,191,1,0,23
HALF_MINUS_ZERO|C1|R_F|FE7,0.0026041666666666665,0.0,0.0078125,unresolved,1,0,191,1,0,23
HALF_MINUS_ZERO|C1|R_F|FE8,0.0026041666666666665,0.0,0.0078125,unresolved,1,0,191,1,0,23
HALF_MINUS_ZERO|C1|R_H|D40,0.0026041666666666665,0.0,0.0078125,unresolved,1,0,191,1,0,23
HALF_MINUS_ZERO|C1|R_H|F,0.0025146484374999997,-0.00011805216471354172,0.0073284403483072896,unresolved,24,21,147,12,9,3
HALF_MINUS_ZERO|C1|R_H|F0,0.0,0.0,0.0,structural_zero,0,0,192,0,0,24
HALF_MINUS_ZERO|C1|R_H|F1,0.0,0.0,0.0,structural_zero,0,0,192,0,0,24
HALF_MINUS_ZERO|C1|R_H|F40,0.0026041666666666665,0.0,0.0078125,unresolved,1,0,191,1,0,23
HALF_MINUS_ZERO|C1|R_H|FE1,0.00022786458333333317,-0.0006998697916666667,0.0012536621093749976,unresolved,24,21,147,11,9,4
HALF_MINUS_ZERO|C1|R_H|FE2,0.0032877604166666667,-0.0003255208333333335,0.008628336588541657,unresolved,16,16,160,8,8,8
HALF_MINUS_ZERO|C1|R_H|FE3,0.0029296875,-0.0007975260416666668,0.009083251953124994,unresolved,5,4,183,4,4,16
HALF_MINUS_ZERO|C1|R_H|FE4,0.0027343750000000003,-0.000146484375,0.008186848958333333,unresolved,3,1,188,3,1,20
HALF_MINUS_ZERO|C1|R_H|FE5,0.003076171875,0.0,0.008756510416666667,unresolved,2,0,190,2,0,22
HALF_MINUS_ZERO|C1|R_H|FE6,0.0026529947916666668,0.0,0.00791015625,unresolved,2,0,190,2,0,22
HALF_MINUS_ZERO|C1|R_H|FE7,0.0026041666666666665,0.0,0.0078125,unresolved,1,0,191,1,0,23
HALF_MINUS_ZERO|C1|R_H|FE8,0.0026041666666666665,0.0,0.0078125,unresolved,1,0,191,1,0,23
HALF|C0|COMP_F|D40,-0.00439453125,-0.012044270833333334,0.0025227864583333335,unresolved,1,3,188,1,3,20
HALF|C0|COMP_F|F,-0.0013732910156249993,-0.0066636657714843756,0.0037974039713541616,unresolved,24,24,144,10,12,2
HALF|C0|COMP_F|F0,0.0,0.0,0.0,structural_zero,0,0,192,0,0,24
HALF|C0|COMP_F|F1,-8.138020833333333e-05,-0.000244140625,0.0,unresolved,0,1,191,0,1,23
HALF|C0|COMP_F|F40,-0.00439453125,-0.012044270833333334,0.0025227864583333335,unresolved,1,3,188,1,3,20
HALF|C0|COMP_F|FE1,-0.000325520833333333,-0.001383870442708333,0.0006347656249999999,unresolved,23,23,146,10,11,3
HALF|C0|COMP_F|FE2,0.0006835937499999998,-0.0026367187500000006,0.004525146484374997,unresolved,12,15,165,6,9,9
HALF|C0|COMP_F|FE3,-0.000520833333333333,-0.006186116536458333,0.005292561848958319,unresolved,10,9,173,6,6,12
HALF|C0|COMP_F|FE4,-0.0023111979166666663,-0.009489339192708333,0.005322672526041665,unresolved,4,7,181,3,6,15
HALF|C0|COMP_F|FE5,-0.002685546875,-0.010093994140625,0.004834798177083329,unresolved,3,6,183,2,5,17
HALF|C0|COMP_F|FE6,0.0002604166666666666,-0.00709716796875,0.00771769205729165,unresolved,3,4,185,3,3,18
HALF|C0|COMP_F|FE7,-0.002425130208333333,-0.010435384114583335,0.00558390299479166,unresolved,3,4,185,3,3,18
HALF|C0|COMP_F|FE8,-0.003662109375,-0.011556396484375,0.0040852864583333336,unresolved,2,4,186,1,4,19
HALF|C0|COMP_H|D40,-0.023274739583333332,-0.042399088541666664,-0.005775960286458345,negative,9,17,166,2,10,12
HALF|C0|COMP_H|F,-0.014790852864583336,-0.028289896647135417,-0.002364247639973978,negative,26,47,119,8,16,0
HALF|C0|COMP_H|F0,0.0,0.0,0.0,structural_zero,0,0,192,0,0,24
HALF|C0|COMP_H|F1,-0.00016276041666666666,-0.0004069010416666667,0.0,unresolved,0,2,190,0,2,22
HALF|C0|COMP_H|F40,-0.023274739583333332,-0.042399088541666664,-0.005775960286458345,negative,9,17,166,2,10,12
HALF|C0|COMP_H|FE1,-0.001513671875,-0.0034016927083333325,0.0004235839843749977,unresolved,28,42,122,6,18,0
HALF|C0|COMP_H|FE2,-0.0064615885416666645,-0.015202636718749997,0.0021508789062499862,unresolved,24,36,132,8,13,3
HALF|C0|COMP_H|FE3,-0.010042317708333338,-0.022591552734375006,0.0016617838541666513,unresolved,21,27,144,7,13,4
HALF|C0|COMP_H|FE4,-0.018636067708333332,-0.03751790364583333,-0.0024060058593750135,negative,14,27,151,6,11,7
HALF|C0|COMP_H|FE5,-0.02111002604166667,-0.04111328125,-0.002294921875000003,negative,12,24,156,5,12,7
HALF|C0|COMP_H|FE6,-0.018408203125000005,-0.03587605794270834,-0.0021480305989583347,negative,10,22,160,5,12,7
HALF|C0|COMP_H|FE7,-0.0197265625,-0.03773111979166666,-0.003431803385416681,negative,10,21,161,4,12,8
HALF|C0|COMP_H|FE8,-0.02242838541666667,-0.041341145833333336,-0.005222167968750012,negative,9,18,165,2,11,11
HALF|C0|FF_AVG|D40,-0.022705078125,-0.030192057291666668,-0.01399332682291669,negative,4,188,0,3,21,0
HALF|C0|FF_AVG|F,0.012335205078125,0.006987253824869792,0.018309071858723956,positive,155,0,37,24,0,0
HALF|C0|FF_AVG|F0,0.03125,0.03125,0.03125,positive,192,0,0,24,0,0
HALF|C0|FF_AVG|F1,0.022705078125,0.020100911458333332,0.025309244791666668,positive,155,0,37,24,0,0
HALF|C0|FF_AVG|F40,0.008544921875,0.0010579427083333333,0.017256673177083313,positive,4,0,188,4,0,20
HALF|C0|FF_AVG|FE1,0.015218098958333334,0.012043863932291668,0.01870157877604166,positive,155,0,37,24,0,0
HALF|C0|FF_AVG|FE2,0.012272135416666668,0.007145182291666667,0.01832722981770833,positive,36,0,156,20,0,4
HALF|C0|FF_AVG|FE3,0.015413411458333333,0.008331705729166666,0.023340657552083324,positive,21,0,171,14,0,10
HALF|C0|FF_AVG|FE4,0.01474609375,0.0072908528645833325,0.022639973958333334,positive,16,0,176,11,0,13
HALF|C0|FF_AVG|FE5,0.012483723958333333,0.005272623697916668,0.02067097981770833,positive,14,0,178,11,0,13
HALF|C0|FF_AVG|FE6,0.010286458333333333,0.002864176432291667,0.018863932291666666,positive,9,0,183,8,0,16
HALF|C0|FF_AVG|FE7,0.009733072916666667,0.0027807617187499997,0.017952880859374996,positive,8,0,184,7,0,17
HALF|C0|FF_AVG|FE8,0.008528645833333333,0.0013671875000000001,0.016799316406249987,positive,6,0,186,6,0,18
HALF|C0|FF_CARR|D40,-0.04541015625,-0.060384114583333336,-0.02798665364583338,negative,4,188,0,3,21,0
HALF|C0|FF_CARR|F,0.02467041015625,0.013974507649739584,0.03661814371744791,positive,155,0,37,24,0,0
HALF|C0|FF_CARR|F0,0.0625,0.0625,0.0625,positive,192,0,0,24,0,0
HALF|C0|FF_CARR|F1,0.04541015625,0.040201822916666664,0.050618489583333336,positive,155,0,37,24,0,0
HALF|C0|FF_CARR|F40,0.01708984375,0.0021158854166666665,0.03451334635416663,positive,4,0,188,4,0,20
HALF|C0|FF_CARR|FE1,0.030436197916666668,0.024087727864583335,0.03740315755208332,positive,155,0,37,24,0,0
HALF|C0|FF_CARR|FE2,0.024544270833333336,0.014290364583333335,0.03665445963541666,positive,36,0,156,20,0,4
HALF|C0|FF_CARR|FE3,0.030826822916666666,0.016663411458333333,0.04668131510416665,positive,21,0,171,14,0,10
HALF|C0|FF_CARR|FE4,0.0294921875,0.014581705729166665,0.04527994791666667,positive,16,0,176,11,0,13
HALF|C0|FF_CARR|FE5,0.024967447916666666,0.010545247395833336,0.04134195963541666,positive,14,0,178,11,0,13
HALF|C0|FF_CARR|FE6,0.020572916666666666,0.005728352864583334,0.03772786458333333,positive,9,0,183,8,0,16
HALF|C0|FF_CARR|FE7,0.019466145833333334,0.005561523437499999,0.03590576171874999,positive,8,0,184,7,0,17
HALF|C0|FF_CARR|FE8,0.017057291666666665,0.0027343750000000003,0.03359863281249997,positive,6,0,186,6,0,18
HALF|C0|FF_POP|E1,0.7059499104817708,0.6849059549967449,0.729217783610026,positive,192,0,0,24,0,0
HALF|C0|FF_POP|E2,0.6276896158854167,0.6138327026367189,0.6444451904296875,positive,192,0,0,24,0,0
HALF|C0|FF_POP|E3,0.6141998291015625,0.607633285522461,0.6209432220458984,positive,192,0,0,24,0,0
HALF|C0|FF_POP|E4,0.6207000732421876,0.6130130513509114,0.6283941141764322,positive,192,0,0,24,0,0
HALF|C0|FF_POP|E5,0.6220804850260416,0.6148450469970703,0.6325839742024739,positive,192,0,0,24,0,0
HALF|C0|FF_POP|E6,0.6153910319010416,0.6096335093180338,0.6214281463623047,positive,192,0,0,24,0,0
HALF|C0|FF_POP|E7,0.6150604248046875,0.6082931009928386,0.6232951100667318,positive,192,0,0,24,0,0
HALF|C0|FF_POP|E8,0.6132720947265625,0.6078571065266927,0.6187943267822266,positive,192,0,0,24,0,0
HALF|C0|FF_POP|MLOSS,0.3707070668538412,0.36619778951009113,0.3750401147206624,positive,192,0,0,24,0,0
HALF|C0|FF_POP|U,0.6292929331461589,0.6249598852793375,0.6338022104899088,positive,192,0,0,24,0,0
HALF|C0|FF_POP|U0,0.76220703125,0.7422551472981771,0.7825715382893881,positive,192,0,0,24,0,0
HALF|C0|FF_POP|U1,0.7654469807942709,0.7462818145751954,0.7850454966227213,positive,192,0,0,24,0,0
HALF|C0|FF_POP|U40,0.6123301188151041,0.6021517435709635,0.6231193542480469,positive,192,0,0,24,0,0
HALF|C0|HF_CARR|D40,0.08414713541666667,0.047119140625,0.12223714192708332,positive,52,140,0,16,3,5
HALF|C0|HF_CARR|F,0.11948445638020833,0.09409586588541666,0.14658040364583333,positive,172,0,20,24,0,0
HALF|C0|HF_CARR|F0,0.0625,0.0625,0.0625,positive,192,0,0,24,0,0
HALF|C0|HF_CARR|F1,0.055257161458333336,0.050211588541666664,0.060384114583333336,positive,172,0,20,24,0,0
HALF|C0|HF_CARR|F40,0.14664713541666666,0.109619140625,0.1847371419270833,positive,52,0,140,21,0,3
HALF|C0|HF_CARR|FE1,0.05206705729166667,0.04549153645833334,0.05900105794270833,positive,172,0,20,24,0,0
HALF|C0|HF_CARR|FE2,0.08535156249999999,0.06756062825520834,0.10467895507812494,positive,117,0,75,24,0,0
HALF|C0|HF_CARR|FE3,0.10914713541666667,0.08879923502604167,0.13172403971354169,positive,90,0,102,24,0,0
HALF|C0|HF_CARR|FE4,0.13123372395833333,0.10403320312500001,0.16157958984374998,positive,78,0,114,24,0,0
HALF|C0|HF_CARR|FE5,0.14195963541666667,0.10800577799479168,0.17773518880208333,positive,70,0,122,23,0,1
HALF|C0|HF_CARR|FE6,0.1449544270833333,0.11067220052083333,0.18123453776041668,positive,61,0,131,21,0,3
HALF|C0|HF_CARR|FE7,0.14523111979166667,0.10898071289062501,0.18311401367187496,positive,57,0,135,21,0,3
HALF|C0|HF_CARR|FE8,0.1459309895833333,0.10917683919270833,0.18408406575520833,positive,54,0,138,21,0,3
HALF|C0|HF_F|D40,-0.027099609375,-0.03125,-0.020345052083333332,negative,2,190,0,2,22,0
HALF|C0|HF_F|F,0.0109619140625,0.005875600179036458,0.016931610107421873,positive,155,0,37,24,0,0
HALF|C0|HF_F|F0,0.03125,0.03125,0.03125,positive,192,0,0,24,0,0
HALF|C0|HF_F|F1,0.022623697916666668,0.02001953125,0.025309244791666668,positive,155,0,37,24,0,0
HALF|C0|HF_F|F40,0.004150390625,0.0,0.010904947916666666,unresolved,2,0,190,2,0,22
HALF|C0|HF_F|FE1,0.014892578125,0.011425781250000001,0.01883138020833333,positive,155,0,37,24,0,0
HALF|C0|HF_F|FE2,0.012955729166666666,0.007438151041666667,0.019417724609374996,positive,39,0,153,19,0,5
HALF|C0|HF_F|FE3,0.014892578125,0.007958984375,0.022510986328124993,positive,23,0,169,14,0,10
HALF|C0|HF_F|FE4,0.012434895833333334,0.005581868489583334,0.020328776041666666,positive,15,0,177,10,0,14
HALF|C0|HF_F|FE5,0.009798177083333333,0.003352457682291667,0.017366536458333335,positive,11,0,181,8,0,16
HALF|C0|HF_F|FE6,0.010546874999999999,0.0029443359374999997,0.019499104817708328,positive,8,0,184,6,0,18
HALF|C0|HF_F|FE7,0.007307942708333334,0.0012691243489583333,0.014780273437499993,positive,7,0,185,6,0,18
HALF|C0|HF_F|FE8,0.004866536458333333,3.255208333333333e-05,0.012076822916666667,positive,4,0,188,4,0,20
HALF|C0|HF_H|D40,0.11124674479166667,0.07469482421875,0.1504781087239583,positive,51,141,0,21,3,0
HALF|C0|HF_H|F,0.10852254231770835,0.08268839518229167,0.13620829264322915,positive,172,0,20,24,0,0
HALF|C0|HF_H|F0,0.03125,0.03125,0.03125,positive,192,0,0,24,0,0
HALF|C0|HF_H|F1,0.032633463541666664,0.029866536458333332,0.035481770833333336,positive,172,0,20,24,0,0
HALF|C0|HF_H|F40,0.14249674479166666,0.10594482421875,0.1817281087239583,positive,51,0,141,21,0,3
HALF|C0|HF_H|FE1,0.03717447916666667,0.032860107421875,0.04199340820312499,positive,172,0,20,24,0,0
HALF|C0|HF_H|FE2,0.07239583333333333,0.055123291015625,0.09235066731770833,positive,107,0,85,24,0,0
HALF|C0|HF_H|FE3,0.09425455729166667,0.07099527994791667,0.11853841145833333,positive,82,0,110,23,0,1
HALF|C0|HF_H|FE4,0.11879882812499999,0.090037841796875,0.15042765299479163,positive,70,0,122,23,0,1
HALF|C0|HF_H|FE5,0.13216145833333334,0.09811075846354166,0.16871866861979165,positive,64,0,128,22,0,2
HALF|C0|HF_H|FE6,0.13440755208333333,0.09992919921875,0.17068929036458333,positive,57,0,135,21,0,3
HALF|C0|HF_H|FE7,0.13792317708333335,0.10198527018229167,0.17581746419270827,positive,53,0,139,21,0,3
HALF|C0|HF_H|FE8,0.14106445312500002,0.10428019205729168,0.1800215657552083,positive,52,0,140,21,0,3
HALF|C0|HF_MINUS_FF_POP|E1,-4.069010416676844e-06,-0.00048637390136717606,0.0006480026245117077,unresolved,68,82,42,11,13,0
HALF|C0|HF_MINUS_FF_POP|E2,0.0015274047851562323,-3.2908121744835734e-05,0.0036765034993489357,unresolved,88,67,37,17,7,0
HALF|C0|HF_MINUS_FF_POP|E3,0.002374776204427114,0.0006119791666667015,0.004291788736979209,positive,88,65,39,16,8,0
HALF|C0|HF_MINUS_FF_POP|E4,0.0033493041992187548,0.001056823730468737,0.005831451416015621,positive,94,61,37,19,5,0
HALF|C0|HF_MINUS_FF_POP|E5,0.0030965169270833343,0.0012883377075195365,0.005095965067545585,positive,92,63,37,18,6,0
HALF|C0|HF_MINUS_FF_POP|E6,0.0017613728841145981,-0.00015768686930334454,0.0037572733561198044,unresolved,84,71,37,14,10,0
HALF|C0|HF_MINUS_FF_POP|E7,0.0019963582356770926,-9.667714436848e-05,0.004111417134602868,unresolved,80,74,38,16,8,0
HALF|C0|HF_MINUS_FF_POP|E8,0.0024098714192708204,-6.421407063820916e-06,0.004727554321289087,unresolved,90,65,37,17,7,0
HALF|C0|HF_MINUS_FF_POP|MLOSS,-0.0020639419555663987,-0.0030847724278767782,-0.0010674683252970215,negative,48,108,36,6,18,0
HALF|C0|HF_MINUS_FF_POP|U,0.0020639419555664082,0.0010674683252970367,0.003084772427876769,positive,108,48,36,18,6,0
HALF|C0|HF_MINUS_FF_POP|U0,0.0,0.0,0.0,structural_zero,0,0,192,0,0,24
HALF|C0|HF_MINUS_FF_POP|U1,6.866455078125e-05,3.814697265625e-05,0.0001068115234375,positive,22,9,161,16,2,6
HALF|C0|HF_MINUS_FF_POP|U40,-0.0007451375325520834,-0.004114913940429688,0.0024669011433919264,unresolved,74,76,42,10,14,0
HALF|C0|HF_POP|E1,0.7059458414713542,0.6847604370117187,0.7296061325073242,positive,192,0,0,24,0,0
HALF|C0|HF_POP|E2,0.629217020670573,0.6151016235351563,0.6458560053507486,positive,192,0,0,24,0,0
HALF|C0|HF_POP|E3,0.6165746053059896,0.6095464197794596,0.624413350423177,positive,192,0,0,24,0,0
HALF|C0|HF_POP|E4,0.6240493774414063,0.6155558395385743,0.6329385884602864,positive,192,0,0,24,0,0
HALF|C0|HF_POP|E5,0.625177001953125,0.6170140711466471,0.6370020548502604,positive,192,0,0,24,0,0
HALF|C0|HF_POP|E6,0.6171524047851563,0.6115807596842447,0.6231675720214844,positive,192,0,0,24,0,0
HALF|C0|HF_POP|E7,0.6170567830403645,0.6104367701212565,0.6247280502319336,positive,192,0,0,24,0,0
HALF|C0|HF_POP|E8,0.6156819661458334,0.6095383580525715,0.6220668029785157,positive,192,0,0,24,0,0
HALF|C0|HF_POP|MLOSS,0.3686431248982747,0.36354166984558106,0.3734139601389567,positive,192,0,0,24,0,0
HALF|C0|HF_POP|U,0.6313568751017252,0.6265860398610433,0.636458330154419,positive,192,0,0,24,0,0
HALF|C0|HF_POP|U0,0.76220703125,0.7422551472981771,0.7825715382893881,positive,192,0,0,24,0,0
HALF|C0|HF_POP|U1,0.7655156453450521,0.7463326136271159,0.785104242960612,positive,192,0,0,24,0,0
HALF|C0|HF_POP|U40,0.6115849812825521,0.601011848449707,0.6230040232340495,positive,192,0,0,24,0,0
HALF|C0|HH_AVG|D40,0.08797200520833333,0.057291666666666664,0.11897989908854165,positive,46,146,0,20,4,0
HALF|C0|HH_AVG|F,0.093731689453125,0.07166570027669271,0.11683273315429688,positive,172,0,20,24,0,0
HALF|C0|HH_AVG|F0,0.03125,0.03125,0.03125,positive,192,0,0,24,0,0
HALF|C0|HH_AVG|F1,0.032470703125,0.029703776041666668,0.035319010416666664,positive,172,0,20,24,0,0
HALF|C0|HH_AVG|F40,0.11922200520833333,0.08854166666666667,0.15022989908854167,positive,48,0,144,20,0,4
HALF|C0|HH_AVG|FE1,0.035660807291666666,0.03113566080729167,0.04039916992187499,positive,172,0,20,24,0,0
HALF|C0|HH_AVG|FE2,0.06593424479166667,0.05037394205729167,0.08579427083333332,positive,98,0,94,24,0,0
HALF|C0|HH_AVG|FE3,0.08421223958333333,0.06370320638020834,0.10771525065104166,positive,75,0,117,23,0,1
HALF|C0|HH_AVG|FE4,0.10016276041666666,0.07624755859375,0.12537597656250002,positive,64,0,128,22,0,2
HALF|C0|HH_AVG|FE5,0.11105143229166668,0.0841796875,0.13816935221354165,positive,58,0,134,21,0,3
HALF|C0|HH_AVG|FE6,0.11599934895833335,0.08509114583333333,0.14661702473958332,positive,54,0,138,21,0,3
HALF|C0|HH_AVG|FE7,0.11819661458333335,0.08688151041666668,0.14962646484375,positive,51,0,141,21,0,3
HALF|C0|HH_AVG|FE8,0.11863606770833333,0.08855794270833334,0.14964274088541668,positive,49,0,143,20,0,4
HALF|C0|HH_CARR|D40,0.17594401041666666,0.11458333333333333,0.2379597981770833,positive,46,146,0,20,4,0
HALF|C0|HH_CARR|F,0.18746337890625,0.14333140055338542,0.23366546630859375,positive,172,0,20,24,0,0
HALF|C0|HH_CARR|F0,0.0625,0.0625,0.0625,positive,192,0,0,24,0,0
HALF|C0|HH_CARR|F1,0.06494140625,0.059407552083333336,0.07063802083333333,positive,172,0,20,24,0,0
HALF|C0|HH_CARR|F40,0.23844401041666666,0.17708333333333334,0.30045979817708335,positive,48,0,144,20,0,4
HALF|C0|HH_CARR|FE1,0.07132161458333333,0.06227132161458334,0.08079833984374998,positive,172,0,20,24,0,0
HALF|C0|HH_CARR|FE2,0.13186848958333333,0.10074788411458334,0.17158854166666665,positive,98,0,94,24,0,0
HALF|C0|HH_CARR|FE3,0.16842447916666667,0.12740641276041667,0.21543050130208333,positive,75,0,117,23,0,1
HALF|C0|HH_CARR|FE4,0.20032552083333333,0.1524951171875,0.25075195312500004,positive,64,0,128,22,0,2
HALF|C0|HH_CARR|FE5,0.22210286458333336,0.168359375,0.2763387044270833,positive,58,0,134,21,0,3
HALF|C0|HH_CARR|FE6,0.2319986979166667,0.17018229166666665,0.29323404947916665,positive,54,0,138,21,0,3
HALF|C0|HH_CARR|FE7,0.2363932291666667,0.17376302083333336,0.2992529296875,positive,51,0,141,21,0,3
HALF|C0|HH_CARR|FE8,0.23727213541666667,0.17711588541666667,0.29928548177083336,positive,49,0,143,20,0,4
HALF|C0|HH_MINUS_FF_POP|E1,-0.00010172526041666204,-0.0009186045328775927,0.0009391276041666862,unresolved,67,84,41,10,14,0
HALF|C0|HH_MINUS_FF_POP|E2,0.004249064127604151,0.0011442057291666623,0.008926493326822917,positive,95,60,37,19,5,0
HALF|C0|HH_MINUS_FF_POP|E3,0.004949951171875008,0.0025277964274088628,0.0076723225911458585,positive,90,62,40,18,6,0
HALF|C0|HH_MINUS_FF_POP|E4,0.0051218668619791895,0.002152455647786458,0.008002726236979167,positive,94,60,38,19,5,0
HALF|C0|HH_MINUS_FF_POP|E5,0.0033742268880208267,0.0008705139160156149,0.005793126424153651,positive,90,65,37,17,7,0
HALF|C0|HH_MINUS_FF_POP|E6,0.0035532633463541824,0.0007139333089193004,0.006550750732421895,positive,91,64,37,15,9,0
HALF|C0|HH_MINUS_FF_POP|E7,0.004420979817708333,0.001250940958658828,0.007591094970703143,positive,85,70,37,17,7,0
HALF|C0|HH_MINUS_FF_POP|E8,0.0025583902994791483,-0.0005128733317057673,0.005528971354166661,unresolved,91,63,38,15,8,1
HALF|C0|HH_MINUS_FF_POP|MLOSS,-0.003515752156575518,-0.0050795618693033895,-0.002096786499023433,negative,48,108,36,3,21,0
HALF|C0|HH_MINUS_FF_POP|U,0.0035157521565755134,0.0020967864990234374,0.0050795618693033635,positive,108,48,36,21,3,0
HALF|C0|HH_MINUS_FF_POP|U0,0.0,0.0,0.0,structural_zero,0,0,192,0,0,24
HALF|C0|HH_MINUS_FF_POP|U1,0.00011698404947916667,5.5948893229166664e-05,0.00018310546875,positive,22,9,161,15,3,6
HALF|C0|HH_MINUS_FF_POP|U40,-0.0011138916015625,-0.005799484252929687,0.0042626698811848935,unresolved,73,78,41,10,14,0
HALF|C0|HH_MINUS_HF_POP|E1,-9.765624999998519e-05,-0.0005661137898762981,0.00041253407796225036,unresolved,66,86,40,10,14,0
HALF|C0|HH_MINUS_HF_POP|E2,0.0027216593424479185,0.0008223470052083367,0.005338058471679673,positive,91,64,37,19,5,0
HALF|C0|HH_MINUS_HF_POP|E3,0.0025751749674478943,0.0013045374552408894,0.003918088277180958,positive,85,67,40,19,5,0
HALF|C0|HH_MINUS_HF_POP|E4,0.0017725626627604352,2.265930175786199e-05,0.0036454645792643307,positive,89,66,37,17,7,0
HALF|C0|HH_MINUS_HF_POP|E5,0.0002777099609374926,-0.0016418584187825537,0.00216932932535805,unresolved,80,74,38,15,9,0
HALF|C0|HH_MINUS_HF_POP|E6,0.0017918904622395843,-0.00015565236409508367,0.0037058639526367245,unresolved,87,68,37,15,9,0
HALF|C0|HH_MINUS_HF_POP|E7,0.0024246215820312397,0.0005335362752278218,0.004535942077636746,positive,86,69,37,16,8,0
HALF|C0|HH_MINUS_HF_POP|E8,0.0001485188802083278,-0.0014267730712890715,0.001835136413574215,unresolved,80,75,37,11,13,0
HALF|C0|HH_MINUS_HF_POP|MLOSS,-0.0014518102010091193,-0.00227521896362305,-0.0006721878051757935,negative,59,97,36,4,20,0
HALF|C0|HH_MINUS_HF_POP|U,0.0014518102010091054,0.0006721878051758001,0.0022752189636230367,positive,97,59,36,20,4,0
HALF|C0|HH_MINUS_HF_POP|U0,0.0,0.0,0.0,structural_zero,0,0,192,0,0,24
HALF|C0|HH_MINUS_HF_POP|U1,4.8319498697916664e-05,1.52587890625e-05,8.138020833333333e-05,positive,19,9,164,14,4,6
HALF|C0|HH_MINUS_HF_POP|U40,-0.0003687540690104167,-0.0037819544474283857,0.0034360249837239567,unresolved,72,78,42,10,14,0
HALF|C0|HH_POP|E1,0.7058481852213543,0.6845831044514975,0.7296663411458334,positive,192,0,0,24,0,0
HALF|C0|HH_POP|E2,0.6319386800130209,0.6175241343180339,0.6489475758870442,positive,192,0,0,24,0,0
HALF|C0|HH_POP|E3,0.6191497802734375,0.6116592407226563,0.6273413340250651,positive,192,0,0,24,0,0
HALF|C0|HH_POP|E4,0.6258219401041667,0.6178150939941407,0.6343658701578776,positive,192,0,0,24,0,0
HALF|C0|HH_POP|E5,0.6254547119140625,0.6171632639567057,0.63636967976888,positive,192,0,0,24,0,0
HALF|C0|HH_POP|E6,0.6189442952473958,0.6128862508138021,0.62508913675944,positive,192,0,0,24,0,0
HALF|C0|HH_POP|E7,0.6194814046223959,0.6119332885742187,0.6282718149820964,positive,192,0,0,24,0,0
HALF|C0|HH_POP|E8,0.6158304850260417,0.6094309488932291,0.6221829986572266,positive,192,0,0,24,0,0
HALF|C0|HH_POP|MLOSS,0.3671913146972656,0.36206693013509117,0.37198986689249675,positive,192,0,0,24,0,0
HALF|C0|HH_POP|U,0.6328086853027344,0.6280101331075032,0.6379330698649088,positive,192,0,0,24,0,0
HALF|C0|HH_POP|U0,0.76220703125,0.7422551472981771,0.7825715382893881,positive,192,0,0,24,0,0
HALF|C0|HH_POP|U1,0.76556396484375,0.7463682810465495,0.7851275126139323,positive,192,0,0,24,0,0
HALF|C0|HH_POP|U40,0.6112162272135416,0.5999093373616536,0.6231082916259766,positive,192,0,0,24,0,0
HALF|C0|INTERACTION|D40,-0.018880208333333332,-0.038250732421874996,-0.0006510416666666666,negative,11,17,164,4,10,10
HALF|C0|INTERACTION|F,-0.013417561848958336,-0.026973826090494785,-0.0009020487467447891,negative,25,46,121,7,17,0
HALF|C0|INTERACTION|F0,0.0,0.0,0.0,structural_zero,0,0,192,0,0,24
HALF|C0|INTERACTION|F1,-8.138020833333333e-05,-0.0003255208333333333,0.00016276041666666666,unresolved,1,2,189,1,2,21
HALF|C0|INTERACTION|F40,-0.018880208333333332,-0.038250732421874996,-0.0006510416666666666,negative,11,17,164,4,10,10
HALF|C0|INTERACTION|FE1,-0.0011881510416666672,-0.003255208333333334,0.0010909016927083308,unresolved,29,43,120,5,18,1
HALF|C0|INTERACTION|FE2,-0.007145182291666664,-0.01663492838541666,0.0020206705729166508,unresolved,24,37,131,7,14,3
HALF|C0|INTERACTION|FE3,-0.009521484375000007,-0.022884521484375003,0.0030932617187499865,unresolved,22,28,142,7,13,4
HALF|C0|INTERACTION|FE4,-0.01632486979166667,-0.034977620442708336,0.0007165527343749998,unresolved,16,27,149,6,12,6
HALF|C0|INTERACTION|FE5,-0.01842447916666667,-0.03818400065104167,-0.00027669270833333983,negative,14,23,155,5,12,7
HALF|C0|INTERACTION|FE6,-0.01866861979166667,-0.03750162760416667,-0.0025386555989583403,negative,13,22,157,6,12,6
HALF|C0|INTERACTION|FE7,-0.017301432291666665,-0.036835123697916666,-0.0004016113281250267,negative,13,21,158,6,12,6
HALF|C0|INTERACTION|FE8,-0.018766276041666665,-0.03831624348958333,-0.0008280436197916758,negative,12,19,161,4,11,9
HALF|C0|MIX_RANK|D40,0.13834635416666666,0.10001627604166667,0.17822875976562497,positive,51,1,140,20,0,4
HALF|C0|MIX_RANK|F,0.09756062825520832,0.06983006795247397,0.12688863118489582,positive,134,23,35,23,1,0
HALF|C0|MIX_RANK|F0,0.0,0.0,0.0,structural_zero,0,0,192,0,0,24
HALF|C0|MIX_RANK|F1,0.010009765625,0.00830078125,0.011720784505208323,positive,106,0,86,24,0,0
HALF|C0|MIX_RANK|F40,0.13834635416666666,0.10001627604166667,0.17822875976562497,positive,51,1,140,20,0,4
HALF|C0|MIX_RANK|FE1,0.022281901041666673,0.017382405598958334,0.027246907552083324,positive,131,21,40,23,1,0
HALF|C0|MIX_RANK|FE2,0.05944010416666667,0.040640462239583335,0.081136474609375,positive,101,16,75,22,2,0
HALF|C0|MIX_RANK|FE3,0.07936197916666667,0.05260253906250001,0.10795939127604168,positive,78,12,102,21,3,0
HALF|C0|MIX_RANK|FE4,0.10636393229166667,0.07380126953124999,0.14158772786458323,positive,68,10,114,23,1,0
HALF|C0|MIX_RANK|FE5,0.12236328125,0.08726847330729166,0.15946044921874997,positive,62,8,122,22,1,1
HALF|C0|MIX_RANK|FE6,0.12386067708333333,0.08725301106770834,0.1617460123697916,positive,55,6,131,20,1,3
HALF|C0|MIX_RANK|FE7,0.130615234375,0.093258056640625,0.17007446289062497,positive,52,5,135,20,1,3
HALF|C0|MIX_RANK|FE8,0.13619791666666667,0.09796305338541667,0.17573282877604163,positive,52,2,138,20,0,4
HALF|C0|R_F|D40,0.13395182291666666,0.09716389973958334,0.17228800455729162,positive,50,3,139,20,0,4
HALF|C0|R_F|F,0.09618733723958334,0.06897771199544271,0.12405334472656249,positive,135,22,35,22,2,0
HALF|C0|R_F|F0,0.0,0.0,0.0,structural_zero,0,0,192,0,0,24
HALF|C0|R_F|F1,0.009928385416666666,0.008219401041666666,0.011637369791666666,positive,106,0,86,24,0,0
HALF|C0|R_F|F40,0.13395182291666666,0.09716389973958334,0.17228800455729162,positive,50,3,139,20,0,4
HALF|C0|R_F|FE1,0.02195638020833333,0.017284749348958333,0.026872151692708332,positive,135,18,39,23,1,0
HALF|C0|R_F|FE2,0.06012369791666666,0.041372884114583335,0.08196614583333332,positive,101,16,75,22,2,0
HALF|C0|R_F|FE3,0.07884114583333333,0.053218994140625,0.10531494140624995,positive,78,12,102,22,2,0
HALF|C0|R_F|FE4,0.104052734375,0.07280110677083333,0.136964111328125,positive,68,10,114,23,1,0
HALF|C0|R_F|FE5,0.119677734375,0.08626139322916666,0.15412109374999997,positive,62,9,121,22,1,1
HALF|C0|R_F|FE6,0.12412109375000001,0.08932047526041666,0.15998494466145832,positive,56,7,129,20,1,3
HALF|C0|R_F|FE7,0.12819010416666668,0.09092122395833334,0.16593872070312496,positive,53,6,133,20,1,3
HALF|C0|R_F|FE8,0.13253580729166667,0.09568400065104168,0.17031738281249997,positive,51,4,137,20,0,4
HALF|C0|R_H|D40,0.11507161458333333,0.082843017578125,0.14730224609374998,positive,48,2,142,20,1,3
HALF|C0|R_H|F,0.082769775390625,0.058028106689453136,0.1084864298502604,positive,129,28,35,22,2,0
HALF|C0|R_H|F0,0.0,0.0,0.0,structural_zero,0,0,192,0,0,24
HALF|C0|R_H|F1,0.009847005208333334,0.008219401041666666,0.011474609375,positive,106,0,86,24,0,0
HALF|C0|R_H|F40,0.11507161458333333,0.082843017578125,0.14730224609374998,positive,48,2,142,20,1,3
HALF|C0|R_H|FE1,0.020768229166666666,0.015819498697916667,0.025992838541666664,positive,133,20,39,23,1,0
HALF|C0|R_H|FE2,0.052978515625,0.03516927083333334,0.07505126953124999,positive,88,21,83,22,2,0
HALF|C0|R_H|FE3,0.06931966145833333,0.044382731119791664,0.09681844075520829,positive,70,16,106,21,3,0
HALF|C0|R_H|FE4,0.08772786458333333,0.06000488281250001,0.11728759765624999,positive,62,12,118,22,2,0
HALF|C0|R_H|FE5,0.10125325520833332,0.071158447265625,0.1312190755208333,positive,56,9,127,21,2,1
HALF|C0|R_H|FE6,0.10545247395833333,0.07192342122395833,0.13921142578124998,positive,53,7,132,21,1,2
HALF|C0|R_H|FE7,0.110888671875,0.07766886393229168,0.1445528157552083,positive,51,6,135,21,1,2
HALF|C0|R_H|FE8,0.11376953125,0.08123209635416667,0.14591756184895832,positive,49,3,140,20,1,3
HALF|C1|COMP_F|D40,0.0,0.0,0.0,observed_exact_zero,0,0,192,0,0,24
HALF|C1|COMP_F|F,6.103515624999999e-06,-7.120768229166667e-05,0.00010375976562500001,unresolved,5,9,178,4,8,12
HALF|C1|COMP_F|F0,0.0,0.0,0.0,structural_zero,0,0,192,0,0,24
HALF|C1|COMP_F|F1,-0.000244140625,-0.00048828125,0.0,unresolved,0,3,189,0,3,21
HALF|C1|COMP_F|F40,0.0,0.0,0.0,observed_exact_zero,0,0,192,0,0,24
HALF|C1|COMP_F|FE1,3.255208333333327e-05,-0.0004231770833333334,0.0005045572916666666,unresolved,6,8,178,5,7,12
HALF|C1|COMP_F|FE2,-2.2587545260114677e-20,-0.00034179687500000003,0.0003906250000000001,unresolved,2,3,187,2,3,19
HALF|C1|COMP_F|FE3,1.6276041666666666e-05,0.0,4.882812500000001e-05,unresolved,1,0,191,1,0,23
HALF|C1|COMP_F|FE4,0.0,0.0,0.0,observed_exact_zero,0,0,192,0,0,24
HALF|C1|COMP_F|FE5,0.0,0.0,0.0,observed_exact_zero,0,0,192,0,0,24
HALF|C1|COMP_F|FE6,0.0,0.0,0.0,observed_exact_zero,0,0,192,0,0,24
HALF|C1|COMP_F|FE7,0.0,0.0,0.0,observed_exact_zero,0,0,192,0,0,24
HALF|C1|COMP_F|FE8,0.0,0.0,0.0,observed_exact_zero,0,0,192,0,0,24
HALF|C1|COMP_H|D40,0.0,0.0,0.0,observed_exact_zero,0,0,192,0,0,24
HALF|C1|COMP_H|F,-1.831054687499999e-05,-0.0001057942708333333,6.103515624999998e-05,unresolved,8,12,172,7,8,9
HALF|C1|COMP_H|F0,0.0,0.0,0.0,structural_zero,0,0,192,0,0,24
HALF|C1|COMP_H|F1,-0.0003255208333333333,-0.0006510416666666666,-8.138020833333333e-05,negative,0,4,188,0,4,20
HALF|C1|COMP_H|F40,0.0,0.0,0.0,observed_exact_zero,0,0,192,0,0,24
HALF|C1|COMP_H|FE1,-0.00024414062500000016,-0.0007975260416666668,0.000211995442708331,unresolved,8,12,172,7,8,9
HALF|C1|COMP_H|FE2,9.765625000000002e-05,-8.138020833333336e-05,0.00030965169270833116,unresolved,4,1,187,4,1,19
HALF|C1|COMP_H|FE3,0.0,0.0,0.0,observed_exact_zero,0,0,192,0,0,24
HALF|C1|COMP_H|FE4,0.0,0.0,0.0,observed_exact_zero,0,0,192,0,0,24
HALF|C1|COMP_H|FE5,0.0,0.0,0.0,observed_exact_zero,0,0,192,0,0,24
HALF|C1|COMP_H|FE6,0.0,0.0,0.0,observed_exact_zero,0,0,192,0,0,24
HALF|C1|COMP_H|FE7,0.0,0.0,0.0,observed_exact_zero,0,0,192,0,0,24
HALF|C1|COMP_H|FE8,0.0,0.0,0.0,observed_exact_zero,0,0,192,0,0,24
HALF|C1|FF_AVG|D40,-0.03125,-0.03125,-0.03125,negative,0,192,0,0,24,0
HALF|C1|FF_AVG|F,0.000726318359375,0.0005696614583333334,0.0009054056803385414,positive,120,0,72,24,0,0
HALF|C1|FF_AVG|F0,0.03125,0.03125,0.03125,positive,192,0,0,24,0,0
HALF|C1|FF_AVG|F1,0.013590494791666666,0.011962890625,0.015218098958333334,positive,120,0,72,24,0,0
HALF|C1|FF_AVG|F40,0.0,0.0,0.0,observed_exact_zero,0,0,192,0,0,24
HALF|C1|FF_AVG|FE1,0.005289713541666667,0.004313151041666667,0.006412760416666667,positive,120,0,72,24,0,0
HALF|C1|FF_AVG|FE2,0.0005208333333333333,0.000146484375,0.0009769694010416643,positive,10,0,182,9,0,15
HALF|C1|FF_AVG|FE3,0.0,0.0,0.0,observed_exact_zero,0,0,192,0,0,24
HALF|C1|FF_AVG|FE4,0.0,0.0,0.0,observed_exact_zero,0,0,192,0,0,24
HALF|C1|FF_AVG|FE5,0.0,0.0,0.0,observed_exact_zero,0,0,192,0,0,24
HALF|C1|FF_AVG|FE6,0.0,0.0,0.0,observed_exact_zero,0,0,192,0,0,24
HALF|C1|FF_AVG|FE7,0.0,0.0,0.0,observed_exact_zero,0,0,192,0,0,24
HALF|C1|FF_AVG|FE8,0.0,0.0,0.0,observed_exact_zero,0,0,192,0,0,24
HALF|C1|FF_CARR|D40,-0.0625,-0.0625,-0.0625,negative,0,192,0,0,24,0
HALF|C1|FF_CARR|F,0.00145263671875,0.0011393229166666667,0.0018108113606770829,positive,120,0,72,24,0,0
HALF|C1|FF_CARR|F0,0.0625,0.0625,0.0625,positive,192,0,0,24,0,0
HALF|C1|FF_CARR|F1,0.027180989583333332,0.02392578125,0.030436197916666668,positive,120,0,72,24,0,0
HALF|C1|FF_CARR|F40,0.0,0.0,0.0,observed_exact_zero,0,0,192,0,0,24
HALF|C1|FF_CARR|FE1,0.010579427083333334,0.008626302083333334,0.012825520833333335,positive,120,0,72,24,0,0
HALF|C1|FF_CARR|FE2,0.0010416666666666667,0.00029296875,0.0019539388020833287,positive,10,0,182,9,0,15
HALF|C1|FF_CARR|FE3,0.0,0.0,0.0,observed_exact_zero,0,0,192,0,0,24
HALF|C1|FF_CARR|FE4,0.0,0.0,0.0,observed_exact_zero,0,0,192,0,0,24
HALF|C1|FF_CARR|FE5,0.0,0.0,0.0,observed_exact_zero,0,0,192,0,0,24
HALF|C1|FF_CARR|FE6,0.0,0.0,0.0,observed_exact_zero,0,0,192,0,0,24
HALF|C1|FF_CARR|FE7,0.0,0.0,0.0,observed_exact_zero,0,0,192,0,0,24
HALF|C1|FF_CARR|FE8,0.0,0.0,0.0,observed_exact_zero,0,0,192,0,0,24
HALF|C1|FF_POP|E1,0.7058827718098958,0.6848203786214192,0.7292880249023437,positive,192,0,0,24,0,0
HALF|C1|FF_POP|E2,0.6281473795572916,0.6138019307454426,0.6450277709960938,positive,192,0,0,24,0,0
HALF|C1|FF_POP|E3,0.6169158935546875,0.6096047973632812,0.6246287536621093,positive,192,0,0,24,0,0
HALF|C1|FF_POP|E4,0.6210428873697916,0.6128388722737631,0.629898198445638,positive,192,0,0,24,0,0
HALF|C1|FF_POP|E5,0.6223002115885418,0.6139186604817709,0.6330575561523437,positive,192,0,0,24,0,0
HALF|C1|FF_POP|E6,0.6169331868489584,0.6115282440185547,0.6226166534423827,positive,192,0,0,24,0,0
HALF|C1|FF_POP|E7,0.6150705973307292,0.6090357971191406,0.6221313985188802,positive,192,0,0,24,0,0
HALF|C1|FF_POP|E8,0.6150889078776042,0.6086798095703125,0.6214058176676432,positive,192,0,0,24,0,0
HALF|C1|FF_POP|MLOSS,0.3698272705078125,0.36485989252726236,0.37446873982747403,positive,192,0,0,24,0,0
HALF|C1|FF_POP|U,0.6301727294921875,0.625531260172526,0.6351401074727376,positive,192,0,0,24,0,0
HALF|C1|FF_POP|U0,0.76220703125,0.7422551472981771,0.7825715382893881,positive,192,0,0,24,0,0
HALF|C1|FF_POP|U1,0.7653706868489584,0.7462460835774739,0.7849783579508464,positive,192,0,0,24,0,0
HALF|C1|FF_POP|U40,0.6083170572916666,0.5990599314371745,0.6183382670084636,positive,192,0,0,24,0,0
HALF|C1|HF_CARR|D40,-0.059895833333333336,-0.0625,-0.0546875,negative,1,191,0,0,23,1
HALF|C1|HF_CARR|F,0.004319254557291667,0.0018473307291666668,0.008917388916015625,positive,141,0,51,24,0,0
HALF|C1|HF_CARR|F0,0.0625,0.0625,0.0625,positive,192,0,0,24,0,0
HALF|C1|HF_CARR|F1,0.032470703125,0.029215494791666668,0.035725911458333336,positive,141,0,51,24,0,0
HALF|C1|HF_CARR|F40,0.0026041666666666665,0.0,0.0078125,unresolved,1,0,191,1,0,23
HALF|C1|HF_CARR|FE1,0.014469401041666668,0.01259765625,0.01652058919270833,positive,141,0,51,24,0,0
HALF|C1|HF_CARR|FE2,0.003922526041666667,0.0011230468750000001,0.0087890625,positive,18,0,174,14,0,10
HALF|C1|HF_CARR|FE3,0.0030924479166666665,0.0,0.008935546875,unresolved,4,0,188,3,0,21
HALF|C1|HF_CARR|FE4,0.0026529947916666668,0.0,0.00791015625,unresolved,2,0,190,2,0,22
HALF|C1|HF_CARR|FE5,0.0026041666666666665,0.0,0.0078125,unresolved,1,0,191,1,0,23
HALF|C1|HF_CARR|FE6,0.0026041666666666665,0.0,0.0078125,unresolved,1,0,191,1,0,23
HALF|C1|HF_CARR|FE7,0.0026041666666666665,0.0,0.0078125,unresolved,1,0,191,1,0,23
HALF|C1|HF_CARR|FE8,0.0026041666666666665,0.0,0.0078125,unresolved,1,0,191,1,0,23
HALF|C1|HF_F|D40,-0.03125,-0.03125,-0.03125,negative,0,192,0,0,24,0
HALF|C1|HF_F|F,0.000732421875,0.0005594380696614583,0.0009277343749999998,positive,120,0,72,24,0,0
HALF|C1|HF_F|F0,0.03125,0.03125,0.03125,positive,192,0,0,24,0,0
HALF|C1|HF_F|F1,0.013346354166666666,0.011800130208333334,0.014892578125,positive,120,0,72,24,0,0
HALF|C1|HF_F|F40,0.0,0.0,0.0,observed_exact_zero,0,0,192,0,0,24
HALF|C1|HF_F|FE1,0.005322265625,0.00419921875,0.006608072916666667,positive,120,0,72,24,0,0
HALF|C1|HF_F|FE2,0.0005208333333333333,0.00017903645833333335,0.0009277343750000002,positive,9,0,183,8,0,16
HALF|C1|HF_F|FE3,1.6276041666666666e-05,0.0,4.882812500000001e-05,unresolved,1,0,191,1,0,23
HALF|C1|HF_F|FE4,0.0,0.0,0.0,observed_exact_zero,0,0,192,0,0,24
HALF|C1|HF_F|FE5,0.0,0.0,0.0,observed_exact_zero,0,0,192,0,0,24
HALF|C1|HF_F|FE6,0.0,0.0,0.0,observed_exact_zero,0,0,192,0,0,24
HALF|C1|HF_F|FE7,0.0,0.0,0.0,observed_exact_zero,0,0,192,0,0,24
HALF|C1|HF_F|FE8,0.0,0.0,0.0,observed_exact_zero,0,0,192,0,0,24
HALF|C1|HF_H|D40,-0.028645833333333332,-0.03125,-0.0234375,negative,1,191,0,1,23,0
HALF|C1|HF_H|F,0.003586832682291666,0.0011698404947916667,0.008197123209635416,positive,141,0,51,24,0,0
HALF|C1|HF_H|F0,0.03125,0.03125,0.03125,positive,192,0,0,24,0,0
HALF|C1|HF_H|F1,0.019124348958333332,0.017252604166666668,0.020914713541666668,positive,141,0,51,24,0,0
HALF|C1|HF_H|F40,0.0026041666666666665,0.0,0.0078125,unresolved,1,0,191,1,0,23
HALF|C1|HF_H|FE1,0.009147135416666667,0.008007812500000001,0.010367838541666667,positive,141,0,51,24,0,0
HALF|C1|HF_H|FE2,0.003401692708333333,0.0005692545572916666,0.00830078125,positive,11,0,181,9,0,15
HALF|C1|HF_H|FE3,0.003076171875,0.0,0.008919270833333333,unresolved,3,0,189,2,0,22
HALF|C1|HF_H|FE4,0.0026529947916666668,0.0,0.00791015625,unresolved,2,0,190,2,0,22
HALF|C1|HF_H|FE5,0.0026041666666666665,0.0,0.0078125,unresolved,1,0,191,1,0,23
HALF|C1|HF_H|FE6,0.0026041666666666665,0.0,0.0078125,unresolved,1,0,191,1,0,23
HALF|C1|HF_H|FE7,0.0026041666666666665,0.0,0.0078125,unresolved,1,0,191,1,0,23
HALF|C1|HF_H|FE8,0.0026041666666666665,0.0,0.0078125,unresolved,1,0,191,1,0,23
HALF|C1|HF_MINUS_FF_POP|E1,-4.018147786458148e-05,-0.00024822235107422875,0.00019276936848958682,unresolved,45,51,96,11,13,0
HALF|C1|HF_MINUS_FF_POP|E2,-0.0003718058268229139,-0.00150404612223308,0.0007494608561197728,unresolved,34,65,93,10,14,0
HALF|C1|HF_MINUS_FF_POP|E3,-0.0006815592447916528,-0.0016861216227213398,0.0002508417765299488,unresolved,41,59,92,12,12,0
HALF|C1|HF_MINUS_FF_POP|E4,-0.0001169840494791528,-0.0014446258544921918,0.0010407638549804654,unresolved,45,54,93,13,11,0
HALF|C1|HF_MINUS_FF_POP|E5,-0.00017598470052086293,-0.0013733800252278968,0.0009431711832681856,unresolved,51,47,94,13,11,0
HALF|C1|HF_MINUS_FF_POP|E6,-0.0009587605794270834,-0.001938387552897137,0.00010884602864584456,unresolved,39,60,93,9,15,0
HALF|C1|HF_MINUS_FF_POP|E7,0.0005676269531250296,-0.000520057678222605,0.0016893641153971455,unresolved,51,49,92,12,12,0
HALF|C1|HF_MINUS_FF_POP|E8,-0.00038146972656249073,-0.0014689381917317448,0.0007960891723633119,unresolved,43,56,93,11,13,0
HALF|C1|HF_MINUS_FF_POP|MLOSS,0.0002698898315429595,-0.00012366453806559284,0.0006906525293985819,unresolved,53,48,91,13,11,0
HALF|C1|HF_MINUS_FF_POP|U,-0.00026988983154296875,-0.0006906525293985899,0.0001236645380655874,unresolved,48,53,91,11,13,0
HALF|C1|HF_MINUS_FF_POP|U0,0.0,0.0,0.0,structural_zero,0,0,192,0,0,24
HALF|C1|HF_MINUS_FF_POP|U1,5.5948893229166664e-05,1.52587890625e-05,0.00010426839192708333,positive,13,6,173,8,2,14
HALF|C1|HF_MINUS_FF_POP|U40,0.0032475789388020835,0.0009734471638997396,0.005752817789713541,positive,61,37,94,16,8,0
HALF|C1|HF_POP|E1,0.7058425903320312,0.6848166020711264,0.7292464065551757,positive,192,0,0,24,0,0
HALF|C1|HF_POP|E2,0.6277755737304688,0.6135319646199543,0.6445641326904297,positive,192,0,0,24,0,0
HALF|C1|HF_POP|E3,0.6162343343098958,0.6092270787556967,0.623642832438151,positive,192,0,0,24,0,0
HALF|C1|HF_POP|E4,0.6209259033203125,0.6127546564737956,0.629493179321289,positive,192,0,0,24,0,0
HALF|C1|HF_POP|E5,0.6221242268880208,0.6139621225992838,0.6331769816080728,positive,192,0,0,24,0,0
HALF|C1|HF_POP|E6,0.6159744262695312,0.6106128946940104,0.6218649546305338,positive,192,0,0,24,0,0
HALF|C1|HF_POP|E7,0.6156382242838542,0.6097388331095378,0.6226789347330729,positive,192,0,0,24,0,0
HALF|C1|HF_POP|E8,0.6147074381510417,0.6082341384887695,0.621299362182617,positive,192,0,0,24,0,0
HALF|C1|HF_POP|MLOSS,0.37009716033935547,0.36510006268819173,0.37476615428924553,positive,192,0,0,24,0,0
HALF|C1|HF_POP|U,0.6299028396606445,0.6252338457107544,0.6348999373118083,positive,192,0,0,24,0,0
HALF|C1|HF_POP|U0,0.76220703125,0.7422551472981771,0.7825715382893881,positive,192,0,0,24,0,0
HALF|C1|HF_POP|U1,0.7654266357421875,0.7463066101074218,0.7850526173909504,positive,192,0,0,24,0,0
HALF|C1|HF_POP|U40,0.6115646362304688,0.6014928817749023,0.6232700983683268,positive,192,0,0,24,0,0
HALF|C1|HH_AVG|D40,-0.028645833333333332,-0.03125,-0.0234375,negative,1,191,0,1,23,0
HALF|C1|HH_AVG|F,0.0035685221354166668,0.0011352539062499999,0.008197275797526039,positive,141,0,51,24,0,0
HALF|C1|HH_AVG|F0,0.03125,0.03125,0.03125,positive,192,0,0,24,0,0
HALF|C1|HH_AVG|F1,0.018798828125,0.017008463541666668,0.02050984700520832,positive,141,0,51,24,0,0
HALF|C1|HH_AVG|F40,0.0026041666666666665,0.0,0.0078125,unresolved,1,0,191,1,0,23
HALF|C1|HH_AVG|FE1,0.008902994791666667,0.0077473958333333336,0.010237630208333333,positive,141,0,51,24,0,0
HALF|C1|HH_AVG|FE2,0.0034993489583333335,0.0006510416666666666,0.008431396484374997,positive,14,0,178,10,0,14
HALF|C1|HH_AVG|FE3,0.003076171875,0.0,0.008919270833333333,unresolved,3,0,189,2,0,22
HALF|C1|HH_AVG|FE4,0.0026529947916666668,0.0,0.00791015625,unresolved,2,0,190,2,0,22
HALF|C1|HH_AVG|FE5,0.0026041666666666665,0.0,0.0078125,unresolved,1,0,191,1,0,23
HALF|C1|HH_AVG|FE6,0.0026041666666666665,0.0,0.0078125,unresolved,1,0,191,1,0,23
HALF|C1|HH_AVG|FE7,0.0026041666666666665,0.0,0.0078125,unresolved,1,0,191,1,0,23
HALF|C1|HH_AVG|FE8,0.0026041666666666665,0.0,0.0078125,unresolved,1,0,191,1,0,23
HALF|C1|HH_CARR|D40,-0.057291666666666664,-0.0625,-0.046875,negative,1,191,0,1,23,0
HALF|C1|HH_CARR|F,0.0071370442708333336,0.0022705078124999997,0.016394551595052077,positive,141,0,51,24,0,0
HALF|C1|HH_CARR|F0,0.0625,0.0625,0.0625,positive,192,0,0,24,0,0
HALF|C1|HH_CARR|F1,0.03759765625,0.034016927083333336,0.04101969401041664,positive,141,0,51,24,0,0
HALF|C1|HH_CARR|F40,0.005208333333333333,0.0,0.015625,unresolved,1,0,191,1,0,23
HALF|C1|HH_CARR|FE1,0.017805989583333334,0.015494791666666667,0.020475260416666665,positive,141,0,51,24,0,0
HALF|C1|HH_CARR|FE2,0.006998697916666667,0.0013020833333333333,0.016862792968749995,positive,14,0,178,10,0,14
HALF|C1|HH_CARR|FE3,0.00615234375,0.0,0.017838541666666666,unresolved,3,0,189,2,0,22
HALF|C1|HH_CARR|FE4,0.0053059895833333336,0.0,0.0158203125,unresolved,2,0,190,2,0,22
HALF|C1|HH_CARR|FE5,0.005208333333333333,0.0,0.015625,unresolved,1,0,191,1,0,23
HALF|C1|HH_CARR|FE6,0.005208333333333333,0.0,0.015625,unresolved,1,0,191,1,0,23
HALF|C1|HH_CARR|FE7,0.005208333333333333,0.0,0.015625,unresolved,1,0,191,1,0,23
HALF|C1|HH_CARR|FE8,0.005208333333333333,0.0,0.015625,unresolved,1,0,191,1,0,23
HALF|C1|HH_MINUS_FF_POP|E1,1.7293294270836108e-05,-0.0003723398844400619,0.00045789082845048835,unresolved,44,50,98,11,13,0
HALF|C1|HH_MINUS_FF_POP|E2,-0.00024414062499999076,-0.0021535491943359447,0.0017185211181640796,unresolved,37,62,93,10,14,0
HALF|C1|HH_MINUS_FF_POP|E3,-0.001971435546875016,-0.003976313273111991,-0.00011690775553386854,negative,44,56,92,8,16,0
HALF|C1|HH_MINUS_FF_POP|E4,-0.0002675374348958352,-0.0023936208089192857,0.0017723083496093762,unresolved,46,53,93,12,12,0
HALF|C1|HH_MINUS_FF_POP|E5,-0.0002258300781250259,-0.0022595214843750136,0.00176335652669268,unresolved,51,47,94,14,10,0
HALF|C1|HH_MINUS_FF_POP|E6,-0.0022094726562500028,-0.004119923909505226,-0.0003160858154296924,negative,38,61,93,7,17,0
HALF|C1|HH_MINUS_FF_POP|E7,0.0004852294921875444,-0.0013002777099608831,0.002288894653320345,unresolved,53,47,92,12,12,0
HALF|C1|HH_MINUS_FF_POP|E8,-0.002051798502604174,-0.0037975056966145985,-0.0003202311197916817,negative,40,59,93,10,14,0
HALF|C1|HH_MINUS_FF_POP|MLOSS,0.0008084615071614574,9.866396586101008e-05,0.0015462334950764928,positive,57,44,91,14,10,0
HALF|C1|HH_MINUS_FF_POP|U,-0.0008084615071614759,-0.0015462334950765066,-9.866396586101934e-05,negative,44,57,91,10,14,0
HALF|C1|HH_MINUS_FF_POP|U0,0.0,0.0,0.0,structural_zero,0,0,192,0,0,24
HALF|C1|HH_MINUS_FF_POP|U1,9.663899739583333e-05,2.5431315104166668e-05,0.00017801920572916666,positive,13,6,173,8,2,14
HALF|C1|HH_MINUS_FF_POP|U40,0.003509521484375,-0.0006470998128255208,0.007898966471354166,unresolved,55,43,94,14,10,0
HALF|C1|HH_MINUS_HF_POP|E1,5.7474772135417594e-05,-0.00016428629557290383,0.0003077316284179598,unresolved,46,50,96,11,13,0
HALF|C1|HH_MINUS_HF_POP|E2,0.00012766520182292315,-0.0008174006144205626,0.001211064656575532,unresolved,40,60,92,10,13,1
HALF|C1|HH_MINUS_HF_POP|E3,-0.001289876302083363,-0.002619222005208337,4.793802897099982e-06,unresolved,42,58,92,8,16,0
HALF|C1|HH_MINUS_HF_POP|E4,-0.0001505533854166824,-0.0011739222208659,0.0010016504923502346,unresolved,45,54,93,9,15,0
HALF|C1|HH_MINUS_HF_POP|E5,-4.9845377604162966e-05,-0.0011418914794922058,0.000986976623535164,unresolved,51,47,94,14,10,0
HALF|C1|HH_MINUS_HF_POP|E6,-0.0012507120768229195,-0.0022191747029622405,-0.00022917429606120096,negative,40,59,93,6,18,0
HALF|C1|HH_MINUS_HF_POP|E7,-8.239746093748519e-05,-0.0010010910034179649,0.0008068847656250228,unresolved,52,48,92,11,13,0
HALF|C1|HH_MINUS_HF_POP|E8,-0.0016703287760416834,-0.002768999735514326,-0.0007002639770508131,negative,40,59,93,7,17,0
HALF|C1|HH_MINUS_HF_POP|MLOSS,0.000538571675618498,0.0001143630345662466,0.0009678999582926515,positive,58,43,91,17,7,0
HALF|C1|HH_MINUS_HF_POP|U,-0.0005385716756185072,-0.0009678999582926634,-0.0001143630345662773,negative,43,58,91,7,17,0
HALF|C1|HH_MINUS_HF_POP|U0,0.0,0.0,0.0,structural_zero,0,0,192,0,0,24
HALF|C1|HH_MINUS_HF_POP|U1,4.0690104166666664e-05,1.0172526041666666e-05,7.62939453125e-05,positive,12,6,174,8,2,14
HALF|C1|HH_MINUS_HF_POP|U40,0.0002619425455729167,-0.0021694819132486976,0.0026807149251302067,unresolved,52,46,94,13,11,0
HALF|C1|HH_POP|E1,0.7059000651041667,0.6849311319986979,0.7292970530192056,positive,192,0,0,24,0,0
HALF|C1|HH_POP|E2,0.6279032389322917,0.6133909861246746,0.6448959859212239,positive,192,0,0,24,0,0
HALF|C1|HH_POP|E3,0.6149444580078125,0.6081610361735026,0.62222780863444,positive,192,0,0,24,0,0
HALF|C1|HH_POP|E4,0.6207753499348958,0.61266482035319,0.6297559356689453,positive,192,0,0,24,0,0
HALF|C1|HH_POP|E5,0.6220743815104167,0.6140370686848958,0.6333262379964193,positive,192,0,0,24,0,0
HALF|C1|HH_POP|E6,0.6147237141927083,0.6092920176188151,0.6208622741699218,positive,192,0,0,24,0,0
HALF|C1|HH_POP|E7,0.6155558268229168,0.6097647603352865,0.6226705932617188,positive,192,0,0,24,0,0
HALF|C1|HH_POP|E8,0.613037109375,0.6066151428222656,0.6195458984375,positive,192,0,0,24,0,0
HALF|C1|HH_POP|MLOSS,0.370635732014974,0.3656002330780029,0.3754439385732015,positive,192,0,0,24,0,0
HALF|C1|HH_POP|U,0.629364267985026,0.6245560614267985,0.6343997669219971,positive,192,0,0,24,0,0
HALF|C1|HH_POP|U0,0.76220703125,0.7422551472981771,0.7825715382893881,positive,192,0,0,24,0,0
HALF|C1|HH_POP|U1,0.7654673258463541,0.7463170369466146,0.7850968678792317,positive,192,0,0,24,0,0
HALF|C1|HH_POP|U40,0.6118265787760416,0.6015162150065104,0.6237710316975912,positive,192,0,0,24,0,0
HALF|C1|INTERACTION|D40,0.0,0.0,0.0,observed_exact_zero,0,0,192,0,0,24
HALF|C1|INTERACTION|F,-2.4414062499999984e-05,-0.000132293701171875,7.329305013020808e-05,unresolved,12,8,172,7,7,10
HALF|C1|INTERACTION|F0,0.0,0.0,0.0,structural_zero,0,0,192,0,0,24
HALF|C1|INTERACTION|F1,-8.138020833333333e-05,-0.000244140625,0.0,unresolved,0,1,191,0,1,23
HALF|C1|INTERACTION|F40,0.0,0.0,0.0,observed_exact_zero,0,0,192,0,0,24
HALF|C1|INTERACTION|FE1,-0.0002766927083333335,-0.0008626302083333333,0.0002604166666666664,unresolved,11,10,171,6,9,9
HALF|C1|INTERACTION|FE2,9.765624999999998e-05,-0.0003255208333333333,0.00048828125,unresolved,6,2,184,6,3,15
HALF|C1|INTERACTION|FE3,-1.6276041666666666e-05,-4.882812500000001e-05,0.0,unresolved,0,1,191,0,1,23
HALF|C1|INTERACTION|FE4,0.0,0.0,0.0,observed_exact_zero,0,0,192,0,0,24
HALF|C1|INTERACTION|FE5,0.0,0.0,0.0,observed_exact_zero,0,0,192,0,0,24
HALF|C1|INTERACTION|FE6,0.0,0.0,0.0,observed_exact_zero,0,0,192,0,0,24
HALF|C1|INTERACTION|FE7,0.0,0.0,0.0,observed_exact_zero,0,0,192,0,0,24
HALF|C1|INTERACTION|FE8,0.0,0.0,0.0,observed_exact_zero,0,0,192,0,0,24
HALF|C1|MIX_RANK|D40,0.0026041666666666665,0.0,0.0078125,unresolved,1,0,191,1,0,23
HALF|C1|MIX_RANK|F,0.002854410807291667,0.0003885396321614583,0.007525685628255208,positive,87,12,93,21,3,0
HALF|C1|MIX_RANK|F0,0.0,0.0,0.0,structural_zero,0,0,192,0,0,24
HALF|C1|MIX_RANK|F1,0.005777994791666667,0.004557291666666667,0.007080078125,positive,62,0,130,24,0,0
HALF|C1|MIX_RANK|F40,0.0026041666666666665,0.0,0.0078125,unresolved,1,0,191,1,0,23
HALF|C1|MIX_RANK|FE1,0.0038248697916666665,0.002571614583333333,0.005094401041666666,positive,86,12,94,22,2,0
HALF|C1|MIX_RANK|FE2,0.0028808593749999997,-0.00011393229166666674,0.007959391276041663,unresolved,10,8,174,8,6,10
HALF|C1|MIX_RANK|FE3,0.003059895833333333,-3.255208333333333e-05,0.008902994791666665,unresolved,3,1,188,2,1,21
HALF|C1|MIX_RANK|FE4,0.0026529947916666668,0.0,0.00791015625,unresolved,2,0,190,2,0,22
HALF|C1|MIX_RANK|FE5,0.0026041666666666665,0.0,0.0078125,unresolved,1,0,191,1,0,23
HALF|C1|MIX_RANK|FE6,0.0026041666666666665,0.0,0.0078125,unresolved,1,0,191,1,0,23
HALF|C1|MIX_RANK|FE7,0.0026041666666666665,0.0,0.0078125,unresolved,1,0,191,1,0,23
HALF|C1|MIX_RANK|FE8,0.0026041666666666665,0.0,0.0078125,unresolved,1,0,191,1,0,23
HALF|C1|R_F|D40,0.0026041666666666665,0.0,0.0078125,unresolved,1,0,191,1,0,23
HALF|C1|R_F|F,0.0028605143229166667,0.00041295369466145827,0.007531840006510414,positive,86,12,94,23,1,0
HALF|C1|R_F|F0,0.0,0.0,0.0,structural_zero,0,0,192,0,0,24
HALF|C1|R_F|F1,0.005533854166666667,0.00439453125,0.006754557291666667,positive,62,0,130,24,0,0
HALF|C1|R_F|F40,0.0026041666666666665,0.0,0.0078125,unresolved,1,0,191,1,0,23
HALF|C1|R_F|FE1,0.0038574218750000006,0.002685546875,0.005143229166666667,positive,85,12,95,22,2,0
HALF|C1|R_F|FE2,0.0028808593749999997,-8.178710937500002e-05,0.007992350260416661,unresolved,10,9,173,8,7,9
HALF|C1|R_F|FE3,0.003076171875,0.0,0.008919270833333333,unresolved,3,0,189,2,0,22
HALF|C1|R_F|FE4,0.0026529947916666668,0.0,0.00791015625,unresolved,2,0,190,2,0,22
HALF|C1|R_F|FE5,0.0026041666666666665,0.0,0.0078125,unresolved,1,0,191,1,0,23
HALF|C1|R_F|FE6,0.0026041666666666665,0.0,0.0078125,unresolved,1,0,191,1,0,23
HALF|C1|R_F|FE7,0.0026041666666666665,0.0,0.0078125,unresolved,1,0,191,1,0,23
HALF|C1|R_F|FE8,0.0026041666666666665,0.0,0.0078125,unresolved,1,0,191,1,0,23
HALF|C1|R_H|D40,0.0026041666666666665,0.0,0.0078125,unresolved,1,0,191,1,0,23
HALF|C1|R_H|F,0.0028361002604166663,0.00036616007486979166,0.007513580322265623,positive,87,11,94,21,3,0
HALF|C1|R_H|F0,0.0,0.0,0.0,structural_zero,0,0,192,0,0,24
HALF|C1|R_H|F1,0.005452473958333333,0.004231770833333333,0.006754557291666667,positive,62,0,130,24,0,0
HALF|C1|R_H|F40,0.0026041666666666665,0.0,0.0078125,unresolved,1,0,191,1,0,23
HALF|C1|R_H|FE1,0.0035807291666666665,0.002392171223958333,0.004915771484374999,positive,86,11,95,22,2,0
HALF|C1|R_H|FE2,0.0029785156250000003,-4.923502604166669e-05,0.008105875651041665,unresolved,12,7,173,7,5,12
HALF|C1|R_H|FE3,0.003059895833333333,-3.255208333333333e-05,0.008902994791666665,unresolved,3,1,188,2,1,21
HALF|C1|R_H|FE4,0.0026529947916666668,0.0,0.00791015625,unresolved,2,0,190,2,0,22
HALF|C1|R_H|FE5,0.0026041666666666665,0.0,0.0078125,unresolved,1,0,191,1,0,23
HALF|C1|R_H|FE6,0.0026041666666666665,0.0,0.0078125,unresolved,1,0,191,1,0,23
HALF|C1|R_H|FE7,0.0026041666666666665,0.0,0.0078125,unresolved,1,0,191,1,0,23
HALF|C1|R_H|FE8,0.0026041666666666665,0.0,0.0078125,unresolved,1,0,191,1,0,23
ZERO|C0|COMP_F|D40,0.004475911458333333,-0.01416015625,0.0224609375,unresolved,11,8,173,8,4,12
ZERO|C0|COMP_F|F,0.0035786946614583346,-0.0072554524739583326,0.014592386881510409,unresolved,27,25,140,11,11,2
ZERO|C0|COMP_F|F0,0.0,0.0,0.0,structural_zero,0,0,192,0,0,24
ZERO|C0|COMP_F|F1,-8.138020833333333e-05,-0.000244140625,0.0,unresolved,0,1,191,0,1,23
ZERO|C0|COMP_F|F40,0.004475911458333333,-0.01416015625,0.0224609375,unresolved,11,8,173,8,4,12
ZERO|C0|COMP_F|FE1,-3.255208333333314e-05,-0.0012862141927083332,0.0011230468749999995,unresolved,26,25,141,10,12,2
ZERO|C0|COMP_F|FE2,0.0006998697916666682,-0.004704589843749999,0.005762125651041666,unresolved,19,16,157,10,9,5
ZERO|C0|COMP_F|FE3,0.0020996093750000003,-0.007211100260416667,0.012176920572916654,unresolved,17,11,164,11,6,7
ZERO|C0|COMP_F|FE4,0.004947916666666669,-0.006511637369791667,0.017791748046874993,unresolved,14,9,169,10,6,8
ZERO|C0|COMP_F|FE5,0.005257161458333333,-0.007715657552083332,0.01905965169270833,unresolved,14,8,170,8,6,10
ZERO|C0|COMP_F|FE6,0.005989583333333333,-0.010270996093749997,0.022106119791666653,unresolved,14,8,170,8,6,10
ZERO|C0|COMP_F|FE7,0.005305989583333334,-0.012714029947916665,0.022332356770833322,unresolved,13,8,171,9,4,11
ZERO|C0|COMP_F|FE8,0.004361979166666666,-0.014148763020833333,0.02202229817708333,unresolved,12,8,172,8,4,12
ZERO|C0|COMP_H|D40,-0.008707682291666666,-0.03296101888020833,0.01709187825520832,unresolved,11,18,163,6,11,7
ZERO|C0|COMP_H|F,-0.002006022135416666,-0.01753692626953125,0.014234008789062494,unresolved,30,42,120,9,15,0
ZERO|C0|COMP_H|F0,0.0,0.0,0.0,structural_zero,0,0,192,0,0,24
ZERO|C0|COMP_H|F1,-0.00016276041666666666,-0.0004069010416666667,0.0,unresolved,0,2,190,0,2,22
ZERO|C0|COMP_H|F40,-0.008707682291666666,-0.03296101888020833,0.01709187825520832,unresolved,11,18,163,6,11,7
ZERO|C0|COMP_H|FE1,-0.001171874999999999,-0.003092447916666665,0.0007649739583333322,unresolved,28,44,120,8,16,0
ZERO|C0|COMP_H|FE2,-0.0020996093750000008,-0.009750162760416667,0.00553426106770833,unresolved,29,27,136,9,15,0
ZERO|C0|COMP_H|FE3,-0.00021158854166666562,-0.016178792317708333,0.015869140625000003,unresolved,20,26,146,6,15,3
ZERO|C0|COMP_H|FE4,0.003304036458333334,-0.01577799479166667,0.02311238606770833,unresolved,18,20,154,8,13,3
ZERO|C0|COMP_H|FE5,-0.0009114583333333336,-0.020426839192708334,0.019954833984374996,unresolved,16,19,157,8,12,4
ZERO|C0|COMP_H|FE6,-0.0005533854166666652,-0.021617431640625004,0.022673339843749998,unresolved,14,17,161,8,10,6
ZERO|C0|COMP_H|FE7,-0.006461588541666667,-0.028289794921875,0.017080078124999964,unresolved,12,18,162,6,11,7
ZERO|C0|COMP_H|FE8,-0.007942708333333335,-0.03120157877604167,0.016684163411458324,unresolved,11,18,163,6,11,7
ZERO|C0|FF_AVG|D40,0.039388020833333336,0.01708780924479167,0.06087646484374998,positive,29,163,0,17,7,0
ZERO|C0|FF_AVG|F,0.04770711263020833,0.03353744506835937,0.06213821411132812,positive,155,0,37,24,0,0
ZERO|C0|FF_AVG|F0,0.03125,0.03125,0.03125,positive,192,0,0,24,0,0
ZERO|C0|FF_AVG|F1,0.022705078125,0.020100911458333332,0.025309244791666668,positive,155,0,37,24,0,0
ZERO|C0|FF_AVG|F40,0.07063802083333333,0.04833780924479167,0.09212646484374998,positive,29,0,163,17,0,7
ZERO|C0|FF_AVG|FE1,0.018603515625,0.015282796223958334,0.02197347005208333,positive,155,0,37,24,0,0
ZERO|C0|FF_AVG|FE2,0.02805989583333333,0.019384765624999998,0.03743570963541666,positive,58,0,134,22,0,2
ZERO|C0|FF_AVG|FE3,0.038248697916666664,0.025992431640624997,0.0515478515625,positive,43,0,149,21,0,3
ZERO|C0|FF_AVG|FE4,0.04708658854166667,0.0321923828125,0.062744140625,positive,37,0,155,20,0,4
ZERO|C0|FF_AVG|FE5,0.05351562499999999,0.03731567382812499,0.06980997721354165,positive,32,0,160,18,0,6
ZERO|C0|FF_AVG|FE6,0.06036783854166666,0.041844482421875,0.07897176106770833,positive,32,0,160,18,0,6
ZERO|C0|FF_AVG|FE7,0.06599934895833333,0.04456298828125,0.08694702148437501,positive,30,0,162,17,0,7
ZERO|C0|FF_AVG|FE8,0.069775390625,0.047442626953125004,0.09144002278645832,positive,30,0,162,17,0,7
ZERO|C0|FF_CARR|D40,0.07877604166666667,0.03417561848958334,0.12175292968749996,positive,29,163,0,17,7,0
ZERO|C0|FF_CARR|F,0.09541422526041667,0.06707489013671875,0.12427642822265624,positive,155,0,37,24,0,0
ZERO|C0|FF_CARR|F0,0.0625,0.0625,0.0625,positive,192,0,0,24,0,0
ZERO|C0|FF_CARR|F1,0.04541015625,0.040201822916666664,0.050618489583333336,positive,155,0,37,24,0,0
ZERO|C0|FF_CARR|F40,0.14127604166666666,0.09667561848958334,0.18425292968749996,positive,29,0,163,17,0,7
ZERO|C0|FF_CARR|FE1,0.03720703125,0.030565592447916668,0.04394694010416666,positive,155,0,37,24,0,0
ZERO|C0|FF_CARR|FE2,0.05611979166666666,0.038769531249999996,0.07487141927083332,positive,58,0,134,22,0,2
ZERO|C0|FF_CARR|FE3,0.07649739583333333,0.051984863281249995,0.103095703125,positive,43,0,149,21,0,3
ZERO|C0|FF_CARR|FE4,0.09417317708333334,0.064384765625,0.12548828125,positive,37,0,155,20,0,4
ZERO|C0|FF_CARR|FE5,0.10703124999999998,0.07463134765624999,0.1396199544270833,positive,32,0,160,18,0,6
ZERO|C0|FF_CARR|FE6,0.12073567708333333,0.08368896484375,0.15794352213541665,positive,32,0,160,18,0,6
ZERO|C0|FF_CARR|FE7,0.13199869791666666,0.0891259765625,0.17389404296875002,positive,30,0,162,17,0,7
ZERO|C0|FF_CARR|FE8,0.13955078125,0.09488525390625001,0.18288004557291665,positive,30,0,162,17,0,7
ZERO|C0|FF_POP|E1,0.6573577880859376,0.6512339274088542,0.6636370849609375,positive,192,0,0,24,0,0
ZERO|C0|FF_POP|E2,0.5971608479817708,0.5954772949218751,0.5990561167399088,positive,192,0,0,24,0,0
ZERO|C0|FF_POP|E3,0.5974151611328126,0.5950742594401041,0.6003365580240885,positive,192,0,0,24,0,0
ZERO|C0|FF_POP|E4,0.5995493570963543,0.5969334665934244,0.602053934733073,positive,192,0,0,24,0,0
ZERO|C0|FF_POP|E5,0.5961151123046875,0.5938850911458333,0.5982025146484374,positive,192,0,0,24,0,0
ZERO|C0|FF_POP|E6,0.5995829264322917,0.5976734670003255,0.6016881815592449,positive,192,0,0,24,0,0
ZERO|C0|FF_POP|E7,0.5960296630859375,0.5946916198730469,0.59740603129069,positive,192,0,0,24,0,0
ZERO|C0|FF_POP|E8,0.5978444417317709,0.5959004465738932,0.5997396850585938,positive,192,0,0,24,0,0
ZERO|C0|FF_POP|MLOSS,0.3948680877685547,0.39369110425313314,0.395996109644572,positive,192,0,0,24,0,0
ZERO|C0|FF_POP|U,0.6051319122314452,0.6040038903554281,0.6063088957468669,positive,192,0,0,24,0,0
ZERO|C0|FF_POP|U0,0.76220703125,0.7422551472981771,0.7825715382893881,positive,192,0,0,24,0,0
ZERO|C0|FF_POP|U1,0.7654469807942709,0.7462818145751954,0.7850454966227213,positive,192,0,0,24,0,0
ZERO|C0|FF_POP|U40,0.5994618733723959,0.5949647267659505,0.6037869771321615,positive,192,0,0,24,0,0
ZERO|C0|HF_CARR|D40,0.09431966145833333,0.053466796875,0.13313802083333334,positive,54,137,1,18,3,3
ZERO|C0|HF_CARR|F,0.10914306640624999,0.0837274169921875,0.13449188232421874,positive,172,0,20,24,0,0
ZERO|C0|HF_CARR|F0,0.0625,0.0625,0.0625,positive,192,0,0,24,0,0
ZERO|C0|HF_CARR|F1,0.055257161458333336,0.050211588541666664,0.060384114583333336,positive,172,0,20,24,0,0
ZERO|C0|HF_CARR|F40,0.15681966145833334,0.115966796875,0.19563802083333334,positive,56,0,136,22,0,2
ZERO|C0|HF_CARR|FE1,0.052685546874999996,0.045669759114583326,0.05949055989583332,positive,172,0,20,24,0,0
ZERO|C0|HF_CARR|FE2,0.07111002604166668,0.056510009765625,0.0857637532552083,positive,109,0,83,24,0,0
ZERO|C0|HF_CARR|FE3,0.09153645833333335,0.07000284830729166,0.11324991861979165,positive,86,0,106,24,0,0
ZERO|C0|HF_CARR|FE4,0.10374348958333333,0.07616739908854167,0.13132568359374994,positive,74,0,118,24,0,0
ZERO|C0|HF_CARR|FE5,0.11868489583333335,0.08824707031250001,0.15008544921874994,positive,62,0,130,24,0,0
ZERO|C0|HF_CARR|FE6,0.13170572916666667,0.09788330078125,0.16603271484374998,positive,56,0,136,22,0,2
ZERO|C0|HF_CARR|FE7,0.14886067708333334,0.11204101562499998,0.18411539713541664,positive,56,0,136,22,0,2
ZERO|C0|HF_CARR|FE8,0.15481770833333333,0.11533121744791668,0.19238362630208333,positive,56,0,136,22,0,2
ZERO|C0|HF_F|D40,0.043863932291666664,0.019122314453125,0.06852620442708332,positive,31,160,1,16,8,0
ZERO|C0|HF_F|F,0.05128580729166667,0.03511683146158854,0.06783777872721353,positive,155,0,37,24,0,0
ZERO|C0|HF_F|F0,0.03125,0.03125,0.03125,positive,192,0,0,24,0,0
ZERO|C0|HF_F|F1,0.022623697916666668,0.02001953125,0.025309244791666668,positive,155,0,37,24,0,0
ZERO|C0|HF_F|F40,0.07511393229166667,0.050372314453125004,0.09977620442708332,positive,32,0,160,18,0,6
ZERO|C0|HF_F|FE1,0.018570963541666666,0.014990234375000001,0.022330729166666664,positive,155,0,37,24,0,0
ZERO|C0|HF_F|FE2,0.028759765625,0.020506591796875,0.03738728841145832,positive,56,0,136,21,0,3
ZERO|C0|HF_F|FE3,0.04034830729166667,0.02770100911458333,0.05376017252604167,positive,46,0,146,21,0,3
ZERO|C0|HF_F|FE4,0.05203450520833334,0.03408162434895833,0.07072143554687499,positive,38,0,154,19,0,5
ZERO|C0|HF_F|FE5,0.05877278645833334,0.038883056640625,0.079329833984375,positive,34,0,158,18,0,6
ZERO|C0|HF_F|FE6,0.066357421875,0.044010009765625004,0.08955362955729165,positive,33,0,159,18,0,6
ZERO|C0|HF_F|FE7,0.07130533854166667,0.047198486328125004,0.09521525065104167,positive,33,0,159,18,0,6
ZERO|C0|HF_F|FE8,0.07413736979166667,0.049508870442708346,0.09857014973958332,positive,33,0,159,18,0,6
ZERO|C0|HF_H|D40,0.050455729166666664,0.02734171549479167,0.07389526367187499,positive,34,158,0,18,5,1
ZERO|C0|HF_H|F,0.05785725911458334,0.044011942545572925,0.07202163696289059,positive,172,0,20,24,0,0
ZERO|C0|HF_H|F0,0.03125,0.03125,0.03125,positive,192,0,0,24,0,0
ZERO|C0|HF_H|F1,0.032633463541666664,0.029866536458333332,0.035481770833333336,positive,172,0,20,24,0,0
ZERO|C0|HF_H|F40,0.08170572916666667,0.05859171549479167,0.10514526367187499,positive,34,0,158,20,0,4
ZERO|C0|HF_H|FE1,0.03411458333333333,0.029947916666666668,0.038167724609375,positive,172,0,20,24,0,0
ZERO|C0|HF_H|FE2,0.04235026041666667,0.033218994140625006,0.051856689453124986,positive,92,0,100,24,0,0
ZERO|C0|HF_H|FE3,0.051188151041666664,0.037906494140625,0.06630859374999999,positive,68,0,124,23,0,1
ZERO|C0|HF_H|FE4,0.051708984374999996,0.037744140625,0.06735148111979168,positive,55,0,137,23,0,1
ZERO|C0|HF_H|FE5,0.059912109375,0.04290242513020834,0.07809326171875,positive,41,0,151,23,0,1
ZERO|C0|HF_H|FE6,0.06534830729166667,0.047410888671875005,0.08491455078124999,positive,34,0,158,20,0,4
ZERO|C0|HF_H|FE7,0.07755533854166667,0.05654093424479167,0.09931844075520832,positive,34,0,158,20,0,4
ZERO|C0|HF_H|FE8,0.08068033854166667,0.057778727213541665,0.10374471028645833,positive,34,0,158,20,0,4
ZERO|C0|HF_MINUS_FF_POP|E1,-0.00015563964843752035,-0.0005452601114909303,0.00023455301920569354,unresolved,69,87,36,13,11,0
ZERO|C0|HF_MINUS_FF_POP|E2,-0.0005879720052083351,-0.0014519882202148734,0.00030586242675780456,unresolved,75,80,37,8,16,0
ZERO|C0|HF_MINUS_FF_POP|E3,-0.0008687337239583389,-0.0019842402140299717,0.0002548217773437242,unresolved,66,89,37,11,13,0
ZERO|C0|HF_MINUS_FF_POP|E4,-0.00010019938151040186,-0.0013429768880208143,0.0013383356730143506,unresolved,81,73,38,13,11,0
ZERO|C0|HF_MINUS_FF_POP|E5,0.00029907226562501016,-0.0014135996500650788,0.0020462671915689886,unresolved,77,78,37,12,12,0
ZERO|C0|HF_MINUS_FF_POP|E6,-0.0006561279296874769,-0.002020988464355433,0.000801150004069047,unresolved,67,87,38,9,14,1
ZERO|C0|HF_MINUS_FF_POP|E7,0.00034993489583334814,-0.0009745661417643149,0.0018158721923828126,unresolved,83,72,37,11,13,0
ZERO|C0|HF_MINUS_FF_POP|E8,-0.0001271565755208102,-0.0011500676472981242,0.000865351359049494,unresolved,79,75,38,12,12,0
ZERO|C0|HF_MINUS_FF_POP|MLOSS,0.0002308527628580743,-0.00029661019643147546,0.0007551527023315454,unresolved,82,75,35,11,13,0
ZERO|C0|HF_MINUS_FF_POP|U,-0.0002308527628580951,-0.0007551527023315825,0.0002966101964314506,unresolved,75,82,35,13,11,0
ZERO|C0|HF_MINUS_FF_POP|U0,0.0,0.0,0.0,structural_zero,0,0,192,0,0,24
ZERO|C0|HF_MINUS_FF_POP|U1,6.866455078125e-05,3.814697265625e-05,0.0001068115234375,positive,22,9,161,16,2,6
ZERO|C0|HF_MINUS_FF_POP|U40,-7.883707682291667e-05,-0.002500025431315104,0.002744611104329424,unresolved,78,74,40,8,16,0
ZERO|C0|HF_POP|E1,0.6572021484375,0.6508666356404622,0.6635216267903646,positive,192,0,0,24,0,0
ZERO|C0|HF_POP|E2,0.5965728759765625,0.5950134277343749,0.5985037740071615,positive,192,0,0,24,0,0
ZERO|C0|HF_POP|E3,0.5965464274088542,0.5939381154378256,0.599730084737142,positive,192,0,0,24,0,0
ZERO|C0|HF_POP|E4,0.5994491577148438,0.5971576054890951,0.6015488815307617,positive,192,0,0,24,0,0
ZERO|C0|HF_POP|E5,0.5964141845703125,0.5944762547810872,0.5981608200073243,positive,192,0,0,24,0,0
ZERO|C0|HF_POP|E6,0.5989267985026042,0.5966636530558268,0.6012901941935223,positive,192,0,0,24,0,0
ZERO|C0|HF_POP|E7,0.5963795979817709,0.5950972239176433,0.5977051417032878,positive,192,0,0,24,0,0
ZERO|C0|HF_POP|E8,0.59771728515625,0.595609359741211,0.5997412999471028,positive,192,0,0,24,0,0
ZERO|C0|HF_POP|MLOSS,0.39509894053141276,0.3939239247639974,0.39613483587900794,positive,192,0,0,24,0,0
ZERO|C0|HF_POP|U,0.6049010594685872,0.603865164120992,0.6060760752360025,positive,192,0,0,24,0,0
ZERO|C0|HF_POP|U0,0.76220703125,0.7422551472981771,0.7825715382893881,positive,192,0,0,24,0,0
ZERO|C0|HF_POP|U1,0.7655156453450521,0.7463326136271159,0.785104242960612,positive,192,0,0,24,0,0
ZERO|C0|HF_POP|U40,0.5993830362955729,0.5938765207926433,0.6047269821166993,positive,192,0,0,24,0,0
ZERO|C0|HH_AVG|D40,0.041748046875,0.018391927083333332,0.06616414388020832,positive,33,159,0,16,7,1
ZERO|C0|HH_AVG|F,0.05585123697916666,0.0398944091796875,0.07322016398111976,positive,172,0,20,24,0,0
ZERO|C0|HH_AVG|F0,0.03125,0.03125,0.03125,positive,192,0,0,24,0,0
ZERO|C0|HH_AVG|F1,0.032470703125,0.029703776041666668,0.035319010416666664,positive,172,0,20,24,0,0
ZERO|C0|HH_AVG|F40,0.072998046875,0.049641927083333336,0.09741414388020832,positive,33,0,159,17,0,7
ZERO|C0|HH_AVG|FE1,0.03294270833333333,0.02861328125,0.03699625651041666,positive,172,0,20,24,0,0
ZERO|C0|HH_AVG|FE2,0.04025065104166667,0.029556070963541667,0.05177693684895832,positive,92,0,100,24,0,0
ZERO|C0|HH_AVG|FE3,0.05097656250000001,0.033965250651041674,0.06959879557291665,positive,61,0,131,22,0,2
ZERO|C0|HH_AVG|FE4,0.055013020833333336,0.0360986328125,0.07649780273437501,positive,46,0,146,21,0,3
ZERO|C0|HH_AVG|FE5,0.059000651041666664,0.04041259765625,0.08006469726562498,positive,39,0,153,18,0,6
ZERO|C0|HH_AVG|FE6,0.06479492187500001,0.04395833333333334,0.08766682942708331,positive,34,0,158,17,0,7
ZERO|C0|HH_AVG|FE7,0.07109375,0.04866414388020834,0.09409261067708334,positive,34,0,158,17,0,7
ZERO|C0|HH_AVG|FE8,0.07273763020833333,0.049770507812499996,0.09645507812499998,positive,33,0,159,17,0,7
ZERO|C0|HH_CARR|D40,0.08349609375,0.036783854166666664,0.13232828776041664,positive,33,159,0,16,7,1
ZERO|C0|HH_CARR|F,0.11170247395833333,0.079788818359375,0.14644032796223952,positive,172,0,20,24,0,0
ZERO|C0|HH_CARR|F0,0.0625,0.0625,0.0625,positive,192,0,0,24,0,0
ZERO|C0|HH_CARR|F1,0.06494140625,0.059407552083333336,0.07063802083333333,positive,172,0,20,24,0,0
ZERO|C0|HH_CARR|F40,0.14599609375,0.09928385416666667,0.19482828776041664,positive,33,0,159,17,0,7
ZERO|C0|HH_CARR|FE1,0.06588541666666665,0.0572265625,0.07399251302083332,positive,172,0,20,24,0,0
ZERO|C0|HH_CARR|FE2,0.08050130208333334,0.059112141927083334,0.10355387369791665,positive,92,0,100,24,0,0
ZERO|C0|HH_CARR|FE3,0.10195312500000002,0.06793050130208335,0.1391975911458333,positive,61,0,131,22,0,2
ZERO|C0|HH_CARR|FE4,0.11002604166666667,0.072197265625,0.15299560546875002,positive,46,0,146,21,0,3
ZERO|C0|HH_CARR|FE5,0.11800130208333333,0.0808251953125,0.16012939453124997,positive,39,0,153,18,0,6
ZERO|C0|HH_CARR|FE6,0.12958984375000002,0.08791666666666668,0.17533365885416663,positive,34,0,158,17,0,7
ZERO|C0|HH_CARR|FE7,0.1421875,0.09732828776041667,0.18818522135416668,positive,34,0,158,17,0,7
ZERO|C0|HH_CARR|FE8,0.14547526041666667,0.09954101562499999,0.19291015624999996,positive,33,0,159,17,0,7
ZERO|C0|HH_MINUS_FF_POP|E1,-0.0003163655598958602,-0.0009949239095052326,0.0003936767578124891,unresolved,72,82,38,12,12,0
ZERO|C0|HH_MINUS_FF_POP|E2,-0.00024108886718748426,-0.0014517466227213516,0.0010784657796224133,unresolved,76,79,37,11,13,0
ZERO|C0|HH_MINUS_FF_POP|E3,-0.0002573649088541685,-0.0018669128417968608,0.0013135019938150928,unresolved,72,83,37,14,10,0
ZERO|C0|HH_MINUS_FF_POP|E4,-0.0005035400390624861,-0.0022342681884765523,0.0013052876790364913,unresolved,79,74,39,11,13,0
ZERO|C0|HH_MINUS_FF_POP|E5,0.0007120768229166713,-0.001405003865559909,0.0032743581136067635,unresolved,74,81,37,12,12,0
ZERO|C0|HH_MINUS_FF_POP|E6,2.9500325520829634e-05,-0.0017296346028646016,0.001907348632812491,unresolved,76,76,40,9,15,0
ZERO|C0|HH_MINUS_FF_POP|E7,0.0015797932942708214,-0.0005240122477213635,0.0038342030843098855,unresolved,86,69,37,14,10,0
ZERO|C0|HH_MINUS_FF_POP|E8,-0.0006927490234374991,-0.0023286437988281243,0.0009140268961588209,unresolved,73,81,38,8,16,0
ZERO|C0|HH_MINUS_FF_POP|MLOSS,-3.878275553386804e-05,-0.00081635157267254,0.0006967608133951506,unresolved,78,78,36,10,14,0
ZERO|C0|HH_MINUS_FF_POP|U,3.878275553385879e-05,-0.0006967608133951721,0.0008163515726725488,unresolved,78,78,36,14,10,0
ZERO|C0|HH_MINUS_FF_POP|U0,0.0,0.0,0.0,structural_zero,0,0,192,0,0,24
ZERO|C0|HH_MINUS_FF_POP|U1,0.00011698404947916667,5.5948893229166664e-05,0.00018310546875,positive,22,9,161,15,3,6
ZERO|C0|HH_MINUS_FF_POP|U40,-0.0014241536458333333,-0.004694620768229167,0.00181592305501302,unresolved,73,80,39,10,14,0
ZERO|C0|HH_MINUS_HF_POP|E1,-0.0001607259114583398,-0.0007217407226562484,0.0004476165771484191,unresolved,64,92,36,10,14,0
ZERO|C0|HH_MINUS_HF_POP|E2,0.0003468831380208509,-0.0006996409098306789,0.0013977813720702996,unresolved,73,82,37,11,13,0
ZERO|C0|HH_MINUS_HF_POP|E3,0.0006113688151041704,-0.0006569544474283738,0.0018281936645507646,unresolved,81,74,37,15,9,0
ZERO|C0|HH_MINUS_HF_POP|E4,-0.00040334065755208426,-0.0014863713582356898,0.0007070159912109332,unresolved,77,77,38,11,13,0
ZERO|C0|HH_MINUS_HF_POP|E5,0.00041300455729166113,-0.0010562388102213827,0.002125282287597651,unresolved,79,76,37,11,13,0
ZERO|C0|HH_MINUS_HF_POP|E6,0.0006856282552083065,-0.0006516138712565268,0.0020118331909179353,unresolved,77,78,37,13,11,0
ZERO|C0|HH_MINUS_HF_POP|E7,0.0012298583984374732,-3.570556640625025e-05,0.0025580342610676686,unresolved,88,67,37,15,9,0
ZERO|C0|HH_MINUS_HF_POP|E8,-0.0005655924479166888,-0.0017289479573567737,0.0005871200561523087,unresolved,72,83,37,10,14,0
ZERO|C0|HH_MINUS_HF_POP|MLOSS,-0.00026963551839194233,-0.0007621987660726017,0.00022355397542315534,unresolved,71,86,35,10,14,0
ZERO|C0|HH_MINUS_HF_POP|U,0.00026963551839195393,-0.0002235539754231303,0.0007621987660726121,unresolved,86,71,35,14,10,0
ZERO|C0|HH_MINUS_HF_POP|U0,0.0,0.0,0.0,structural_zero,0,0,192,0,0,24
ZERO|C0|HH_MINUS_HF_POP|U1,4.8319498697916664e-05,1.52587890625e-05,8.138020833333333e-05,positive,19,9,164,14,4,6
ZERO|C0|HH_MINUS_HF_POP|U40,-0.0013453165690104167,-0.0044918060302734375,0.00178540547688802,unresolved,73,81,38,10,14,0
ZERO|C0|HH_POP|E1,0.6570414225260416,0.6507628377278646,0.663340301513672,positive,192,0,0,24,0,0
ZERO|C0|HH_POP|E2,0.5969197591145833,0.5946370442708333,0.599504903157552,positive,192,0,0,24,0,0
ZERO|C0|HH_POP|E3,0.5971577962239584,0.5946987915039064,0.6004352569580079,positive,192,0,0,24,0,0
ZERO|C0|HH_POP|E4,0.5990458170572918,0.5963621775309246,0.6015762329101563,positive,192,0,0,24,0,0
ZERO|C0|HH_POP|E5,0.5968271891276041,0.5946714274088541,0.5989636993408203,positive,192,0,0,24,0,0
ZERO|C0|HH_POP|E6,0.5996124267578126,0.5970804850260416,0.6021769460042318,positive,192,0,0,24,0,0
ZERO|C0|HH_POP|E7,0.5976094563802082,0.5957580057779948,0.5995137786865233,positive,192,0,0,24,0,0
ZERO|C0|HH_POP|E8,0.5971516927083332,0.5947222900390624,0.5995168304443359,positive,192,0,0,24,0,0
ZERO|C0|HH_POP|MLOSS,0.3948293050130209,0.3937593301137289,0.39587402979532876,positive,192,0,0,24,0,0
ZERO|C0|HH_POP|U,0.6051706949869792,0.6041259702046712,0.6062406698862712,positive,192,0,0,24,0,0
ZERO|C0|HH_POP|U0,0.76220703125,0.7422551472981771,0.7825715382893881,positive,192,0,0,24,0,0
ZERO|C0|HH_POP|U1,0.76556396484375,0.7463682810465495,0.7851275126139323,positive,192,0,0,24,0,0
ZERO|C0|HH_POP|U40,0.5980377197265625,0.5929762522379558,0.60263671875,positive,192,0,0,24,0,0
ZERO|C0|INTERACTION|D40,-0.01318359375,-0.045979817708333336,0.02213745117187499,unresolved,14,22,156,6,12,6
ZERO|C0|INTERACTION|F,-0.005584716796874997,-0.02589004516601562,0.015589803059895824,unresolved,32,39,121,10,14,0
ZERO|C0|INTERACTION|F0,0.0,0.0,0.0,structural_zero,0,0,192,0,0,24
ZERO|C0|INTERACTION|F1,-8.138020833333333e-05,-0.0003255208333333333,0.00016276041666666666,unresolved,1,2,189,1,2,21
ZERO|C0|INTERACTION|F40,-0.01318359375,-0.045979817708333336,0.02213745117187499,unresolved,14,22,156,6,12,6
ZERO|C0|INTERACTION|FE1,-0.0011393229166666659,-0.003157958984374999,0.0009440104166666669,unresolved,30,41,121,8,16,0
ZERO|C0|INTERACTION|FE2,-0.0027994791666666693,-0.01264689127604167,0.008319091796874987,unresolved,30,29,133,9,15,0
ZERO|C0|INTERACTION|FE3,-0.002311197916666665,-0.020431315104166667,0.01782511393229165,unresolved,22,29,141,8,13,3
ZERO|C0|INTERACTION|FE4,-0.001643880208333337,-0.02396118164062501,0.021974283854166655,unresolved,19,24,149,9,12,3
ZERO|C0|INTERACTION|FE5,-0.006168619791666666,-0.031005859375,0.01969523111979166,unresolved,20,22,150,8,12,4
ZERO|C0|INTERACTION|FE6,-0.006542968749999997,-0.03555013020833333,0.02486165364583329,unresolved,18,21,153,8,11,5
ZERO|C0|INTERACTION|FE7,-0.011767578125000002,-0.04157389322916667,0.020673421223958318,unresolved,17,22,153,7,12,5
ZERO|C0|INTERACTION|FE8,-0.012304687500000001,-0.043848063151041665,0.021827799479166656,unresolved,14,22,156,6,12,6
ZERO|C0|MIX_RANK|D40,0.006591796875,-0.02069295247395833,0.034914143880208325,unresolved,25,25,142,10,9,5
ZERO|C0|MIX_RANK|F,0.006571451822916665,-0.010313110351562502,0.025822753906249996,unresolved,112,45,35,12,12,0
ZERO|C0|MIX_RANK|F0,0.0,0.0,0.0,structural_zero,0,0,192,0,0,24
ZERO|C0|MIX_RANK|F1,0.010009765625,0.00830078125,0.011720784505208323,positive,106,0,86,24,0,0
ZERO|C0|MIX_RANK|F40,0.006591796875,-0.02069295247395833,0.034914143880208325,unresolved,25,25,142,10,9,5
ZERO|C0|MIX_RANK|FE1,0.015543619791666666,0.011995035807291665,0.019190266927083328,positive,122,34,36,23,1,0
ZERO|C0|MIX_RANK|FE2,0.013590494791666664,0.003433837890624999,0.02426798502604166,positive,69,40,83,18,6,0
ZERO|C0|MIX_RANK|FE3,0.010839843750000001,-0.005485026041666666,0.029283040364583325,unresolved,50,36,106,12,12,0
ZERO|C0|MIX_RANK|FE4,-0.0003255208333333328,-0.01998860677083333,0.02103352864583331,unresolved,41,33,118,10,14,0
ZERO|C0|MIX_RANK|FE5,0.001139322916666667,-0.019239501953124998,0.024560546875000006,unresolved,34,27,131,9,15,0
ZERO|C0|MIX_RANK|FE6,-0.001009114583333335,-0.025016276041666664,0.024921061197916653,unresolved,26,28,138,8,14,2
ZERO|C0|MIX_RANK|FE7,0.006249999999999999,-0.022055664062499997,0.034982503255208304,unresolved,26,25,141,9,11,4
ZERO|C0|MIX_RANK|FE8,0.006542968750000003,-0.021942138671875,0.034930013020833324,unresolved,25,25,142,10,9,5
ZERO|C0|R_F|D40,0.011067708333333334,-0.013185628255208333,0.037679036458333336,unresolved,28,20,144,12,9,3
ZERO|C0|R_F|F,0.010150146484374997,-0.004733734130859373,0.026218159993489552,unresolved,115,42,35,14,10,0
ZERO|C0|R_F|F0,0.0,0.0,0.0,structural_zero,0,0,192,0,0,24
ZERO|C0|R_F|F1,0.009928385416666666,0.008219401041666666,0.011637369791666666,positive,106,0,86,24,0,0
ZERO|C0|R_F|F40,0.011067708333333334,-0.013185628255208333,0.037679036458333336,unresolved,28,20,144,12,9,3
ZERO|C0|R_F|FE1,0.015511067708333333,0.012027587890624998,0.018929443359375,positive,124,32,36,22,1,1
ZERO|C0|R_F|FE2,0.014290364583333335,0.0046708170572916695,0.024968261718749996,positive,70,40,82,18,5,1
ZERO|C0|R_F|FE3,0.012939453125000002,-0.0006359863281250014,0.028435872395833322,unresolved,51,32,109,17,7,0
ZERO|C0|R_F|FE4,0.004622395833333335,-0.011297200520833328,0.022484130859374965,unresolved,40,31,121,11,13,0
ZERO|C0|R_F|FE5,0.0063964843750000016,-0.01237019856770833,0.026435546874999983,unresolved,36,23,133,12,12,0
ZERO|C0|R_F|FE6,0.0049804687500000005,-0.016623128255208335,0.02848510742187499,unresolved,29,24,139,11,11,2
ZERO|C0|R_F|FE7,0.011555989583333334,-0.013347981770833331,0.037125244140624916,unresolved,28,22,142,12,10,2
ZERO|C0|R_F|FE8,0.010904947916666666,-0.013672688802083333,0.036241048177083277,unresolved,28,20,144,12,9,3
ZERO|C0|R_H|D40,-0.0021158854166666665,-0.03369344075520833,0.02880859375,unresolved,25,25,142,10,10,4
ZERO|C0|R_H|F,0.0045654296875,-0.017021687825520836,0.02593597412109375,unresolved,109,48,35,13,11,0
ZERO|C0|R_H|F0,0.0,0.0,0.0,structural_zero,0,0,192,0,0,24
ZERO|C0|R_H|F1,0.009847005208333334,0.008219401041666666,0.011474609375,positive,106,0,86,24,0,0
ZERO|C0|R_H|F40,-0.0021158854166666665,-0.03369344075520833,0.02880859375,unresolved,25,25,142,10,10,4
ZERO|C0|R_H|FE1,0.014371744791666669,0.010920817057291666,0.01766031901041666,positive,120,35,37,23,1,0
ZERO|C0|R_H|FE2,0.011490885416666666,-0.0006188964843750018,0.023682047526041663,unresolved,71,38,83,15,8,1
ZERO|C0|R_H|FE3,0.010628255208333335,-0.009525553385416665,0.031040039062499993,unresolved,48,35,109,11,12,1
ZERO|C0|R_H|FE4,0.0029785156250000007,-0.023275146484374995,0.029851074218749992,unresolved,34,34,124,11,12,1
ZERO|C0|R_H|FE5,0.00022786458333333656,-0.025688883463541663,0.0264717610677083,unresolved,33,29,130,11,12,1
ZERO|C0|R_H|FE6,-0.0015624999999999968,-0.03134806315104167,0.027950439453124972,unresolved,27,30,135,11,11,2
ZERO|C0|R_H|FE7,-0.00021158854166666852,-0.03147867838541667,0.03161295572916664,unresolved,26,29,137,11,10,3
ZERO|C0|R_H|FE8,-0.0013997395833333346,-0.032992350260416664,0.02977335611979164,unresolved,25,27,140,10,10,4
ZERO|C1|COMP_F|D40,0.0,0.0,0.0,observed_exact_zero,0,0,192,0,0,24
ZERO|C1|COMP_F|F,0.00029907226562499997,-6.103515624999996e-06,0.0007283528645833332,unresolved,6,8,178,6,6,12
ZERO|C1|COMP_F|F0,0.0,0.0,0.0,structural_zero,0,0,192,0,0,24
ZERO|C1|COMP_F|F1,-0.000244140625,-0.00048828125,0.0,unresolved,0,3,189,0,3,21
ZERO|C1|COMP_F|F40,0.0,0.0,0.0,observed_exact_zero,0,0,192,0,0,24
ZERO|C1|COMP_F|FE1,0.0002604166666666665,-0.00032552083333333353,0.00087890625,unresolved,6,8,178,6,6,12
ZERO|C1|COMP_F|FE2,0.0010416666666666667,1.6276041666666666e-05,0.0025069173177083314,positive,4,1,187,4,1,19
ZERO|C1|COMP_F|FE3,0.00039062499999999997,0.0,0.0010416666666666667,unresolved,2,0,190,2,0,22
ZERO|C1|COMP_F|FE4,0.00017903645833333335,0.0,0.000537109375,unresolved,1,0,191,1,0,23
ZERO|C1|COMP_F|FE5,0.00047200520833333334,0.0,0.001416015625,unresolved,1,0,191,1,0,23
ZERO|C1|COMP_F|FE6,4.8828124999999996e-05,0.0,0.000146484375,unresolved,1,0,191,1,0,23
ZERO|C1|COMP_F|FE7,0.0,0.0,0.0,observed_exact_zero,0,0,192,0,0,24
ZERO|C1|COMP_F|FE8,0.0,0.0,0.0,observed_exact_zero,0,0,192,0,0,24
ZERO|C1|COMP_H|D40,0.0,0.0,0.0,observed_exact_zero,0,0,192,0,0,24
ZERO|C1|COMP_H|F,5.289713541666664e-05,-0.00020757039388020834,0.00036219278971354136,unresolved,8,13,171,7,9,8
ZERO|C1|COMP_H|F0,0.0,0.0,0.0,structural_zero,0,0,192,0,0,24
ZERO|C1|COMP_H|F1,-0.0003255208333333333,-0.0006510416666666666,-8.138020833333333e-05,negative,0,4,188,0,4,20
ZERO|C1|COMP_H|F40,0.0,0.0,0.0,observed_exact_zero,0,0,192,0,0,24
ZERO|C1|COMP_H|FE1,9.765624999999998e-05,-0.0006673177083333332,0.0008789062499999999,unresolved,8,13,171,7,9,8
ZERO|C1|COMP_H|FE2,0.0002278645833333334,-0.0008626302083333333,0.0015633138020833292,unresolved,3,4,185,3,4,17
ZERO|C1|COMP_H|FE3,9.765625000000002e-05,-0.0003417968749999999,0.000634765625,unresolved,1,1,190,1,1,22
ZERO|C1|COMP_H|FE4,0.0,0.0,0.0,observed_exact_zero,0,0,192,0,0,24
ZERO|C1|COMP_H|FE5,0.0,0.0,0.0,observed_exact_zero,0,0,192,0,0,24
ZERO|C1|COMP_H|FE6,0.0,0.0,0.0,observed_exact_zero,0,0,192,0,0,24
ZERO|C1|COMP_H|FE7,0.0,0.0,0.0,observed_exact_zero,0,0,192,0,0,24
ZERO|C1|COMP_H|FE8,0.0,0.0,0.0,observed_exact_zero,0,0,192,0,0,24
ZERO|C1|FF_AVG|D40,-0.03125,-0.03125,-0.03125,negative,0,192,0,0,24,0
ZERO|C1|FF_AVG|F,0.0008361816406250001,0.0006387837727864584,0.0010559590657552081,positive,120,0,72,24,0,0
ZERO|C1|FF_AVG|F0,0.03125,0.03125,0.03125,positive,192,0,0,24,0,0
ZERO|C1|FF_AVG|F1,0.013590494791666666,0.011962890625,0.015218098958333334,positive,120,0,72,24,0,0
ZERO|C1|FF_AVG|F40,0.0,0.0,0.0,observed_exact_zero,0,0,192,0,0,24
ZERO|C1|FF_AVG|FE1,0.005826822916666666,0.004720052083333333,0.007080078125,positive,120,0,72,24,0,0
ZERO|C1|FF_AVG|FE2,0.0008138020833333334,0.000146484375,0.0017419433593749978,positive,9,0,183,8,0,16
ZERO|C1|FF_AVG|FE3,4.8828124999999996e-05,0.0,0.000146484375,unresolved,1,0,191,1,0,23
ZERO|C1|FF_AVG|FE4,0.0,0.0,0.0,observed_exact_zero,0,0,192,0,0,24
ZERO|C1|FF_AVG|FE5,0.0,0.0,0.0,observed_exact_zero,0,0,192,0,0,24
ZERO|C1|FF_AVG|FE6,0.0,0.0,0.0,observed_exact_zero,0,0,192,0,0,24
ZERO|C1|FF_AVG|FE7,0.0,0.0,0.0,observed_exact_zero,0,0,192,0,0,24
ZERO|C1|FF_AVG|FE8,0.0,0.0,0.0,observed_exact_zero,0,0,192,0,0,24
ZERO|C1|FF_CARR|D40,-0.0625,-0.0625,-0.0625,negative,0,192,0,0,24,0
ZERO|C1|FF_CARR|F,0.0016723632812500001,0.0012775675455729168,0.0021119181315104162,positive,120,0,72,24,0,0
ZERO|C1|FF_CARR|F0,0.0625,0.0625,0.0625,positive,192,0,0,24,0,0
ZERO|C1|FF_CARR|F1,0.027180989583333332,0.02392578125,0.030436197916666668,positive,120,0,72,24,0,0
ZERO|C1|FF_CARR|F40,0.0,0.0,0.0,observed_exact_zero,0,0,192,0,0,24
ZERO|C1|FF_CARR|FE1,0.011653645833333332,0.009440104166666666,0.01416015625,positive,120,0,72,24,0,0
ZERO|C1|FF_CARR|FE2,0.0016276041666666667,0.00029296875,0.0034838867187499956,positive,9,0,183,8,0,16
ZERO|C1|FF_CARR|FE3,9.765624999999999e-05,0.0,0.00029296875,unresolved,1,0,191,1,0,23
ZERO|C1|FF_CARR|FE4,0.0,0.0,0.0,observed_exact_zero,0,0,192,0,0,24
ZERO|C1|FF_CARR|FE5,0.0,0.0,0.0,observed_exact_zero,0,0,192,0,0,24
ZERO|C1|FF_CARR|FE6,0.0,0.0,0.0,observed_exact_zero,0,0,192,0,0,24
ZERO|C1|FF_CARR|FE7,0.0,0.0,0.0,observed_exact_zero,0,0,192,0,0,24
ZERO|C1|FF_CARR|FE8,0.0,0.0,0.0,observed_exact_zero,0,0,192,0,0,24
ZERO|C1|FF_POP|E1,0.6572499593098958,0.6510226440429687,0.6636024475097656,positive,192,0,0,24,0,0
ZERO|C1|FF_POP|E2,0.5963694254557291,0.5942794799804688,0.5984548187255859,positive,192,0,0,24,0,0
ZERO|C1|FF_POP|E3,0.5961273193359374,0.5932532501220703,0.5994970703125,positive,192,0,0,24,0,0
ZERO|C1|FF_POP|E4,0.5984639485677085,0.5957437388102214,0.6010681660970052,positive,192,0,0,24,0,0
ZERO|C1|FF_POP|E5,0.5956034342447917,0.5939910125732423,0.5971575164794921,positive,192,0,0,24,0,0
ZERO|C1|FF_POP|E6,0.5977925618489582,0.5954587809244791,0.6001333618164063,positive,192,0,0,24,0,0
ZERO|C1|FF_POP|E7,0.5960795084635416,0.5939577992757161,0.5982332611083984,positive,192,0,0,24,0,0
ZERO|C1|FF_POP|E8,0.595916748046875,0.5935689036051432,0.5982852427164713,positive,192,0,0,24,0,0
ZERO|C1|FF_POP|MLOSS,0.3957996368408203,0.394689245223999,0.3968708737691244,positive,192,0,0,24,0,0
ZERO|C1|FF_POP|U,0.6042003631591797,0.6031291262308758,0.605310754776001,positive,192,0,0,24,0,0
ZERO|C1|FF_POP|U0,0.76220703125,0.7422551472981771,0.7825715382893881,positive,192,0,0,24,0,0
ZERO|C1|FF_POP|U1,0.7653706868489584,0.7462460835774739,0.7849783579508464,positive,192,0,0,24,0,0
ZERO|C1|FF_POP|U40,0.6002400716145834,0.5950813293457031,0.6055145263671875,positive,192,0,0,24,0,0
ZERO|C1|HF_CARR|D40,-0.0625,-0.0625,-0.0625,negative,0,192,0,0,24,0
ZERO|C1|HF_CARR|F,0.0025390625,0.001985626220703125,0.003234965006510416,positive,141,0,51,24,0,0
ZERO|C1|HF_CARR|F0,0.0625,0.0625,0.0625,positive,192,0,0,24,0,0
ZERO|C1|HF_CARR|F1,0.032470703125,0.029215494791666668,0.035725911458333336,positive,141,0,51,24,0,0
ZERO|C1|HF_CARR|F40,0.0,0.0,0.0,observed_exact_zero,0,0,192,0,0,24
ZERO|C1|HF_CARR|FE1,0.015429687500000002,0.013442789713541665,0.01762776692708333,positive,141,0,51,24,0,0
ZERO|C1|HF_CARR|FE2,0.003173828125,0.0016113281250000001,0.0048506673177083305,positive,23,0,169,16,0,8
ZERO|C1|HF_CARR|FE3,0.0009114583333333332,0.000146484375,0.0019368489583333334,positive,6,0,186,6,0,18
ZERO|C1|HF_CARR|FE4,0.0002766927083333334,0.0,0.000732421875,unresolved,2,0,190,2,0,22
ZERO|C1|HF_CARR|FE5,0.00047200520833333334,0.0,0.001416015625,unresolved,1,0,191,1,0,23
ZERO|C1|HF_CARR|FE6,4.8828124999999996e-05,0.0,0.000146484375,unresolved,1,0,191,1,0,23
ZERO|C1|HF_CARR|FE7,0.0,0.0,0.0,observed_exact_zero,0,0,192,0,0,24
ZERO|C1|HF_CARR|FE8,0.0,0.0,0.0,observed_exact_zero,0,0,192,0,0,24
ZERO|C1|HF_F|D40,-0.03125,-0.03125,-0.03125,negative,0,192,0,0,24,0
ZERO|C1|HF_F|F,0.0011352539062499999,0.0007099405924479166,0.0016867065429687492,positive,120,0,72,24,0,0
ZERO|C1|HF_F|F0,0.03125,0.03125,0.03125,positive,192,0,0,24,0,0
ZERO|C1|HF_F|F1,0.013346354166666666,0.011800130208333334,0.014892578125,positive,120,0,72,24,0,0
ZERO|C1|HF_F|F40,0.0,0.0,0.0,observed_exact_zero,0,0,192,0,0,24
ZERO|C1|HF_F|FE1,0.006087239583333333,0.0048177083333333336,0.0075687662760416646,positive,120,0,72,24,0,0
ZERO|C1|HF_F|FE2,0.0018554687499999997,0.0005533854166666667,0.003434244791666666,positive,12,0,180,10,0,14
ZERO|C1|HF_F|FE3,0.00043945312499999996,0.0,0.0011393229166666667,unresolved,3,0,189,3,0,21
ZERO|C1|HF_F|FE4,0.00017903645833333335,0.0,0.000537109375,unresolved,1,0,191,1,0,23
ZERO|C1|HF_F|FE5,0.00047200520833333334,0.0,0.001416015625,unresolved,1,0,191,1,0,23
ZERO|C1|HF_F|FE6,4.8828124999999996e-05,0.0,0.000146484375,unresolved,1,0,191,1,0,23
ZERO|C1|HF_F|FE7,0.0,0.0,0.0,observed_exact_zero,0,0,192,0,0,24
ZERO|C1|HF_F|FE8,0.0,0.0,0.0,observed_exact_zero,0,0,192,0,0,24
ZERO|C1|HF_H|D40,-0.03125,-0.03125,-0.03125,negative,0,192,0,0,24,0
ZERO|C1|HF_H|F,0.00140380859375,0.0011351521809895833,0.0017232259114583334,positive,141,0,51,24,0,0
ZERO|C1|HF_H|F0,0.03125,0.03125,0.03125,positive,192,0,0,24,0,0
ZERO|C1|HF_H|F1,0.019124348958333332,0.017252604166666668,0.020914713541666668,positive,141,0,51,24,0,0
ZERO|C1|HF_H|F40,0.0,0.0,0.0,observed_exact_zero,0,0,192,0,0,24
ZERO|C1|HF_H|FE1,0.009342447916666668,0.00810546875,0.010628255208333333,positive,141,0,51,24,0,0
ZERO|C1|HF_H|FE2,0.0013183593749999999,0.0005371093749999999,0.002197265625,positive,15,0,177,12,0,12
ZERO|C1|HF_H|FE3,0.00047200520833333334,0.0,0.001171875,unresolved,3,0,189,3,0,21
ZERO|C1|HF_H|FE4,9.765624999999999e-05,0.0,0.00029296875,unresolved,1,0,191,1,0,23
ZERO|C1|HF_H|FE5,0.0,0.0,0.0,observed_exact_zero,0,0,192,0,0,24
ZERO|C1|HF_H|FE6,0.0,0.0,0.0,observed_exact_zero,0,0,192,0,0,24
ZERO|C1|HF_H|FE7,0.0,0.0,0.0,observed_exact_zero,0,0,192,0,0,24
ZERO|C1|HF_H|FE8,0.0,0.0,0.0,observed_exact_zero,0,0,192,0,0,24
ZERO|C1|HF_MINUS_FF_POP|E1,0.00013478597005206946,-0.00021214803059898927,0.0004882812499999639,unresolved,57,46,89,13,11,0
ZERO|C1|HF_MINUS_FF_POP|E2,7.88370768229028e-05,-0.0007787831624349258,0.000874875386555976,unresolved,52,49,91,12,12,0
ZERO|C1|HF_MINUS_FF_POP|E3,0.0004170735677083287,-0.00036725362141929715,0.0012441380818684462,unresolved,57,44,91,13,11,0
ZERO|C1|HF_MINUS_FF_POP|E4,-0.0008590698242187713,-0.0017055511474609664,-2.1820068359390242e-05,negative,45,56,91,10,14,0
ZERO|C1|HF_MINUS_FF_POP|E5,0.0007369995117187574,-0.00018829345703124956,0.0017018636067708264,unresolved,60,41,91,16,8,0
ZERO|C1|HF_MINUS_FF_POP|E6,0.00028330485026040647,-0.0006561533610026134,0.0011740239461262886,unresolved,46,53,93,11,13,0
ZERO|C1|HF_MINUS_FF_POP|E7,7.680257161461294e-05,-0.0008651860555012856,0.0009531784057617768,unresolved,54,46,92,13,10,1
ZERO|C1|HF_MINUS_FF_POP|E8,0.000767517089843762,-9.665171305337158e-05,0.0015645853678385613,unresolved,57,44,91,17,7,0
ZERO|C1|HF_MINUS_FF_POP|MLOSS,-0.00020453135172525394,-0.0004587284723917576,5.6522687276221453e-05,unresolved,48,55,89,9,15,0
ZERO|C1|HF_MINUS_FF_POP|U,0.00020453135172526318,-5.6522687276183005e-05,0.0004587284723917553,unresolved,55,48,89,15,9,0
ZERO|C1|HF_MINUS_FF_POP|U0,0.0,0.0,0.0,structural_zero,0,0,192,0,0,24
ZERO|C1|HF_MINUS_FF_POP|U1,5.5948893229166664e-05,1.52587890625e-05,0.00010426839192708333,positive,13,6,173,8,2,14
ZERO|C1|HF_MINUS_FF_POP|U40,0.0008646647135416666,-0.0012056986490885417,0.0030799229939778637,unresolved,53,46,93,13,10,1
ZERO|C1|HF_POP|E1,0.657384745279948,0.6511085891723634,0.663776969909668,positive,192,0,0,24,0,0
ZERO|C1|HF_POP|E2,0.5964482625325521,0.5945812352498372,0.5983569208780923,positive,192,0,0,24,0,0
ZERO|C1|HF_POP|E3,0.5965443929036458,0.593916982014974,0.5998637135823567,positive,192,0,0,24,0,0
ZERO|C1|HF_POP|E4,0.5976048787434897,0.5949430338541667,0.6002077611287435,positive,192,0,0,24,0,0
ZERO|C1|HF_POP|E5,0.5963404337565104,0.5949778111775716,0.597652842203776,positive,192,0,0,24,0,0
ZERO|C1|HF_POP|E6,0.5980758666992188,0.5957920583089193,0.6003207906087239,positive,192,0,0,24,0,0
ZERO|C1|HF_POP|E7,0.5961563110351563,0.5943681081136067,0.5980934778849284,positive,192,0,0,24,0,0
ZERO|C1|HF_POP|E8,0.5966842651367187,0.5942293548583985,0.5991151173909505,positive,192,0,0,24,0,0
ZERO|C1|HF_POP|MLOSS,0.3955951054890951,0.394577039082845,0.3965897258122762,positive,192,0,0,24,0,0
ZERO|C1|HF_POP|U,0.604404894510905,0.6034102741877237,0.605422960917155,positive,192,0,0,24,0,0
ZERO|C1|HF_POP|U0,0.76220703125,0.7422551472981771,0.7825715382893881,positive,192,0,0,24,0,0
ZERO|C1|HF_POP|U1,0.7654266357421875,0.7463066101074218,0.7850526173909504,positive,192,0,0,24,0,0
ZERO|C1|HF_POP|U40,0.601104736328125,0.5955122629801433,0.6069490432739257,positive,192,0,0,24,0,0
ZERO|C1|HH_AVG|D40,-0.03125,-0.03125,-0.03125,negative,0,192,0,0,24,0
ZERO|C1|HH_AVG|F,0.0014567057291666665,0.0011555989583333333,0.0017944335937500001,positive,141,0,51,24,0,0
ZERO|C1|HH_AVG|F0,0.03125,0.03125,0.03125,positive,192,0,0,24,0,0
ZERO|C1|HH_AVG|F1,0.018798828125,0.017008463541666668,0.02050984700520832,positive,141,0,51,24,0,0
ZERO|C1|HH_AVG|F40,0.0,0.0,0.0,observed_exact_zero,0,0,192,0,0,24
ZERO|C1|HH_AVG|FE1,0.009440104166666668,0.008154296875,0.01083984375,positive,141,0,51,24,0,0
ZERO|C1|HH_AVG|FE2,0.0015462239583333333,0.0005696614583333334,0.002783203125,positive,15,0,177,12,0,12
ZERO|C1|HH_AVG|FE3,0.0005696614583333334,0.0,0.001383870442708331,unresolved,3,0,189,3,0,21
ZERO|C1|HH_AVG|FE4,9.765624999999999e-05,0.0,0.00029296875,unresolved,1,0,191,1,0,23
ZERO|C1|HH_AVG|FE5,0.0,0.0,0.0,observed_exact_zero,0,0,192,0,0,24
ZERO|C1|HH_AVG|FE6,0.0,0.0,0.0,observed_exact_zero,0,0,192,0,0,24
ZERO|C1|HH_AVG|FE7,0.0,0.0,0.0,observed_exact_zero,0,0,192,0,0,24
ZERO|C1|HH_AVG|FE8,0.0,0.0,0.0,observed_exact_zero,0,0,192,0,0,24
ZERO|C1|HH_CARR|D40,-0.0625,-0.0625,-0.0625,negative,0,192,0,0,24,0
ZERO|C1|HH_CARR|F,0.002913411458333333,0.0023111979166666667,0.0035888671875000003,positive,141,0,51,24,0,0
ZERO|C1|HH_CARR|F0,0.0625,0.0625,0.0625,positive,192,0,0,24,0,0
ZERO|C1|HH_CARR|F1,0.03759765625,0.034016927083333336,0.04101969401041664,positive,141,0,51,24,0,0
ZERO|C1|HH_CARR|F40,0.0,0.0,0.0,observed_exact_zero,0,0,192,0,0,24
ZERO|C1|HH_CARR|FE1,0.018880208333333336,0.01630859375,0.0216796875,positive,141,0,51,24,0,0
ZERO|C1|HH_CARR|FE2,0.0030924479166666665,0.0011393229166666667,0.00556640625,positive,15,0,177,12,0,12
ZERO|C1|HH_CARR|FE3,0.0011393229166666667,0.0,0.002767740885416662,unresolved,3,0,189,3,0,21
ZERO|C1|HH_CARR|FE4,0.00019531249999999998,0.0,0.0005859375,unresolved,1,0,191,1,0,23
ZERO|C1|HH_CARR|FE5,0.0,0.0,0.0,observed_exact_zero,0,0,192,0,0,24
ZERO|C1|HH_CARR|FE6,0.0,0.0,0.0,observed_exact_zero,0,0,192,0,0,24
ZERO|C1|HH_CARR|FE7,0.0,0.0,0.0,observed_exact_zero,0,0,192,0,0,24
ZERO|C1|HH_CARR|FE8,0.0,0.0,0.0,observed_exact_zero,0,0,192,0,0,24
ZERO|C1|HH_MINUS_FF_POP|E1,0.00011800130208336017,-0.0004772186279296652,0.0007090504964192832,unresolved,56,47,89,14,10,0
ZERO|C1|HH_MINUS_FF_POP|E2,-0.00026652018229167407,-0.001621526082356781,0.0010549418131510307,unresolved,47,54,91,12,12,0
ZERO|C1|HH_MINUS_FF_POP|E3,0.000315348307291662,-0.001108067830403642,0.0018251800537109006,unresolved,55,46,91,12,12,0
ZERO|C1|HH_MINUS_FF_POP|E4,-0.0012502034505208436,-0.002584889729817722,0.00018346150716146498,unresolved,46,55,91,10,14,0
ZERO|C1|HH_MINUS_FF_POP|E5,0.0018829345703125222,9.34600830078428e-05,0.003616561889648459,positive,59,42,91,18,6,0
ZERO|C1|HH_MINUS_FF_POP|E6,0.0004547119140625074,-0.0009847768147786334,0.0017640940348307244,unresolved,44,56,92,13,11,0
ZERO|C1|HH_MINUS_FF_POP|E7,0.0001251220703125111,-0.0016554514567057228,0.0017496999104817798,unresolved,53,47,92,15,9,0
ZERO|C1|HH_MINUS_FF_POP|E8,0.0014302571614583416,-6.82067871093642e-05,0.002832463582356774,unresolved,60,41,91,17,7,0
ZERO|C1|HH_MINUS_FF_POP|MLOSS,-0.00035120646158853336,-0.0007408237457275309,4.250526428223263e-05,unresolved,47,56,89,9,15,0
ZERO|C1|HH_MINUS_FF_POP|U,0.00035120646158853797,-4.25052642822146e-05,0.0007408237457274963,unresolved,56,47,89,15,9,0
ZERO|C1|HH_MINUS_FF_POP|U0,0.0,0.0,0.0,structural_zero,0,0,192,0,0,24
ZERO|C1|HH_MINUS_FF_POP|U1,9.663899739583333e-05,2.5431315104166668e-05,0.00017801920572916666,positive,13,6,173,8,2,14
ZERO|C1|HH_MINUS_FF_POP|U40,0.00140380859375,-0.0024523417154947913,0.005579757690429687,unresolved,55,44,93,13,10,1
ZERO|C1|HH_MINUS_HF_POP|E1,-1.6784667968709293e-05,-0.00037078857421869325,0.00030415852864587177,unresolved,55,48,89,14,10,0
ZERO|C1|HH_MINUS_HF_POP|E2,-0.0003453572591145769,-0.0010895156860351368,0.00036418914794922915,unresolved,45,56,91,12,12,0
ZERO|C1|HH_MINUS_HF_POP|E3,-0.00010172526041666667,-0.0008453369140624903,0.0006840515136718839,unresolved,53,48,91,9,15,0
ZERO|C1|HH_MINUS_HF_POP|E4,-0.0003911336263020722,-0.0011022949218749806,0.00037745157877605,unresolved,50,51,91,9,15,0
ZERO|C1|HH_MINUS_HF_POP|E5,0.0011459350585937649,0.00015993754069013578,0.0020874404907226542,positive,61,40,91,18,6,0
ZERO|C1|HH_MINUS_HF_POP|E6,0.0001714070638021009,-0.0006404368082682312,0.0009002939860026177,unresolved,46,54,92,15,9,0
ZERO|C1|HH_MINUS_HF_POP|E7,4.8319498697898165e-05,-0.0008667882283528768,0.0009126027425130182,unresolved,54,47,91,14,10,0
ZERO|C1|HH_MINUS_HF_POP|E8,0.0006627400716145796,-4.787445068359641e-05,0.001391131083170568,unresolved,59,42,91,17,7,0
ZERO|C1|HH_MINUS_HF_POP|MLOSS,-0.0001466751098632794,-0.0003485361735025932,4.738330841066026e-05,unresolved,49,53,90,9,15,0
ZERO|C1|HH_MINUS_HF_POP|U,0.00014667510986327478,-4.738330841069031e-05,0.0003485361735025933,unresolved,53,49,90,15,9,0
ZERO|C1|HH_MINUS_HF_POP|U0,0.0,0.0,0.0,structural_zero,0,0,192,0,0,24
ZERO|C1|HH_MINUS_HF_POP|U1,4.0690104166666664e-05,1.0172526041666666e-05,7.62939453125e-05,positive,12,6,174,8,2,14
ZERO|C1|HH_MINUS_HF_POP|U40,0.0005391438802083334,-0.001444562276204427,0.0025687535603841137,unresolved,53,46,93,14,9,1
ZERO|C1|HH_POP|E1,0.6573679606119792,0.6510273234049481,0.6638204956054687,positive,192,0,0,24,0,0
ZERO|C1|HH_POP|E2,0.5961029052734376,0.5940256500244142,0.5982308451334635,positive,192,0,0,24,0,0
ZERO|C1|HH_POP|E3,0.5964426676432292,0.5938221486409505,0.5999262491861979,positive,192,0,0,24,0,0
ZERO|C1|HH_POP|E4,0.5972137451171875,0.5945328521728516,0.5999198404947917,positive,192,0,0,24,0,0
ZERO|C1|HH_POP|E5,0.5974863688151042,0.5957436116536458,0.5991539764404297,positive,192,0,0,24,0,0
ZERO|C1|HH_POP|E6,0.5982472737630208,0.5958881378173828,0.6007389068603516,positive,192,0,0,24,0,0
ZERO|C1|HH_POP|E7,0.5962046305338542,0.5943326568603515,0.5982128397623698,positive,192,0,0,24,0,0
ZERO|C1|HH_POP|E8,0.5973470052083333,0.5947495524088542,0.5999260457356771,positive,192,0,0,24,0,0
ZERO|C1|HH_POP|MLOSS,0.39544843037923183,0.39442873954772956,0.3964499187469483,positive,192,0,0,24,0,0
ZERO|C1|HH_POP|U,0.6045515696207683,0.6035500812530518,0.6055712604522705,positive,192,0,0,24,0,0
ZERO|C1|HH_POP|U0,0.76220703125,0.7422551472981771,0.7825715382893881,positive,192,0,0,24,0,0
ZERO|C1|HH_POP|U1,0.7654673258463541,0.7463170369466146,0.7850968678792317,positive,192,0,0,24,0,0
ZERO|C1|HH_POP|U40,0.6016438802083334,0.5951632181803385,0.6082527160644532,positive,192,0,0,24,0,0
ZERO|C1|INTERACTION|D40,0.0,0.0,0.0,observed_exact_zero,0,0,192,0,0,24
ZERO|C1|INTERACTION|F,-0.0002461751302083334,-0.0007222493489583332,0.00015263875325520804,unresolved,9,11,172,6,9,9
ZERO|C1|INTERACTION|F0,0.0,0.0,0.0,structural_zero,0,0,192,0,0,24
ZERO|C1|INTERACTION|F1,-8.138020833333333e-05,-0.000244140625,0.0,unresolved,0,1,191,0,1,23
ZERO|C1|INTERACTION|F40,0.0,0.0,0.0,observed_exact_zero,0,0,192,0,0,24
ZERO|C1|INTERACTION|FE1,-0.00016276041666666655,-0.0007486979166666663,0.0004398600260416648,unresolved,7,12,173,5,10,9
ZERO|C1|INTERACTION|FE2,-0.000813802083333333,-0.0025390624999999997,0.0009281412760416645,unresolved,4,6,182,4,6,14
ZERO|C1|INTERACTION|FE3,-0.00029296874999999993,-0.0011238606770833334,0.00042317708333333335,unresolved,1,3,188,1,3,20
ZERO|C1|INTERACTION|FE4,-0.00017903645833333335,-0.000537109375,0.0,unresolved,0,1,191,0,1,23
ZERO|C1|INTERACTION|FE5,-0.00047200520833333334,-0.001416015625,0.0,unresolved,0,1,191,0,1,23
ZERO|C1|INTERACTION|FE6,-4.8828124999999996e-05,-0.000146484375,0.0,unresolved,0,1,191,0,1,23
ZERO|C1|INTERACTION|FE7,0.0,0.0,0.0,observed_exact_zero,0,0,192,0,0,24
ZERO|C1|INTERACTION|FE8,0.0,0.0,0.0,observed_exact_zero,0,0,192,0,0,24
ZERO|C1|MIX_RANK|D40,0.0,0.0,0.0,observed_exact_zero,0,0,192,0,0,24
ZERO|C1|MIX_RANK|F,0.00026855468750000013,-0.00030954996744791643,0.0007548522949218748,unresolved,81,18,93,19,5,0
ZERO|C1|MIX_RANK|F0,0.0,0.0,0.0,structural_zero,0,0,192,0,0,24
ZERO|C1|MIX_RANK|F1,0.005777994791666667,0.004557291666666667,0.007080078125,positive,62,0,130,24,0,0
ZERO|C1|MIX_RANK|F40,0.0,0.0,0.0,observed_exact_zero,0,0,192,0,0,24
ZERO|C1|MIX_RANK|FE1,0.0032552083333333335,0.0015950520833333335,0.004850260416666666,positive,81,19,92,20,4,0
ZERO|C1|MIX_RANK|FE2,-0.0005371093749999999,-0.0023925781249999997,0.0010904947916666667,unresolved,13,10,169,9,7,8
ZERO|C1|MIX_RANK|FE3,3.2552083333333326e-05,-0.0008951822916666666,0.0009277343750000001,unresolved,3,3,186,3,3,18
ZERO|C1|MIX_RANK|FE4,-8.138020833333336e-05,-0.000537109375,0.00021158854166666665,unresolved,1,1,190,1,1,22
ZERO|C1|MIX_RANK|FE5,-0.00047200520833333334,-0.001416015625,0.0,unresolved,0,1,191,0,1,23
ZERO|C1|MIX_RANK|FE6,-4.8828124999999996e-05,-0.000146484375,0.0,unresolved,0,1,191,0,1,23
ZERO|C1|MIX_RANK|FE7,0.0,0.0,0.0,observed_exact_zero,0,0,192,0,0,24
ZERO|C1|MIX_RANK|FE8,0.0,0.0,0.0,observed_exact_zero,0,0,192,0,0,24
ZERO|C1|R_F|D40,0.0,0.0,0.0,observed_exact_zero,0,0,192,0,0,24
ZERO|C1|R_F|F,0.0005676269531250002,0.0002461242675781251,0.0008708190917968748,positive,82,16,94,20,4,0
ZERO|C1|R_F|F0,0.0,0.0,0.0,structural_zero,0,0,192,0,0,24
ZERO|C1|R_F|F1,0.005533854166666667,0.00439453125,0.006754557291666667,positive,62,0,130,24,0,0
ZERO|C1|R_F|F40,0.0,0.0,0.0,observed_exact_zero,0,0,192,0,0,24
ZERO|C1|R_F|FE1,0.0035156249999999997,0.0022298177083333337,0.0048828125,positive,82,17,93,20,4,0
ZERO|C1|R_F|FE2,0.0005045572916666666,-0.0007328287760416666,0.00166015625,unresolved,14,7,171,11,5,8
ZERO|C1|R_F|FE3,0.00042317708333333335,-8.138020833333333e-05,0.0011555989583333333,unresolved,3,1,188,3,1,20
ZERO|C1|R_F|FE4,9.765624999999999e-05,0.0,0.00029296875,unresolved,1,0,191,1,0,23
ZERO|C1|R_F|FE5,0.0,0.0,0.0,observed_exact_zero,0,0,192,0,0,24
ZERO|C1|R_F|FE6,0.0,0.0,0.0,observed_exact_zero,0,0,192,0,0,24
ZERO|C1|R_F|FE7,0.0,0.0,0.0,observed_exact_zero,0,0,192,0,0,24
ZERO|C1|R_F|FE8,0.0,0.0,0.0,observed_exact_zero,0,0,192,0,0,24
ZERO|C1|R_H|D40,0.0,0.0,0.0,observed_exact_zero,0,0,192,0,0,24
ZERO|C1|R_H|F,0.00032145182291666677,-0.00023813883463541665,0.0008036295572916666,unresolved,82,16,94,20,4,0
ZERO|C1|R_H|F0,0.0,0.0,0.0,structural_zero,0,0,192,0,0,24
ZERO|C1|R_H|F1,0.005452473958333333,0.004231770833333333,0.006754557291666667,positive,62,0,130,24,0,0
ZERO|C1|R_H|F40,0.0,0.0,0.0,observed_exact_zero,0,0,192,0,0,24
ZERO|C1|R_H|FE1,0.0033528645833333336,0.001936442057291666,0.004915364583333333,positive,81,18,93,20,4,0
ZERO|C1|R_H|FE2,-0.0003092447916666666,-0.0021162923177083333,0.0014485677083333334,unresolved,12,9,171,7,7,10
ZERO|C1|R_H|FE3,0.00013020833333333339,-0.0008626302083333333,0.0011071777343749979,unresolved,3,3,186,3,3,18
ZERO|C1|R_H|FE4,-8.138020833333336e-05,-0.000537109375,0.00021158854166666665,unresolved,1,1,190,1,1,22
ZERO|C1|R_H|FE5,-0.00047200520833333334,-0.001416015625,0.0,unresolved,0,1,191,0,1,23
ZERO|C1|R_H|FE6,-4.8828124999999996e-05,-0.000146484375,0.0,unresolved,0,1,191,0,1,23
ZERO|C1|R_H|FE7,0.0,0.0,0.0,observed_exact_zero,0,0,192,0,0,24
ZERO|C1|R_H|FE8,0.0,0.0,0.0,observed_exact_zero,0,0,192,0,0,24
