key,mean,ci_low,ci_high,classification,path_positive,path_negative,path_zero,block_positive,block_negative,block_zero
FULL_MINUS_HALF|C0|ISO_H_MINUS_F|D40,0.11173502604166667,0.05370890299479167,0.17440795898437494,positive,63,27,102,16,8,0
FULL_MINUS_HALF|C0|ISO_H_MINUS_F|F,0.049904378255208326,0.009988047281901048,0.09185699462890605,positive,86,49,57,15,9,0
FULL_MINUS_HALF|C0|ISO_H_MINUS_F|F0,0.0,0.0,0.0,structural_zero,0,0,192,0,0,24
FULL_MINUS_HALF|C0|ISO_H_MINUS_F|F1,0.0,0.0,0.0,structural_zero,0,0,192,0,0,24
FULL_MINUS_HALF|C0|ISO_H_MINUS_F|F40,0.11173502604166667,0.05370890299479167,0.17440795898437494,positive,63,27,102,16,8,0
FULL_MINUS_HALF|C0|ISO_H_MINUS_F|FE1,0.0044921875000000005,0.0004553222656250003,0.00888671875,positive,62,37,93,11,7,6
FULL_MINUS_HALF|C0|ISO_H_MINUS_F|FE2,0.001399739583333336,-0.023295898437499993,0.024109293619791645,unresolved,73,54,65,12,12,0
FULL_MINUS_HALF|C0|ISO_H_MINUS_F|FE3,0.013020833333333336,-0.01803670247395833,0.04603068033854166,unresolved,74,46,72,14,10,0
FULL_MINUS_HALF|C0|ISO_H_MINUS_F|FE4,0.031022135416666662,-0.008612060546875001,0.074285888671875,unresolved,74,42,76,14,10,0
FULL_MINUS_HALF|C0|ISO_H_MINUS_F|FE5,0.05856119791666667,0.0068184407552083345,0.11556152343749998,positive,69,40,83,15,9,0
FULL_MINUS_HALF|C0|ISO_H_MINUS_F|FE6,0.08079427083333333,0.024278157552083332,0.14230997721354163,positive,69,34,89,15,9,0
FULL_MINUS_HALF|C0|ISO_H_MINUS_F|FE7,0.10069986979166666,0.043010253906250004,0.1645963541666666,positive,67,30,95,15,9,0
FULL_MINUS_HALF|C0|ISO_H_MINUS_F|FE8,0.10924479166666667,0.04982950846354167,0.17170654296874976,positive,64,27,101,16,8,0
FULL_MINUS_HALF|C0|MIX_H_MINUS_F|D40,0.121337890625,0.05475870768229167,0.187664794921875,positive,70,28,94,20,4,0
FULL_MINUS_HALF|C0|MIX_H_MINUS_F|F,0.05665283203124999,0.014418945312499999,0.09890726725260415,positive,90,49,53,20,4,0
FULL_MINUS_HALF|C0|MIX_H_MINUS_F|F0,0.0,0.0,0.0,structural_zero,0,0,192,0,0,24
FULL_MINUS_HALF|C0|MIX_H_MINUS_F|F1,0.0,0.0,0.0,structural_zero,0,0,192,0,0,24
FULL_MINUS_HALF|C0|MIX_H_MINUS_F|F40,0.121337890625,0.05475870768229167,0.187664794921875,positive,70,28,94,20,4,0
FULL_MINUS_HALF|C0|MIX_H_MINUS_F|FE1,0.005598958333333332,0.0013505045572916668,0.009733072916666665,positive,68,34,90,12,5,7
FULL_MINUS_HALF|C0|MIX_H_MINUS_F|FE2,0.005192057291666666,-0.02013468424479167,0.027408854166666666,unresolved,78,55,59,13,11,0
FULL_MINUS_HALF|C0|MIX_H_MINUS_F|FE3,0.021940104166666658,-0.010633138020833334,0.054303385416666634,unresolved,80,46,66,15,9,0
FULL_MINUS_HALF|C0|MIX_H_MINUS_F|FE4,0.03833007812499999,-0.007568766276041666,0.08190999348958328,unresolved,79,45,68,17,7,0
FULL_MINUS_HALF|C0|MIX_H_MINUS_F|FE5,0.06290690104166667,0.009340006510416672,0.11583740234375,positive,75,43,74,18,6,0
FULL_MINUS_HALF|C0|MIX_H_MINUS_F|FE6,0.09332682291666668,0.03438435872395833,0.1529862467447916,positive,75,38,79,20,4,0
FULL_MINUS_HALF|C0|MIX_H_MINUS_F|FE7,0.108447265625,0.04589599609375,0.17096679687499994,positive,73,33,86,19,5,0
FULL_MINUS_HALF|C0|MIX_H_MINUS_F|FE8,0.11748046875,0.050974527994791664,0.18273396809895823,positive,70,30,92,20,4,0
FULL_MINUS_HALF|C0|MIX_MINUS_ISO_RANK|D40,0.009602864583333334,-0.028731282552083334,0.047530110677083307,unresolved,26,23,143,10,9,5
FULL_MINUS_HALF|C0|MIX_MINUS_ISO_RANK|F,0.0067484537760416664,-0.01839792887369792,0.032089996337890614,unresolved,40,32,120,12,12,0
FULL_MINUS_HALF|C0|MIX_MINUS_ISO_RANK|F0,0.0,0.0,0.0,structural_zero,0,0,192,0,0,24
FULL_MINUS_HALF|C0|MIX_MINUS_ISO_RANK|F1,0.0,0.0,0.0,structural_zero,0,0,192,0,0,24
FULL_MINUS_HALF|C0|MIX_MINUS_ISO_RANK|F40,0.009602864583333334,-0.028731282552083334,0.047530110677083307,unresolved,26,23,143,10,9,5
FULL_MINUS_HALF|C0|MIX_MINUS_ISO_RANK|FE1,0.0011067708333333311,-0.0009932454427083368,0.0032556152343749954,unresolved,30,24,138,12,6,6
FULL_MINUS_HALF|C0|MIX_MINUS_ISO_RANK|FE2,0.0037923177083333316,-0.009215494791666671,0.01740071614583332,unresolved,34,36,122,11,11,2
FULL_MINUS_HALF|C0|MIX_MINUS_ISO_RANK|FE3,0.008919270833333328,-0.01217569986979167,0.03012695312499999,unresolved,36,29,127,13,10,1
FULL_MINUS_HALF|C0|MIX_MINUS_ISO_RANK|FE4,0.007307942708333333,-0.023228759765625,0.036999511718749975,unresolved,36,28,128,11,11,2
FULL_MINUS_HALF|C0|MIX_MINUS_ISO_RANK|FE5,0.004345703124999995,-0.030284830729166677,0.038184814453125,unresolved,33,28,131,10,10,4
FULL_MINUS_HALF|C0|MIX_MINUS_ISO_RANK|FE6,0.01253255208333333,-0.02477620442708335,0.050069173177083315,unresolved,32,28,132,10,10,4
FULL_MINUS_HALF|C0|MIX_MINUS_ISO_RANK|FE7,0.007747395833333333,-0.029948323567708334,0.046569010416666654,unresolved,32,26,134,9,11,4
FULL_MINUS_HALF|C0|MIX_MINUS_ISO_RANK|FE8,0.008235677083333334,-0.029513346354166664,0.04625691731770834,unresolved,28,25,139,9,11,4
FULL_MINUS_HALF|C1|ISO_H_MINUS_F|D40,-0.0026041666666666665,-0.0078125,0.0,unresolved,0,1,191,0,1,23
FULL_MINUS_HALF|C1|ISO_H_MINUS_F|F,-0.002099609375,-0.0065844217936197914,0.0002685546875000001,unresolved,30,13,149,12,5,7
FULL_MINUS_HALF|C1|ISO_H_MINUS_F|F0,0.0,0.0,0.0,structural_zero,0,0,192,0,0,24
FULL_MINUS_HALF|C1|ISO_H_MINUS_F|F1,0.0,0.0,0.0,structural_zero,0,0,192,0,0,24
FULL_MINUS_HALF|C1|ISO_H_MINUS_F|F40,-0.0026041666666666665,-0.0078125,0.0,unresolved,0,1,191,0,1,23
FULL_MINUS_HALF|C1|ISO_H_MINUS_F|FE1,0.0007649739583333332,-8.138020833333311e-05,0.0017252604166666664,unresolved,26,11,155,9,5,10
FULL_MINUS_HALF|C1|ISO_H_MINUS_F|FE2,-0.0018066406249999997,-0.005859781901041665,0.0007161458333333334,unresolved,16,12,164,10,6,8
FULL_MINUS_HALF|C1|ISO_H_MINUS_F|FE3,-0.0027180989583333332,-0.008170572916666667,0.0003255208333333333,unresolved,5,4,183,4,4,16
FULL_MINUS_HALF|C1|ISO_H_MINUS_F|FE4,-0.0026204427083333336,-0.007877604166666668,6.510416666666667e-05,unresolved,1,2,189,1,2,21
FULL_MINUS_HALF|C1|ISO_H_MINUS_F|FE5,-0.0026041666666666665,-0.0078125,0.0,unresolved,0,1,191,0,1,23
FULL_MINUS_HALF|C1|ISO_H_MINUS_F|FE6,-0.0026041666666666665,-0.0078125,0.0,unresolved,0,1,191,0,1,23
FULL_MINUS_HALF|C1|ISO_H_MINUS_F|FE7,-0.0026041666666666665,-0.0078125,0.0,unresolved,0,1,191,0,1,23
FULL_MINUS_HALF|C1|ISO_H_MINUS_F|FE8,-0.0026041666666666665,-0.0078125,0.0,unresolved,0,1,191,0,1,23
FULL_MINUS_HALF|C1|MIX_H_MINUS_F|D40,-0.0026041666666666665,-0.0078125,0.0,unresolved,0,1,191,0,1,23
FULL_MINUS_HALF|C1|MIX_H_MINUS_F|F,-0.002199300130208333,-0.006856384277343749,0.00027064005533854136,unresolved,26,19,147,8,9,7
FULL_MINUS_HALF|C1|MIX_H_MINUS_F|F0,0.0,0.0,0.0,structural_zero,0,0,192,0,0,24
FULL_MINUS_HALF|C1|MIX_H_MINUS_F|F1,0.0,0.0,0.0,structural_zero,0,0,192,0,0,24
FULL_MINUS_HALF|C1|MIX_H_MINUS_F|F40,-0.0026041666666666665,-0.0078125,0.0,unresolved,0,1,191,0,1,23
FULL_MINUS_HALF|C1|MIX_H_MINUS_F|FE1,0.0007161458333333334,-0.0003096516927083339,0.0018880208333333336,unresolved,24,18,150,8,8,8
FULL_MINUS_HALF|C1|MIX_H_MINUS_F|FE2,-0.002180989583333333,-0.007261149088541667,0.0009114583333333335,unresolved,14,8,170,9,6,9
FULL_MINUS_HALF|C1|MIX_H_MINUS_F|FE3,-0.003059895833333333,-0.008902994791666665,3.255208333333333e-05,unresolved,1,3,188,1,2,21
FULL_MINUS_HALF|C1|MIX_H_MINUS_F|FE4,-0.0026529947916666668,-0.00791015625,0.0,unresolved,0,2,190,0,2,22
FULL_MINUS_HALF|C1|MIX_H_MINUS_F|FE5,-0.0026041666666666665,-0.0078125,0.0,unresolved,0,1,191,0,1,23
FULL_MINUS_HALF|C1|MIX_H_MINUS_F|FE6,-0.0026041666666666665,-0.0078125,0.0,unresolved,0,1,191,0,1,23
FULL_MINUS_HALF|C1|MIX_H_MINUS_F|FE7,-0.0026041666666666665,-0.0078125,0.0,unresolved,0,1,191,0,1,23
FULL_MINUS_HALF|C1|MIX_H_MINUS_F|FE8,-0.0026041666666666665,-0.0078125,0.0,unresolved,0,1,191,0,1,23
FULL_MINUS_HALF|C1|MIX_MINUS_ISO_RANK|D40,0.0,0.0,0.0,observed_exact_zero,0,0,192,0,0,24
FULL_MINUS_HALF|C1|MIX_MINUS_ISO_RANK|F,-9.969075520833341e-05,-0.0004476420084635418,0.00022181193033854127,unresolved,16,23,153,10,9,5
FULL_MINUS_HALF|C1|MIX_MINUS_ISO_RANK|F0,0.0,0.0,0.0,structural_zero,0,0,192,0,0,24
FULL_MINUS_HALF|C1|MIX_MINUS_ISO_RANK|F1,0.0,0.0,0.0,structural_zero,0,0,192,0,0,24
FULL_MINUS_HALF|C1|MIX_MINUS_ISO_RANK|F40,0.0,0.0,0.0,observed_exact_zero,0,0,192,0,0,24
FULL_MINUS_HALF|C1|MIX_MINUS_ISO_RANK|FE1,-4.882812499999979e-05,-0.0007161458333333331,0.0007812499999999999,unresolved,15,18,159,8,8,8
FULL_MINUS_HALF|C1|MIX_MINUS_ISO_RANK|FE2,-0.0003743489583333336,-0.0021488444010416665,0.0011889648437499955,unresolved,13,12,167,9,8,7
FULL_MINUS_HALF|C1|MIX_MINUS_ISO_RANK|FE3,-0.0003417968749999999,-0.0012862141927083334,0.0005371093749999999,unresolved,4,7,181,4,6,14
FULL_MINUS_HALF|C1|MIX_MINUS_ISO_RANK|FE4,-3.255208333333333e-05,-0.00017903645833333335,0.00011393229166666665,unresolved,1,2,189,1,2,21
FULL_MINUS_HALF|C1|MIX_MINUS_ISO_RANK|FE5,0.0,0.0,0.0,observed_exact_zero,0,0,192,0,0,24
FULL_MINUS_HALF|C1|MIX_MINUS_ISO_RANK|FE6,0.0,0.0,0.0,observed_exact_zero,0,0,192,0,0,24
FULL_MINUS_HALF|C1|MIX_MINUS_ISO_RANK|FE7,0.0,0.0,0.0,observed_exact_zero,0,0,192,0,0,24
FULL_MINUS_HALF|C1|MIX_MINUS_ISO_RANK|FE8,0.0,0.0,0.0,observed_exact_zero,0,0,192,0,0,24
FULL_MINUS_ZERO|C0|ISO_H_MINUS_F|D40,0.21931966145833334,0.169830322265625,0.27368977864583327,positive,80,12,100,24,0,0
FULL_MINUS_ZERO|C0|ISO_H_MINUS_F|F,0.12058919270833333,0.09283798217773437,0.15220123291015622,positive,107,36,49,24,0,0
FULL_MINUS_ZERO|C0|ISO_H_MINUS_F|F0,0.0,0.0,0.0,structural_zero,0,0,192,0,0,24
FULL_MINUS_ZERO|C0|ISO_H_MINUS_F|F1,0.0,0.0,0.0,structural_zero,0,0,192,0,0,24
FULL_MINUS_ZERO|C0|ISO_H_MINUS_F|F40,0.21931966145833334,0.169830322265625,0.27368977864583327,positive,80,12,100,24,0,0
FULL_MINUS_ZERO|C0|ISO_H_MINUS_F|FE1,0.010253906250000002,0.007340087890625,0.013395589192708333,positive,99,38,55,22,0,2
FULL_MINUS_ZERO|C0|ISO_H_MINUS_F|FE2,0.0416015625,0.027343343098958334,0.05900187174479165,positive,93,43,56,22,2,0
FULL_MINUS_ZERO|C0|ISO_H_MINUS_F|FE3,0.071533203125,0.0494921875,0.0962910970052083,positive,89,31,72,23,1,0
FULL_MINUS_ZERO|C0|ISO_H_MINUS_F|FE4,0.11145833333333333,0.08428995768229168,0.143245849609375,positive,85,24,83,23,1,0
FULL_MINUS_ZERO|C0|ISO_H_MINUS_F|FE5,0.14593098958333334,0.11098225911458336,0.1828975423177083,positive,87,21,84,24,0,0
FULL_MINUS_ZERO|C0|ISO_H_MINUS_F|FE6,0.17369791666666665,0.131314697265625,0.2198128255208333,positive,85,16,91,24,0,0
FULL_MINUS_ZERO|C0|ISO_H_MINUS_F|FE7,0.196630859375,0.1488916015625,0.24899129231770833,positive,80,16,96,24,0,0
FULL_MINUS_ZERO|C0|ISO_H_MINUS_F|FE8,0.21360677083333335,0.1636865234375,0.26697672526041666,positive,80,14,98,24,0,0
FULL_MINUS_ZERO|C0|MIX_H_MINUS_F|D40,0.2530924479166667,0.20507609049479167,0.30338948567708335,positive,89,9,94,24,0,0
FULL_MINUS_ZERO|C0|MIX_H_MINUS_F|F,0.14764200846354167,0.11973897298177083,0.17692153930664062,positive,117,28,47,24,0,0
FULL_MINUS_ZERO|C0|MIX_H_MINUS_F|F0,0.0,0.0,0.0,structural_zero,0,0,192,0,0,24
FULL_MINUS_ZERO|C0|MIX_H_MINUS_F|F1,0.0,0.0,0.0,structural_zero,0,0,192,0,0,24
FULL_MINUS_ZERO|C0|MIX_H_MINUS_F|F40,0.2530924479166667,0.20507609049479167,0.30338948567708335,positive,89,9,94,24,0,0
FULL_MINUS_ZERO|C0|MIX_H_MINUS_F|FE1,0.012337239583333335,0.009098307291666668,0.015706380208333332,positive,108,31,53,22,2,0
FULL_MINUS_ZERO|C0|MIX_H_MINUS_F|FE2,0.05104166666666667,0.03896240234375,0.064991455078125,positive,105,35,52,24,0,0
FULL_MINUS_ZERO|C0|MIX_H_MINUS_F|FE3,0.09046223958333333,0.07055379231770834,0.11224202473958332,positive,98,26,68,23,0,1
FULL_MINUS_ZERO|C0|MIX_H_MINUS_F|FE4,0.14501953125,0.11721964518229168,0.17443318684895834,positive,97,19,76,24,0,0
FULL_MINUS_ZERO|C0|MIX_H_MINUS_F|FE5,0.18413085937499998,0.14809529622395834,0.2209326171874999,positive,100,15,77,24,0,0
FULL_MINUS_ZERO|C0|MIX_H_MINUS_F|FE6,0.2181966145833333,0.17366292317708334,0.2639713541666666,positive,97,9,86,24,0,0
FULL_MINUS_ZERO|C0|MIX_H_MINUS_F|FE7,0.23281249999999998,0.1858365885416667,0.28229817708333327,positive,90,11,91,24,0,0
FULL_MINUS_ZERO|C0|MIX_H_MINUS_F|FE8,0.2471354166666667,0.1989518229166667,0.29832600911458335,positive,89,11,92,24,0,0
FULL_MINUS_ZERO|C0|MIX_MINUS_ISO_RANK|D40,0.033772786458333336,-0.008390299479166667,0.07788289388020832,unresolved,30,24,138,13,9,2
FULL_MINUS_ZERO|C0|MIX_MINUS_ISO_RANK|F,0.027052815755208334,0.002267812093098965,0.05245040893554685,positive,41,34,117,14,10,0
FULL_MINUS_ZERO|C0|MIX_MINUS_ISO_RANK|F0,0.0,0.0,0.0,structural_zero,0,0,192,0,0,24
FULL_MINUS_ZERO|C0|MIX_MINUS_ISO_RANK|F1,0.0,0.0,0.0,structural_zero,0,0,192,0,0,24
FULL_MINUS_ZERO|C0|MIX_MINUS_ISO_RANK|F40,0.033772786458333336,-0.008390299479166667,0.07788289388020832,unresolved,30,24,138,13,9,2
FULL_MINUS_ZERO|C0|MIX_MINUS_ISO_RANK|FE1,0.0020833333333333333,-0.00021199544270833183,0.004558512369791661,unresolved,44,28,120,12,12,0
FULL_MINUS_ZERO|C0|MIX_MINUS_ISO_RANK|FE2,0.009440104166666664,-0.00044148763020833366,0.01987548828124999,unresolved,39,32,121,12,12,0
FULL_MINUS_ZERO|C0|MIX_MINUS_ISO_RANK|FE3,0.018929036458333336,-0.0012239583333333373,0.04026814778645833,unresolved,36,30,126,14,10,0
FULL_MINUS_ZERO|C0|MIX_MINUS_ISO_RANK|FE4,0.03356119791666667,0.007785237630208328,0.06149454752604166,positive,37,26,129,13,10,1
FULL_MINUS_ZERO|C0|MIX_MINUS_ISO_RANK|FE5,0.03819986979166667,0.006682128906250001,0.07072224934895832,positive,34,30,128,13,10,1
FULL_MINUS_ZERO|C0|MIX_MINUS_ISO_RANK|FE6,0.04449869791666666,0.007745361328125007,0.08307413736979168,positive,36,26,130,15,7,2
FULL_MINUS_ZERO|C0|MIX_MINUS_ISO_RANK|FE7,0.036181640625000004,-0.0014001464843749968,0.07586954752604164,unresolved,33,27,132,14,8,2
FULL_MINUS_ZERO|C0|MIX_MINUS_ISO_RANK|FE8,0.033528645833333336,-0.006726481119791663,0.0750126139322916,unresolved,31,26,135,12,10,2
FULL_MINUS_ZERO|C1|ISO_H_MINUS_F|D40,0.0,0.0,0.0,observed_exact_zero,0,0,192,0,0,24
FULL_MINUS_ZERO|C1|ISO_H_MINUS_F|F,0.0003377278645833334,-1.831054687499988e-05,0.0007141621907552081,unresolved,44,19,129,18,6,0
FULL_MINUS_ZERO|C1|ISO_H_MINUS_F|F0,0.0,0.0,0.0,structural_zero,0,0,192,0,0,24
FULL_MINUS_ZERO|C1|ISO_H_MINUS_F|F1,0.0,0.0,0.0,structural_zero,0,0,192,0,0,24
FULL_MINUS_ZERO|C1|ISO_H_MINUS_F|F40,0.0,0.0,0.0,observed_exact_zero,0,0,192,0,0,24
FULL_MINUS_ZERO|C1|ISO_H_MINUS_F|FE1,0.0013671874999999997,0.0003739420572916664,0.002473958333333333,positive,44,19,129,18,6,0
FULL_MINUS_ZERO|C1|ISO_H_MINUS_F|FE2,0.0013509114583333335,4.882812500000001e-05,0.002864990234374998,positive,18,12,162,9,6,9
FULL_MINUS_ZERO|C1|ISO_H_MINUS_F|FE3,4.882812499999997e-05,-0.0008300781250000001,0.0007328287760416645,unresolved,4,1,187,4,1,19
FULL_MINUS_ZERO|C1|ISO_H_MINUS_F|FE4,-6.510416666666667e-05,-0.00029296875,9.765625000000002e-05,unresolved,1,1,190,1,1,22
FULL_MINUS_ZERO|C1|ISO_H_MINUS_F|FE5,0.0,0.0,0.0,observed_exact_zero,0,0,192,0,0,24
FULL_MINUS_ZERO|C1|ISO_H_MINUS_F|FE6,0.0,0.0,0.0,observed_exact_zero,0,0,192,0,0,24
FULL_MINUS_ZERO|C1|ISO_H_MINUS_F|FE7,0.0,0.0,0.0,observed_exact_zero,0,0,192,0,0,24
FULL_MINUS_ZERO|C1|ISO_H_MINUS_F|FE8,0.0,0.0,0.0,observed_exact_zero,0,0,192,0,0,24
FULL_MINUS_ZERO|C1|MIX_H_MINUS_F|D40,0.0,0.0,0.0,observed_exact_zero,0,0,192,0,0,24
FULL_MINUS_ZERO|C1|MIX_H_MINUS_F|F,0.0003865559895833332,-8.544921875000013e-05,0.0009379069010416666,unresolved,42,26,124,14,10,0
FULL_MINUS_ZERO|C1|MIX_H_MINUS_F|F0,0.0,0.0,0.0,structural_zero,0,0,192,0,0,24
FULL_MINUS_ZERO|C1|MIX_H_MINUS_F|F1,0.0,0.0,0.0,structural_zero,0,0,192,0,0,24
FULL_MINUS_ZERO|C1|MIX_H_MINUS_F|F40,0.0,0.0,0.0,observed_exact_zero,0,0,192,0,0,24
FULL_MINUS_ZERO|C1|MIX_H_MINUS_F|FE1,0.0012858072916666667,4.801432291666655e-05,0.002587890625,positive,42,26,124,16,8,0
FULL_MINUS_ZERO|C1|MIX_H_MINUS_F|FE2,0.0012369791666666664,-0.0005045572916666666,0.0031742350260416646,unresolved,15,13,164,10,9,5
FULL_MINUS_ZERO|C1|MIX_H_MINUS_F|FE3,-3.2552083333333326e-05,-0.0009277343750000001,0.0008951822916666666,unresolved,3,3,186,3,3,18
FULL_MINUS_ZERO|C1|MIX_H_MINUS_F|FE4,8.138020833333336e-05,-0.00021158854166666665,0.000537109375,unresolved,1,1,190,1,1,22
FULL_MINUS_ZERO|C1|MIX_H_MINUS_F|FE5,0.00047200520833333334,0.0,0.001416015625,unresolved,1,0,191,1,0,23
FULL_MINUS_ZERO|C1|MIX_H_MINUS_F|FE6,4.8828124999999996e-05,0.0,0.000146484375,unresolved,1,0,191,1,0,23
FULL_MINUS_ZERO|C1|MIX_H_MINUS_F|FE7,0.0,0.0,0.0,observed_exact_zero,0,0,192,0,0,24
FULL_MINUS_ZERO|C1|MIX_H_MINUS_F|FE8,0.0,0.0,0.0,observed_exact_zero,0,0,192,0,0,24
FULL_MINUS_ZERO|C1|MIX_MINUS_ISO_RANK|D40,0.0,0.0,0.0,observed_exact_zero,0,0,192,0,0,24
FULL_MINUS_ZERO|C1|MIX_MINUS_ISO_RANK|F,4.882812499999985e-05,-0.00030924479166666665,0.0004781595865885411,unresolved,20,25,147,11,10,3
FULL_MINUS_ZERO|C1|MIX_MINUS_ISO_RANK|F0,0.0,0.0,0.0,structural_zero,0,0,192,0,0,24
FULL_MINUS_ZERO|C1|MIX_MINUS_ISO_RANK|F1,0.0,0.0,0.0,structural_zero,0,0,192,0,0,24
FULL_MINUS_ZERO|C1|MIX_MINUS_ISO_RANK|F40,0.0,0.0,0.0,observed_exact_zero,0,0,192,0,0,24
FULL_MINUS_ZERO|C1|MIX_MINUS_ISO_RANK|FE1,-8.138020833333306e-05,-0.001155598958333333,0.0010420735677083314,unresolved,22,23,147,9,12,3
FULL_MINUS_ZERO|C1|MIX_MINUS_ISO_RANK|FE2,-0.00011393229166666668,-0.0014326985677083335,0.0012207031250000002,unresolved,16,18,158,9,11,4
FULL_MINUS_ZERO|C1|MIX_MINUS_ISO_RANK|FE3,-8.138020833333333e-05,-0.0007649739583333333,0.0008142089843749978,unresolved,3,6,183,2,6,16
FULL_MINUS_ZERO|C1|MIX_MINUS_ISO_RANK|FE4,0.00014648437500000002,-9.765625000000002e-05,0.000537109375,unresolved,1,1,190,1,1,22
FULL_MINUS_ZERO|C1|MIX_MINUS_ISO_RANK|FE5,0.00047200520833333334,0.0,0.001416015625,unresolved,1,0,191,1,0,23
FULL_MINUS_ZERO|C1|MIX_MINUS_ISO_RANK|FE6,4.8828124999999996e-05,0.0,0.000146484375,unresolved,1,0,191,1,0,23
FULL_MINUS_ZERO|C1|MIX_MINUS_ISO_RANK|FE7,0.0,0.0,0.0,observed_exact_zero,0,0,192,0,0,24
FULL_MINUS_ZERO|C1|MIX_MINUS_ISO_RANK|FE8,0.0,0.0,0.0,observed_exact_zero,0,0,192,0,0,24
FULL|C0|ISO_F_POP|E1,0.7620015462239583,0.7449792098999023,0.7792348480224608,positive,192,0,0,24,0,0
FULL|C0|ISO_F_POP|E2,0.7614756266276043,0.74556214650472,0.7772996266682943,positive,192,0,0,24,0,0
FULL|C0|ISO_F_POP|E3,0.7631856282552083,0.7464978663126628,0.7800695292154948,positive,192,0,0,24,0,0
FULL|C0|ISO_F_POP|E4,0.7623168945312501,0.7462647628784181,0.7781725565592448,positive,192,0,0,24,0,0
FULL|C0|ISO_F_POP|E5,0.7631825764973957,0.7462427266438801,0.7802693303426107,positive,192,0,0,24,0,0
FULL|C0|ISO_F_POP|E6,0.7625600179036458,0.7465545018513997,0.778709233601888,positive,192,0,0,24,0,0
FULL|C0|ISO_F_POP|E7,0.7636642456054688,0.7469365564982097,0.780889523824056,positive,192,0,0,24,0,0
FULL|C0|ISO_F_POP|E8,0.7627283732096354,0.7467579905192057,0.7786836624145507,positive,192,0,0,24,0,0
FULL|C0|ISO_F_POP|MLOSS,0.23736063639322916,0.220880119005839,0.25380709012349445,positive,192,0,0,24,0,0
FULL|C0|ISO_F_POP|U,0.7626393636067709,0.7461929098765056,0.779119880994161,positive,192,0,0,24,0,0
FULL|C0|ISO_F_POP|U0,0.76220703125,0.7422551472981771,0.7825715382893881,positive,192,0,0,24,0,0
FULL|C0|ISO_F_POP|U1,0.7655156453450521,0.7463326136271159,0.785104242960612,positive,192,0,0,24,0,0
FULL|C0|ISO_F_POP|U40,0.7603480021158854,0.7452892939249675,0.775097401936849,positive,192,0,0,24,0,0
FULL|C0|ISO_F|D40,-0.03125,-0.03125,-0.03125,negative,0,192,0,0,24,0
FULL|C0|ISO_F|F,0.0015096028645833332,0.00123291015625,0.0017822265625,positive,155,0,37,24,0,0
FULL|C0|ISO_F|F0,0.03125,0.03125,0.03125,positive,192,0,0,24,0,0
FULL|C0|ISO_F|F1,0.022623697916666668,0.02001953125,0.025309244791666668,positive,155,0,37,24,0,0
FULL|C0|ISO_F|F40,0.0,0.0,0.0,observed_exact_zero,0,0,192,0,0,24
FULL|C0|ISO_F|FE1,0.011116536458333333,0.0091796875,0.013102213541666666,positive,155,0,37,24,0,0
FULL|C0|ISO_F|FE2,0.00087890625,0.0004720052083333334,0.0013020833333333333,positive,17,0,175,14,0,10
FULL|C0|ISO_F|FE3,8.138020833333333e-05,0.0,0.0002278645833333333,unresolved,2,0,190,2,0,22
FULL|C0|ISO_F|FE4,0.0,0.0,0.0,observed_exact_zero,0,0,192,0,0,24
FULL|C0|ISO_F|FE5,0.0,0.0,0.0,observed_exact_zero,0,0,192,0,0,24
FULL|C0|ISO_F|FE6,0.0,0.0,0.0,observed_exact_zero,0,0,192,0,0,24
FULL|C0|ISO_F|FE7,0.0,0.0,0.0,observed_exact_zero,0,0,192,0,0,24
FULL|C0|ISO_F|FE8,0.0,0.0,0.0,observed_exact_zero,0,0,192,0,0,24
FULL|C0|ISO_H_MINUS_F_POP|E1,9.511311848953152e-05,-2.2900899251362035e-05,0.00021973927815750443,unresolved,82,62,48,17,7,0
FULL|C0|ISO_H_MINUS_F_POP|E2,0.0003128051757812685,7.779439290370646e-05,0.0005681482950846342,positive,82,68,42,17,7,0
FULL|C0|ISO_H_MINUS_F_POP|E3,0.0010142008463541834,0.0006835683186849035,0.0014089075724283853,positive,92,62,38,21,3,0
FULL|C0|ISO_H_MINUS_F_POP|E4,0.0023117065429687175,0.001447550455729154,0.0033850479125976368,positive,100,51,41,20,4,0
FULL|C0|ISO_H_MINUS_F_POP|E5,0.0049326578776041395,0.003541488647460879,0.006493174235026011,positive,110,41,41,22,2,0
FULL|C0|ISO_H_MINUS_F_POP|E6,0.007486470540364586,0.005161501566569011,0.010092633565266955,positive,102,50,40,20,4,0
FULL|C0|ISO_H_MINUS_F_POP|E7,0.010549418131510405,0.007467409769694001,0.013758850097656247,positive,118,36,38,22,2,0
FULL|C0|ISO_H_MINUS_F_POP|E8,0.013675435384114587,0.00981393178304038,0.01757985432942707,positive,118,35,39,23,1,0
FULL|C0|ISO_H_MINUS_F_POP|MLOSS,-0.005047225952148428,-0.006549073855082185,-0.0036021916071573745,negative,31,123,38,3,21,0
FULL|C0|ISO_H_MINUS_F_POP|U,0.00504722595214845,0.0036021916071574136,0.006549073855082185,positive,123,31,38,21,3,0
FULL|C0|ISO_H_MINUS_F_POP|U0,0.0,0.0,0.0,structural_zero,0,0,192,0,0,24
FULL|C0|ISO_H_MINUS_F_POP|U1,4.8319498697916664e-05,1.52587890625e-05,8.138020833333333e-05,positive,19,9,164,14,4,6
FULL|C0|ISO_H_MINUS_F_POP|U40,0.01525115966796875,0.010840098063151041,0.01995360056559245,positive,117,36,39,23,1,0
FULL|C0|ISO_H_MINUS_F|D40,0.22420247395833334,0.18204142252604166,0.26798909505208335,positive,83,0,109,24,0,0
FULL|C0|ISO_H_MINUS_F|F,0.13258056640625,0.10698465983072918,0.1592326354980469,positive,152,4,36,24,0,0
FULL|C0|ISO_H_MINUS_F|F0,0.0,0.0,0.0,structural_zero,0,0,192,0,0,24
FULL|C0|ISO_H_MINUS_F|F1,0.009847005208333334,0.008219401041666666,0.011474609375,positive,106,0,86,24,0,0
FULL|C0|ISO_H_MINUS_F|F40,0.22420247395833334,0.18204142252604166,0.26798909505208335,positive,83,0,109,24,0,0
FULL|C0|ISO_H_MINUS_F|FE1,0.025325520833333334,0.02187459309895833,0.028826090494791658,positive,151,4,37,24,0,0
FULL|C0|ISO_H_MINUS_F|FE2,0.056722005208333336,0.04651611328124999,0.06868652343749998,positive,110,2,80,24,0,0
FULL|C0|ISO_H_MINUS_F|FE3,0.08626302083333333,0.07058837890625,0.10324137369791664,positive,95,1,96,24,0,0
FULL|C0|ISO_H_MINUS_F|FE4,0.12174479166666667,0.09692301432291667,0.1486645507812499,positive,89,0,103,24,0,0
FULL|C0|ISO_H_MINUS_F|FE5,0.15799153645833333,0.12318888346354166,0.1944596354166666,positive,87,0,105,24,0,0
FULL|C0|ISO_H_MINUS_F|FE6,0.1849934895833333,0.14524739583333335,0.226175537109375,positive,83,0,109,24,0,0
FULL|C0|ISO_H_MINUS_F|FE7,0.20732421874999998,0.166173095703125,0.2509305826822916,positive,83,0,109,24,0,0
FULL|C0|ISO_H_MINUS_F|FE8,0.2202799479166667,0.1782466634114583,0.26489542643229164,positive,83,0,109,24,0,0
FULL|C0|ISO_H_POP|E1,0.7620966593424479,0.74515199025472,0.7793331146240233,positive,192,0,0,24,0,0
FULL|C0|ISO_H_POP|E2,0.7617884318033855,0.7459013621012369,0.7775399144490559,positive,192,0,0,24,0,0
FULL|C0|ISO_H_POP|E3,0.7641998291015626,0.747485097249349,0.7811990865071613,positive,192,0,0,24,0,0
FULL|C0|ISO_H_POP|E4,0.7646286010742186,0.748642692565918,0.7803959782918294,positive,192,0,0,24,0,0
FULL|C0|ISO_H_POP|E5,0.7681152343749998,0.7519353612263998,0.7843985875447591,positive,192,0,0,24,0,0
FULL|C0|ISO_H_POP|E6,0.7700464884440104,0.7551572672526041,0.7850534820556639,positive,192,0,0,24,0,0
FULL|C0|ISO_H_POP|E7,0.7742136637369791,0.7591988245646158,0.789416758219401,positive,192,0,0,24,0,0
FULL|C0|ISO_H_POP|E8,0.77640380859375,0.7625250752766928,0.790553347269694,positive,192,0,0,24,0,0
FULL|C0|ISO_H_POP|MLOSS,0.23231341044108075,0.2166493018468221,0.2479205274581909,positive,192,0,0,24,0,0
FULL|C0|ISO_H_POP|U,0.7676865895589193,0.752079472541809,0.7833506981531779,positive,192,0,0,24,0,0
FULL|C0|ISO_H_POP|U0,0.76220703125,0.7422551472981771,0.7825715382893881,positive,192,0,0,24,0,0
FULL|C0|ISO_H_POP|U1,0.76556396484375,0.7463682810465495,0.7851275126139323,positive,192,0,0,24,0,0
FULL|C0|ISO_H_POP|U40,0.7755991617838541,0.762674077351888,0.7888540903727214,positive,192,0,0,24,0,0
FULL|C0|ISO_H|D40,0.19295247395833334,0.15079142252604166,0.2367390950520833,positive,82,110,0,23,1,0
FULL|C0|ISO_H|F,0.13409016927083334,0.10831100463867188,0.16092773437500002,positive,172,0,20,24,0,0
FULL|C0|ISO_H|F0,0.03125,0.03125,0.03125,positive,192,0,0,24,0,0
FULL|C0|ISO_H|F1,0.032470703125,0.029703776041666668,0.035319010416666664,positive,172,0,20,24,0,0
FULL|C0|ISO_H|F40,0.22420247395833334,0.18204142252604166,0.26798909505208335,positive,83,0,109,24,0,0
FULL|C0|ISO_H|FE1,0.03644205729166667,0.03190022786458333,0.041097412109375,positive,172,0,20,24,0,0
FULL|C0|ISO_H|FE2,0.05760091145833333,0.04734700520833333,0.06976033528645834,positive,110,0,82,24,0,0
FULL|C0|ISO_H|FE3,0.08634440104166667,0.07071736653645834,0.10333658854166668,positive,95,0,97,24,0,0
FULL|C0|ISO_H|FE4,0.12174479166666667,0.09692301432291667,0.1486645507812499,positive,89,0,103,24,0,0
FULL|C0|ISO_H|FE5,0.15799153645833333,0.12318888346354166,0.1944596354166666,positive,87,0,105,24,0,0
FULL|C0|ISO_H|FE6,0.1849934895833333,0.14524739583333335,0.226175537109375,positive,83,0,109,24,0,0
FULL|C0|ISO_H|FE7,0.20732421874999998,0.166173095703125,0.2509305826822916,positive,83,0,109,24,0,0
FULL|C0|ISO_H|FE8,0.2202799479166667,0.1782466634114583,0.26489542643229164,positive,83,0,109,24,0,0
FULL|C0|MIX_F|D40,-0.03125,-0.03125,-0.03125,negative,0,192,0,0,24,0
FULL|C0|MIX_F|F,0.0014912923177083333,0.0012288411458333335,0.0017598470052083333,positive,155,0,37,24,0,0
FULL|C0|MIX_F|F0,0.03125,0.03125,0.03125,positive,192,0,0,24,0,0
FULL|C0|MIX_F|F1,0.022623697916666668,0.02001953125,0.025309244791666668,positive,155,0,37,24,0,0
FULL|C0|MIX_F|F40,0.0,0.0,0.0,observed_exact_zero,0,0,192,0,0,24
FULL|C0|MIX_F|FE1,0.011116536458333333,0.009195963541666666,0.013118489583333332,positive,155,0,37,24,0,0
FULL|C0|MIX_F|FE2,0.0007812499999999999,0.000439453125,0.0011881510416666666,positive,19,0,173,15,0,9
FULL|C0|MIX_F|FE3,3.255208333333333e-05,0.0,8.138020833333333e-05,unresolved,2,0,190,2,0,22
FULL|C0|MIX_F|FE4,0.0,0.0,0.0,observed_exact_zero,0,0,192,0,0,24
FULL|C0|MIX_F|FE5,0.0,0.0,0.0,observed_exact_zero,0,0,192,0,0,24
FULL|C0|MIX_F|FE6,0.0,0.0,0.0,observed_exact_zero,0,0,192,0,0,24
FULL|C0|MIX_F|FE7,0.0,0.0,0.0,observed_exact_zero,0,0,192,0,0,24
FULL|C0|MIX_F|FE8,0.0,0.0,0.0,observed_exact_zero,0,0,192,0,0,24
FULL|C0|MIX_H_MINUS_F|D40,0.2596842447916667,0.21475830078125,0.3059895833333333,positive,94,0,98,24,0,0
FULL|C0|MIX_H_MINUS_F|F,0.15421346028645835,0.12784286499023437,0.18115331013997396,positive,151,5,36,24,0,0
FULL|C0|MIX_H_MINUS_F|F0,0.0,0.0,0.0,structural_zero,0,0,192,0,0,24
FULL|C0|MIX_H_MINUS_F|F1,0.010009765625,0.00830078125,0.011720784505208323,positive,106,0,86,24,0,0
FULL|C0|MIX_H_MINUS_F|F40,0.2596842447916667,0.21475830078125,0.3059895833333333,positive,94,0,98,24,0,0
FULL|C0|MIX_H_MINUS_F|FE1,0.027880859375,0.023941650390625003,0.03190144856770833,positive,150,5,37,24,0,0
FULL|C0|MIX_H_MINUS_F|FE2,0.06463216145833334,0.05455729166666667,0.07597737630208333,positive,120,2,70,24,0,0
FULL|C0|MIX_H_MINUS_F|FE3,0.10130208333333333,0.08611287434895834,0.11846028645833331,positive,106,0,86,24,0,0
FULL|C0|MIX_H_MINUS_F|FE4,0.14469401041666666,0.11965942382812501,0.17103068033854166,positive,101,0,91,24,0,0
FULL|C0|MIX_H_MINUS_F|FE5,0.1852701822916667,0.14993448893229167,0.22172119140624996,positive,98,0,94,24,0,0
FULL|C0|MIX_H_MINUS_F|FE6,0.2171875,0.17555216471354165,0.2602148437499999,positive,94,0,98,24,0,0
FULL|C0|MIX_H_MINUS_F|FE7,0.23906250000000004,0.19565226236979166,0.28303304036458327,positive,94,0,98,24,0,0
FULL|C0|MIX_H_MINUS_F|FE8,0.25367838541666665,0.20894531250000004,0.29914876302083326,positive,94,0,98,24,0,0
FULL|C0|MIX_H|D40,0.22843424479166666,0.18350830078125,0.2747395833333333,positive,93,99,0,24,0,0
FULL|C0|MIX_H|F,0.1557047526041667,0.1291326904296875,0.18278462727864578,positive,172,0,20,24,0,0
FULL|C0|MIX_H|F0,0.03125,0.03125,0.03125,positive,192,0,0,24,0,0
FULL|C0|MIX_H|F1,0.032633463541666664,0.029866536458333332,0.035481770833333336,positive,172,0,20,24,0,0
FULL|C0|MIX_H|F40,0.2596842447916667,0.21475830078125,0.3059895833333333,positive,94,0,98,24,0,0
FULL|C0|MIX_H|FE1,0.03899739583333334,0.03429361979166667,0.04381591796875,positive,172,0,20,24,0,0
FULL|C0|MIX_H|FE2,0.06541341145833333,0.055224202473958324,0.07682413736979167,positive,120,0,72,24,0,0
FULL|C0|MIX_H|FE3,0.10133463541666667,0.08611368815104167,0.11849283854166665,positive,106,0,86,24,0,0
FULL|C0|MIX_H|FE4,0.14469401041666666,0.11965942382812501,0.17103068033854166,positive,101,0,91,24,0,0
FULL|C0|MIX_H|FE5,0.1852701822916667,0.14993448893229167,0.22172119140624996,positive,98,0,94,24,0,0
FULL|C0|MIX_H|FE6,0.2171875,0.17555216471354165,0.2602148437499999,positive,94,0,98,24,0,0
FULL|C0|MIX_H|FE7,0.23906250000000004,0.19565226236979166,0.28303304036458327,positive,94,0,98,24,0,0
FULL|C0|MIX_H|FE8,0.25367838541666665,0.20894531250000004,0.29914876302083326,positive,94,0,98,24,0,0
FULL|C0|MIX_MINUS_ISO_F_POP|E1,8.392333984371762e-05,4.056294759088054e-06,0.00017294565836585766,positive,54,35,103,14,8,2
FULL|C0|MIX_MINUS_ISO_F_POP|E2,0.0005004882812500074,0.0003087234497070075,0.000704511006673186,positive,84,37,71,21,3,0
FULL|C0|MIX_MINUS_ISO_F_POP|E3,0.0012064615885416657,0.0009053548177083334,0.0015239206949869577,positive,90,35,67,22,2,0
FULL|C0|MIX_MINUS_ISO_F_POP|E4,0.0029220581054687175,0.002178395589192695,0.0037465794881184366,positive,99,27,66,23,1,0
FULL|C0|MIX_MINUS_ISO_F_POP|E5,0.005872090657552051,0.004306818644205681,0.007630729675292965,positive,109,16,67,22,2,0
FULL|C0|MIX_MINUS_ISO_F_POP|E6,0.009160359700520829,0.006696497599283852,0.011830711364746067,positive,100,24,68,23,1,0
FULL|C0|MIX_MINUS_ISO_F_POP|E7,0.012765502929687478,0.009403012593587213,0.01640534718831377,positive,108,17,67,22,2,0
FULL|C0|MIX_MINUS_ISO_F_POP|E8,0.016242472330729184,0.012362060546875024,0.020511538187662753,positive,106,17,69,24,0,0
FULL|C0|MIX_MINUS_ISO_F_POP|MLOSS,-0.006094169616699216,-0.00769463539123535,-0.004607305526733384,negative,9,116,67,0,24,0
FULL|C0|MIX_MINUS_ISO_F_POP|U,0.006094169616699234,0.004607305526733438,0.007694635391235371,positive,116,9,67,24,0,0
FULL|C0|MIX_MINUS_ISO_F_POP|U0,0.0,0.0,0.0,structural_zero,0,0,192,0,0,24
FULL|C0|MIX_MINUS_ISO_F_POP|U1,0.0,0.0,0.0,observed_exact_zero,0,0,192,0,0,24
FULL|C0|MIX_MINUS_ISO_F_POP|U40,0.017659505208333332,0.013602956136067709,0.021982892354329427,positive,105,21,66,24,0,0
FULL|C0|MIX_MINUS_ISO_F|D40,0.0,0.0,0.0,observed_exact_zero,0,0,192,0,0,24
FULL|C0|MIX_MINUS_ISO_F|F,-1.8310546874999986e-05,-6.510416666666658e-05,1.627604166666669e-05,unresolved,7,5,180,4,4,16
FULL|C0|MIX_MINUS_ISO_F|F0,0.0,0.0,0.0,structural_zero,0,0,192,0,0,24
FULL|C0|MIX_MINUS_ISO_F|F1,0.0,0.0,0.0,observed_exact_zero,0,0,192,0,0,24
FULL|C0|MIX_MINUS_ISO_F|F40,0.0,0.0,0.0,observed_exact_zero,0,0,192,0,0,24
FULL|C0|MIX_MINUS_ISO_F|FE1,-1.8070036208091741e-19,-0.00017903645833333356,0.00013020833333333322,unresolved,6,2,184,4,2,18
FULL|C0|MIX_MINUS_ISO_F|FE2,-9.765625000000002e-05,-0.0003255208333333333,9.765624999999996e-05,unresolved,4,3,185,3,3,18
FULL|C0|MIX_MINUS_ISO_F|FE3,-4.882812500000001e-05,-0.00014648437500000002,0.0,unresolved,0,1,191,0,1,23
FULL|C0|MIX_MINUS_ISO_F|FE4,0.0,0.0,0.0,observed_exact_zero,0,0,192,0,0,24
FULL|C0|MIX_MINUS_ISO_F|FE5,0.0,0.0,0.0,observed_exact_zero,0,0,192,0,0,24
FULL|C0|MIX_MINUS_ISO_F|FE6,0.0,0.0,0.0,observed_exact_zero,0,0,192,0,0,24
FULL|C0|MIX_MINUS_ISO_F|FE7,0.0,0.0,0.0,observed_exact_zero,0,0,192,0,0,24
FULL|C0|MIX_MINUS_ISO_F|FE8,0.0,0.0,0.0,observed_exact_zero,0,0,192,0,0,24
FULL|C0|MIX_MINUS_ISO_H_POP|E1,-1.1189778645813905e-05,-9.613037109374375e-05,7.985432942711029e-05,unresolved,69,70,53,11,13,0
FULL|C0|MIX_MINUS_ISO_H_POP|E2,0.0001876831054687389,-3.815968831381971e-05,0.0004196802775065058,unresolved,87,60,45,14,10,0
FULL|C0|MIX_MINUS_ISO_H_POP|E3,0.00019226074218748243,-0.00011904398600260715,0.0004908243815103531,unresolved,82,68,42,14,10,0
FULL|C0|MIX_MINUS_ISO_H_POP|E4,0.0006103515625,-8.992513020835758e-05,0.0013067881266275831,unresolved,82,66,44,17,7,0
FULL|C0|MIX_MINUS_ISO_H_POP|E5,0.0009394327799479111,0.00029888153076171537,0.0016449610392252581,positive,80,66,46,16,8,0
FULL|C0|MIX_MINUS_ISO_H_POP|E6,0.0016738891601562427,0.0004165267944335563,0.0029033025105794094,positive,87,62,43,18,5,1
FULL|C0|MIX_MINUS_ISO_H_POP|E7,0.002216084798177073,0.0008200709025065068,0.0037527592976888025,positive,85,65,42,17,7,0
FULL|C0|MIX_MINUS_ISO_H_POP|E8,0.002567036946614596,0.0008539326985677113,0.004388682047526042,positive,84,65,43,18,6,0
FULL|C0|MIX_MINUS_ISO_H_POP|MLOSS,-0.0010469436645507886,-0.001752866109212243,-0.0003689988454183042,negative,61,89,42,6,18,0
FULL|C0|MIX_MINUS_ISO_H_POP|U,0.001046943664550784,0.00036899884541830496,0.0017528661092122396,positive,89,61,42,18,6,0
FULL|C0|MIX_MINUS_ISO_H_POP|U0,0.0,0.0,0.0,structural_zero,0,0,192,0,0,24
FULL|C0|MIX_MINUS_ISO_H_POP|U1,-4.8319498697916664e-05,-8.138020833333333e-05,-1.52587890625e-05,negative,9,19,164,4,14,6
FULL|C0|MIX_MINUS_ISO_H_POP|U40,0.0024083455403645835,-3.0835469563802065e-05,0.00491383870442708,unresolved,74,73,45,15,9,0
FULL|C0|MIX_MINUS_ISO_H|D40,0.035481770833333336,0.009438069661458333,0.06079711914062497,positive,30,12,150,12,5,7
FULL|C0|MIX_MINUS_ISO_H|F,0.021614583333333336,0.007914072672526048,0.03534398396809896,positive,50,24,118,18,6,0
FULL|C0|MIX_MINUS_ISO_H|F0,0.0,0.0,0.0,structural_zero,0,0,192,0,0,24
FULL|C0|MIX_MINUS_ISO_H|F1,0.00016276041666666666,0.0,0.0004069010416666667,unresolved,2,0,190,2,0,22
FULL|C0|MIX_MINUS_ISO_H|F40,0.035481770833333336,0.009438069661458333,0.06079711914062497,positive,30,12,150,12,5,7
FULL|C0|MIX_MINUS_ISO_H|FE1,0.002555338541666666,0.000927734374999998,0.0043294270833333336,positive,47,27,118,17,6,1
FULL|C0|MIX_MINUS_ISO_H|FE2,0.007812499999999997,0.0015946451822916646,0.014632568359374997,positive,39,30,123,15,8,1
FULL|C0|MIX_MINUS_ISO_H|FE3,0.014990234375000001,0.004606119791666671,0.02584676106770833,positive,37,24,131,15,8,1
FULL|C0|MIX_MINUS_ISO_H|FE4,0.02294921875,0.007355550130208329,0.038836669921875,positive,39,19,134,15,7,2
FULL|C0|MIX_MINUS_ISO_H|FE5,0.027278645833333337,0.008951822916666666,0.04555745442708333,positive,37,18,137,14,6,4
FULL|C0|MIX_MINUS_ISO_H|FE6,0.03219401041666666,0.009958496093749998,0.053535563151041646,positive,36,19,137,14,6,4
FULL|C0|MIX_MINUS_ISO_H|FE7,0.03173828125,0.008755696614583336,0.05386189778645831,positive,37,14,141,14,5,5
FULL|C0|MIX_MINUS_ISO_H|FE8,0.033398437499999996,0.008186442057291668,0.05807454427083332,positive,33,13,146,14,5,5
FULL|C0|MIX_MINUS_ISO_RANK|D40,0.035481770833333336,0.009438069661458333,0.06079711914062497,positive,30,12,150,12,5,7
FULL|C0|MIX_MINUS_ISO_RANK|F,0.021632893880208337,0.007952880859375006,0.03536382039388021,positive,50,24,118,18,6,0
FULL|C0|MIX_MINUS_ISO_RANK|F0,0.0,0.0,0.0,structural_zero,0,0,192,0,0,24
FULL|C0|MIX_MINUS_ISO_RANK|F1,0.00016276041666666666,0.0,0.0004069010416666667,unresolved,2,0,190,2,0,22
FULL|C0|MIX_MINUS_ISO_RANK|F40,0.035481770833333336,0.009438069661458333,0.06079711914062497,positive,30,12,150,12,5,7
FULL|C0|MIX_MINUS_ISO_RANK|FE1,0.002555338541666666,0.0009110514322916638,0.004346110026041666,positive,46,27,119,17,6,1
FULL|C0|MIX_MINUS_ISO_RANK|FE2,0.007910156249999998,0.0017415364583333332,0.014697265624999997,positive,39,30,123,15,8,1
FULL|C0|MIX_MINUS_ISO_RANK|FE3,0.0150390625,0.004621988932291667,0.025863444010416663,positive,37,24,131,15,8,1
FULL|C0|MIX_MINUS_ISO_RANK|FE4,0.02294921875,0.007355550130208329,0.038836669921875,positive,39,19,134,15,7,2
FULL|C0|MIX_MINUS_ISO_RANK|FE5,0.027278645833333337,0.008951822916666666,0.04555745442708333,positive,37,18,137,14,6,4
FULL|C0|MIX_MINUS_ISO_RANK|FE6,0.03219401041666666,0.009958496093749998,0.053535563151041646,positive,36,19,137,14,6,4
FULL|C0|MIX_MINUS_ISO_RANK|FE7,0.03173828125,0.008755696614583336,0.05386189778645831,positive,37,14,141,14,5,5
FULL|C0|MIX_MINUS_ISO_RANK|FE8,0.033398437499999996,0.008186442057291668,0.05807454427083332,positive,33,13,146,14,5,5
FULL|C0|MIX_POP|E1,0.7620854695638021,0.7451470311482749,0.7792955525716146,positive,192,0,0,24,0,0
FULL|C0|MIX_POP|E2,0.7619761149088541,0.7459822972615561,0.7778460184733073,positive,192,0,0,24,0,0
FULL|C0|MIX_POP|E3,0.7643920898437501,0.7478535588582357,0.7812900416056315,positive,192,0,0,24,0,0
FULL|C0|MIX_POP|E4,0.7652389526367188,0.7494470469156901,0.7809161758422851,positive,192,0,0,24,0,0
FULL|C0|MIX_POP|E5,0.7690546671549479,0.7534736506144205,0.7850999704996745,positive,192,0,0,24,0,0
FULL|C0|MIX_POP|E6,0.7717203776041668,0.7572765604654947,0.7862877655029298,positive,192,0,0,24,0,0
FULL|C0|MIX_POP|E7,0.7764297485351562,0.7622902425130208,0.7910693486531576,positive,192,0,0,24,0,0
FULL|C0|MIX_POP|E8,0.7789708455403646,0.7660046641031901,0.7925865936279297,positive,192,0,0,24,0,0
FULL|C0|MIX_POP|MLOSS,0.23126646677652996,0.21587376435597738,0.24644607543945313,positive,192,0,0,24,0,0
FULL|C0|MIX_POP|U,0.76873353322347,0.7535539245605469,0.7841262356440227,positive,192,0,0,24,0,0
FULL|C0|MIX_POP|U0,0.76220703125,0.7422551472981771,0.7825715382893881,positive,192,0,0,24,0,0
FULL|C0|MIX_POP|U1,0.7655156453450521,0.7463326136271159,0.785104242960612,positive,192,0,0,24,0,0
FULL|C0|MIX_POP|U40,0.7780075073242188,0.7656170527140299,0.7909141540527345,positive,192,0,0,24,0,0
FULL|C0|MIX_R|D40,-0.19718424479166666,-0.24348958333333334,-0.15225830078125002,negative,99,93,0,1,23,0
FULL|C0|MIX_R|F,0.842803955078125,0.8155737813313804,0.869522908528646,positive,192,0,0,24,0,0
FULL|C0|MIX_R|F0,0.9375,0.9375,0.9375,positive,192,0,0,24,0,0
FULL|C0|MIX_R|F1,0.9447428385416666,0.9396158854166666,0.9497884114583334,positive,192,0,0,24,0,0
FULL|C0|MIX_R|F40,0.7403157552083334,0.6940104166666666,0.78524169921875,positive,185,0,7,24,0,0
FULL|C0|MIX_R|FE1,0.9498860677083334,0.9436686197916666,0.9560709635416668,positive,192,0,0,24,0,0
FULL|C0|MIX_R|FE2,0.9338053385416666,0.922410888671875,0.944027099609375,positive,192,0,0,24,0,0
FULL|C0|MIX_R|FE3,0.8986328124999999,0.8814746093749999,0.913885498046875,positive,192,0,0,24,0,0
FULL|C0|MIX_R|FE4,0.8553059895833334,0.8289693196614584,0.8803405761718749,positive,192,0,0,24,0,0
FULL|C0|MIX_R|FE5,0.8147298177083332,0.77827880859375,0.8500655110677083,positive,192,0,0,24,0,0
FULL|C0|MIX_R|FE6,0.7828125,0.7397851562499999,0.8244478352864583,positive,191,0,1,24,0,0
FULL|C0|MIX_R|FE7,0.7609375000000002,0.7169669596354167,0.8043477376302083,positive,188,0,4,24,0,0
FULL|C0|MIX_R|FE8,0.7463216145833332,0.7008512369791667,0.7910546875000001,positive,185,0,7,24,0,0
FULL|C1|ISO_F_POP|E1,0.7620559692382812,0.7449662653605142,0.7793176396687825,positive,192,0,0,24,0,0
FULL|C1|ISO_F_POP|E2,0.7613698323567709,0.7451718648274739,0.7773398717244466,positive,192,0,0,24,0,0
FULL|C1|ISO_F_POP|E3,0.7631795247395834,0.7464560953776042,0.7801915486653646,positive,192,0,0,24,0,0
FULL|C1|ISO_F_POP|E4,0.7620885213216146,0.7458206303914388,0.7781143697102865,positive,192,0,0,24,0,0
FULL|C1|ISO_F_POP|E5,0.7633870442708334,0.7464940134684244,0.7804696909586589,positive,192,0,0,24,0,0
FULL|C1|ISO_F_POP|E6,0.7624689737955729,0.7462639745076497,0.7785421371459961,positive,192,0,0,24,0,0
FULL|C1|ISO_F_POP|E7,0.7640533447265625,0.7473321024576822,0.781071294148763,positive,192,0,0,24,0,0
FULL|C1|ISO_F_POP|E8,0.7624430338541667,0.7463769404093424,0.7784195709228515,positive,192,0,0,24,0,0
FULL|C1|ISO_F_POP|MLOSS,0.2373692194620768,0.2208501942952474,0.2538704681396484,positive,192,0,0,24,0,0
FULL|C1|ISO_F_POP|U,0.7626307805379232,0.7461295318603516,0.7791498057047527,positive,192,0,0,24,0,0
FULL|C1|ISO_F_POP|U0,0.76220703125,0.7422551472981771,0.7825715382893881,positive,192,0,0,24,0,0
FULL|C1|ISO_F_POP|U1,0.7654749552408854,0.7463221867879232,0.7851053873697916,positive,192,0,0,24,0,0
FULL|C1|ISO_F_POP|U40,0.7588348388671875,0.7436995188395182,0.773557154337565,positive,192,0,0,24,0,0
FULL|C1|ISO_F|D40,-0.03125,-0.03125,-0.03125,negative,0,192,0,0,24,0
FULL|C1|ISO_F|F,0.00054931640625,0.000457763671875,0.0006449381510416668,positive,119,0,73,24,0,0
FULL|C1|ISO_F|F0,0.03125,0.03125,0.03125,positive,192,0,0,24,0,0
FULL|C1|ISO_F|F1,0.01318359375,0.011637369791666666,0.014729817708333334,positive,119,0,73,24,0,0
FULL|C1|ISO_F|F40,0.0,0.0,0.0,observed_exact_zero,0,0,192,0,0,24
FULL|C1|ISO_F|FE1,0.004378255208333333,0.003662109375,0.005143229166666667,positive,119,0,73,24,0,0
FULL|C1|ISO_F|FE2,1.6276041666666666e-05,0.0,4.882812500000001e-05,unresolved,1,0,191,1,0,23
FULL|C1|ISO_F|FE3,0.0,0.0,0.0,observed_exact_zero,0,0,192,0,0,24
FULL|C1|ISO_F|FE4,0.0,0.0,0.0,observed_exact_zero,0,0,192,0,0,24
FULL|C1|ISO_F|FE5,0.0,0.0,0.0,observed_exact_zero,0,0,192,0,0,24
FULL|C1|ISO_F|FE6,0.0,0.0,0.0,observed_exact_zero,0,0,192,0,0,24
FULL|C1|ISO_F|FE7,0.0,0.0,0.0,observed_exact_zero,0,0,192,0,0,24
FULL|C1|ISO_F|FE8,0.0,0.0,0.0,observed_exact_zero,0,0,192,0,0,24
FULL|C1|ISO_H_MINUS_F_POP|E1,1.2715657552050952e-05,-8.088429768885914e-05,0.00011496225992835404,unresolved,46,43,103,11,13,0
FULL|C1|ISO_H_MINUS_F_POP|E2,3.560384114584721e-05,-0.00012257893880204425,0.00018362681070965958,unresolved,50,42,100,13,10,1
FULL|C1|ISO_H_MINUS_F_POP|E3,0.00010172526041666204,-0.0001373291015624867,0.00034332275390623634,unresolved,49,44,99,15,9,0
FULL|C1|ISO_H_MINUS_F_POP|E4,1.3224283854177768e-05,-0.00019989013671873278,0.00022483825683595018,unresolved,49,43,100,11,12,1
FULL|C1|ISO_H_MINUS_F_POP|E5,0.0002899169921875,7.069905598960403e-05,0.0005091730753580561,positive,54,41,97,19,5,0
FULL|C1|ISO_H_MINUS_F_POP|E6,0.00021870930989584259,-1.7840067545550386e-05,0.00044301350911458054,unresolved,56,38,98,15,8,1
FULL|C1|ISO_H_MINUS_F_POP|E7,2.746582031251203e-05,-0.00022024790445960456,0.0002706019083659025,unresolved,44,50,98,13,11,0
FULL|C1|ISO_H_MINUS_F_POP|E8,-0.0001251220703124926,-0.00034895579020184723,0.00010536193847655669,unresolved,45,50,97,10,14,0
FULL|C1|ISO_H_MINUS_F_POP|MLOSS,-7.177988688151597e-05,-0.0001258230209350767,-1.7546017964677988e-05,negative,40,56,96,10,14,0
FULL|C1|ISO_H_MINUS_F_POP|U,7.177988688151134e-05,1.7546017964706916e-05,0.00012582302093504537,positive,56,40,96,14,10,0
FULL|C1|ISO_H_MINUS_F_POP|U0,0.0,0.0,0.0,structural_zero,0,0,192,0,0,24
FULL|C1|ISO_H_MINUS_F_POP|U1,4.0690104166666664e-05,1.0172526041666666e-05,7.883707682291667e-05,positive,12,5,175,8,2,14
FULL|C1|ISO_H_MINUS_F_POP|U40,-0.0007120768229166666,-0.0017420450846354167,0.000292714436848957,unresolved,41,54,97,7,17,0
FULL|C1|ISO_H_MINUS_F|D40,0.0,0.0,0.0,observed_exact_zero,0,0,192,0,0,24
FULL|C1|ISO_H_MINUS_F|F,0.0007975260416666665,0.0005900065104166667,0.0010213216145833334,positive,90,2,100,24,0,0
FULL|C1|ISO_H_MINUS_F|F0,0.0,0.0,0.0,structural_zero,0,0,192,0,0,24
FULL|C1|ISO_H_MINUS_F|F1,0.005289713541666667,0.004150390625,0.006510416666666667,positive,59,0,133,23,0,1
FULL|C1|ISO_H_MINUS_F|F40,0.0,0.0,0.0,observed_exact_zero,0,0,192,0,0,24
FULL|C1|ISO_H_MINUS_F|FE1,0.0048177083333333336,0.003792317708333334,0.005876057942708331,positive,90,3,99,24,0,0
FULL|C1|ISO_H_MINUS_F|FE2,0.0011393229166666667,0.0003906250000000001,0.00205078125,positive,12,1,179,10,1,13
FULL|C1|ISO_H_MINUS_F|FE3,0.00039062499999999997,3.255208333333333e-05,0.0008463541666666666,positive,4,0,188,4,0,20
FULL|C1|ISO_H_MINUS_F|FE4,3.255208333333333e-05,0.0,9.765625000000002e-05,unresolved,1,0,191,1,0,23
FULL|C1|ISO_H_MINUS_F|FE5,0.0,0.0,0.0,observed_exact_zero,0,0,192,0,0,24
FULL|C1|ISO_H_MINUS_F|FE6,0.0,0.0,0.0,observed_exact_zero,0,0,192,0,0,24
FULL|C1|ISO_H_MINUS_F|FE7,0.0,0.0,0.0,observed_exact_zero,0,0,192,0,0,24
FULL|C1|ISO_H_MINUS_F|FE8,0.0,0.0,0.0,observed_exact_zero,0,0,192,0,0,24
FULL|C1|ISO_H_POP|E1,0.7620686848958332,0.7450390370686849,0.7793505350748698,positive,192,0,0,24,0,0
FULL|C1|ISO_H_POP|E2,0.7614054361979168,0.7453376770019531,0.777330576578776,positive,192,0,0,24,0,0
FULL|C1|ISO_H_POP|E3,0.7632812499999999,0.7465014266967774,0.7803303527832031,positive,192,0,0,24,0,0
FULL|C1|ISO_H_POP|E4,0.7621017456054687,0.7460358810424804,0.7780472946166992,positive,192,0,0,24,0,0
FULL|C1|ISO_H_POP|E5,0.7636769612630209,0.7466502634684244,0.7808376693725585,positive,192,0,0,24,0,0
FULL|C1|ISO_H_POP|E6,0.7626876831054688,0.7465382766723633,0.778590939839681,positive,192,0,0,24,0,0
FULL|C1|ISO_H_POP|E7,0.7640808105468752,0.747324562072754,0.7810746002197264,positive,192,0,0,24,0,0
FULL|C1|ISO_H_POP|E8,0.7623179117838541,0.7463296381632488,0.7781197611490885,positive,192,0,0,24,0,0
FULL|C1|ISO_H_POP|MLOSS,0.2372974395751953,0.22081140359242754,0.2537618366877238,positive,192,0,0,24,0,0
FULL|C1|ISO_H_POP|U,0.7627025604248047,0.7462381633122762,0.7791885964075723,positive,192,0,0,24,0,0
FULL|C1|ISO_H_POP|U0,0.76220703125,0.7422551472981771,0.7825715382893881,positive,192,0,0,24,0,0
FULL|C1|ISO_H_POP|U1,0.7655156453450521,0.7463497161865235,0.7851511637369791,positive,192,0,0,24,0,0
FULL|C1|ISO_H_POP|U40,0.7581227620442709,0.7432046890258789,0.7727672576904296,positive,192,0,0,24,0,0
FULL|C1|ISO_H|D40,-0.03125,-0.03125,-0.03125,negative,0,192,0,0,24,0
FULL|C1|ISO_H|F,0.0013468424479166667,0.0011006673177083334,0.0016113789876302082,positive,139,0,53,24,0,0
FULL|C1|ISO_H|F0,0.03125,0.03125,0.03125,positive,192,0,0,24,0,0
FULL|C1|ISO_H|F1,0.018473307291666668,0.016682942708333332,0.020263671875,positive,139,0,53,24,0,0
FULL|C1|ISO_H|F40,0.0,0.0,0.0,observed_exact_zero,0,0,192,0,0,24
FULL|C1|ISO_H|FE1,0.009195963541666666,0.008056233723958334,0.010432942708333332,positive,139,0,53,24,0,0
FULL|C1|ISO_H|FE2,0.0011555989583333333,0.00042317708333333335,0.0020670572916666667,positive,12,0,180,10,0,14
FULL|C1|ISO_H|FE3,0.00039062499999999997,3.255208333333333e-05,0.0008463541666666666,positive,4,0,188,4,0,20
FULL|C1|ISO_H|FE4,3.255208333333333e-05,0.0,9.765625000000002e-05,unresolved,1,0,191,1,0,23
FULL|C1|ISO_H|FE5,0.0,0.0,0.0,observed_exact_zero,0,0,192,0,0,24
FULL|C1|ISO_H|FE6,0.0,0.0,0.0,observed_exact_zero,0,0,192,0,0,24
FULL|C1|ISO_H|FE7,0.0,0.0,0.0,observed_exact_zero,0,0,192,0,0,24
FULL|C1|ISO_H|FE8,0.0,0.0,0.0,observed_exact_zero,0,0,192,0,0,24
FULL|C1|MIX_F|D40,-0.03125,-0.03125,-0.03125,negative,0,192,0,0,24,0
FULL|C1|MIX_F|F,0.0005167643229166667,0.0004475911458333333,0.0005940755208333333,positive,120,0,72,24,0,0
FULL|C1|MIX_F|F0,0.03125,0.03125,0.03125,positive,192,0,0,24,0,0
FULL|C1|MIX_F|F1,0.013346354166666666,0.011800130208333334,0.014892578125,positive,120,0,72,24,0,0
FULL|C1|MIX_F|F40,0.0,0.0,0.0,observed_exact_zero,0,0,192,0,0,24
FULL|C1|MIX_F|FE1,0.004134114583333333,0.0035807291666666665,0.004752604166666666,positive,120,0,72,24,0,0
FULL|C1|MIX_F|FE2,0.0,0.0,0.0,observed_exact_zero,0,0,192,0,0,24
FULL|C1|MIX_F|FE3,0.0,0.0,0.0,observed_exact_zero,0,0,192,0,0,24
FULL|C1|MIX_F|FE4,0.0,0.0,0.0,observed_exact_zero,0,0,192,0,0,24
FULL|C1|MIX_F|FE5,0.0,0.0,0.0,observed_exact_zero,0,0,192,0,0,24
FULL|C1|MIX_F|FE6,0.0,0.0,0.0,observed_exact_zero,0,0,192,0,0,24
FULL|C1|MIX_F|FE7,0.0,0.0,0.0,observed_exact_zero,0,0,192,0,0,24
FULL|C1|MIX_F|FE8,0.0,0.0,0.0,observed_exact_zero,0,0,192,0,0,24
FULL|C1|MIX_H_MINUS_F|D40,0.0,0.0,0.0,observed_exact_zero,0,0,192,0,0,24
FULL|C1|MIX_H_MINUS_F|F,0.0006551106770833333,0.0005126444498697916,0.0008280436197916665,positive,97,2,93,24,0,0
FULL|C1|MIX_H_MINUS_F|F0,0.0,0.0,0.0,structural_zero,0,0,192,0,0,24
FULL|C1|MIX_H_MINUS_F|F1,0.005777994791666667,0.004557291666666667,0.007080078125,positive,62,0,130,24,0,0
FULL|C1|MIX_H_MINUS_F|F40,0.0,0.0,0.0,observed_exact_zero,0,0,192,0,0,24
FULL|C1|MIX_H_MINUS_F|FE1,0.004541015625,0.0037593587239583334,0.0054361979166666664,positive,97,2,93,24,0,0
FULL|C1|MIX_H_MINUS_F|FE2,0.0006998697916666667,0.00021158854166666667,0.001334635416666667,positive,10,0,182,8,0,16
FULL|C1|MIX_H_MINUS_F|FE3,0.0,0.0,0.0,observed_exact_zero,0,0,192,0,0,24
FULL|C1|MIX_H_MINUS_F|FE4,0.0,0.0,0.0,observed_exact_zero,0,0,192,0,0,24
FULL|C1|MIX_H_MINUS_F|FE5,0.0,0.0,0.0,observed_exact_zero,0,0,192,0,0,24
FULL|C1|MIX_H_MINUS_F|FE6,0.0,0.0,0.0,observed_exact_zero,0,0,192,0,0,24
FULL|C1|MIX_H_MINUS_F|FE7,0.0,0.0,0.0,observed_exact_zero,0,0,192,0,0,24
FULL|C1|MIX_H_MINUS_F|FE8,0.0,0.0,0.0,observed_exact_zero,0,0,192,0,0,24
FULL|C1|MIX_H|D40,-0.03125,-0.03125,-0.03125,negative,0,192,0,0,24,0
FULL|C1|MIX_H|F,0.001171875,0.001021270751953125,0.0013448588053385413,positive,141,0,51,24,0,0
FULL|C1|MIX_H|F0,0.03125,0.03125,0.03125,positive,192,0,0,24,0,0
FULL|C1|MIX_H|F1,0.019124348958333332,0.017252604166666668,0.020914713541666668,positive,141,0,51,24,0,0
FULL|C1|MIX_H|F40,0.0,0.0,0.0,observed_exact_zero,0,0,192,0,0,24
FULL|C1|MIX_H|FE1,0.008675130208333333,0.007730712890625001,0.00966796875,positive,141,0,51,24,0,0
FULL|C1|MIX_H|FE2,0.0006998697916666667,0.00021158854166666667,0.001334635416666667,positive,10,0,182,8,0,16
FULL|C1|MIX_H|FE3,0.0,0.0,0.0,observed_exact_zero,0,0,192,0,0,24
FULL|C1|MIX_H|FE4,0.0,0.0,0.0,observed_exact_zero,0,0,192,0,0,24
FULL|C1|MIX_H|FE5,0.0,0.0,0.0,observed_exact_zero,0,0,192,0,0,24
FULL|C1|MIX_H|FE6,0.0,0.0,0.0,observed_exact_zero,0,0,192,0,0,24
FULL|C1|MIX_H|FE7,0.0,0.0,0.0,observed_exact_zero,0,0,192,0,0,24
FULL|C1|MIX_H|FE8,0.0,0.0,0.0,observed_exact_zero,0,0,192,0,0,24
FULL|C1|MIX_MINUS_ISO_F_POP|E1,-1.881917317707778e-05,-0.00014649709065758798,9.307861328123323e-05,unresolved,79,77,36,10,12,2
FULL|C1|MIX_MINUS_ISO_F_POP|E2,0.0002772013346354074,5.385080973303048e-05,0.0005000178019205501,positive,88,74,30,15,8,1
FULL|C1|MIX_MINUS_ISO_F_POP|E3,4.069010416665279e-05,-0.0002772394816080784,0.00039929707845046976,unresolved,79,82,31,9,15,0
FULL|C1|MIX_MINUS_ISO_F_POP|E4,0.00023498535156253145,-9.530385335284479e-05,0.0005666097005208641,unresolved,85,77,30,13,11,0
FULL|C1|MIX_MINUS_ISO_F_POP|E5,0.0001510620117187537,-0.00020200093587237702,0.0005172856648763096,unresolved,95,69,28,12,12,0
FULL|C1|MIX_MINUS_ISO_F_POP|E6,-2.0345052083361088e-05,-0.0005520757039388252,0.0005203882853189837,unresolved,80,85,27,13,11,0
FULL|C1|MIX_MINUS_ISO_F_POP|E7,-0.0002517700195312454,-0.0007284673055012831,0.00025129954020181624,unresolved,77,88,27,10,14,0
FULL|C1|MIX_MINUS_ISO_F_POP|E8,-5.95092773437537e-05,-0.0006022262573242493,0.0005310312906900979,unresolved,81,84,27,12,12,0
FULL|C1|MIX_MINUS_ISO_F_POP|MLOSS,-4.4186909993499994e-05,-0.000168358484903984,7.540702819823317e-05,unresolved,78,88,26,8,16,0
FULL|C1|MIX_MINUS_ISO_F_POP|U,4.418690999346645e-05,-7.540702819826446e-05,0.0001683584849039536,unresolved,88,78,26,16,8,0
FULL|C1|MIX_MINUS_ISO_F_POP|U0,0.0,0.0,0.0,structural_zero,0,0,192,0,0,24
FULL|C1|MIX_MINUS_ISO_F_POP|U1,-4.8319498697916664e-05,-0.00010935465494791667,7.62939453125e-06,unresolved,16,27,149,7,12,5
FULL|C1|MIX_MINUS_ISO_F_POP|U40,0.0004933675130208334,-0.0018468221028645833,0.0028511047363281236,unresolved,75,89,28,11,13,0
FULL|C1|MIX_MINUS_ISO_F|D40,0.0,0.0,0.0,observed_exact_zero,0,0,192,0,0,24
FULL|C1|MIX_MINUS_ISO_F|F,-3.2552083333333326e-05,-8.748372395833333e-05,2.237955729166668e-05,unresolved,8,11,173,4,9,11
FULL|C1|MIX_MINUS_ISO_F|F0,0.0,0.0,0.0,structural_zero,0,0,192,0,0,24
FULL|C1|MIX_MINUS_ISO_F|F1,0.00016276041666666666,0.0,0.0004069010416666667,unresolved,2,0,190,2,0,22
FULL|C1|MIX_MINUS_ISO_F|F40,0.0,0.0,0.0,observed_exact_zero,0,0,192,0,0,24
FULL|C1|MIX_MINUS_ISO_F|FE1,-0.000244140625,-0.0006835937499999998,0.00019531250000000004,unresolved,8,11,173,4,9,11
FULL|C1|MIX_MINUS_ISO_F|FE2,-1.6276041666666666e-05,-4.882812500000001e-05,0.0,unresolved,0,1,191,0,1,23
FULL|C1|MIX_MINUS_ISO_F|FE3,0.0,0.0,0.0,observed_exact_zero,0,0,192,0,0,24
FULL|C1|MIX_MINUS_ISO_F|FE4,0.0,0.0,0.0,observed_exact_zero,0,0,192,0,0,24
FULL|C1|MIX_MINUS_ISO_F|FE5,0.0,0.0,0.0,observed_exact_zero,0,0,192,0,0,24
FULL|C1|MIX_MINUS_ISO_F|FE6,0.0,0.0,0.0,observed_exact_zero,0,0,192,0,0,24
FULL|C1|MIX_MINUS_ISO_F|FE7,0.0,0.0,0.0,observed_exact_zero,0,0,192,0,0,24
FULL|C1|MIX_MINUS_ISO_F|FE8,0.0,0.0,0.0,observed_exact_zero,0,0,192,0,0,24
FULL|C1|MIX_MINUS_ISO_H_POP|E1,-3.1534830729128736e-05,-0.00015361785888671196,8.290608723962647e-05,unresolved,79,79,34,13,11,0
FULL|C1|MIX_MINUS_ISO_H_POP|E2,0.0002415974934895602,1.678466796873184e-05,0.0004706064860025491,positive,86,77,29,15,9,0
FULL|C1|MIX_MINUS_ISO_H_POP|E3,-6.103515625000926e-05,-0.00033116658528648755,0.0002019373575846162,unresolved,78,82,32,12,12,0
FULL|C1|MIX_MINUS_ISO_H_POP|E4,0.0002217610677083537,-0.00015316009521481358,0.0006038029988606991,unresolved,87,76,29,12,12,0
FULL|C1|MIX_MINUS_ISO_H_POP|E5,-0.0001388549804687463,-0.0005077489217122358,0.0002447255452473423,unresolved,85,81,26,9,15,0
FULL|C1|MIX_MINUS_ISO_H_POP|E6,-0.00023905436197920368,-0.0007436370849609736,0.00026097615559894817,unresolved,75,91,26,10,14,0
FULL|C1|MIX_MINUS_ISO_H_POP|E7,-0.0002792358398437574,-0.0006713994344075612,0.00012007395426431497,unresolved,77,88,27,9,15,0
FULL|C1|MIX_MINUS_ISO_H_POP|E8,6.56127929687389e-05,-0.0004364013671875199,0.0006190745035807371,unresolved,87,80,25,12,12,0
FULL|C1|MIX_MINUS_ISO_H_POP|MLOSS,2.7592976888015975e-05,-0.00010344187418620315,0.00016036192576090989,unresolved,85,82,25,12,12,0
FULL|C1|MIX_MINUS_ISO_H_POP|U,-2.759297688804489e-05,-0.0001603619257609166,0.00010344187418616438,unresolved,82,85,25,12,12,0
FULL|C1|MIX_MINUS_ISO_H_POP|U0,0.0,0.0,0.0,structural_zero,0,0,192,0,0,24
FULL|C1|MIX_MINUS_ISO_H_POP|U1,-8.900960286458333e-05,-0.00015004475911458334,-3.3060709635416664e-05,negative,19,37,136,3,16,5
FULL|C1|MIX_MINUS_ISO_H_POP|U40,0.0012054443359375,-0.0006027857462565104,0.00331122080485026,unresolved,77,87,28,12,12,0
FULL|C1|MIX_MINUS_ISO_H|D40,0.0,0.0,0.0,observed_exact_zero,0,0,192,0,0,24
FULL|C1|MIX_MINUS_ISO_H|F,-0.00017496744791666672,-0.00042521158854166673,7.939656575520799e-05,unresolved,21,28,143,6,15,3
FULL|C1|MIX_MINUS_ISO_H|F0,0.0,0.0,0.0,structural_zero,0,0,192,0,0,24
FULL|C1|MIX_MINUS_ISO_H|F1,0.0006510416666666666,0.000244140625,0.0011393229166666667,positive,8,0,184,7,0,17
FULL|C1|MIX_MINUS_ISO_H|F40,0.0,0.0,0.0,observed_exact_zero,0,0,192,0,0,24
FULL|C1|MIX_MINUS_ISO_H|FE1,-0.0005208333333333333,-0.0012532552083333332,0.00032552083333333326,unresolved,21,26,145,6,14,4
FULL|C1|MIX_MINUS_ISO_H|FE2,-0.00045572916666666673,-0.0015462239583333337,0.0006022135416666667,unresolved,7,10,175,6,8,10
FULL|C1|MIX_MINUS_ISO_H|FE3,-0.00039062499999999997,-0.0008463541666666666,-3.255208333333333e-05,negative,0,4,188,0,4,20
FULL|C1|MIX_MINUS_ISO_H|FE4,-3.255208333333333e-05,-9.765625000000002e-05,0.0,unresolved,0,1,191,0,1,23
FULL|C1|MIX_MINUS_ISO_H|FE5,0.0,0.0,0.0,observed_exact_zero,0,0,192,0,0,24
FULL|C1|MIX_MINUS_ISO_H|FE6,0.0,0.0,0.0,observed_exact_zero,0,0,192,0,0,24
FULL|C1|MIX_MINUS_ISO_H|FE7,0.0,0.0,0.0,observed_exact_zero,0,0,192,0,0,24
FULL|C1|MIX_MINUS_ISO_H|FE8,0.0,0.0,0.0,observed_exact_zero,0,0,192,0,0,24
FULL|C1|MIX_MINUS_ISO_RANK|D40,0.0,0.0,0.0,observed_exact_zero,0,0,192,0,0,24
FULL|C1|MIX_MINUS_ISO_RANK|F,-0.0001424153645833334,-0.0003885904947916667,9.974161783854118e-05,unresolved,23,25,144,7,13,4
FULL|C1|MIX_MINUS_ISO_RANK|F0,0.0,0.0,0.0,structural_zero,0,0,192,0,0,24
FULL|C1|MIX_MINUS_ISO_RANK|F1,0.00048828125,0.00016276041666666666,0.0008138020833333334,positive,6,0,186,6,0,18
FULL|C1|MIX_MINUS_ISO_RANK|F40,0.0,0.0,0.0,observed_exact_zero,0,0,192,0,0,24
FULL|C1|MIX_MINUS_ISO_RANK|FE1,-0.0002766927083333334,-0.0010742187499999999,0.0005696614583333327,unresolved,24,24,144,9,11,4
FULL|C1|MIX_MINUS_ISO_RANK|FE2,-0.0004394531250000001,-0.0015462239583333333,0.0006184895833333333,unresolved,8,10,174,7,8,9
FULL|C1|MIX_MINUS_ISO_RANK|FE3,-0.00039062499999999997,-0.0008463541666666666,-3.255208333333333e-05,negative,0,4,188,0,4,20
FULL|C1|MIX_MINUS_ISO_RANK|FE4,-3.255208333333333e-05,-9.765625000000002e-05,0.0,unresolved,0,1,191,0,1,23
FULL|C1|MIX_MINUS_ISO_RANK|FE5,0.0,0.0,0.0,observed_exact_zero,0,0,192,0,0,24
FULL|C1|MIX_MINUS_ISO_RANK|FE6,0.0,0.0,0.0,observed_exact_zero,0,0,192,0,0,24
FULL|C1|MIX_MINUS_ISO_RANK|FE7,0.0,0.0,0.0,observed_exact_zero,0,0,192,0,0,24
FULL|C1|MIX_MINUS_ISO_RANK|FE8,0.0,0.0,0.0,observed_exact_zero,0,0,192,0,0,24
FULL|C1|MIX_POP|E1,0.7620371500651042,0.7449705505371094,0.7792892964680991,positive,192,0,0,24,0,0
FULL|C1|MIX_POP|E2,0.7616470336914062,0.7456111017862955,0.7775706227620443,positive,192,0,0,24,0,0
FULL|C1|MIX_POP|E3,0.76322021484375,0.7463274892171224,0.7802099482218423,positive,192,0,0,24,0,0
FULL|C1|MIX_POP|E4,0.7623235066731772,0.7463139216105144,0.778225466410319,positive,192,0,0,24,0,0
FULL|C1|MIX_POP|E5,0.7635381062825521,0.7465257771809896,0.7806731923421224,positive,192,0,0,24,0,0
FULL|C1|MIX_POP|E6,0.7624486287434896,0.7461773427327474,0.7786807378133139,positive,192,0,0,24,0,0
FULL|C1|MIX_POP|E7,0.7638015747070312,0.747090581258138,0.7808541870117187,positive,192,0,0,24,0,0
FULL|C1|MIX_POP|E8,0.762383524576823,0.7463179779052733,0.778313636779785,positive,192,0,0,24,0,0
FULL|C1|MIX_POP|MLOSS,0.23732503255208334,0.22081874847412108,0.2538126341501872,positive,192,0,0,24,0,0
FULL|C1|MIX_POP|U,0.7626749674479166,0.7461873658498128,0.7791812515258789,positive,192,0,0,24,0,0
FULL|C1|MIX_POP|U0,0.76220703125,0.7422551472981771,0.7825715382893881,positive,192,0,0,24,0,0
FULL|C1|MIX_POP|U1,0.7654266357421875,0.7463066101074218,0.7850526173909504,positive,192,0,0,24,0,0
FULL|C1|MIX_POP|U40,0.7593282063802084,0.7441757837931315,0.7748086293538412,positive,192,0,0,24,0,0
FULL|C1|MIX_R|D40,0.0625,0.0625,0.0625,positive,192,0,0,24,0,0
FULL|C1|MIX_R|F,0.9983113606770834,0.9981037902832032,0.9985005696614584,positive,192,0,0,24,0,0
FULL|C1|MIX_R|F0,0.9375,0.9375,0.9375,positive,192,0,0,24,0,0
FULL|C1|MIX_R|F1,0.967529296875,0.9642740885416666,0.9707845052083334,positive,192,0,0,24,0,0
FULL|C1|MIX_R|F40,1.0,1.0,1.0,positive,192,0,0,24,0,0
FULL|C1|MIX_R|FE1,0.9871907552083335,0.9857906087239583,0.9884928385416667,positive,192,0,0,24,0,0
FULL|C1|MIX_R|FE2,0.9993001302083333,0.9986653645833332,0.9997884114583333,positive,192,0,0,24,0,0
FULL|C1|MIX_R|FE3,1.0,1.0,1.0,positive,192,0,0,24,0,0
FULL|C1|MIX_R|FE4,1.0,1.0,1.0,positive,192,0,0,24,0,0
FULL|C1|MIX_R|FE5,1.0,1.0,1.0,positive,192,0,0,24,0,0
FULL|C1|MIX_R|FE6,1.0,1.0,1.0,positive,192,0,0,24,0,0
FULL|C1|MIX_R|FE7,1.0,1.0,1.0,positive,192,0,0,24,0,0
FULL|C1|MIX_R|FE8,1.0,1.0,1.0,positive,192,0,0,24,0,0
HALF_MINUS_ZERO|C0|ISO_H_MINUS_F|D40,0.10758463541666667,0.05859171549479167,0.15625,positive,55,17,120,20,3,1
HALF_MINUS_ZERO|C0|ISO_H_MINUS_F|F,0.07068481445312498,0.03857879638671875,0.10215744018554686,positive,89,45,58,20,4,0
HALF_MINUS_ZERO|C0|ISO_H_MINUS_F|F0,0.0,0.0,0.0,structural_zero,0,0,192,0,0,24
HALF_MINUS_ZERO|C0|ISO_H_MINUS_F|F1,0.0,0.0,0.0,structural_zero,0,0,192,0,0,24
HALF_MINUS_ZERO|C0|ISO_H_MINUS_F|F40,0.10758463541666667,0.05859171549479167,0.15625,positive,55,17,120,20,3,1
HALF_MINUS_ZERO|C0|ISO_H_MINUS_F|FE1,0.0057617187499999995,0.0033203125,0.008528645833333334,positive,77,35,80,17,3,4
HALF_MINUS_ZERO|C0|ISO_H_MINUS_F|FE2,0.040201822916666664,0.02165934244791666,0.059310302734374994,positive,87,40,65,22,2,0
HALF_MINUS_ZERO|C0|ISO_H_MINUS_F|FE3,0.05851236979166666,0.028238118489583325,0.08636149088541666,positive,76,33,83,20,4,0
HALF_MINUS_ZERO|C0|ISO_H_MINUS_F|FE4,0.08043619791666667,0.045474853515625,0.11256795247395832,positive,72,31,89,20,4,0
HALF_MINUS_ZERO|C0|ISO_H_MINUS_F|FE5,0.08736979166666665,0.04589111328125,0.12544108072916668,positive,63,29,100,19,4,1
HALF_MINUS_ZERO|C0|ISO_H_MINUS_F|FE6,0.09290364583333333,0.04373006184895833,0.13873901367187502,positive,62,23,107,18,5,1
HALF_MINUS_ZERO|C0|ISO_H_MINUS_F|FE7,0.09593098958333333,0.04619059244791667,0.14459106445312492,positive,57,22,113,18,5,1
HALF_MINUS_ZERO|C0|ISO_H_MINUS_F|FE8,0.10436197916666667,0.05569580078125,0.15271809895833333,positive,55,17,120,19,4,1
HALF_MINUS_ZERO|C0|MIX_H_MINUS_F|D40,0.13175455729166666,0.08487548828125001,0.18107096354166666,positive,61,15,116,20,3,1
HALF_MINUS_ZERO|C0|MIX_H_MINUS_F|F,0.09098917643229165,0.05874623616536458,0.12507029215494786,positive,94,39,59,21,3,0
HALF_MINUS_ZERO|C0|MIX_H_MINUS_F|F0,0.0,0.0,0.0,structural_zero,0,0,192,0,0,24
HALF_MINUS_ZERO|C0|MIX_H_MINUS_F|F1,0.0,0.0,0.0,structural_zero,0,0,192,0,0,24
HALF_MINUS_ZERO|C0|MIX_H_MINUS_F|F40,0.13175455729166666,0.08487548828125001,0.18107096354166666,positive,61,15,116,20,3,1
HALF_MINUS_ZERO|C0|MIX_H_MINUS_F|FE1,0.006738281250000002,0.0037272135416666677,0.009895833333333335,positive,84,29,79,15,6,3
HALF_MINUS_ZERO|C0|MIX_H_MINUS_F|FE2,0.045849609374999996,0.026610514322916667,0.06779418945312499,positive,90,40,62,21,3,0
HALF_MINUS_ZERO|C0|MIX_H_MINUS_F|FE3,0.06852213541666667,0.037965087890625,0.10048828125000002,positive,74,39,79,21,3,0
HALF_MINUS_ZERO|C0|MIX_H_MINUS_F|FE4,0.106689453125,0.06971516927083332,0.14813028971354164,positive,73,33,86,21,3,0
HALF_MINUS_ZERO|C0|MIX_H_MINUS_F|FE5,0.12122395833333333,0.0788232421875,0.16564575195312495,positive,70,25,97,21,3,0
HALF_MINUS_ZERO|C0|MIX_H_MINUS_F|FE6,0.12486979166666667,0.08054036458333333,0.16998860677083336,positive,66,20,106,21,2,1
HALF_MINUS_ZERO|C0|MIX_H_MINUS_F|FE7,0.12436523437500001,0.07753662109375,0.17257690429687503,positive,60,20,112,20,3,1
HALF_MINUS_ZERO|C0|MIX_H_MINUS_F|FE8,0.12965494791666665,0.08217732747395833,0.1789302571614583,positive,61,15,116,20,3,1
HALF_MINUS_ZERO|C0|MIX_MINUS_ISO_RANK|D40,0.024169921875,-0.013918050130208333,0.06714680989583328,unresolved,24,22,146,11,8,5
HALF_MINUS_ZERO|C0|MIX_MINUS_ISO_RANK|F,0.020304361979166668,-0.0018949381510416595,0.04609670003255209,unresolved,39,31,122,13,11,0
HALF_MINUS_ZERO|C0|MIX_MINUS_ISO_RANK|F0,0.0,0.0,0.0,structural_zero,0,0,192,0,0,24
HALF_MINUS_ZERO|C0|MIX_MINUS_ISO_RANK|F1,0.0,0.0,0.0,structural_zero,0,0,192,0,0,24
HALF_MINUS_ZERO|C0|MIX_MINUS_ISO_RANK|F40,0.024169921875,-0.013918050130208333,0.06714680989583328,unresolved,24,22,146,11,8,5
HALF_MINUS_ZERO|C0|MIX_MINUS_ISO_RANK|FE1,0.000976562500000002,-0.000976562499999997,0.0031905110677083325,unresolved,31,25,136,9,12,3
HALF_MINUS_ZERO|C0|MIX_MINUS_ISO_RANK|FE2,0.005647786458333334,-0.005811767578124998,0.01738362630208333,unresolved,39,26,127,12,12,0
HALF_MINUS_ZERO|C0|MIX_MINUS_ISO_RANK|FE3,0.010009765625000007,-0.006285807291666666,0.028582763671875,unresolved,30,30,132,9,14,1
HALF_MINUS_ZERO|C0|MIX_MINUS_ISO_RANK|FE4,0.026253255208333336,0.0016060384114583348,0.05522542317708332,positive,31,27,134,12,11,1
HALF_MINUS_ZERO|C0|MIX_MINUS_ISO_RANK|FE5,0.033854166666666664,0.005354410807291661,0.06577555338541664,positive,30,24,138,12,10,2
HALF_MINUS_ZERO|C0|MIX_MINUS_ISO_RANK|FE6,0.03196614583333334,-0.001890869140624999,0.07059651692708331,unresolved,30,22,140,13,8,3
HALF_MINUS_ZERO|C0|MIX_MINUS_ISO_RANK|FE7,0.028434244791666664,-0.008041178385416665,0.06989420572916663,unresolved,28,22,142,13,7,4
HALF_MINUS_ZERO|C0|MIX_MINUS_ISO_RANK|FE8,0.025292968750000002,-0.011352945963541661,0.06798950195312498,unresolved,24,22,146,12,8,4
HALF_MINUS_ZERO|C1|ISO_H_MINUS_F|D40,0.0026041666666666665,0.0,0.0078125,unresolved,1,0,191,1,0,23
HALF_MINUS_ZERO|C1|ISO_H_MINUS_F|F,0.002437337239583333,-2.0345052083333275e-05,0.006931610107421875,unresolved,29,17,146,17,7,0
HALF_MINUS_ZERO|C1|ISO_H_MINUS_F|F0,0.0,0.0,0.0,structural_zero,0,0,192,0,0,24
HALF_MINUS_ZERO|C1|ISO_H_MINUS_F|F1,0.0,0.0,0.0,structural_zero,0,0,192,0,0,24
HALF_MINUS_ZERO|C1|ISO_H_MINUS_F|F40,0.0026041666666666665,0.0,0.0078125,unresolved,1,0,191,1,0,23
HALF_MINUS_ZERO|C1|ISO_H_MINUS_F|FE1,0.0006022135416666666,-0.00013020833333333322,0.0013350423177083313,unresolved,26,15,151,14,7,3
HALF_MINUS_ZERO|C1|ISO_H_MINUS_F|FE2,0.003157552083333334,0.0003906250000000001,0.007177734374999999,positive,18,13,161,12,8,4
HALF_MINUS_ZERO|C1|ISO_H_MINUS_F|FE3,0.0027669270833333335,-0.00050537109375,0.008334147135416662,unresolved,4,2,186,4,2,18
HALF_MINUS_ZERO|C1|ISO_H_MINUS_F|FE4,0.0025553385416666667,-0.00019531249999999998,0.007861328124999999,unresolved,2,1,189,2,1,21
HALF_MINUS_ZERO|C1|ISO_H_MINUS_F|FE5,0.0026041666666666665,0.0,0.0078125,unresolved,1,0,191,1,0,23
HALF_MINUS_ZERO|C1|ISO_H_MINUS_F|FE6,0.0026041666666666665,0.0,0.0078125,unresolved,1,0,191,1,0,23
HALF_MINUS_ZERO|C1|ISO_H_MINUS_F|FE7,0.0026041666666666665,0.0,0.0078125,unresolved,1,0,191,1,0,23
HALF_MINUS_ZERO|C1|ISO_H_MINUS_F|FE8,0.0026041666666666665,0.0,0.0078125,unresolved,1,0,191,1,0,23
HALF_MINUS_ZERO|C1|MIX_H_MINUS_F|D40,0.0026041666666666665,0.0,0.0078125,unresolved,1,0,191,1,0,23
HALF_MINUS_ZERO|C1|MIX_H_MINUS_F|F,0.002585856119791666,-7.934570312500004e-05,0.007316131591796873,unresolved,27,22,143,12,9,3
HALF_MINUS_ZERO|C1|MIX_H_MINUS_F|F0,0.0,0.0,0.0,structural_zero,0,0,192,0,0,24
HALF_MINUS_ZERO|C1|MIX_H_MINUS_F|F1,0.0,0.0,0.0,structural_zero,0,0,192,0,0,24
HALF_MINUS_ZERO|C1|MIX_H_MINUS_F|F40,0.0026041666666666665,0.0,0.0078125,unresolved,1,0,191,1,0,23
HALF_MINUS_ZERO|C1|MIX_H_MINUS_F|FE1,0.0005696614583333334,-0.0005208333333333335,0.001839192708333333,unresolved,28,20,144,12,8,4
HALF_MINUS_ZERO|C1|MIX_H_MINUS_F|FE2,0.0034179687499999996,-0.00034220377604166676,0.0087890625,unresolved,16,17,159,9,9,6
HALF_MINUS_ZERO|C1|MIX_H_MINUS_F|FE3,0.00302734375,-0.0006022135416666667,0.009131673177083329,unresolved,5,4,183,4,4,16
HALF_MINUS_ZERO|C1|MIX_H_MINUS_F|FE4,0.0027343750000000003,-0.000146484375,0.008186848958333333,unresolved,3,1,188,3,1,20
HALF_MINUS_ZERO|C1|MIX_H_MINUS_F|FE5,0.003076171875,0.0,0.008756510416666667,unresolved,2,0,190,2,0,22
HALF_MINUS_ZERO|C1|MIX_H_MINUS_F|FE6,0.0026529947916666668,0.0,0.00791015625,unresolved,2,0,190,2,0,22
HALF_MINUS_ZERO|C1|MIX_H_MINUS_F|FE7,0.0026041666666666665,0.0,0.0078125,unresolved,1,0,191,1,0,23
HALF_MINUS_ZERO|C1|MIX_H_MINUS_F|FE8,0.0026041666666666665,0.0,0.0078125,unresolved,1,0,191,1,0,23
HALF_MINUS_ZERO|C1|MIX_MINUS_ISO_RANK|D40,0.0,0.0,0.0,observed_exact_zero,0,0,192,0,0,24
HALF_MINUS_ZERO|C1|MIX_MINUS_ISO_RANK|F,0.00014851888020833327,-0.0002767944335937501,0.0006593322753906243,unresolved,18,18,156,9,12,3
HALF_MINUS_ZERO|C1|MIX_MINUS_ISO_RANK|F0,0.0,0.0,0.0,structural_zero,0,0,192,0,0,24
HALF_MINUS_ZERO|C1|MIX_MINUS_ISO_RANK|F1,0.0,0.0,0.0,structural_zero,0,0,192,0,0,24
HALF_MINUS_ZERO|C1|MIX_MINUS_ISO_RANK|F40,0.0,0.0,0.0,observed_exact_zero,0,0,192,0,0,24
HALF_MINUS_ZERO|C1|MIX_MINUS_ISO_RANK|FE1,-3.255208333333327e-05,-0.0008463541666666667,0.0008626302083333334,unresolved,17,14,161,8,10,6
HALF_MINUS_ZERO|C1|MIX_MINUS_ISO_RANK|FE2,0.00026041666666666655,-0.0014322916666666668,0.002132161458333333,unresolved,15,16,161,9,10,5
HALF_MINUS_ZERO|C1|MIX_MINUS_ISO_RANK|FE3,0.0002604166666666666,-0.0008467610677083333,0.0015629069010416642,unresolved,3,6,183,3,6,15
HALF_MINUS_ZERO|C1|MIX_MINUS_ISO_RANK|FE4,0.00017903645833333335,-9.765624999999999e-05,0.0006188964843749979,unresolved,2,1,189,2,1,21
HALF_MINUS_ZERO|C1|MIX_MINUS_ISO_RANK|FE5,0.00047200520833333334,0.0,0.001416015625,unresolved,1,0,191,1,0,23
HALF_MINUS_ZERO|C1|MIX_MINUS_ISO_RANK|FE6,4.8828124999999996e-05,0.0,0.000146484375,unresolved,1,0,191,1,0,23
HALF_MINUS_ZERO|C1|MIX_MINUS_ISO_RANK|FE7,0.0,0.0,0.0,observed_exact_zero,0,0,192,0,0,24
HALF_MINUS_ZERO|C1|MIX_MINUS_ISO_RANK|FE8,0.0,0.0,0.0,observed_exact_zero,0,0,192,0,0,24
HALF|C0|ISO_F_POP|E1,0.7057439168294272,0.6845509338378908,0.7291901906331381,positive,192,0,0,24,0,0
HALF|C0|ISO_F_POP|E2,0.6276036580403646,0.613764788309733,0.6442148335774739,positive,192,0,0,24,0,0
HALF|C0|ISO_F_POP|E3,0.6162546793619792,0.6091244761149089,0.6242443339029948,positive,192,0,0,24,0,0
HALF|C0|ISO_F_POP|E4,0.6207575480143229,0.6123188908894857,0.6300349044799803,positive,192,0,0,24,0,0
HALF|C0|ISO_F_POP|E5,0.6232228597005208,0.6146803410847981,0.6354472096761067,positive,192,0,0,24,0,0
HALF|C0|ISO_F_POP|E6,0.6153798421223958,0.6098047002156576,0.6215212885538737,positive,192,0,0,24,0,0
HALF|C0|ISO_F_POP|E7,0.6159779866536458,0.6094530487060547,0.6236396789550782,positive,192,0,0,24,0,0
HALF|C0|ISO_F_POP|E8,0.6136439005533855,0.6080059432983398,0.619397570292155,positive,192,0,0,24,0,0
HALF|C0|ISO_F_POP|MLOSS,0.3701769510904948,0.36535115400950113,0.37479470888773603,positive,192,0,0,24,0,0
HALF|C0|ISO_F_POP|U,0.6298230489095052,0.6252052911122641,0.634648845990499,positive,192,0,0,24,0,0
HALF|C0|ISO_F_POP|U0,0.76220703125,0.7422551472981771,0.7825715382893881,positive,192,0,0,24,0,0
HALF|C0|ISO_F_POP|U1,0.7655156453450521,0.7463326136271159,0.785104242960612,positive,192,0,0,24,0,0
HALF|C0|ISO_F_POP|U40,0.6106643676757812,0.6014647165934245,0.6202378590901693,positive,192,0,0,24,0,0
HALF|C0|ISO_F|D40,-0.024983723958333332,-0.03125,-0.017171223958333332,negative,3,189,0,2,22,0
HALF|C0|ISO_F|F,0.011039225260416667,0.005746917724609375,0.01729949951171875,positive,155,0,37,24,0,0
HALF|C0|ISO_F|F0,0.03125,0.03125,0.03125,positive,192,0,0,24,0,0
HALF|C0|ISO_F|F1,0.022623697916666668,0.02001953125,0.025309244791666668,positive,155,0,37,24,0,0
HALF|C0|ISO_F|F40,0.006266276041666667,0.0,0.014078776041666666,unresolved,3,0,189,3,0,21
HALF|C0|ISO_F|FE1,0.014811197916666666,0.011311442057291668,0.018782958984374997,positive,155,0,37,24,0,0
HALF|C0|ISO_F|FE2,0.012565104166666667,0.006607259114583332,0.020003255208333334,positive,35,0,157,19,0,5
HALF|C0|ISO_F|FE3,0.013785807291666667,0.0066402180989583335,0.02223388671875,positive,20,0,172,14,0,10
HALF|C0|ISO_F|FE4,0.011702473958333333,0.004606119791666666,0.0197265625,positive,14,0,178,9,0,15
HALF|C0|ISO_F|FE5,0.010205078125,0.003548177083333334,0.01806844075520832,positive,13,0,179,9,0,15
HALF|C0|ISO_F|FE6,0.009912109375,0.002799072265625,0.01860432942708333,positive,9,0,183,7,0,17
HALF|C0|ISO_F|FE7,0.008935546875,0.0020345052083333335,0.01708984375,positive,7,0,185,6,0,18
HALF|C0|ISO_F|FE8,0.006396484375,0.00021158854166666665,0.014208984374999999,positive,5,0,187,5,0,19
HALF|C0|ISO_H_MINUS_F_POP|E1,-0.00011800130208333241,-0.00045931498209635476,0.0002390797932942931,unresolved,66,85,41,13,11,0
HALF|C0|ISO_H_MINUS_F_POP|E2,0.0018274943033854314,0.00024044036865236766,0.004050738016764312,positive,89,66,37,17,7,0
HALF|C0|ISO_H_MINUS_F_POP|E3,0.0013473510742187343,-0.0006380462646484496,0.0032771428426106725,unresolved,82,71,39,15,9,0
HALF|C0|ISO_H_MINUS_F_POP|E4,0.003943888346354174,0.002226969401041674,0.005637741088867198,positive,103,52,37,20,4,0
HALF|C0|ISO_H_MINUS_F_POP|E5,0.002667744954427088,0.001003278096516935,0.00437068939208984,positive,91,64,37,17,7,0
HALF|C0|ISO_H_MINUS_F_POP|E6,0.0020604451497395807,1.7763773600260398e-05,0.004292894999186193,positive,85,70,37,14,10,0
HALF|C0|ISO_H_MINUS_F_POP|E7,0.0016433715820312934,5.378723144575001e-06,0.0032275899251302527,positive,84,71,37,15,9,0
HALF|C0|ISO_H_MINUS_F_POP|E8,0.0009297688802083389,-0.0006796646118164074,0.0024948883056640668,unresolved,85,70,37,14,10,0
HALF|C0|ISO_H_MINUS_F_POP|MLOSS,-0.0017877578735351572,-0.002508858044942222,-0.0011122242609659615,negative,50,106,36,6,18,0
HALF|C0|ISO_H_MINUS_F_POP|U,0.001787757873535134,0.0011122242609659565,0.0025088580449422197,positive,106,50,36,18,6,0
HALF|C0|ISO_H_MINUS_F_POP|U0,0.0,0.0,0.0,structural_zero,0,0,192,0,0,24
HALF|C0|ISO_H_MINUS_F_POP|U1,4.8319498697916664e-05,1.52587890625e-05,8.138020833333333e-05,positive,19,9,164,14,4,6
HALF|C0|ISO_H_MINUS_F_POP|U40,0.0007731119791666666,-0.0014191309611002604,0.0030111312866210934,unresolved,77,74,41,13,11,0
HALF|C0|ISO_H_MINUS_F|D40,0.11246744791666667,0.07535196940104168,0.15039672851562497,positive,45,3,144,19,1,4
HALF|C0|ISO_H_MINUS_F|F,0.08267618815104166,0.05701878865559895,0.10945882161458334,positive,131,26,35,22,2,0
HALF|C0|ISO_H_MINUS_F|F0,0.0,0.0,0.0,structural_zero,0,0,192,0,0,24
HALF|C0|ISO_H_MINUS_F|F1,0.009847005208333334,0.008219401041666666,0.011474609375,positive,106,0,86,24,0,0
HALF|C0|ISO_H_MINUS_F|F40,0.11246744791666667,0.07535196940104168,0.15039672851562497,positive,45,3,144,19,1,4
HALF|C0|ISO_H_MINUS_F|FE1,0.020833333333333332,0.016210937499999998,0.02592814127604166,positive,133,20,39,23,1,0
HALF|C0|ISO_H_MINUS_F|FE2,0.055322265625,0.037027180989583325,0.07726318359374999,positive,87,20,85,21,3,0
HALF|C0|ISO_H_MINUS_F|FE3,0.0732421875,0.04791422526041667,0.09938639322916662,positive,70,16,106,22,2,0
HALF|C0|ISO_H_MINUS_F|FE4,0.09072265624999999,0.062351074218750004,0.12083455403645835,positive,64,11,117,22,2,0
HALF|C0|ISO_H_MINUS_F|FE5,0.09943033854166666,0.068131103515625,0.13126749674479166,positive,56,10,126,20,2,2
HALF|C0|ISO_H_MINUS_F|FE6,0.10419921875,0.06990315755208333,0.13889078776041663,positive,51,8,133,20,1,3
HALF|C0|ISO_H_MINUS_F|FE7,0.10662434895833334,0.07053792317708334,0.1432161458333333,positive,48,6,138,20,1,3
HALF|C0|ISO_H_MINUS_F|FE8,0.11103515625,0.07475911458333333,0.14779378255208328,positive,45,4,143,19,1,4
HALF|C0|ISO_H_POP|E1,0.7056259155273438,0.6842853164672853,0.729260025024414,positive,192,0,0,24,0,0
HALF|C0|ISO_H_POP|E2,0.62943115234375,0.6150977071126301,0.6462580490112305,positive,192,0,0,24,0,0
HALF|C0|ISO_H_POP|E3,0.6176020304361979,0.6103362274169922,0.6254401524861654,positive,192,0,0,24,0,0
HALF|C0|ISO_H_POP|E4,0.6247014363606771,0.6163790639241536,0.6336401748657227,positive,192,0,0,24,0,0
HALF|C0|ISO_H_POP|E5,0.625890604654948,0.6175656382242839,0.6373286946614584,positive,192,0,0,24,0,0
HALF|C0|ISO_H_POP|E6,0.6174402872721354,0.6114204661051432,0.6244039535522461,positive,192,0,0,24,0,0
HALF|C0|ISO_H_POP|E7,0.6176213582356771,0.6108053461710613,0.6255082321166993,positive,192,0,0,24,0,0
HALF|C0|ISO_H_POP|E8,0.6145736694335938,0.6087263361612956,0.6206514231363932,positive,192,0,0,24,0,0
HALF|C0|ISO_H_POP|MLOSS,0.3683891932169596,0.3632553084691366,0.3731519142786662,positive,192,0,0,24,0,0
HALF|C0|ISO_H_POP|U,0.6316108067830404,0.6268480857213338,0.6367446915308633,positive,192,0,0,24,0,0
HALF|C0|ISO_H_POP|U0,0.76220703125,0.7422551472981771,0.7825715382893881,positive,192,0,0,24,0,0
HALF|C0|ISO_H_POP|U1,0.76556396484375,0.7463682810465495,0.7851275126139323,positive,192,0,0,24,0,0
HALF|C0|ISO_H_POP|U40,0.6114374796549479,0.6016380945841472,0.6217295964558919,positive,192,0,0,24,0,0
HALF|C0|ISO_H|D40,0.08748372395833333,0.05175577799479167,0.12337239583333333,positive,45,147,0,19,5,0
HALF|C0|ISO_H|F,0.09371541341145832,0.06975438435872396,0.1177166239420573,positive,172,0,20,24,0,0
HALF|C0|ISO_H|F0,0.03125,0.03125,0.03125,positive,192,0,0,24,0,0
HALF|C0|ISO_H|F1,0.032470703125,0.029703776041666668,0.035319010416666664,positive,172,0,20,24,0,0
HALF|C0|ISO_H|F40,0.11873372395833333,0.08300577799479167,0.15462239583333334,positive,45,0,147,19,0,5
HALF|C0|ISO_H|FE1,0.03564453125,0.031216634114583336,0.0404296875,positive,172,0,20,24,0,0
HALF|C0|ISO_H|FE2,0.06788736979166667,0.051509195963541664,0.08820149739583331,positive,96,0,96,24,0,0
HALF|C0|ISO_H|FE3,0.08702799479166667,0.065245361328125,0.11025431315104166,positive,75,0,117,23,0,1
HALF|C0|ISO_H|FE4,0.10242513020833333,0.07717529296875,0.12869710286458333,positive,66,0,126,22,0,2
HALF|C0|ISO_H|FE5,0.10963541666666665,0.08004191080729166,0.13922770182291666,positive,58,0,134,20,0,4
HALF|C0|ISO_H|FE6,0.11411132812499998,0.08012654622395833,0.14711547851562493,positive,52,0,140,20,0,4
HALF|C0|ISO_H|FE7,0.11555989583333333,0.08069580078125001,0.14965861002604167,positive,48,0,144,20,0,4
HALF|C0|ISO_H|FE8,0.117431640625,0.082354736328125,0.15232950846354165,positive,45,0,147,19,0,5
HALF|C0|MIX_F|D40,-0.027099609375,-0.03125,-0.020345052083333332,negative,2,190,0,2,22,0
HALF|C0|MIX_F|F,0.0109619140625,0.005875600179036458,0.016931610107421873,positive,155,0,37,24,0,0
HALF|C0|MIX_F|F0,0.03125,0.03125,0.03125,positive,192,0,0,24,0,0
HALF|C0|MIX_F|F1,0.022623697916666668,0.02001953125,0.025309244791666668,positive,155,0,37,24,0,0
HALF|C0|MIX_F|F40,0.004150390625,0.0,0.010904947916666666,unresolved,2,0,190,2,0,22
HALF|C0|MIX_F|FE1,0.014892578125,0.011425781250000001,0.01883138020833333,positive,155,0,37,24,0,0
HALF|C0|MIX_F|FE2,0.012955729166666666,0.007438151041666667,0.019417724609374996,positive,39,0,153,19,0,5
HALF|C0|MIX_F|FE3,0.014892578125,0.007958984375,0.022510986328124993,positive,23,0,169,14,0,10
HALF|C0|MIX_F|FE4,0.012434895833333334,0.005581868489583334,0.020328776041666666,positive,15,0,177,10,0,14
HALF|C0|MIX_F|FE5,0.009798177083333333,0.003352457682291667,0.017366536458333335,positive,11,0,181,8,0,16
HALF|C0|MIX_F|FE6,0.010546874999999999,0.0029443359374999997,0.019499104817708328,positive,8,0,184,6,0,18
HALF|C0|MIX_F|FE7,0.007307942708333334,0.0012691243489583333,0.014780273437499993,positive,7,0,185,6,0,18
HALF|C0|MIX_F|FE8,0.004866536458333333,3.255208333333333e-05,0.012076822916666667,positive,4,0,188,4,0,20
HALF|C0|MIX_H_MINUS_F|D40,0.13834635416666666,0.10001627604166667,0.17822875976562497,positive,51,1,140,20,0,4
HALF|C0|MIX_H_MINUS_F|F,0.09756062825520832,0.06983006795247397,0.12688863118489582,positive,134,23,35,23,1,0
HALF|C0|MIX_H_MINUS_F|F0,0.0,0.0,0.0,structural_zero,0,0,192,0,0,24
HALF|C0|MIX_H_MINUS_F|F1,0.010009765625,0.00830078125,0.011720784505208323,positive,106,0,86,24,0,0
HALF|C0|MIX_H_MINUS_F|F40,0.13834635416666666,0.10001627604166667,0.17822875976562497,positive,51,1,140,20,0,4
HALF|C0|MIX_H_MINUS_F|FE1,0.022281901041666673,0.017382405598958334,0.027246907552083324,positive,131,21,40,23,1,0
HALF|C0|MIX_H_MINUS_F|FE2,0.05944010416666667,0.040640462239583335,0.081136474609375,positive,101,16,75,22,2,0
HALF|C0|MIX_H_MINUS_F|FE3,0.07936197916666667,0.05260253906250001,0.10795939127604168,positive,78,12,102,21,3,0
HALF|C0|MIX_H_MINUS_F|FE4,0.10636393229166667,0.07380126953124999,0.14158772786458323,positive,68,10,114,23,1,0
HALF|C0|MIX_H_MINUS_F|FE5,0.12236328125,0.08726847330729166,0.15946044921874997,positive,62,8,122,22,1,1
HALF|C0|MIX_H_MINUS_F|FE6,0.12386067708333333,0.08725301106770834,0.1617460123697916,positive,55,6,131,20,1,3
HALF|C0|MIX_H_MINUS_F|FE7,0.130615234375,0.093258056640625,0.17007446289062497,positive,52,5,135,20,1,3
HALF|C0|MIX_H_MINUS_F|FE8,0.13619791666666667,0.09796305338541667,0.17573282877604163,positive,52,2,138,20,0,4
HALF|C0|MIX_H|D40,0.11124674479166667,0.07469482421875,0.1504781087239583,positive,51,141,0,21,3,0
HALF|C0|MIX_H|F,0.10852254231770835,0.08268839518229167,0.13620829264322915,positive,172,0,20,24,0,0
HALF|C0|MIX_H|F0,0.03125,0.03125,0.03125,positive,192,0,0,24,0,0
HALF|C0|MIX_H|F1,0.032633463541666664,0.029866536458333332,0.035481770833333336,positive,172,0,20,24,0,0
HALF|C0|MIX_H|F40,0.14249674479166666,0.10594482421875,0.1817281087239583,positive,51,0,141,21,0,3
HALF|C0|MIX_H|FE1,0.03717447916666667,0.032860107421875,0.04199340820312499,positive,172,0,20,24,0,0
HALF|C0|MIX_H|FE2,0.07239583333333333,0.055123291015625,0.09235066731770833,positive,107,0,85,24,0,0
HALF|C0|MIX_H|FE3,0.09425455729166667,0.07099527994791667,0.11853841145833333,positive,82,0,110,23,0,1
HALF|C0|MIX_H|FE4,0.11879882812499999,0.090037841796875,0.15042765299479163,positive,70,0,122,23,0,1
HALF|C0|MIX_H|FE5,0.13216145833333334,0.09811075846354166,0.16871866861979165,positive,64,0,128,22,0,2
HALF|C0|MIX_H|FE6,0.13440755208333333,0.09992919921875,0.17068929036458333,positive,57,0,135,21,0,3
HALF|C0|MIX_H|FE7,0.13792317708333335,0.10198527018229167,0.17581746419270827,positive,53,0,139,21,0,3
HALF|C0|MIX_H|FE8,0.14106445312500002,0.10428019205729168,0.1800215657552083,positive,52,0,140,21,0,3
HALF|C0|MIX_MINUS_ISO_F_POP|E1,0.00020192464192708703,-1.8819173177041586e-05,0.0005722300211588629,unresolved,52,43,97,13,10,1
HALF|C0|MIX_MINUS_ISO_F_POP|E2,0.0016133626302083464,0.00016619364420574663,0.0033973439534505188,positive,76,46,70,16,8,0
HALF|C0|MIX_MINUS_ISO_F_POP|E3,0.00031992594401041946,-0.0011256154378255037,0.0017584737141927021,unresolved,54,68,70,13,11,0
HALF|C0|MIX_MINUS_ISO_F_POP|E4,0.003291829427083328,0.0015805308024088415,0.005002098083496095,positive,81,41,70,17,7,0
HALF|C0|MIX_MINUS_ISO_F_POP|E5,0.0019541422526041705,0.00032648722330730026,0.003568534851074239,positive,77,45,70,15,9,0
HALF|C0|MIX_MINUS_ISO_F_POP|E6,0.0017725626627604167,-4.360198974609345e-05,0.003529421488444018,unresolved,74,48,70,17,7,0
HALF|C0|MIX_MINUS_ISO_F_POP|E7,0.0010787963867187657,-0.0006500625610351476,0.002787373860677092,unresolved,69,53,70,14,10,0
HALF|C0|MIX_MINUS_ISO_F_POP|E8,0.002038065592447897,0.0002332433064778577,0.0040305836995442445,positive,70,52,70,16,8,0
HALF|C0|MIX_MINUS_ISO_F_POP|MLOSS,-0.0015338261922200475,-0.0024480342864990324,-0.0008122555414835417,negative,39,82,71,5,19,0
HALF|C0|MIX_MINUS_ISO_F_POP|U,0.0015338261922200381,0.0008122555414835456,0.002448034286498993,positive,82,39,71,19,5,0
HALF|C0|MIX_MINUS_ISO_F_POP|U0,0.0,0.0,0.0,structural_zero,0,0,192,0,0,24
HALF|C0|MIX_MINUS_ISO_F_POP|U1,0.0,0.0,0.0,observed_exact_zero,0,0,192,0,0,24
HALF|C0|MIX_MINUS_ISO_F_POP|U40,0.0009206136067708334,-0.002039972941080729,0.004336484273274738,unresolved,59,58,75,12,12,0
HALF|C0|MIX_MINUS_ISO_F|D40,-0.0021158854166666665,-0.005289713541666667,0.0,unresolved,0,2,190,0,2,22
HALF|C0|MIX_MINUS_ISO_F|F,-7.731119791666676e-05,-0.0019677734374999997,0.0019165547688802075,unresolved,10,9,173,7,6,11
HALF|C0|MIX_MINUS_ISO_F|F0,0.0,0.0,0.0,structural_zero,0,0,192,0,0,24
HALF|C0|MIX_MINUS_ISO_F|F1,0.0,0.0,0.0,observed_exact_zero,0,0,192,0,0,24
HALF|C0|MIX_MINUS_ISO_F|F40,-0.0021158854166666665,-0.005289713541666667,0.0,unresolved,0,2,190,0,2,22
HALF|C0|MIX_MINUS_ISO_F|FE1,8.13802083333332e-05,-0.00029296875000000026,0.0005208333333333335,unresolved,5,4,183,3,4,17
HALF|C0|MIX_MINUS_ISO_F|FE2,0.00039062499999999975,-0.00205078125,0.0023604329427083307,unresolved,9,7,176,7,3,14
HALF|C0|MIX_MINUS_ISO_F|FE3,0.001106770833333333,-0.001969401041666667,0.004232177734374998,unresolved,9,3,180,7,3,14
HALF|C0|MIX_MINUS_ISO_F|FE4,0.0007324218749999999,-0.0017744954427083342,0.0034505208333333332,unresolved,4,3,185,4,2,18
HALF|C0|MIX_MINUS_ISO_F|FE5,-0.0004069010416666668,-0.0031250000000000006,0.003059895833333333,unresolved,1,4,187,1,3,20
HALF|C0|MIX_MINUS_ISO_F|FE6,0.0006347656249999997,-0.0017256673177083336,0.004460042317708331,unresolved,1,3,188,1,3,20
HALF|C0|MIX_MINUS_ISO_F|FE7,-0.0016276041666666667,-0.005501708984374999,0.0007812499999999998,unresolved,1,2,189,1,2,21
HALF|C0|MIX_MINUS_ISO_F|FE8,-0.0015299479166666667,-0.0041015625,0.0,unresolved,0,2,190,0,2,22
HALF|C0|MIX_MINUS_ISO_H_POP|E1,0.00031992594401041946,1.7293294270849176e-05,0.0006434249877929647,positive,85,61,46,15,9,0
HALF|C0|MIX_MINUS_ISO_H_POP|E2,-0.00021413167317708517,-0.0010861078898112028,0.0006943257649739625,unresolved,86,67,39,11,13,0
HALF|C0|MIX_MINUS_ISO_H_POP|E3,-0.0010274251302083148,-0.0024293136596679568,0.00034287770589195205,unresolved,68,84,40,8,16,0
HALF|C0|MIX_MINUS_ISO_H_POP|E4,-0.0006520589192708462,-0.001693242390950515,0.0003295898437499779,unresolved,66,87,39,8,16,0
HALF|C0|MIX_MINUS_ISO_H_POP|E5,-0.0007136027018229176,-0.002302780151367159,0.0007792409261067518,unresolved,74,79,39,11,13,0
HALF|C0|MIX_MINUS_ISO_H_POP|E6,-0.0002878824869791639,-0.002493400573730468,0.0017802810668945306,unresolved,80,73,39,12,12,0
HALF|C0|MIX_MINUS_ISO_H_POP|E7,-0.0005645751953125278,-0.0023192850748698086,0.001174494425455685,unresolved,76,77,39,9,15,0
HALF|C0|MIX_MINUS_ISO_H_POP|E8,0.0011082967122395583,-0.0007529576619466698,0.0030087280273436946,unresolved,83,69,40,15,9,0
HALF|C0|MIX_MINUS_ISO_H_POP|MLOSS,0.00025393168131510974,-0.0002517970403035438,0.0007907470067342308,unresolved,84,69,39,14,10,0
HALF|C0|MIX_MINUS_ISO_H_POP|U,-0.00025393168131509586,-0.000790747006734219,0.0002517970403035349,unresolved,69,84,39,10,14,0
HALF|C0|MIX_MINUS_ISO_H_POP|U0,0.0,0.0,0.0,structural_zero,0,0,192,0,0,24
HALF|C0|MIX_MINUS_ISO_H_POP|U1,-4.8319498697916664e-05,-8.138020833333333e-05,-1.52587890625e-05,negative,9,19,164,4,14,6
HALF|C0|MIX_MINUS_ISO_H_POP|U40,0.00014750162760416666,-0.0030137379964192707,0.0035630544026692703,unresolved,68,80,44,11,13,0
HALF|C0|MIX_MINUS_ISO_H|D40,0.023763020833333332,-0.0034322102864583325,0.05152180989583329,unresolved,18,10,164,9,3,12
HALF|C0|MIX_MINUS_ISO_H|F,0.01480712890625,-0.003290557861328122,0.03359537760416666,unresolved,45,27,120,16,8,0
HALF|C0|MIX_MINUS_ISO_H|F0,0.0,0.0,0.0,structural_zero,0,0,192,0,0,24
HALF|C0|MIX_MINUS_ISO_H|F1,0.00016276041666666666,0.0,0.0004069010416666667,unresolved,2,0,190,2,0,22
HALF|C0|MIX_MINUS_ISO_H|F40,0.023763020833333332,-0.0034322102864583325,0.05152180989583329,unresolved,18,10,164,9,3,12
HALF|C0|MIX_MINUS_ISO_H|FE1,0.001529947916666667,-0.0004720052083333331,0.0034993489583333326,unresolved,42,28,122,15,8,1
HALF|C0|MIX_MINUS_ISO_H|FE2,0.004508463541666666,-0.005079752604166666,0.014144287109374999,unresolved,34,25,133,15,6,3
HALF|C0|MIX_MINUS_ISO_H|FE3,0.0072265625000000056,-0.0068086751302083234,0.02163126627604167,unresolved,25,21,146,13,7,4
HALF|C0|MIX_MINUS_ISO_H|FE4,0.016373697916666666,-0.005177408854166667,0.039031982421874986,unresolved,24,17,151,11,6,7
HALF|C0|MIX_MINUS_ISO_H|FE5,0.022526041666666666,-0.001922607421875004,0.049431559244791666,unresolved,22,15,155,11,6,7
HALF|C0|MIX_MINUS_ISO_H|FE6,0.020296223958333335,-0.005787353515624996,0.04681070963541666,unresolved,20,14,158,12,5,7
HALF|C0|MIX_MINUS_ISO_H|FE7,0.022363281249999995,-0.005078938802083332,0.05066162109374995,unresolved,20,12,160,12,4,8
HALF|C0|MIX_MINUS_ISO_H|FE8,0.023632812500000003,-0.0034643554687499986,0.051464843749999996,unresolved,19,10,163,11,3,10
HALF|C0|MIX_MINUS_ISO_RANK|D40,0.02587890625,-0.0014017740885416657,0.053629557291666664,unresolved,19,10,163,10,3,11
HALF|C0|MIX_MINUS_ISO_RANK|F,0.014884440104166667,-0.0035952758789062475,0.034038340250651035,unresolved,45,28,119,17,7,0
HALF|C0|MIX_MINUS_ISO_RANK|F0,0.0,0.0,0.0,structural_zero,0,0,192,0,0,24
HALF|C0|MIX_MINUS_ISO_RANK|F1,0.00016276041666666666,0.0,0.0004069010416666667,unresolved,2,0,190,2,0,22
HALF|C0|MIX_MINUS_ISO_RANK|F40,0.02587890625,-0.0014017740885416657,0.053629557291666664,unresolved,19,10,163,10,3,11
HALF|C0|MIX_MINUS_ISO_RANK|FE1,0.001448567708333335,-0.0005208333333333296,0.003288167317708333,unresolved,42,28,122,15,9,0
HALF|C0|MIX_MINUS_ISO_RANK|FE2,0.004117838541666667,-0.005746256510416667,0.013934733072916653,unresolved,34,26,132,15,6,3
HALF|C0|MIX_MINUS_ISO_RANK|FE3,0.006119791666666673,-0.008106689453124996,0.021159261067708334,unresolved,25,23,144,13,7,4
HALF|C0|MIX_MINUS_ISO_RANK|FE4,0.015641276041666666,-0.006122639973958332,0.038786214192708335,unresolved,24,19,149,11,7,6
HALF|C0|MIX_MINUS_ISO_RANK|FE5,0.022932942708333338,-0.002280273437499995,0.04990315755208333,unresolved,22,16,154,12,6,6
HALF|C0|MIX_MINUS_ISO_RANK|FE6,0.019661458333333336,-0.007050374348958331,0.04647501627604163,unresolved,20,15,157,13,6,5
HALF|C0|MIX_MINUS_ISO_RANK|FE7,0.023990885416666666,-0.0038757324218749987,0.05197102864583332,unresolved,20,13,159,12,5,7
HALF|C0|MIX_MINUS_ISO_RANK|FE8,0.02516276041666667,-0.00240966796875,0.05273600260416666,unresolved,20,10,162,12,3,9
HALF|C0|MIX_POP|E1,0.7059458414713542,0.6847604370117187,0.7296061325073242,positive,192,0,0,24,0,0
HALF|C0|MIX_POP|E2,0.629217020670573,0.6151016235351563,0.6458560053507486,positive,192,0,0,24,0,0
HALF|C0|MIX_POP|E3,0.6165746053059896,0.6095464197794596,0.624413350423177,positive,192,0,0,24,0,0
HALF|C0|MIX_POP|E4,0.6240493774414063,0.6155558395385743,0.6329385884602864,positive,192,0,0,24,0,0
HALF|C0|MIX_POP|E5,0.625177001953125,0.6170140711466471,0.6370020548502604,positive,192,0,0,24,0,0
HALF|C0|MIX_POP|E6,0.6171524047851563,0.6115807596842447,0.6231675720214844,positive,192,0,0,24,0,0
HALF|C0|MIX_POP|E7,0.6170567830403645,0.6104367701212565,0.6247280502319336,positive,192,0,0,24,0,0
HALF|C0|MIX_POP|E8,0.6156819661458334,0.6095383580525715,0.6220668029785157,positive,192,0,0,24,0,0
HALF|C0|MIX_POP|MLOSS,0.3686431248982747,0.36354166984558106,0.3734139601389567,positive,192,0,0,24,0,0
HALF|C0|MIX_POP|U,0.6313568751017252,0.6265860398610433,0.636458330154419,positive,192,0,0,24,0,0
HALF|C0|MIX_POP|U0,0.76220703125,0.7422551472981771,0.7825715382893881,positive,192,0,0,24,0,0
HALF|C0|MIX_POP|U1,0.7655156453450521,0.7463326136271159,0.785104242960612,positive,192,0,0,24,0,0
HALF|C0|MIX_POP|U40,0.6115849812825521,0.601011848449707,0.6230040232340495,positive,192,0,0,24,0,0
HALF|C0|MIX_R|D40,-0.08414713541666667,-0.12223714192708333,-0.047119140625,negative,140,52,0,3,16,5
HALF|C0|MIX_R|F,0.8805155436197917,0.8534195963541668,0.9059041341145834,positive,192,0,0,24,0,0
HALF|C0|MIX_R|F0,0.9375,0.9375,0.9375,positive,192,0,0,24,0,0
HALF|C0|MIX_R|F1,0.9447428385416666,0.9396158854166666,0.9497884114583334,positive,192,0,0,24,0,0
HALF|C0|MIX_R|F40,0.8533528645833334,0.8152628580729167,0.890380859375,positive,188,0,4,24,0,0
HALF|C0|MIX_R|FE1,0.9479329427083333,0.9409989420572917,0.9545084635416666,positive,192,0,0,24,0,0
HALF|C0|MIX_R|FE2,0.9146484375,0.8953210449218749,0.9324393717447916,positive,192,0,0,24,0,0
HALF|C0|MIX_R|FE3,0.8908528645833332,0.8682759602864584,0.9112007649739583,positive,192,0,0,24,0,0
HALF|C0|MIX_R|FE4,0.8687662760416668,0.83842041015625,0.895966796875,positive,192,0,0,24,0,0
HALF|C0|MIX_R|FE5,0.8580403645833333,0.8222648111979167,0.8919942220052083,positive,192,0,0,24,0,0
HALF|C0|MIX_R|FE6,0.8550455729166666,0.8187654622395834,0.8893277994791666,positive,191,0,1,24,0,0
HALF|C0|MIX_R|FE7,0.8547688802083333,0.816885986328125,0.891019287109375,positive,190,0,2,24,0,0
HALF|C0|MIX_R|FE8,0.8540690104166666,0.8159159342447917,0.8908231608072916,positive,188,0,4,24,0,0
HALF|C1|ISO_F_POP|E1,0.7060694376627605,0.6849705123901366,0.7294030380249024,positive,192,0,0,24,0,0
HALF|C1|ISO_F_POP|E2,0.6278096516927083,0.6139208348592122,0.6445679219563801,positive,192,0,0,24,0,0
HALF|C1|ISO_F_POP|E3,0.6161188761393229,0.6090919748942057,0.6237658182779948,positive,192,0,0,24,0,0
HALF|C1|ISO_F_POP|E4,0.6206614176432291,0.6120632298787435,0.6305029169718425,positive,192,0,0,24,0,0
HALF|C1|ISO_F_POP|E5,0.6236119588216146,0.6151457341512044,0.6359102121988932,positive,192,0,0,24,0,0
HALF|C1|ISO_F_POP|E6,0.6159627278645834,0.6107222239176433,0.6220528666178385,positive,192,0,0,24,0,0
HALF|C1|ISO_F_POP|E7,0.6158777872721354,0.6101165008544922,0.6225382614135742,positive,192,0,0,24,0,0
HALF|C1|ISO_F_POP|E8,0.613677978515625,0.6076821390787761,0.6196404774983724,positive,192,0,0,24,0,0
HALF|C1|ISO_F_POP|MLOSS,0.3700262705485026,0.365084966023763,0.37470262209574384,positive,192,0,0,24,0,0
HALF|C1|ISO_F_POP|U,0.6299737294514974,0.6252973779042561,0.6349150339762369,positive,192,0,0,24,0,0
HALF|C1|ISO_F_POP|U0,0.76220703125,0.7422551472981771,0.7825715382893881,positive,192,0,0,24,0,0
HALF|C1|ISO_F_POP|U1,0.7654749552408854,0.7463221867879232,0.7851053873697916,positive,192,0,0,24,0,0
HALF|C1|ISO_F_POP|U40,0.6094843546549479,0.6002328236897786,0.6191750208536784,positive,192,0,0,24,0,0
HALF|C1|ISO_F|D40,-0.03125,-0.03125,-0.03125,negative,0,192,0,0,24,0
HALF|C1|ISO_F|F,0.0007893880208333332,0.0005594889322916666,0.001074269612630208,positive,119,0,73,24,0,0
HALF|C1|ISO_F|F0,0.03125,0.03125,0.03125,positive,192,0,0,24,0,0
HALF|C1|ISO_F|F1,0.01318359375,0.011637369791666666,0.014729817708333334,positive,119,0,73,24,0,0
HALF|C1|ISO_F|F40,0.0,0.0,0.0,observed_exact_zero,0,0,192,0,0,24
HALF|C1|ISO_F|FE1,0.00537109375,0.004166666666666667,0.0067382812499999995,positive,119,0,73,24,0,0
HALF|C1|ISO_F|FE2,0.0009277343750000001,0.0002278645833333333,0.001953125,positive,9,0,183,7,0,17
HALF|C1|ISO_F|FE3,1.6276041666666666e-05,0.0,4.882812500000001e-05,unresolved,1,0,191,1,0,23
HALF|C1|ISO_F|FE4,0.0,0.0,0.0,observed_exact_zero,0,0,192,0,0,24
HALF|C1|ISO_F|FE5,0.0,0.0,0.0,observed_exact_zero,0,0,192,0,0,24
HALF|C1|ISO_F|FE6,0.0,0.0,0.0,observed_exact_zero,0,0,192,0,0,24
HALF|C1|ISO_F|FE7,0.0,0.0,0.0,observed_exact_zero,0,0,192,0,0,24
HALF|C1|ISO_F|FE8,0.0,0.0,0.0,observed_exact_zero,0,0,192,0,0,24
HALF|C1|ISO_H_MINUS_F_POP|E1,-0.00018819173177083795,-0.0003423182169596182,-4.7302246093787474e-05,negative,34,58,100,9,15,0
HALF|C1|ISO_H_MINUS_F_POP|E2,-7.324218749998428e-05,-0.0010320154825846195,0.0009126154581705929,unresolved,44,53,95,12,12,0
HALF|C1|ISO_H_MINUS_F_POP|E3,-0.0007059733072916538,-0.00181480407714842,0.0003606669108073489,unresolved,46,52,94,8,16,0
HALF|C1|ISO_H_MINUS_F_POP|E4,0.00023193359375002035,-0.001245218912760381,0.0015089670817057515,unresolved,54,44,94,13,11,0
HALF|C1|ISO_H_MINUS_F_POP|E5,6.205240885414724e-05,-0.0008183924357096518,0.0008433151245117146,unresolved,49,47,96,16,8,0
HALF|C1|ISO_H_MINUS_F_POP|E6,-0.0007451375325520787,-0.002046381632486952,0.00035046895345051916,unresolved,42,55,95,11,13,0
HALF|C1|ISO_H_MINUS_F_POP|E7,0.00025278727213542035,-0.0009384918212890536,0.001289901733398453,unresolved,51,47,94,14,9,1
HALF|C1|ISO_H_MINUS_F_POP|E8,0.00020548502604167407,-0.000512301127115907,0.0009476216634114909,unresolved,46,51,95,12,12,0
HALF|C1|ISO_H_MINUS_F_POP|MLOSS,0.00012003580729165464,-0.00019392490386964823,0.0004452641805012945,unresolved,50,49,93,13,11,0
HALF|C1|ISO_H_MINUS_F_POP|U,-0.00012003580729162226,-0.00044526418050127155,0.00019392490386970756,unresolved,49,50,93,11,13,0
HALF|C1|ISO_H_MINUS_F_POP|U0,0.0,0.0,0.0,structural_zero,0,0,192,0,0,24
HALF|C1|ISO_H_MINUS_F_POP|U1,4.0690104166666664e-05,1.0172526041666666e-05,7.883707682291667e-05,positive,12,5,175,8,2,14
HALF|C1|ISO_H_MINUS_F_POP|U40,0.0023523966471354165,-0.0002365748087565104,0.004778734842936197,unresolved,59,36,97,16,8,0
HALF|C1|ISO_H_MINUS_F|D40,0.0026041666666666665,0.0,0.0078125,unresolved,1,0,191,1,0,23
HALF|C1|ISO_H_MINUS_F|F,0.0028971354166666663,0.0005065917968750002,0.007403615315755208,positive,83,11,98,21,3,0
HALF|C1|ISO_H_MINUS_F|F0,0.0,0.0,0.0,structural_zero,0,0,192,0,0,24
HALF|C1|ISO_H_MINUS_F|F1,0.005289713541666667,0.004150390625,0.006510416666666667,positive,59,0,133,23,0,1
HALF|C1|ISO_H_MINUS_F|F40,0.0026041666666666665,0.0,0.0078125,unresolved,1,0,191,1,0,23
HALF|C1|ISO_H_MINUS_F|FE1,0.004052734375,0.0027669270833333335,0.00537109375,positive,83,9,100,22,2,0
HALF|C1|ISO_H_MINUS_F|FE2,0.002945963541666666,0.00048828124999999995,0.006852620442708331,positive,15,8,169,12,4,8
HALF|C1|ISO_H_MINUS_F|FE3,0.0031087239583333336,0.0,0.008642578125,unresolved,4,1,187,4,1,19
HALF|C1|ISO_H_MINUS_F|FE4,0.0026529947916666668,0.0,0.00791015625,unresolved,2,0,190,2,0,22
HALF|C1|ISO_H_MINUS_F|FE5,0.0026041666666666665,0.0,0.0078125,unresolved,1,0,191,1,0,23
HALF|C1|ISO_H_MINUS_F|FE6,0.0026041666666666665,0.0,0.0078125,unresolved,1,0,191,1,0,23
HALF|C1|ISO_H_MINUS_F|FE7,0.0026041666666666665,0.0,0.0078125,unresolved,1,0,191,1,0,23
HALF|C1|ISO_H_MINUS_F|FE8,0.0026041666666666665,0.0,0.0078125,unresolved,1,0,191,1,0,23
HALF|C1|ISO_H_POP|E1,0.7058812459309897,0.6847839736938478,0.7291773223876954,positive,192,0,0,24,0,0
HALF|C1|ISO_H_POP|E2,0.6277364095052084,0.6135090128580729,0.6446475728352863,positive,192,0,0,24,0,0
HALF|C1|ISO_H_POP|E3,0.6154129028320312,0.6081028747558593,0.6229863739013672,positive,192,0,0,24,0,0
HALF|C1|ISO_H_POP|E4,0.6208933512369792,0.6126255289713541,0.6302745056152343,positive,192,0,0,24,0,0
HALF|C1|ISO_H_POP|E5,0.6236740112304687,0.6150664901733398,0.6360742823282877,positive,192,0,0,24,0,0
HALF|C1|ISO_H_POP|E6,0.6152175903320313,0.6100006866455078,0.6210060628255208,positive,192,0,0,24,0,0
HALF|C1|ISO_H_POP|E7,0.6161305745442709,0.6103395334879557,0.6228436915079753,positive,192,0,0,24,0,0
HALF|C1|ISO_H_POP|E8,0.6138834635416667,0.6078525034586588,0.62003480275472,positive,192,0,0,24,0,0
HALF|C1|ISO_H_POP|MLOSS,0.3701463063557942,0.36520814577738436,0.3748127873738607,positive,192,0,0,24,0,0
HALF|C1|ISO_H_POP|U,0.6298536936442057,0.6251872126261394,0.6347918542226155,positive,192,0,0,24,0,0
HALF|C1|ISO_H_POP|U0,0.76220703125,0.7422551472981771,0.7825715382893881,positive,192,0,0,24,0,0
HALF|C1|ISO_H_POP|U1,0.7655156453450521,0.7463497161865235,0.7851511637369791,positive,192,0,0,24,0,0
HALF|C1|ISO_H_POP|U40,0.6118367513020834,0.6025234858194987,0.6219407399495442,positive,192,0,0,24,0,0
HALF|C1|ISO_H|D40,-0.028645833333333332,-0.03125,-0.0234375,negative,1,191,0,1,23,0
HALF|C1|ISO_H|F,0.0036865234375,0.0013040669759114582,0.008105570475260416,positive,139,0,53,24,0,0
HALF|C1|ISO_H|F0,0.03125,0.03125,0.03125,positive,192,0,0,24,0,0
HALF|C1|ISO_H|F1,0.018473307291666668,0.016682942708333332,0.020263671875,positive,139,0,53,24,0,0
HALF|C1|ISO_H|F40,0.0026041666666666665,0.0,0.0078125,unresolved,1,0,191,1,0,23
HALF|C1|ISO_H|FE1,0.009423828125,0.008056640625,0.010856119791666667,positive,139,0,53,24,0,0
HALF|C1|ISO_H|FE2,0.0038736979166666663,0.0014644368489583333,0.007441406249999983,positive,17,0,175,13,0,11
HALF|C1|ISO_H|FE3,0.0031249999999999997,1.6276041666666666e-05,0.008643391927083329,positive,4,0,188,4,0,20
HALF|C1|ISO_H|FE4,0.0026529947916666668,0.0,0.00791015625,unresolved,2,0,190,2,0,22
HALF|C1|ISO_H|FE5,0.0026041666666666665,0.0,0.0078125,unresolved,1,0,191,1,0,23
HALF|C1|ISO_H|FE6,0.0026041666666666665,0.0,0.0078125,unresolved,1,0,191,1,0,23
HALF|C1|ISO_H|FE7,0.0026041666666666665,0.0,0.0078125,unresolved,1,0,191,1,0,23
HALF|C1|ISO_H|FE8,0.0026041666666666665,0.0,0.0078125,unresolved,1,0,191,1,0,23
HALF|C1|MIX_F|D40,-0.03125,-0.03125,-0.03125,negative,0,192,0,0,24,0
HALF|C1|MIX_F|F,0.000732421875,0.0005594380696614583,0.0009277343749999998,positive,120,0,72,24,0,0
HALF|C1|MIX_F|F0,0.03125,0.03125,0.03125,positive,192,0,0,24,0,0
HALF|C1|MIX_F|F1,0.013346354166666666,0.011800130208333334,0.014892578125,positive,120,0,72,24,0,0
HALF|C1|MIX_F|F40,0.0,0.0,0.0,observed_exact_zero,0,0,192,0,0,24
HALF|C1|MIX_F|FE1,0.005322265625,0.00419921875,0.006608072916666667,positive,120,0,72,24,0,0
HALF|C1|MIX_F|FE2,0.0005208333333333333,0.00017903645833333335,0.0009277343750000002,positive,9,0,183,8,0,16
HALF|C1|MIX_F|FE3,1.6276041666666666e-05,0.0,4.882812500000001e-05,unresolved,1,0,191,1,0,23
HALF|C1|MIX_F|FE4,0.0,0.0,0.0,observed_exact_zero,0,0,192,0,0,24
HALF|C1|MIX_F|FE5,0.0,0.0,0.0,observed_exact_zero,0,0,192,0,0,24
HALF|C1|MIX_F|FE6,0.0,0.0,0.0,observed_exact_zero,0,0,192,0,0,24
HALF|C1|MIX_F|FE7,0.0,0.0,0.0,observed_exact_zero,0,0,192,0,0,24
HALF|C1|MIX_F|FE8,0.0,0.0,0.0,observed_exact_zero,0,0,192,0,0,24
HALF|C1|MIX_H_MINUS_F|D40,0.0026041666666666665,0.0,0.0078125,unresolved,1,0,191,1,0,23
HALF|C1|MIX_H_MINUS_F|F,0.002854410807291667,0.0003885396321614583,0.007525685628255208,positive,87,12,93,21,3,0
HALF|C1|MIX_H_MINUS_F|F0,0.0,0.0,0.0,structural_zero,0,0,192,0,0,24
HALF|C1|MIX_H_MINUS_F|F1,0.005777994791666667,0.004557291666666667,0.007080078125,positive,62,0,130,24,0,0
HALF|C1|MIX_H_MINUS_F|F40,0.0026041666666666665,0.0,0.0078125,unresolved,1,0,191,1,0,23
HALF|C1|MIX_H_MINUS_F|FE1,0.0038248697916666665,0.002571614583333333,0.005094401041666666,positive,86,12,94,22,2,0
HALF|C1|MIX_H_MINUS_F|FE2,0.0028808593749999997,-0.00011393229166666674,0.007959391276041663,unresolved,10,8,174,8,6,10
HALF|C1|MIX_H_MINUS_F|FE3,0.003059895833333333,-3.255208333333333e-05,0.008902994791666665,unresolved,3,1,188,2,1,21
HALF|C1|MIX_H_MINUS_F|FE4,0.0026529947916666668,0.0,0.00791015625,unresolved,2,0,190,2,0,22
HALF|C1|MIX_H_MINUS_F|FE5,0.0026041666666666665,0.0,0.0078125,unresolved,1,0,191,1,0,23
HALF|C1|MIX_H_MINUS_F|FE6,0.0026041666666666665,0.0,0.0078125,unresolved,1,0,191,1,0,23
HALF|C1|MIX_H_MINUS_F|FE7,0.0026041666666666665,0.0,0.0078125,unresolved,1,0,191,1,0,23
HALF|C1|MIX_H_MINUS_F|FE8,0.0026041666666666665,0.0,0.0078125,unresolved,1,0,191,1,0,23
HALF|C1|MIX_H|D40,-0.028645833333333332,-0.03125,-0.0234375,negative,1,191,0,1,23,0
HALF|C1|MIX_H|F,0.003586832682291666,0.0011698404947916667,0.008197123209635416,positive,141,0,51,24,0,0
HALF|C1|MIX_H|F0,0.03125,0.03125,0.03125,positive,192,0,0,24,0,0
HALF|C1|MIX_H|F1,0.019124348958333332,0.017252604166666668,0.020914713541666668,positive,141,0,51,24,0,0
HALF|C1|MIX_H|F40,0.0026041666666666665,0.0,0.0078125,unresolved,1,0,191,1,0,23
HALF|C1|MIX_H|FE1,0.009147135416666667,0.008007812500000001,0.010367838541666667,positive,141,0,51,24,0,0
HALF|C1|MIX_H|FE2,0.003401692708333333,0.0005692545572916666,0.00830078125,positive,11,0,181,9,0,15
HALF|C1|MIX_H|FE3,0.003076171875,0.0,0.008919270833333333,unresolved,3,0,189,2,0,22
HALF|C1|MIX_H|FE4,0.0026529947916666668,0.0,0.00791015625,unresolved,2,0,190,2,0,22
HALF|C1|MIX_H|FE5,0.0026041666666666665,0.0,0.0078125,unresolved,1,0,191,1,0,23
HALF|C1|MIX_H|FE6,0.0026041666666666665,0.0,0.0078125,unresolved,1,0,191,1,0,23
HALF|C1|MIX_H|FE7,0.0026041666666666665,0.0,0.0078125,unresolved,1,0,191,1,0,23
HALF|C1|MIX_H|FE8,0.0026041666666666665,0.0,0.0078125,unresolved,1,0,191,1,0,23
HALF|C1|MIX_MINUS_ISO_F_POP|E1,-0.00022684733072916852,-0.0006912358601888505,0.0002584457397460813,unresolved,74,85,33,10,13,1
HALF|C1|MIX_MINUS_ISO_F_POP|E2,-3.407796223955465e-05,-0.0014695739746093674,0.0012670135498047122,unresolved,85,81,26,12,12,0
HALF|C1|MIX_MINUS_ISO_F_POP|E3,0.00011545817057294812,-0.0015876642862955412,0.0017324447631836277,unresolved,84,82,26,11,13,0
HALF|C1|MIX_MINUS_ISO_F_POP|E4,0.00026448567708336107,-0.002037048339843695,0.002391001383463563,unresolved,81,84,27,17,7,0
HALF|C1|MIX_MINUS_ISO_F_POP|E5,-0.0014877319335937593,-0.003863029479980455,0.00077167510986328,unresolved,73,93,26,10,14,0
HALF|C1|MIX_MINUS_ISO_F_POP|E6,1.1698404947922217e-05,-0.002004432678222656,0.001686617533365878,unresolved,91,75,26,16,8,0
HALF|C1|MIX_MINUS_ISO_F_POP|E7,-0.00023956298828121947,-0.001593195597330692,0.0010299682617187739,unresolved,83,83,26,14,10,0
HALF|C1|MIX_MINUS_ISO_F_POP|E8,0.001029459635416674,-0.0014170837402343538,0.0034521230061849133,unresolved,84,82,26,13,11,0
HALF|C1|MIX_MINUS_ISO_F_POP|MLOSS,7.08897908528484e-05,-0.0005071258544922048,0.0007041692733764529,unresolved,85,81,26,10,14,0
HALF|C1|MIX_MINUS_ISO_F_POP|U,-7.088979085282295e-05,-0.0007041692733763914,0.0005071258544922145,unresolved,81,85,26,14,10,0
HALF|C1|MIX_MINUS_ISO_F_POP|U0,0.0,0.0,0.0,structural_zero,0,0,192,0,0,24
HALF|C1|MIX_MINUS_ISO_F_POP|U1,-4.8319498697916664e-05,-0.00010935465494791667,7.62939453125e-06,unresolved,16,27,149,7,12,5
HALF|C1|MIX_MINUS_ISO_F_POP|U40,0.0020802815755208335,-0.0012769063313802084,0.0056588490804036435,unresolved,92,73,27,12,12,0
HALF|C1|MIX_MINUS_ISO_F|D40,0.0,0.0,0.0,observed_exact_zero,0,0,192,0,0,24
HALF|C1|MIX_MINUS_ISO_F|F,-5.6966145833333314e-05,-0.00021158854166666665,9.358723958333333e-05,unresolved,8,12,172,4,11,9
HALF|C1|MIX_MINUS_ISO_F|F0,0.0,0.0,0.0,structural_zero,0,0,192,0,0,24
HALF|C1|MIX_MINUS_ISO_F|F1,0.00016276041666666666,0.0,0.0004069010416666667,unresolved,2,0,190,2,0,22
HALF|C1|MIX_MINUS_ISO_F|F40,0.0,0.0,0.0,observed_exact_zero,0,0,192,0,0,24
HALF|C1|MIX_MINUS_ISO_F|FE1,-4.88281249999999e-05,-0.0005863444010416667,0.0006188964843749981,unresolved,9,12,171,4,10,10
HALF|C1|MIX_MINUS_ISO_F|FE2,-0.00040690104166666674,-0.0013997395833333336,0.0002766927083333334,unresolved,2,4,186,2,3,19
HALF|C1|MIX_MINUS_ISO_F|FE3,0.0,-4.882812500000001e-05,4.882812500000001e-05,unresolved,1,1,190,1,1,22
HALF|C1|MIX_MINUS_ISO_F|FE4,0.0,0.0,0.0,observed_exact_zero,0,0,192,0,0,24
HALF|C1|MIX_MINUS_ISO_F|FE5,0.0,0.0,0.0,observed_exact_zero,0,0,192,0,0,24
HALF|C1|MIX_MINUS_ISO_F|FE6,0.0,0.0,0.0,observed_exact_zero,0,0,192,0,0,24
HALF|C1|MIX_MINUS_ISO_F|FE7,0.0,0.0,0.0,observed_exact_zero,0,0,192,0,0,24
HALF|C1|MIX_MINUS_ISO_F|FE8,0.0,0.0,0.0,observed_exact_zero,0,0,192,0,0,24
HALF|C1|MIX_MINUS_ISO_H_POP|E1,-3.865559895833056e-05,-0.0005453236897786358,0.0004908625284830734,unresolved,74,83,35,11,13,0
HALF|C1|MIX_MINUS_ISO_H_POP|E2,3.916422526042962e-05,-0.0013804117838541606,0.0013638305664062421,unresolved,84,83,25,13,11,0
HALF|C1|MIX_MINUS_ISO_H_POP|E3,0.0008214314778646018,-0.00033470153808590674,0.00206200917561851,unresolved,88,78,26,15,9,0
HALF|C1|MIX_MINUS_ISO_H_POP|E4,3.255208333334073e-05,-0.001992073059082001,0.0018510055541992346,unresolved,83,84,25,13,11,0
HALF|C1|MIX_MINUS_ISO_H_POP|E5,-0.0015497843424479064,-0.003924064636230468,0.0006602223714192714,unresolved,72,94,26,10,14,0
HALF|C1|MIX_MINUS_ISO_H_POP|E6,0.0007568359375000009,-0.0008545176188150953,0.002121645609537766,unresolved,95,72,25,16,8,0
HALF|C1|MIX_MINUS_ISO_H_POP|E7,-0.0004923502604166399,-0.002016983032226531,0.0010490671793620182,unresolved,83,84,25,10,14,0
HALF|C1|MIX_MINUS_ISO_H_POP|E8,0.000823974609375,-0.0013404210408528728,0.0028590901692708342,unresolved,85,82,25,12,12,0
HALF|C1|MIX_MINUS_ISO_H_POP|MLOSS,-4.914601643880625e-05,-0.0004718017578124956,0.00038936773935952716,unresolved,79,88,25,10,14,0
HALF|C1|MIX_MINUS_ISO_H_POP|U,4.914601643879931e-05,-0.0003893677393595428,0.0004718017578124856,unresolved,88,79,25,14,10,0
HALF|C1|MIX_MINUS_ISO_H_POP|U0,0.0,0.0,0.0,structural_zero,0,0,192,0,0,24
HALF|C1|MIX_MINUS_ISO_H_POP|U1,-8.900960286458333e-05,-0.00015004475911458334,-3.3060709635416664e-05,negative,19,37,136,3,16,5
HALF|C1|MIX_MINUS_ISO_H_POP|U40,-0.0002721150716145833,-0.003143310546875,0.0026908874511718736,unresolved,81,84,27,11,13,0
HALF|C1|MIX_MINUS_ISO_H|D40,0.0,0.0,0.0,observed_exact_zero,0,0,192,0,0,24
HALF|C1|MIX_MINUS_ISO_H|F,-9.96907552083333e-05,-0.00041712443033854166,0.0002726745605468748,unresolved,23,24,145,9,12,3
HALF|C1|MIX_MINUS_ISO_H|F0,0.0,0.0,0.0,structural_zero,0,0,192,0,0,24
HALF|C1|MIX_MINUS_ISO_H|F1,0.0006510416666666666,0.000244140625,0.0011393229166666667,positive,8,0,184,7,0,17
HALF|C1|MIX_MINUS_ISO_H|F40,0.0,0.0,0.0,observed_exact_zero,0,0,192,0,0,24
HALF|C1|MIX_MINUS_ISO_H|FE1,-0.0002766927083333335,-0.0012044270833333334,0.000618489583333333,unresolved,22,24,146,10,11,3
HALF|C1|MIX_MINUS_ISO_H|FE2,-0.00047200520833333323,-0.0017578124999999998,0.0013346354166666665,unresolved,6,11,175,5,8,11
HALF|C1|MIX_MINUS_ISO_H|FE3,-4.882812500000008e-05,-0.0010420735677083334,0.0009602864583333331,unresolved,2,3,187,2,3,19
HALF|C1|MIX_MINUS_ISO_H|FE4,0.0,-0.000146484375,0.000146484375,unresolved,1,1,190,1,1,22
HALF|C1|MIX_MINUS_ISO_H|FE5,0.0,0.0,0.0,observed_exact_zero,0,0,192,0,0,24
HALF|C1|MIX_MINUS_ISO_H|FE6,0.0,0.0,0.0,observed_exact_zero,0,0,192,0,0,24
HALF|C1|MIX_MINUS_ISO_H|FE7,0.0,0.0,0.0,observed_exact_zero,0,0,192,0,0,24
HALF|C1|MIX_MINUS_ISO_H|FE8,0.0,0.0,0.0,observed_exact_zero,0,0,192,0,0,24
HALF|C1|MIX_MINUS_ISO_RANK|D40,0.0,0.0,0.0,observed_exact_zero,0,0,192,0,0,24
HALF|C1|MIX_MINUS_ISO_RANK|F,-4.272460937499999e-05,-0.0003763834635416666,0.0003397623697916667,unresolved,25,20,147,9,10,5
HALF|C1|MIX_MINUS_ISO_RANK|F0,0.0,0.0,0.0,structural_zero,0,0,192,0,0,24
HALF|C1|MIX_MINUS_ISO_RANK|F1,0.00048828125,0.00016276041666666666,0.0008138020833333334,positive,6,0,186,6,0,18
HALF|C1|MIX_MINUS_ISO_RANK|F40,0.0,0.0,0.0,observed_exact_zero,0,0,192,0,0,24
HALF|C1|MIX_MINUS_ISO_RANK|FE1,-0.0002278645833333337,-0.0012369791666666664,0.0007812499999999995,unresolved,24,22,146,10,10,4
HALF|C1|MIX_MINUS_ISO_RANK|FE2,-6.510416666666654e-05,-0.001318766276041667,0.0017423502604166628,unresolved,8,11,173,7,8,9
HALF|C1|MIX_MINUS_ISO_RANK|FE3,-4.882812500000008e-05,-0.0010420735677083334,0.0009602864583333331,unresolved,3,4,185,3,4,17
HALF|C1|MIX_MINUS_ISO_RANK|FE4,0.0,-0.000146484375,0.000146484375,unresolved,1,1,190,1,1,22
HALF|C1|MIX_MINUS_ISO_RANK|FE5,0.0,0.0,0.0,observed_exact_zero,0,0,192,0,0,24
HALF|C1|MIX_MINUS_ISO_RANK|FE6,0.0,0.0,0.0,observed_exact_zero,0,0,192,0,0,24
HALF|C1|MIX_MINUS_ISO_RANK|FE7,0.0,0.0,0.0,observed_exact_zero,0,0,192,0,0,24
HALF|C1|MIX_MINUS_ISO_RANK|FE8,0.0,0.0,0.0,observed_exact_zero,0,0,192,0,0,24
HALF|C1|MIX_POP|E1,0.7058425903320312,0.6848166020711264,0.7292464065551757,positive,192,0,0,24,0,0
HALF|C1|MIX_POP|E2,0.6277755737304688,0.6135319646199543,0.6445641326904297,positive,192,0,0,24,0,0
HALF|C1|MIX_POP|E3,0.6162343343098958,0.6092270787556967,0.623642832438151,positive,192,0,0,24,0,0
HALF|C1|MIX_POP|E4,0.6209259033203125,0.6127546564737956,0.629493179321289,positive,192,0,0,24,0,0
HALF|C1|MIX_POP|E5,0.6221242268880208,0.6139621225992838,0.6331769816080728,positive,192,0,0,24,0,0
HALF|C1|MIX_POP|E6,0.6159744262695312,0.6106128946940104,0.6218649546305338,positive,192,0,0,24,0,0
HALF|C1|MIX_POP|E7,0.6156382242838542,0.6097388331095378,0.6226789347330729,positive,192,0,0,24,0,0
HALF|C1|MIX_POP|E8,0.6147074381510417,0.6082341384887695,0.621299362182617,positive,192,0,0,24,0,0
HALF|C1|MIX_POP|MLOSS,0.37009716033935547,0.36510006268819173,0.37476615428924553,positive,192,0,0,24,0,0
HALF|C1|MIX_POP|U,0.6299028396606445,0.6252338457107544,0.6348999373118083,positive,192,0,0,24,0,0
HALF|C1|MIX_POP|U0,0.76220703125,0.7422551472981771,0.7825715382893881,positive,192,0,0,24,0,0
HALF|C1|MIX_POP|U1,0.7654266357421875,0.7463066101074218,0.7850526173909504,positive,192,0,0,24,0,0
HALF|C1|MIX_POP|U40,0.6115646362304688,0.6014928817749023,0.6232700983683268,positive,192,0,0,24,0,0
HALF|C1|MIX_R|D40,0.059895833333333336,0.0546875,0.0625,positive,191,1,0,23,0,1
HALF|C1|MIX_R|F,0.9956807454427082,0.9910826110839843,0.9981526692708332,positive,192,0,0,24,0,0
HALF|C1|MIX_R|F0,0.9375,0.9375,0.9375,positive,192,0,0,24,0,0
HALF|C1|MIX_R|F1,0.967529296875,0.9642740885416666,0.9707845052083334,positive,192,0,0,24,0,0
HALF|C1|MIX_R|F40,0.9973958333333334,0.9921875,1.0,positive,192,0,0,24,0,0
HALF|C1|MIX_R|FE1,0.9855305989583334,0.9834794108072917,0.98740234375,positive,192,0,0,24,0,0
HALF|C1|MIX_R|FE2,0.9960774739583332,0.9912109375,0.998876953125,positive,192,0,0,24,0,0
HALF|C1|MIX_R|FE3,0.9969075520833334,0.991064453125,1.0,positive,192,0,0,24,0,0
HALF|C1|MIX_R|FE4,0.9973470052083333,0.99208984375,1.0,positive,192,0,0,24,0,0
HALF|C1|MIX_R|FE5,0.9973958333333334,0.9921875,1.0,positive,192,0,0,24,0,0
HALF|C1|MIX_R|FE6,0.9973958333333334,0.9921875,1.0,positive,192,0,0,24,0,0
HALF|C1|MIX_R|FE7,0.9973958333333334,0.9921875,1.0,positive,192,0,0,24,0,0
HALF|C1|MIX_R|FE8,0.9973958333333334,0.9921875,1.0,positive,192,0,0,24,0,0
ZERO|C0|ISO_F_POP|E1,0.6570693969726563,0.6507692718505859,0.663439826965332,positive,192,0,0,24,0,0
ZERO|C0|ISO_F_POP|E2,0.5962122599283854,0.5947738393147787,0.5979284032185873,positive,192,0,0,24,0,0
ZERO|C0|ISO_F_POP|E3,0.5964269002278646,0.5938150660196939,0.5996743520100911,positive,192,0,0,24,0,0
ZERO|C0|ISO_F_POP|E4,0.5988693237304688,0.5964266840616862,0.6010925292968751,positive,192,0,0,24,0,0
ZERO|C0|ISO_F_POP|E5,0.5956212361653647,0.5934936396280925,0.5974999618530275,positive,192,0,0,24,0,0
ZERO|C0|ISO_F_POP|E6,0.5984283447265625,0.5962991333007813,0.6007269414265951,positive,192,0,0,24,0,0
ZERO|C0|ISO_F_POP|E7,0.5960357666015624,0.5947991307576498,0.5971969858805338,positive,192,0,0,24,0,0
ZERO|C0|ISO_F_POP|E8,0.5968500773111979,0.5950530624389648,0.5985577392578124,positive,192,0,0,24,0,0
ZERO|C0|ISO_F_POP|MLOSS,0.3955608367919921,0.3945167128245036,0.39657505512237545,positive,192,0,0,24,0,0
ZERO|C0|ISO_F_POP|U,0.6044391632080078,0.6034249448776247,0.6054832871754965,positive,192,0,0,24,0,0
ZERO|C0|ISO_F_POP|U0,0.76220703125,0.7422551472981771,0.7825715382893881,positive,192,0,0,24,0,0
ZERO|C0|ISO_F_POP|U1,0.7655156453450521,0.7463326136271159,0.785104242960612,positive,192,0,0,24,0,0
ZERO|C0|ISO_F_POP|U40,0.5975926717122396,0.5921864827473958,0.602801259358724,positive,192,0,0,24,0,0
ZERO|C0|ISO_F|D40,0.046468098958333336,0.021889241536458333,0.07234700520833333,positive,32,159,1,17,7,0
ZERO|C0|ISO_F|F,0.050494384765625004,0.03539993286132812,0.06632100423177084,positive,155,0,37,24,0,0
ZERO|C0|ISO_F|F0,0.03125,0.03125,0.03125,positive,192,0,0,24,0,0
ZERO|C0|ISO_F|F1,0.022623697916666668,0.02001953125,0.025309244791666668,positive,155,0,37,24,0,0
ZERO|C0|ISO_F|F40,0.07771809895833333,0.05313924153645833,0.10359700520833333,positive,33,0,159,18,0,6
ZERO|C0|ISO_F|FE1,0.018408203124999998,0.014876302083333334,0.02216796875,positive,155,0,37,24,0,0
ZERO|C0|ISO_F|FE2,0.027262369791666668,0.019742024739583336,0.03584025065104166,positive,54,0,138,21,0,3
ZERO|C0|ISO_F|FE3,0.039404296875,0.028205566406250004,0.05109293619791665,positive,44,0,148,21,0,3
ZERO|C0|ISO_F|FE4,0.05026041666666667,0.03505859375,0.06570678710937498,positive,37,0,155,19,0,5
ZERO|C0|ISO_F|FE5,0.05701497395833335,0.03919189453125,0.07550496419270834,positive,33,0,159,18,0,6
ZERO|C0|ISO_F|FE6,0.06404622395833333,0.0436962890625,0.085531005859375,positive,33,0,159,18,0,6
ZERO|C0|ISO_F|FE7,0.07137044270833333,0.04825602213541667,0.09586710611979167,positive,33,0,159,18,0,6
ZERO|C0|ISO_F|FE8,0.07618815104166667,0.05202962239583333,0.10133544921874998,positive,33,0,159,18,0,6
ZERO|C0|ISO_H_MINUS_F_POP|E1,-0.0001444498697916463,-0.0006851196289062125,0.0004913457234700853,unresolved,62,93,37,11,13,0
ZERO|C0|ISO_H_MINUS_F_POP|E2,0.0002802530924479185,-0.0007253774007161657,0.001261533101399734,unresolved,72,83,37,11,13,0
ZERO|C0|ISO_H_MINUS_F_POP|E3,0.0009643554687500111,0.00012603759765628328,0.0017954635620117138,positive,80,75,37,17,7,0
ZERO|C0|ISO_H_MINUS_F_POP|E4,-0.0005594889322916666,-0.0014741007486979538,0.0004009246826172144,unresolved,75,79,38,11,13,0
ZERO|C0|ISO_H_MINUS_F_POP|E5,0.0003774007161457954,-0.0011856206258138596,0.0019313049316406093,unresolved,79,76,37,12,12,0
ZERO|C0|ISO_H_MINUS_F_POP|E6,0.0002100626627603991,-0.0005966695149739817,0.0010330454508463466,unresolved,76,79,37,12,12,0
ZERO|C0|ISO_H_MINUS_F_POP|E7,0.0006067911783853944,-0.00048727671305340015,0.0018047078450520468,unresolved,79,76,37,11,13,0
ZERO|C0|ISO_H_MINUS_F_POP|E8,0.00013020833333334905,-0.000835901896158863,0.0012141164143880288,unresolved,75,80,37,10,14,0
ZERO|C0|ISO_H_MINUS_F_POP|MLOSS,-0.00023314158121745301,-0.0006427383422851708,0.00015723546346026974,unresolved,74,83,35,9,15,0
ZERO|C0|ISO_H_MINUS_F_POP|U,0.00023314158121742756,-0.0001572354634603206,0.0006427383422851294,unresolved,83,74,35,15,9,0
ZERO|C0|ISO_H_MINUS_F_POP|U0,0.0,0.0,0.0,structural_zero,0,0,192,0,0,24
ZERO|C0|ISO_H_MINUS_F_POP|U1,4.8319498697916664e-05,1.52587890625e-05,8.138020833333333e-05,positive,19,9,164,14,4,6
ZERO|C0|ISO_H_MINUS_F_POP|U40,0.0004221598307291667,-0.0015745798746744791,0.00249500274658203,unresolved,81,73,38,12,12,0
ZERO|C0|ISO_H_MINUS_F|D40,0.0048828125,-0.02669677734375,0.03841349283854166,unresolved,27,24,141,9,10,5
ZERO|C0|ISO_H_MINUS_F|F,0.011991373697916667,-0.008832499186197914,0.03436503092447917,unresolved,112,45,35,13,11,0
ZERO|C0|ISO_H_MINUS_F|F0,0.0,0.0,0.0,structural_zero,0,0,192,0,0,24
ZERO|C0|ISO_H_MINUS_F|F1,0.009847005208333334,0.008219401041666666,0.011474609375,positive,106,0,86,24,0,0
ZERO|C0|ISO_H_MINUS_F|F40,0.0048828125,-0.02669677734375,0.03841349283854166,unresolved,27,24,141,9,10,5
ZERO|C0|ISO_H_MINUS_F|FE1,0.015071614583333335,0.011539306640625002,0.018505859375,positive,122,34,36,23,1,0
ZERO|C0|ISO_H_MINUS_F|FE2,0.015120442708333334,0.0030269368489583316,0.02687174479166667,positive,72,36,84,16,8,0
ZERO|C0|ISO_H_MINUS_F|FE3,0.014729817708333336,-0.004541015624999996,0.03458780924479167,unresolved,48,36,108,12,11,1
ZERO|C0|ISO_H_MINUS_F|FE4,0.010286458333333335,-0.014030354817708328,0.03602172851562498,unresolved,37,34,121,12,11,1
ZERO|C0|ISO_H_MINUS_F|FE5,0.012060546875,-0.013560384114583334,0.03943929036458332,unresolved,36,27,129,12,11,1
ZERO|C0|ISO_H_MINUS_F|FE6,0.01129557291666667,-0.017370605468749994,0.043212890625,unresolved,32,28,132,11,11,2
ZERO|C0|ISO_H_MINUS_F|FE7,0.010693359374999998,-0.020736083984375004,0.042823486328124986,unresolved,31,27,134,10,10,4
ZERO|C0|ISO_H_MINUS_F|FE8,0.006673177083333336,-0.024822591145833326,0.039486083984374996,unresolved,29,24,139,10,10,4
ZERO|C0|ISO_H_POP|E1,0.6569249471028645,0.650602035522461,0.6631858698527018,positive,192,0,0,24,0,0
ZERO|C0|ISO_H_POP|E2,0.5964925130208333,0.5945630518595377,0.5987026723225911,positive,192,0,0,24,0,0
ZERO|C0|ISO_H_POP|E3,0.5973912556966146,0.5947341028849283,0.6007845815022786,positive,192,0,0,24,0,0
ZERO|C0|ISO_H_POP|E4,0.5983098347981771,0.5957492192586263,0.6007102966308594,positive,192,0,0,24,0,0
ZERO|C0|ISO_H_POP|E5,0.5959986368815104,0.5939264933268229,0.5978619257609049,positive,192,0,0,24,0,0
ZERO|C0|ISO_H_POP|E6,0.598638407389323,0.5964202499389648,0.6009185409545899,positive,192,0,0,24,0,0
ZERO|C0|ISO_H_POP|E7,0.596642557779948,0.5951301701863607,0.5981806818644206,positive,192,0,0,24,0,0
ZERO|C0|ISO_H_POP|E8,0.5969802856445313,0.595017967224121,0.5989420700073242,positive,192,0,0,24,0,0
ZERO|C0|ISO_H_POP|MLOSS,0.3953276952107747,0.39434778531392417,0.396293797492981,positive,192,0,0,24,0,0
ZERO|C0|ISO_H_POP|U,0.6046723047892253,0.603706202507019,0.6056522146860759,positive,192,0,0,24,0,0
ZERO|C0|ISO_H_POP|U0,0.76220703125,0.7422551472981771,0.7825715382893881,positive,192,0,0,24,0,0
ZERO|C0|ISO_H_POP|U1,0.76556396484375,0.7463682810465495,0.7851275126139323,positive,192,0,0,24,0,0
ZERO|C0|ISO_H_POP|U40,0.5980148315429688,0.5925709406534831,0.6033664067586263,positive,192,0,0,24,0,0
ZERO|C0|ISO_H|D40,0.051350911458333336,0.024652099609375,0.08105672200520832,positive,36,156,0,17,6,1
ZERO|C0|ISO_H|F,0.06248575846354167,0.04360331217447917,0.08326838175455728,positive,172,0,20,24,0,0
ZERO|C0|ISO_H|F0,0.03125,0.03125,0.03125,positive,192,0,0,24,0,0
ZERO|C0|ISO_H|F1,0.032470703125,0.029703776041666668,0.035319010416666664,positive,172,0,20,24,0,0
ZERO|C0|ISO_H|F40,0.08260091145833333,0.055902099609375,0.11230672200520832,positive,36,0,156,18,0,6
ZERO|C0|ISO_H|FE1,0.03347981770833334,0.029166666666666664,0.03756551106770833,positive,172,0,20,24,0,0
ZERO|C0|ISO_H|FE2,0.0423828125,0.03033772786458333,0.054818929036458325,positive,91,0,101,24,0,0
ZERO|C0|ISO_H|FE3,0.05413411458333334,0.035904541015625,0.07459757486979166,positive,64,0,128,22,0,2
ZERO|C0|ISO_H|FE4,0.060546875,0.038980712890625,0.08525797526041665,positive,49,0,143,22,0,2
ZERO|C0|ISO_H|FE5,0.06907552083333333,0.045524088541666674,0.09487467447916664,positive,42,0,150,19,0,5
ZERO|C0|ISO_H|FE6,0.07534179687499999,0.04970540364583333,0.10299763997395833,positive,39,0,153,18,0,6
ZERO|C0|ISO_H|FE7,0.08206380208333335,0.055906575520833335,0.11050415039062496,positive,39,0,153,18,0,6
ZERO|C0|ISO_H|FE8,0.08286132812500001,0.05654134114583334,0.11135701497395827,positive,37,0,155,18,0,6
ZERO|C0|MIX_F|D40,0.043863932291666664,0.019122314453125,0.06852620442708332,positive,31,160,1,16,8,0
ZERO|C0|MIX_F|F,0.05128580729166667,0.03511683146158854,0.06783777872721353,positive,155,0,37,24,0,0
ZERO|C0|MIX_F|F0,0.03125,0.03125,0.03125,positive,192,0,0,24,0,0
ZERO|C0|MIX_F|F1,0.022623697916666668,0.02001953125,0.025309244791666668,positive,155,0,37,24,0,0
ZERO|C0|MIX_F|F40,0.07511393229166667,0.050372314453125004,0.09977620442708332,positive,32,0,160,18,0,6
ZERO|C0|MIX_F|FE1,0.018570963541666666,0.014990234375000001,0.022330729166666664,positive,155,0,37,24,0,0
ZERO|C0|MIX_F|FE2,0.028759765625,0.020506591796875,0.03738728841145832,positive,56,0,136,21,0,3
ZERO|C0|MIX_F|FE3,0.04034830729166667,0.02770100911458333,0.05376017252604167,positive,46,0,146,21,0,3
ZERO|C0|MIX_F|FE4,0.05203450520833334,0.03408162434895833,0.07072143554687499,positive,38,0,154,19,0,5
ZERO|C0|MIX_F|FE5,0.05877278645833334,0.038883056640625,0.079329833984375,positive,34,0,158,18,0,6
ZERO|C0|MIX_F|FE6,0.066357421875,0.044010009765625004,0.08955362955729165,positive,33,0,159,18,0,6
ZERO|C0|MIX_F|FE7,0.07130533854166667,0.047198486328125004,0.09521525065104167,positive,33,0,159,18,0,6
ZERO|C0|MIX_F|FE8,0.07413736979166667,0.049508870442708346,0.09857014973958332,positive,33,0,159,18,0,6
ZERO|C0|MIX_H_MINUS_F|D40,0.006591796875,-0.02069295247395833,0.034914143880208325,unresolved,25,25,142,10,9,5
ZERO|C0|MIX_H_MINUS_F|F,0.006571451822916665,-0.010313110351562502,0.025822753906249996,unresolved,112,45,35,12,12,0
ZERO|C0|MIX_H_MINUS_F|F0,0.0,0.0,0.0,structural_zero,0,0,192,0,0,24
ZERO|C0|MIX_H_MINUS_F|F1,0.010009765625,0.00830078125,0.011720784505208323,positive,106,0,86,24,0,0
ZERO|C0|MIX_H_MINUS_F|F40,0.006591796875,-0.02069295247395833,0.034914143880208325,unresolved,25,25,142,10,9,5
ZERO|C0|MIX_H_MINUS_F|FE1,0.015543619791666666,0.011995035807291665,0.019190266927083328,positive,122,34,36,23,1,0
ZERO|C0|MIX_H_MINUS_F|FE2,0.013590494791666664,0.003433837890624999,0.02426798502604166,positive,69,40,83,18,6,0
ZERO|C0|MIX_H_MINUS_F|FE3,0.010839843750000001,-0.005485026041666666,0.029283040364583325,unresolved,50,36,106,12,12,0
ZERO|C0|MIX_H_MINUS_F|FE4,-0.0003255208333333328,-0.01998860677083333,0.02103352864583331,unresolved,41,33,118,10,14,0
ZERO|C0|MIX_H_MINUS_F|FE5,0.001139322916666667,-0.019239501953124998,0.024560546875000006,unresolved,34,27,131,9,15,0
ZERO|C0|MIX_H_MINUS_F|FE6,-0.001009114583333335,-0.025016276041666664,0.024921061197916653,unresolved,26,28,138,8,14,2
ZERO|C0|MIX_H_MINUS_F|FE7,0.006249999999999999,-0.022055664062499997,0.034982503255208304,unresolved,26,25,141,9,11,4
ZERO|C0|MIX_H_MINUS_F|FE8,0.006542968750000003,-0.021942138671875,0.034930013020833324,unresolved,25,25,142,10,9,5
ZERO|C0|MIX_H|D40,0.050455729166666664,0.02734171549479167,0.07389526367187499,positive,34,158,0,18,5,1
ZERO|C0|MIX_H|F,0.05785725911458334,0.044011942545572925,0.07202163696289059,positive,172,0,20,24,0,0
ZERO|C0|MIX_H|F0,0.03125,0.03125,0.03125,positive,192,0,0,24,0,0
ZERO|C0|MIX_H|F1,0.032633463541666664,0.029866536458333332,0.035481770833333336,positive,172,0,20,24,0,0
ZERO|C0|MIX_H|F40,0.08170572916666667,0.05859171549479167,0.10514526367187499,positive,34,0,158,20,0,4
ZERO|C0|MIX_H|FE1,0.03411458333333333,0.029947916666666668,0.038167724609375,positive,172,0,20,24,0,0
ZERO|C0|MIX_H|FE2,0.04235026041666667,0.033218994140625006,0.051856689453124986,positive,92,0,100,24,0,0
ZERO|C0|MIX_H|FE3,0.051188151041666664,0.037906494140625,0.06630859374999999,positive,68,0,124,23,0,1
ZERO|C0|MIX_H|FE4,0.051708984374999996,0.037744140625,0.06735148111979168,positive,55,0,137,23,0,1
ZERO|C0|MIX_H|FE5,0.059912109375,0.04290242513020834,0.07809326171875,positive,41,0,151,23,0,1
ZERO|C0|MIX_H|FE6,0.06534830729166667,0.047410888671875005,0.08491455078124999,positive,34,0,158,20,0,4
ZERO|C0|MIX_H|FE7,0.07755533854166667,0.05654093424479167,0.09931844075520832,positive,34,0,158,20,0,4
ZERO|C0|MIX_H|FE8,0.08068033854166667,0.057778727213541665,0.10374471028645833,positive,34,0,158,20,0,4
ZERO|C0|MIX_MINUS_ISO_F_POP|E1,0.00013275146484375647,-3.458658854165406e-05,0.00031178792317708935,unresolved,46,51,95,13,11,0
ZERO|C0|MIX_MINUS_ISO_F_POP|E2,0.0003606160481770815,-0.00019889831542968886,0.0009644190470377485,unresolved,57,54,81,13,11,0
ZERO|C0|MIX_MINUS_ISO_F_POP|E3,0.00011952718098958796,-0.0006587219238280977,0.0008633677164713514,unresolved,60,52,80,13,11,0
ZERO|C0|MIX_MINUS_ISO_F_POP|E4,0.000579833984375,-0.00023866017659504994,0.0014104461669921973,unresolved,61,51,80,16,8,0
ZERO|C0|MIX_MINUS_ISO_F_POP|E5,0.0007929484049479055,7.27208455403879e-05,0.001533012390136712,positive,63,49,80,16,8,0
ZERO|C0|MIX_MINUS_ISO_F_POP|E6,0.0004984537760416574,-0.0005256652832031662,0.0016384760538736669,unresolved,60,51,81,11,13,0
ZERO|C0|MIX_MINUS_ISO_F_POP|E7,0.0003438313802083352,-0.00045989990234374784,0.0011480331420898604,unresolved,62,50,80,14,10,0
ZERO|C0|MIX_MINUS_ISO_F_POP|E8,0.0008672078450521111,2.8330485026066102e-05,0.0016500091552734857,positive,57,53,82,15,9,0
ZERO|C0|MIX_MINUS_ISO_F_POP|MLOSS,-0.000461896260579434,-0.0007776943842570038,-0.0001554870605468902,negative,47,64,81,8,16,0
ZERO|C0|MIX_MINUS_ISO_F_POP|U,0.00046189626057940397,0.0001554870605468467,0.0007776943842569921,positive,64,47,81,16,8,0
ZERO|C0|MIX_MINUS_ISO_F_POP|U0,0.0,0.0,0.0,structural_zero,0,0,192,0,0,24
ZERO|C0|MIX_MINUS_ISO_F_POP|U1,0.0,0.0,0.0,observed_exact_zero,0,0,192,0,0,24
ZERO|C0|MIX_MINUS_ISO_F_POP|U40,0.0017903645833333333,0.0007345835367838542,0.0027898152669270835,positive,62,47,83,19,5,0
ZERO|C0|MIX_MINUS_ISO_F|D40,-0.0026041666666666665,-0.012532552083333334,0.0078125,unresolved,5,7,180,3,3,18
ZERO|C0|MIX_MINUS_ISO_F|F,0.0007914225260416673,-0.005084686279296872,0.006863047281901036,unresolved,9,9,174,8,4,12
ZERO|C0|MIX_MINUS_ISO_F|F0,0.0,0.0,0.0,structural_zero,0,0,192,0,0,24
ZERO|C0|MIX_MINUS_ISO_F|F1,0.0,0.0,0.0,observed_exact_zero,0,0,192,0,0,24
ZERO|C0|MIX_MINUS_ISO_F|F40,-0.0026041666666666665,-0.012532552083333334,0.0078125,unresolved,5,7,180,3,3,18
ZERO|C0|MIX_MINUS_ISO_F|FE1,0.0001627604166666666,-0.00014689127604166748,0.0005371093750000003,unresolved,5,5,182,4,4,16
ZERO|C0|MIX_MINUS_ISO_F|FE2,0.0014973958333333339,-0.0009285481770833342,0.004117838541666667,unresolved,10,6,176,8,3,13
ZERO|C0|MIX_MINUS_ISO_F|FE3,0.0009440104166666663,-0.003922932942708333,0.00699910481770833,unresolved,8,6,178,5,5,14
ZERO|C0|MIX_MINUS_ISO_F|FE4,0.0017740885416666682,-0.005404866536458332,0.009098307291666668,unresolved,7,6,179,7,3,14
ZERO|C0|MIX_MINUS_ISO_F|FE5,0.0017578124999999972,-0.004835611979166669,0.00887125651041666,unresolved,6,8,178,5,4,15
ZERO|C0|MIX_MINUS_ISO_F|FE6,0.0023111979166666667,-0.006138102213541668,0.012013753255208325,unresolved,6,6,180,3,4,17
ZERO|C0|MIX_MINUS_ISO_F|FE7,-6.510416666666759e-05,-0.009196777343749999,0.009783935546874987,unresolved,6,6,180,3,4,17
ZERO|C0|MIX_MINUS_ISO_F|FE8,-0.0020507812499999992,-0.01155721028645833,0.00792846679687499,unresolved,5,7,180,3,3,18
ZERO|C0|MIX_MINUS_ISO_H_POP|E1,0.0002772013346354028,-0.0003352228800455898,0.0008387883504231521,unresolved,91,61,40,16,8,0
ZERO|C0|MIX_MINUS_ISO_H_POP|E2,8.036295572916297e-05,-0.0007966486612956011,0.0009655888875325434,unresolved,84,68,40,12,12,0
ZERO|C0|MIX_MINUS_ISO_H_POP|E3,-0.0008448282877604232,-0.0018840535481770818,0.00018311818440752928,unresolved,73,79,40,8,16,0
ZERO|C0|MIX_MINUS_ISO_H_POP|E4,0.0011393229166666667,0.0001742680867512985,0.0021353149414062825,positive,84,68,40,16,8,0
ZERO|C0|MIX_MINUS_ISO_H_POP|E5,0.0004155476888021102,-0.0010057067871093329,0.0017560704549153992,unresolved,80,72,40,13,11,0
ZERO|C0|MIX_MINUS_ISO_H_POP|E6,0.0002883911132812583,-0.0006698862711588443,0.0012849299112955928,unresolved,80,71,41,11,13,0
ZERO|C0|MIX_MINUS_ISO_H_POP|E7,-0.0002629597981770593,-0.0013942209879557034,0.000823059082031264,unresolved,72,80,40,13,11,0
ZERO|C0|MIX_MINUS_ISO_H_POP|E8,0.000736999511718762,-0.0003007253011067217,0.0017817687988281037,unresolved,83,69,40,14,10,0
ZERO|C0|MIX_MINUS_ISO_H_POP|MLOSS,-0.00022875467936198102,-0.0006171194712320963,0.00015878677368164363,unresolved,69,85,38,9,15,0
ZERO|C0|MIX_MINUS_ISO_H_POP|U,0.00022875467936197638,-0.00015878677368165323,0.0006171194712320822,unresolved,85,69,38,15,9,0
ZERO|C0|MIX_MINUS_ISO_H_POP|U0,0.0,0.0,0.0,structural_zero,0,0,192,0,0,24
ZERO|C0|MIX_MINUS_ISO_H_POP|U1,-4.8319498697916664e-05,-8.138020833333333e-05,-1.52587890625e-05,negative,9,19,164,4,14,6
ZERO|C0|MIX_MINUS_ISO_H_POP|U40,0.0013682047526041667,-0.0007202784220377604,0.003258450826009111,unresolved,79,71,42,15,9,0
ZERO|C0|MIX_MINUS_ISO_H|D40,-0.0008951822916666666,-0.031903076171874996,0.026450602213541653,unresolved,17,13,162,10,7,7
ZERO|C0|MIX_MINUS_ISO_H|F,-0.004628499348958335,-0.024930318196614582,0.013305206298828113,unresolved,38,34,120,14,10,0
ZERO|C0|MIX_MINUS_ISO_H|F0,0.0,0.0,0.0,structural_zero,0,0,192,0,0,24
ZERO|C0|MIX_MINUS_ISO_H|F1,0.00016276041666666666,0.0,0.0004069010416666667,unresolved,2,0,190,2,0,22
ZERO|C0|MIX_MINUS_ISO_H|F40,-0.0008951822916666666,-0.031903076171874996,0.026450602213541653,unresolved,17,13,162,10,7,7
ZERO|C0|MIX_MINUS_ISO_H|FE1,0.0006347656249999994,-0.0011722819010416663,0.002555338541666665,unresolved,39,32,121,15,8,1
ZERO|C0|MIX_MINUS_ISO_H|FE2,-3.255208333333206e-05,-0.009652506510416667,0.009261474609374997,unresolved,26,30,136,17,7,0
ZERO|C0|MIX_MINUS_ISO_H|FE3,-0.002945963541666667,-0.021191406250000003,0.014146728515624986,unresolved,26,23,143,14,7,3
ZERO|C0|MIX_MINUS_ISO_H|FE4,-0.008837890624999999,-0.031072184244791662,0.01181803385416666,unresolved,20,21,151,13,8,3
ZERO|C0|MIX_MINUS_ISO_H|FE5,-0.009163411458333333,-0.033828125,0.01440511067708333,unresolved,18,20,154,12,8,4
ZERO|C0|MIX_MINUS_ISO_H|FE6,-0.009993489583333336,-0.03849405924479167,0.015511474609375,unresolved,15,20,157,8,10,6
ZERO|C0|MIX_MINUS_ISO_H|FE7,-0.004508463541666666,-0.034018147786458335,0.02103149414062498,unresolved,18,17,157,9,9,6
ZERO|C0|MIX_MINUS_ISO_H|FE8,-0.002180989583333332,-0.032327473958333325,0.024156494140624984,unresolved,17,14,161,10,7,7
ZERO|C0|MIX_MINUS_ISO_RANK|D40,0.001708984375,-0.030928548177083334,0.03117065429687499,unresolved,19,13,160,12,5,7
ZERO|C0|MIX_MINUS_ISO_RANK|F,-0.0054199218750000016,-0.025383148193359375,0.012770487467447904,unresolved,39,33,120,13,11,0
ZERO|C0|MIX_MINUS_ISO_RANK|F0,0.0,0.0,0.0,structural_zero,0,0,192,0,0,24
ZERO|C0|MIX_MINUS_ISO_RANK|F1,0.00016276041666666666,0.0,0.0004069010416666667,unresolved,2,0,190,2,0,22
ZERO|C0|MIX_MINUS_ISO_RANK|F40,0.001708984375,-0.030928548177083334,0.03117065429687499,unresolved,19,13,160,12,5,7
ZERO|C0|MIX_MINUS_ISO_RANK|FE1,0.0004720052083333328,-0.001399739583333333,0.002343749999999999,unresolved,37,33,122,12,10,2
ZERO|C0|MIX_MINUS_ISO_RANK|FE2,-0.001529947916666667,-0.011264648437500004,0.007470703124999999,unresolved,26,30,136,14,10,0
ZERO|C0|MIX_MINUS_ISO_RANK|FE3,-0.0038899739583333325,-0.021973876953125,0.013138020833333318,unresolved,26,25,141,14,7,3
ZERO|C0|MIX_MINUS_ISO_RANK|FE4,-0.010611979166666667,-0.0319873046875,0.009278157552083329,unresolved,20,23,149,12,9,3
ZERO|C0|MIX_MINUS_ISO_RANK|FE5,-0.01092122395833333,-0.035124511718749994,0.01149169921875,unresolved,21,21,150,11,9,4
ZERO|C0|MIX_MINUS_ISO_RANK|FE6,-0.012304687500000003,-0.04046671549479168,0.013283284505208322,unresolved,17,21,154,7,11,6
ZERO|C0|MIX_MINUS_ISO_RANK|FE7,-0.004443359374999999,-0.034896240234375,0.022770589192708326,unresolved,20,18,154,11,7,6
ZERO|C0|MIX_MINUS_ISO_RANK|FE8,-0.00013020833333333404,-0.03159627278645834,0.027654215494791655,unresolved,19,15,158,12,5,7
ZERO|C0|MIX_POP|E1,0.6572021484375,0.6508666356404622,0.6635216267903646,positive,192,0,0,24,0,0
ZERO|C0|MIX_POP|E2,0.5965728759765625,0.5950134277343749,0.5985037740071615,positive,192,0,0,24,0,0
ZERO|C0|MIX_POP|E3,0.5965464274088542,0.5939381154378256,0.599730084737142,positive,192,0,0,24,0,0
ZERO|C0|MIX_POP|E4,0.5994491577148438,0.5971576054890951,0.6015488815307617,positive,192,0,0,24,0,0
ZERO|C0|MIX_POP|E5,0.5964141845703125,0.5944762547810872,0.5981608200073243,positive,192,0,0,24,0,0
ZERO|C0|MIX_POP|E6,0.5989267985026042,0.5966636530558268,0.6012901941935223,positive,192,0,0,24,0,0
ZERO|C0|MIX_POP|E7,0.5963795979817709,0.5950972239176433,0.5977051417032878,positive,192,0,0,24,0,0
ZERO|C0|MIX_POP|E8,0.59771728515625,0.595609359741211,0.5997412999471028,positive,192,0,0,24,0,0
ZERO|C0|MIX_POP|MLOSS,0.39509894053141276,0.3939239247639974,0.39613483587900794,positive,192,0,0,24,0,0
ZERO|C0|MIX_POP|U,0.6049010594685872,0.603865164120992,0.6060760752360025,positive,192,0,0,24,0,0
ZERO|C0|MIX_POP|U0,0.76220703125,0.7422551472981771,0.7825715382893881,positive,192,0,0,24,0,0
ZERO|C0|MIX_POP|U1,0.7655156453450521,0.7463326136271159,0.785104242960612,positive,192,0,0,24,0,0
ZERO|C0|MIX_POP|U40,0.5993830362955729,0.5938765207926433,0.6047269821166993,positive,192,0,0,24,0,0
ZERO|C0|MIX_R|D40,-0.09431966145833333,-0.13313802083333334,-0.053466796875,negative,137,54,1,3,18,3
ZERO|C0|MIX_R|F,0.8908569335937498,0.8655081176757813,0.9162725830078127,positive,192,0,0,24,0,0
ZERO|C0|MIX_R|F0,0.9375,0.9375,0.9375,positive,192,0,0,24,0,0
ZERO|C0|MIX_R|F1,0.9447428385416666,0.9396158854166666,0.9497884114583334,positive,192,0,0,24,0,0
ZERO|C0|MIX_R|F40,0.8431803385416666,0.8043619791666666,0.884033203125,positive,185,0,7,24,0,0
ZERO|C0|MIX_R|FE1,0.9473144531250001,0.9405094401041667,0.9543302408854167,positive,192,0,0,24,0,0
ZERO|C0|MIX_R|FE2,0.9288899739583334,0.9142362467447918,0.943489990234375,positive,192,0,0,24,0,0
ZERO|C0|MIX_R|FE3,0.9084635416666668,0.8867500813802083,0.9299971516927084,positive,192,0,0,24,0,0
ZERO|C0|MIX_R|FE4,0.8962565104166668,0.8686743164062499,0.9238326009114584,positive,192,0,0,24,0,0
ZERO|C0|MIX_R|FE5,0.8813151041666667,0.8499145507812499,0.9117529296875,positive,191,0,1,24,0,0
ZERO|C0|MIX_R|FE6,0.8682942708333333,0.83396728515625,0.90211669921875,positive,190,0,2,24,0,0
ZERO|C0|MIX_R|FE7,0.8511393229166666,0.8158846028645833,0.8879589843749999,positive,187,0,5,24,0,0
ZERO|C0|MIX_R|FE8,0.8451822916666666,0.8076163736979166,0.8846687825520833,positive,185,0,7,24,0,0
ZERO|C1|ISO_F_POP|E1,0.6571919759114584,0.6508281834920248,0.6635353597005208,positive,192,0,0,24,0,0
ZERO|C1|ISO_F_POP|E2,0.5957478841145833,0.5940234120686848,0.5976303609212239,positive,192,0,0,24,0,0
ZERO|C1|ISO_F_POP|E3,0.5965001424153646,0.5938465245564779,0.5998710505167643,positive,192,0,0,24,0,0
ZERO|C1|ISO_F_POP|E4,0.5991373697916667,0.5967213948567708,0.6013254038492838,positive,192,0,0,24,0,0
ZERO|C1|ISO_F_POP|E5,0.5952463785807293,0.5933552805582682,0.5970108540852865,positive,192,0,0,24,0,0
ZERO|C1|ISO_F_POP|E6,0.5978546142578125,0.5955403645833334,0.600208600362142,positive,192,0,0,24,0,0
ZERO|C1|ISO_F_POP|E7,0.595550537109375,0.5941609191894531,0.5968409474690756,positive,192,0,0,24,0,0
ZERO|C1|ISO_F_POP|E8,0.5958847045898438,0.5939834467569987,0.5978683217366537,positive,192,0,0,24,0,0
ZERO|C1|ISO_F_POP|MLOSS,0.3958607991536458,0.3948859691619873,0.3967623424530029,positive,192,0,0,24,0,0
ZERO|C1|ISO_F_POP|U,0.6041392008463542,0.6032376575469971,0.6051140308380127,positive,192,0,0,24,0,0
ZERO|C1|ISO_F_POP|U0,0.76220703125,0.7422551472981771,0.7825715382893881,positive,192,0,0,24,0,0
ZERO|C1|ISO_F_POP|U1,0.7654749552408854,0.7463221867879232,0.7851053873697916,positive,192,0,0,24,0,0
ZERO|C1|ISO_F_POP|U40,0.5985005696614584,0.5932378133138021,0.6035079956054688,positive,192,0,0,24,0,0
ZERO|C1|ISO_F|D40,-0.03125,-0.03125,-0.03125,negative,0,192,0,0,24,0
ZERO|C1|ISO_F|F,0.0008666992187499998,0.0006225585937500001,0.0011393737792968748,positive,119,0,73,24,0,0
ZERO|C1|ISO_F|F0,0.03125,0.03125,0.03125,positive,192,0,0,24,0,0
ZERO|C1|ISO_F|F1,0.01318359375,0.011637369791666666,0.014729817708333334,positive,119,0,73,24,0,0
ZERO|C1|ISO_F|F40,0.0,0.0,0.0,observed_exact_zero,0,0,192,0,0,24
ZERO|C1|ISO_F|FE1,0.005940755208333333,0.004638264973958334,0.007422281901041666,positive,119,0,73,24,0,0
ZERO|C1|ISO_F|FE2,0.0009928385416666666,0.00026041666666666666,0.0019209798177083311,positive,8,0,184,6,0,18
ZERO|C1|ISO_F|FE3,0.0,0.0,0.0,observed_exact_zero,0,0,192,0,0,24
ZERO|C1|ISO_F|FE4,0.0,0.0,0.0,observed_exact_zero,0,0,192,0,0,24
ZERO|C1|ISO_F|FE5,0.0,0.0,0.0,observed_exact_zero,0,0,192,0,0,24
ZERO|C1|ISO_F|FE6,0.0,0.0,0.0,observed_exact_zero,0,0,192,0,0,24
ZERO|C1|ISO_F|FE7,0.0,0.0,0.0,observed_exact_zero,0,0,192,0,0,24
ZERO|C1|ISO_F|FE8,0.0,0.0,0.0,observed_exact_zero,0,0,192,0,0,24
ZERO|C1|ISO_H_MINUS_F_POP|E1,-0.00014394124348959814,-0.0003428522745768441,4.680633544920786e-05,unresolved,44,56,92,11,13,0
ZERO|C1|ISO_H_MINUS_F_POP|E2,0.00016276041666668054,-0.0005285263061523282,0.0008337020874023558,unresolved,54,45,93,13,11,0
ZERO|C1|ISO_H_MINUS_F_POP|E3,-0.00038248697916664726,-0.0011521530151367046,0.000382664998372417,unresolved,47,51,94,10,14,0
ZERO|C1|ISO_H_MINUS_F_POP|E4,7.120768229187946e-06,-0.0005905278523762896,0.0005615488688151118,unresolved,50,49,93,14,10,0
ZERO|C1|ISO_H_MINUS_F_POP|E5,-0.000292968750000025,-0.0011876932779948095,0.0006110382080077674,unresolved,45,54,93,10,14,0
ZERO|C1|ISO_H_MINUS_F_POP|E6,0.0006078084309896018,-0.00014160156249996405,0.0013826751708984606,unresolved,51,48,93,15,9,0
ZERO|C1|ISO_H_MINUS_F_POP|E7,0.00031534830729163893,-0.0003357060750325623,0.0010213851928710575,unresolved,53,46,93,14,10,0
ZERO|C1|ISO_H_MINUS_F_POP|E8,0.00029805501302081205,-0.00040236155192058915,0.0009659576416015324,unresolved,56,43,93,15,9,0
ZERO|C1|ISO_H_MINUS_F_POP|MLOSS,-7.146199544271158e-05,-0.00025395075480144,9.56233342488478e-05,unresolved,48,52,92,13,11,0
ZERO|C1|ISO_H_MINUS_F_POP|U,7.146199544271388e-05,-9.562333424884284e-05,0.00025395075480144175,unresolved,52,48,92,11,13,0
ZERO|C1|ISO_H_MINUS_F_POP|U0,0.0,0.0,0.0,structural_zero,0,0,192,0,0,24
ZERO|C1|ISO_H_MINUS_F_POP|U1,4.0690104166666664e-05,1.0172526041666666e-05,7.883707682291667e-05,positive,12,5,175,8,2,14
ZERO|C1|ISO_H_MINUS_F_POP|U40,0.0010223388671875,-0.0004145940144856771,0.002466964721679687,unresolved,57,40,95,13,11,0
ZERO|C1|ISO_H_MINUS_F|D40,0.0,0.0,0.0,observed_exact_zero,0,0,192,0,0,24
ZERO|C1|ISO_H_MINUS_F|F,0.00045979817708333327,0.00016067504882812515,0.0007609558105468749,positive,75,18,99,17,6,1
ZERO|C1|ISO_H_MINUS_F|F0,0.0,0.0,0.0,structural_zero,0,0,192,0,0,24
ZERO|C1|ISO_H_MINUS_F|F1,0.005289713541666667,0.004150390625,0.006510416666666667,positive,59,0,133,23,0,1
ZERO|C1|ISO_H_MINUS_F|F40,0.0,0.0,0.0,observed_exact_zero,0,0,192,0,0,24
ZERO|C1|ISO_H_MINUS_F|FE1,0.0034505208333333337,0.0020182291666666673,0.004866536458333334,positive,76,18,98,19,5,0
ZERO|C1|ISO_H_MINUS_F|FE2,-0.00021158854166666667,-0.0012532552083333334,0.0006998697916666665,unresolved,12,8,172,10,5,9
ZERO|C1|ISO_H_MINUS_F|FE3,0.00034179687500000003,0.0,0.001025390625,unresolved,1,0,191,1,0,23
ZERO|C1|ISO_H_MINUS_F|FE4,9.765624999999999e-05,0.0,0.00029296875,unresolved,1,0,191,1,0,23
ZERO|C1|ISO_H_MINUS_F|FE5,0.0,0.0,0.0,observed_exact_zero,0,0,192,0,0,24
ZERO|C1|ISO_H_MINUS_F|FE6,0.0,0.0,0.0,observed_exact_zero,0,0,192,0,0,24
ZERO|C1|ISO_H_MINUS_F|FE7,0.0,0.0,0.0,observed_exact_zero,0,0,192,0,0,24
ZERO|C1|ISO_H_MINUS_F|FE8,0.0,0.0,0.0,observed_exact_zero,0,0,192,0,0,24
ZERO|C1|ISO_H_POP|E1,0.6570480346679688,0.6506690851847331,0.6634315872192382,positive,192,0,0,24,0,0
ZERO|C1|ISO_H_POP|E2,0.59591064453125,0.5940704091389974,0.5978739293416341,positive,192,0,0,24,0,0
ZERO|C1|ISO_H_POP|E3,0.5961176554361979,0.5936094919840496,0.599444465637207,positive,192,0,0,24,0,0
ZERO|C1|ISO_H_POP|E4,0.5991444905598958,0.5966781107584636,0.6014288838704428,positive,192,0,0,24,0,0
ZERO|C1|ISO_H_POP|E5,0.5949534098307292,0.5932833226521809,0.596685307820638,positive,192,0,0,24,0,0
ZERO|C1|ISO_H_POP|E6,0.5984624226888021,0.5962248357137045,0.6008811823527018,positive,192,0,0,24,0,0
ZERO|C1|ISO_H_POP|E7,0.5958658854166666,0.5943330383300781,0.5973604075113932,positive,192,0,0,24,0,0
ZERO|C1|ISO_H_POP|E8,0.5961827596028645,0.5940859095255534,0.5982463582356771,positive,192,0,0,24,0,0
ZERO|C1|ISO_H_POP|MLOSS,0.39578933715820314,0.3948630158106486,0.3966616789499918,positive,192,0,0,24,0,0
ZERO|C1|ISO_H_POP|U,0.6042106628417968,0.6033383210500082,0.6051369841893514,positive,192,0,0,24,0,0
ZERO|C1|ISO_H_POP|U0,0.76220703125,0.7422551472981771,0.7825715382893881,positive,192,0,0,24,0,0
ZERO|C1|ISO_H_POP|U1,0.7655156453450521,0.7463497161865235,0.7851511637369791,positive,192,0,0,24,0,0
ZERO|C1|ISO_H_POP|U40,0.5995229085286459,0.593731180826823,0.6051508585611979,positive,192,0,0,24,0,0
ZERO|C1|ISO_H|D40,-0.03125,-0.03125,-0.03125,negative,0,192,0,0,24,0
ZERO|C1|ISO_H|F,0.0013264973958333332,0.0010701497395833334,0.0016398111979166665,positive,139,0,53,24,0,0
ZERO|C1|ISO_H|F0,0.03125,0.03125,0.03125,positive,192,0,0,24,0,0
ZERO|C1|ISO_H|F1,0.018473307291666668,0.016682942708333332,0.020263671875,positive,139,0,53,24,0,0
ZERO|C1|ISO_H|F40,0.0,0.0,0.0,observed_exact_zero,0,0,192,0,0,24
ZERO|C1|ISO_H|FE1,0.009391276041666665,0.007958577473958334,0.010807291666666668,positive,139,0,53,24,0,0
ZERO|C1|ISO_H|FE2,0.0007812500000000002,0.00029296875,0.0014164225260416645,positive,13,0,179,11,0,13
ZERO|C1|ISO_H|FE3,0.00034179687500000003,0.0,0.001025390625,unresolved,1,0,191,1,0,23
ZERO|C1|ISO_H|FE4,9.765624999999999e-05,0.0,0.00029296875,unresolved,1,0,191,1,0,23
ZERO|C1|ISO_H|FE5,0.0,0.0,0.0,observed_exact_zero,0,0,192,0,0,24
ZERO|C1|ISO_H|FE6,0.0,0.0,0.0,observed_exact_zero,0,0,192,0,0,24
ZERO|C1|ISO_H|FE7,0.0,0.0,0.0,observed_exact_zero,0,0,192,0,0,24
ZERO|C1|ISO_H|FE8,0.0,0.0,0.0,observed_exact_zero,0,0,192,0,0,24
ZERO|C1|MIX_F|D40,-0.03125,-0.03125,-0.03125,negative,0,192,0,0,24,0
ZERO|C1|MIX_F|F,0.0011352539062499999,0.0007099405924479166,0.0016867065429687492,positive,120,0,72,24,0,0
ZERO|C1|MIX_F|F0,0.03125,0.03125,0.03125,positive,192,0,0,24,0,0
ZERO|C1|MIX_F|F1,0.013346354166666666,0.011800130208333334,0.014892578125,positive,120,0,72,24,0,0
ZERO|C1|MIX_F|F40,0.0,0.0,0.0,observed_exact_zero,0,0,192,0,0,24
ZERO|C1|MIX_F|FE1,0.006087239583333333,0.0048177083333333336,0.0075687662760416646,positive,120,0,72,24,0,0
ZERO|C1|MIX_F|FE2,0.0018554687499999997,0.0005533854166666667,0.003434244791666666,positive,12,0,180,10,0,14
ZERO|C1|MIX_F|FE3,0.00043945312499999996,0.0,0.0011393229166666667,unresolved,3,0,189,3,0,21
ZERO|C1|MIX_F|FE4,0.00017903645833333335,0.0,0.000537109375,unresolved,1,0,191,1,0,23
ZERO|C1|MIX_F|FE5,0.00047200520833333334,0.0,0.001416015625,unresolved,1,0,191,1,0,23
ZERO|C1|MIX_F|FE6,4.8828124999999996e-05,0.0,0.000146484375,unresolved,1,0,191,1,0,23
ZERO|C1|MIX_F|FE7,0.0,0.0,0.0,observed_exact_zero,0,0,192,0,0,24
ZERO|C1|MIX_F|FE8,0.0,0.0,0.0,observed_exact_zero,0,0,192,0,0,24
ZERO|C1|MIX_H_MINUS_F|D40,0.0,0.0,0.0,observed_exact_zero,0,0,192,0,0,24
ZERO|C1|MIX_H_MINUS_F|F,0.00026855468750000013,-0.00030954996744791643,0.0007548522949218748,unresolved,81,18,93,19,5,0
ZERO|C1|MIX_H_MINUS_F|F0,0.0,0.0,0.0,structural_zero,0,0,192,0,0,24
ZERO|C1|MIX_H_MINUS_F|F1,0.005777994791666667,0.004557291666666667,0.007080078125,positive,62,0,130,24,0,0
ZERO|C1|MIX_H_MINUS_F|F40,0.0,0.0,0.0,observed_exact_zero,0,0,192,0,0,24
ZERO|C1|MIX_H_MINUS_F|FE1,0.0032552083333333335,0.0015950520833333335,0.004850260416666666,positive,81,19,92,20,4,0
ZERO|C1|MIX_H_MINUS_F|FE2,-0.0005371093749999999,-0.0023925781249999997,0.0010904947916666667,unresolved,13,10,169,9,7,8
ZERO|C1|MIX_H_MINUS_F|FE3,3.2552083333333326e-05,-0.0008951822916666666,0.0009277343750000001,unresolved,3,3,186,3,3,18
ZERO|C1|MIX_H_MINUS_F|FE4,-8.138020833333336e-05,-0.000537109375,0.00021158854166666665,unresolved,1,1,190,1,1,22
ZERO|C1|MIX_H_MINUS_F|FE5,-0.00047200520833333334,-0.001416015625,0.0,unresolved,0,1,191,0,1,23
ZERO|C1|MIX_H_MINUS_F|FE6,-4.8828124999999996e-05,-0.000146484375,0.0,unresolved,0,1,191,0,1,23
ZERO|C1|MIX_H_MINUS_F|FE7,0.0,0.0,0.0,observed_exact_zero,0,0,192,0,0,24
ZERO|C1|MIX_H_MINUS_F|FE8,0.0,0.0,0.0,observed_exact_zero,0,0,192,0,0,24
ZERO|C1|MIX_H|D40,-0.03125,-0.03125,-0.03125,negative,0,192,0,0,24,0
ZERO|C1|MIX_H|F,0.00140380859375,0.0011351521809895833,0.0017232259114583334,positive,141,0,51,24,0,0
ZERO|C1|MIX_H|F0,0.03125,0.03125,0.03125,positive,192,0,0,24,0,0
ZERO|C1|MIX_H|F1,0.019124348958333332,0.017252604166666668,0.020914713541666668,positive,141,0,51,24,0,0
ZERO|C1|MIX_H|F40,0.0,0.0,0.0,observed_exact_zero,0,0,192,0,0,24
ZERO|C1|MIX_H|FE1,0.009342447916666668,0.00810546875,0.010628255208333333,positive,141,0,51,24,0,0
ZERO|C1|MIX_H|FE2,0.0013183593749999999,0.0005371093749999999,0.002197265625,positive,15,0,177,12,0,12
ZERO|C1|MIX_H|FE3,0.00047200520833333334,0.0,0.001171875,unresolved,3,0,189,3,0,21
ZERO|C1|MIX_H|FE4,9.765624999999999e-05,0.0,0.00029296875,unresolved,1,0,191,1,0,23
ZERO|C1|MIX_H|FE5,0.0,0.0,0.0,observed_exact_zero,0,0,192,0,0,24
ZERO|C1|MIX_H|FE6,0.0,0.0,0.0,observed_exact_zero,0,0,192,0,0,24
ZERO|C1|MIX_H|FE7,0.0,0.0,0.0,observed_exact_zero,0,0,192,0,0,24
ZERO|C1|MIX_H|FE8,0.0,0.0,0.0,observed_exact_zero,0,0,192,0,0,24
ZERO|C1|MIX_MINUS_ISO_F_POP|E1,0.00019276936848953985,-0.00033329010009770213,0.0007120895385741633,unresolved,80,83,29,16,8,0
ZERO|C1|MIX_MINUS_ISO_F_POP|E2,0.000700378417968763,-0.00020449320475260323,0.0015350850423177,unresolved,92,72,28,15,9,0
ZERO|C1|MIX_MINUS_ISO_F_POP|E3,4.4250488281262955e-05,-0.0009990183512369594,0.0011292775472005387,unresolved,79,86,27,11,13,0
ZERO|C1|MIX_MINUS_ISO_F_POP|E4,-0.0015324910481770843,-0.0028981145222981355,-0.00024257659912111046,negative,68,97,27,7,17,0
ZERO|C1|MIX_MINUS_ISO_F_POP|E5,0.001094055175781224,-0.00018719991048181313,0.0023422368367512388,unresolved,97,68,27,14,10,0
ZERO|C1|MIX_MINUS_ISO_F_POP|E6,0.0002212524414062176,-0.0009134928385417012,0.0014239374796549075,unresolved,85,80,27,11,13,0
ZERO|C1|MIX_MINUS_ISO_F_POP|E7,0.0006057739257812519,-0.001021410624186222,0.002294769287109375,unresolved,85,80,27,15,9,0
ZERO|C1|MIX_MINUS_ISO_F_POP|E8,0.0007995605468750083,-0.0006177775065104197,0.0022105662027994723,unresolved,93,71,28,15,9,0
ZERO|C1|MIX_MINUS_ISO_F_POP|MLOSS,-0.0002656936645507706,-0.0007199350992838471,0.00020948727925619018,unresolved,81,85,26,12,12,0
ZERO|C1|MIX_MINUS_ISO_F_POP|U,0.00026569366455077753,-0.00020948727925615407,0.0007199350992838151,unresolved,85,81,26,12,12,0
ZERO|C1|MIX_MINUS_ISO_F_POP|U0,0.0,0.0,0.0,structural_zero,0,0,192,0,0,24
ZERO|C1|MIX_MINUS_ISO_F_POP|U1,-4.8319498697916664e-05,-0.00010935465494791667,7.62939453125e-06,unresolved,16,27,149,7,12,5
ZERO|C1|MIX_MINUS_ISO_F_POP|U40,0.0026041666666666665,-0.0001630147298177083,0.005274836222330727,unresolved,91,71,30,14,10,0
ZERO|C1|MIX_MINUS_ISO_F|D40,0.0,0.0,0.0,observed_exact_zero,0,0,192,0,0,24
ZERO|C1|MIX_MINUS_ISO_F|F,0.00026855468749999997,2.4414062500000066e-05,0.0006307474772135413,positive,12,10,170,9,6,9
ZERO|C1|MIX_MINUS_ISO_F|F0,0.0,0.0,0.0,structural_zero,0,0,192,0,0,24
ZERO|C1|MIX_MINUS_ISO_F|F1,0.00016276041666666666,0.0,0.0004069010416666667,unresolved,2,0,190,2,0,22
ZERO|C1|MIX_MINUS_ISO_F|F40,0.0,0.0,0.0,observed_exact_zero,0,0,192,0,0,24
ZERO|C1|MIX_MINUS_ISO_F|FE1,0.0001464843750000002,-0.0004394531249999999,0.0007812500000000002,unresolved,9,10,173,7,7,10
ZERO|C1|MIX_MINUS_ISO_F|FE2,0.0008626302083333332,0.00016235351562499998,0.0017740885416666664,positive,9,3,180,8,2,14
ZERO|C1|MIX_MINUS_ISO_F|FE3,0.00043945312499999996,0.0,0.0011393229166666667,unresolved,3,0,189,3,0,21
ZERO|C1|MIX_MINUS_ISO_F|FE4,0.00017903645833333335,0.0,0.000537109375,unresolved,1,0,191,1,0,23
ZERO|C1|MIX_MINUS_ISO_F|FE5,0.00047200520833333334,0.0,0.001416015625,unresolved,1,0,191,1,0,23
ZERO|C1|MIX_MINUS_ISO_F|FE6,4.8828124999999996e-05,0.0,0.000146484375,unresolved,1,0,191,1,0,23
ZERO|C1|MIX_MINUS_ISO_F|FE7,0.0,0.0,0.0,observed_exact_zero,0,0,192,0,0,24
ZERO|C1|MIX_MINUS_ISO_F|FE8,0.0,0.0,0.0,observed_exact_zero,0,0,192,0,0,24
ZERO|C1|MIX_MINUS_ISO_H_POP|E1,0.000336710611979138,-0.00021062215169272123,0.0008342107137043805,unresolved,87,78,27,17,7,0
ZERO|C1|MIX_MINUS_ISO_H_POP|E2,0.0005376180013020824,-0.0004247029622395424,0.0014028930664062272,unresolved,90,76,26,12,12,0
ZERO|C1|MIX_MINUS_ISO_H_POP|E3,0.0004267374674479102,-0.0006516901652018069,0.0015188217163085772,unresolved,81,85,26,15,9,0
ZERO|C1|MIX_MINUS_ISO_H_POP|E4,-0.0015396118164062722,-0.0029180399576823083,-0.0002598190307617531,negative,72,94,26,8,16,0
ZERO|C1|MIX_MINUS_ISO_H_POP|E5,0.001387023925781249,0.0002939732869466245,0.002452621459960964,positive,92,74,26,16,8,0
ZERO|C1|MIX_MINUS_ISO_H_POP|E6,-0.0003865559895833842,-0.0016872533162435395,0.0008815002441405526,unresolved,84,82,26,10,14,0
ZERO|C1|MIX_MINUS_ISO_H_POP|E7,0.00029042561848961296,-0.0015307871500650973,0.0021846389770507997,unresolved,76,90,26,15,9,0
ZERO|C1|MIX_MINUS_ISO_H_POP|E8,0.0005015055338541963,-0.0008275858561197495,0.0019918314615885706,unresolved,87,79,26,14,10,0
ZERO|C1|MIX_MINUS_ISO_H_POP|MLOSS,-0.00019423166910805903,-0.0006066083908080907,0.00023071448008220522,unresolved,83,84,25,10,14,0
ZERO|C1|MIX_MINUS_ISO_H_POP|U,0.00019423166910806366,-0.00023071448008220514,0.0006066083908080951,unresolved,84,83,25,14,10,0
ZERO|C1|MIX_MINUS_ISO_H_POP|U0,0.0,0.0,0.0,structural_zero,0,0,192,0,0,24
ZERO|C1|MIX_MINUS_ISO_H_POP|U1,-8.900960286458333e-05,-0.00015004475911458334,-3.3060709635416664e-05,negative,19,37,136,3,16,5
ZERO|C1|MIX_MINUS_ISO_H_POP|U40,0.0015818277994791667,-0.0009744008382161458,0.004089800516764321,unresolved,86,79,27,14,10,0
ZERO|C1|MIX_MINUS_ISO_H|D40,0.0,0.0,0.0,observed_exact_zero,0,0,192,0,0,24
ZERO|C1|MIX_MINUS_ISO_H|F,7.731119791666673e-05,-0.0001546223958333333,0.0003397623697916667,unresolved,28,18,146,13,8,3
ZERO|C1|MIX_MINUS_ISO_H|F0,0.0,0.0,0.0,structural_zero,0,0,192,0,0,24
ZERO|C1|MIX_MINUS_ISO_H|F1,0.0006510416666666666,0.000244140625,0.0011393229166666667,positive,8,0,184,7,0,17
ZERO|C1|MIX_MINUS_ISO_H|F40,0.0,0.0,0.0,observed_exact_zero,0,0,192,0,0,24
ZERO|C1|MIX_MINUS_ISO_H|FE1,-4.882812500000015e-05,-0.0011718750000000002,0.0011230468749999997,unresolved,27,20,145,11,10,3
ZERO|C1|MIX_MINUS_ISO_H|FE2,0.0005371093749999999,-0.0003255208333333333,0.0014322916666666668,unresolved,11,8,173,9,6,9
ZERO|C1|MIX_MINUS_ISO_H|FE3,0.00013020833333333333,0.0,0.0003743489583333333,unresolved,2,0,190,2,0,22
ZERO|C1|MIX_MINUS_ISO_H|FE4,0.0,0.0,0.0,observed_exact_zero,0,0,192,0,0,24
ZERO|C1|MIX_MINUS_ISO_H|FE5,0.0,0.0,0.0,observed_exact_zero,0,0,192,0,0,24
ZERO|C1|MIX_MINUS_ISO_H|FE6,0.0,0.0,0.0,observed_exact_zero,0,0,192,0,0,24
ZERO|C1|MIX_MINUS_ISO_H|FE7,0.0,0.0,0.0,observed_exact_zero,0,0,192,0,0,24
ZERO|C1|MIX_MINUS_ISO_H|FE8,0.0,0.0,0.0,observed_exact_zero,0,0,192,0,0,24
ZERO|C1|MIX_MINUS_ISO_RANK|D40,0.0,0.0,0.0,observed_exact_zero,0,0,192,0,0,24
ZERO|C1|MIX_MINUS_ISO_RANK|F,-0.00019124348958333322,-0.0006511433919270833,0.0001912434895833334,unresolved,28,18,146,12,9,3
ZERO|C1|MIX_MINUS_ISO_RANK|F0,0.0,0.0,0.0,structural_zero,0,0,192,0,0,24
ZERO|C1|MIX_MINUS_ISO_RANK|F1,0.00048828125,0.00016276041666666666,0.0008138020833333334,positive,6,0,186,6,0,18
ZERO|C1|MIX_MINUS_ISO_RANK|F40,0.0,0.0,0.0,observed_exact_zero,0,0,192,0,0,24
ZERO|C1|MIX_MINUS_ISO_RANK|FE1,-0.00019531250000000036,-0.001416015625,0.0009932454427083307,unresolved,27,20,145,11,10,3
ZERO|C1|MIX_MINUS_ISO_RANK|FE2,-0.00032552083333333326,-0.0016276041666666667,0.0008951822916666666,unresolved,12,14,166,9,8,7
ZERO|C1|MIX_MINUS_ISO_RANK|FE3,-0.0003092447916666667,-0.0010742187499999999,0.00024414062499999997,unresolved,2,3,187,2,3,19
ZERO|C1|MIX_MINUS_ISO_RANK|FE4,-0.00017903645833333335,-0.000537109375,0.0,unresolved,0,1,191,0,1,23
ZERO|C1|MIX_MINUS_ISO_RANK|FE5,-0.00047200520833333334,-0.001416015625,0.0,unresolved,0,1,191,0,1,23
ZERO|C1|MIX_MINUS_ISO_RANK|FE6,-4.8828124999999996e-05,-0.000146484375,0.0,unresolved,0,1,191,0,1,23
ZERO|C1|MIX_MINUS_ISO_RANK|FE7,0.0,0.0,0.0,observed_exact_zero,0,0,192,0,0,24
ZERO|C1|MIX_MINUS_ISO_RANK|FE8,0.0,0.0,0.0,observed_exact_zero,0,0,192,0,0,24
ZERO|C1|MIX_POP|E1,0.657384745279948,0.6511085891723634,0.663776969909668,positive,192,0,0,24,0,0
ZERO|C1|MIX_POP|E2,0.5964482625325521,0.5945812352498372,0.5983569208780923,positive,192,0,0,24,0,0
ZERO|C1|MIX_POP|E3,0.5965443929036458,0.593916982014974,0.5998637135823567,positive,192,0,0,24,0,0
ZERO|C1|MIX_POP|E4,0.5976048787434897,0.5949430338541667,0.6002077611287435,positive,192,0,0,24,0,0
ZERO|C1|MIX_POP|E5,0.5963404337565104,0.5949778111775716,0.597652842203776,positive,192,0,0,24,0,0
ZERO|C1|MIX_POP|E6,0.5980758666992188,0.5957920583089193,0.6003207906087239,positive,192,0,0,24,0,0
ZERO|C1|MIX_POP|E7,0.5961563110351563,0.5943681081136067,0.5980934778849284,positive,192,0,0,24,0,0
ZERO|C1|MIX_POP|E8,0.5966842651367187,0.5942293548583985,0.5991151173909505,positive,192,0,0,24,0,0
ZERO|C1|MIX_POP|MLOSS,0.3955951054890951,0.394577039082845,0.3965897258122762,positive,192,0,0,24,0,0
ZERO|C1|MIX_POP|U,0.604404894510905,0.6034102741877237,0.605422960917155,positive,192,0,0,24,0,0
ZERO|C1|MIX_POP|U0,0.76220703125,0.7422551472981771,0.7825715382893881,positive,192,0,0,24,0,0
ZERO|C1|MIX_POP|U1,0.7654266357421875,0.7463066101074218,0.7850526173909504,positive,192,0,0,24,0,0
ZERO|C1|MIX_POP|U40,0.601104736328125,0.5955122629801433,0.6069490432739257,positive,192,0,0,24,0,0
ZERO|C1|MIX_R|D40,0.0625,0.0625,0.0625,positive,192,0,0,24,0,0
ZERO|C1|MIX_R|F,0.9974609375,0.9967650349934896,0.998014373779297,positive,192,0,0,24,0,0
ZERO|C1|MIX_R|F0,0.9375,0.9375,0.9375,positive,192,0,0,24,0,0
ZERO|C1|MIX_R|F1,0.967529296875,0.9642740885416666,0.9707845052083334,positive,192,0,0,24,0,0
ZERO|C1|MIX_R|F40,1.0,1.0,1.0,positive,192,0,0,24,0,0
ZERO|C1|MIX_R|FE1,0.9845703124999999,0.9823722330729169,0.9865572102864585,positive,192,0,0,24,0,0
ZERO|C1|MIX_R|FE2,0.996826171875,0.9951493326822917,0.9983886718749999,positive,192,0,0,24,0,0
ZERO|C1|MIX_R|FE3,0.9990885416666666,0.9980631510416668,0.999853515625,positive,192,0,0,24,0,0
ZERO|C1|MIX_R|FE4,0.9997233072916667,0.999267578125,1.0,positive,192,0,0,24,0,0
ZERO|C1|MIX_R|FE5,0.9995279947916668,0.9985839843749998,1.0,positive,192,0,0,24,0,0
ZERO|C1|MIX_R|FE6,0.9999511718749999,0.999853515625,1.0,positive,192,0,0,24,0,0
ZERO|C1|MIX_R|FE7,1.0,1.0,1.0,positive,192,0,0,24,0,0
ZERO|C1|MIX_R|FE8,1.0,1.0,1.0,positive,192,0,0,24,0,0
