key,mean,ci_low,ci_high,classification,interpretation,individual_positive,individual_negative,individual_zero,block_positive,block_negative,block_zero
NAIVE|IID|ACTIVE_C0-NOVEL_C0|D40,-0.12125651041666667,-0.20297444661458333,-0.04345296223958336,negative,carrier frequency change; first minus second arm,13,35,144,3,13,8
NAIVE|IID|ACTIVE_C0-NOVEL_C0|E1,-0.0015492757161458214,-0.0026021830240885477,-0.0005858357747395783,negative,raw accuracy; first minus second arm,61,71,60,7,17,0
NAIVE|IID|ACTIVE_C0-NOVEL_C0|E2,0.000622558593750012,-0.0005962117513020683,0.0019337972005208238,unresolved,raw accuracy; first minus second arm,74,58,60,13,11,0
NAIVE|IID|ACTIVE_C0-NOVEL_C0|E3,-0.000587972005208312,-0.002114944458007768,0.000823389689127626,unresolved,raw accuracy; first minus second arm,66,65,61,11,13,0
NAIVE|IID|ACTIVE_C0-NOVEL_C0|E4,-0.0008666992187499565,-0.002831064860026007,0.0009057362874349215,unresolved,raw accuracy; first minus second arm,61,70,61,13,11,0
NAIVE|IID|ACTIVE_C0-NOVEL_C0|E5,-0.0015075683593749796,-0.003240127563476548,0.0002413431803385433,unresolved,raw accuracy; first minus second arm,69,63,60,9,15,0
NAIVE|IID|ACTIVE_C0-NOVEL_C0|E6,-0.0015818277994791713,-0.003050918579101559,-8.11767578125014e-05,negative,raw accuracy; first minus second arm,58,74,60,11,13,0
NAIVE|IID|ACTIVE_C0-NOVEL_C0|E7,-0.0007761637369791824,-0.0029766591389974,0.0013938395182291608,unresolved,raw accuracy; first minus second arm,62,70,60,12,12,0
NAIVE|IID|ACTIVE_C0-NOVEL_C0|E8,-0.0025736490885416665,-0.004434865315755201,-0.0007870992024739333,negative,raw accuracy; first minus second arm,52,80,60,6,18,0
NAIVE|IID|ACTIVE_C0-NOVEL_C0|F,-0.0826171875,-0.14770263671875,-0.01780151367187503,negative,carrier frequency; first minus second arm,39,96,57,6,18,0
NAIVE|IID|ACTIVE_C0-NOVEL_C0|F0,0.0,0.0,0.0,structural_zero,design-implied zero,0,0,192,0,0,24
NAIVE|IID|ACTIVE_C0-NOVEL_C0|F1,-0.014322916666666666,-0.019694010416666668,-0.009440104166666666,negative,carrier frequency; first minus second arm,9,70,113,2,18,4
NAIVE|IID|ACTIVE_C0-NOVEL_C0|F40,-0.12125651041666667,-0.20297444661458333,-0.04345296223958336,negative,carrier frequency; first minus second arm,13,35,144,3,13,8
NAIVE|IID|ACTIVE_C0-NOVEL_C0|FE1,-0.025488281249999994,-0.03948811848958333,-0.00947102864583334,negative,carrier frequency; first minus second arm,38,96,58,6,18,0
NAIVE|IID|ACTIVE_C0-NOVEL_C0|FE2,-0.04759114583333334,-0.0922216796875,-0.0018530273437500143,negative,carrier frequency; first minus second arm,28,60,104,7,17,0
NAIVE|IID|ACTIVE_C0-NOVEL_C0|FE3,-0.055989583333333336,-0.12692545572916666,0.014401855468749917,unresolved,carrier frequency; first minus second arm,23,45,124,7,15,2
NAIVE|IID|ACTIVE_C0-NOVEL_C0|FE4,-0.08343098958333334,-0.16065022786458333,-0.006965332031250005,negative,carrier frequency; first minus second arm,20,40,132,5,16,3
NAIVE|IID|ACTIVE_C0-NOVEL_C0|FE5,-0.10188802083333333,-0.18551513671875,-0.020815429687500095,negative,carrier frequency; first minus second arm,17,39,136,5,16,3
NAIVE|IID|ACTIVE_C0-NOVEL_C0|FE6,-0.10774739583333333,-0.18948730468749997,-0.028038736979166787,negative,carrier frequency; first minus second arm,15,38,139,4,15,5
NAIVE|IID|ACTIVE_C0-NOVEL_C0|FE7,-0.11868489583333335,-0.20084798177083332,-0.04063720703125011,negative,carrier frequency; first minus second arm,14,36,142,3,14,7
NAIVE|IID|ACTIVE_C0-NOVEL_C0|FE8,-0.1201171875,-0.20189127604166668,-0.04120768229166668,negative,carrier frequency; first minus second arm,13,35,144,3,13,8
NAIVE|IID|ACTIVE_C0-NOVEL_C0|MLOSS,0.0011025746663411464,0.00026086171468099037,0.001904401779174816,positive,raw mismatch; first minus second arm,78,55,59,16,8,0
NAIVE|IID|ACTIVE_C0-NOVEL_C0|U,-0.0011025746663411672,-0.0019044017791748392,-0.00026086171468100983,negative,raw accuracy; first minus second arm,55,78,59,8,16,0
NAIVE|IID|ACTIVE_C0-NOVEL_C0|U0,0.0,0.0,0.0,structural_zero,design-implied zero,0,0,192,0,0,24
NAIVE|IID|ACTIVE_C0-NOVEL_C0|U1,-0.0013071695963541667,-0.0017445882161458333,-0.0009154001871744798,negative,raw accuracy; first minus second arm,0,67,125,0,22,2
NAIVE|IID|ACTIVE_C0-NOVEL_C0|U40,-0.0071868896484375,-0.010777791341145834,-0.003662109375,negative,raw accuracy; first minus second arm,43,87,62,5,18,1
NAIVE|IID|ACTIVE_C0-SHAM_C0|D40,0.08837890625,0.03515218098958334,0.13932291666666666,positive,carrier frequency change; first minus second arm,20,2,170,12,2,10
NAIVE|IID|ACTIVE_C0-SHAM_C0|E1,0.00026041666666666574,-0.00023808797200520424,0.0007558695475260431,unresolved,raw accuracy; first minus second arm,37,29,126,11,11,2
NAIVE|IID|ACTIVE_C0-SHAM_C0|E2,0.001293945312500012,7.51241048177049e-05,0.002531127929687496,positive,raw accuracy; first minus second arm,40,27,125,14,8,2
NAIVE|IID|ACTIVE_C0-SHAM_C0|E3,0.0018473307291666564,0.0006937408447265649,0.0030355834960937313,positive,raw accuracy; first minus second arm,45,23,124,15,7,2
NAIVE|IID|ACTIVE_C0-SHAM_C0|E4,0.0004445393880208222,-0.0007682291666666672,0.0016012827555338404,unresolved,raw accuracy; first minus second arm,35,32,125,14,8,2
NAIVE|IID|ACTIVE_C0-SHAM_C0|E5,0.001365152994791674,0.00047279357910157154,0.0024346415201823316,positive,raw accuracy; first minus second arm,40,28,124,15,7,2
NAIVE|IID|ACTIVE_C0-SHAM_C0|E6,0.000925699869791676,-8.26009114583321e-05,0.0018240102132161696,unresolved,raw accuracy; first minus second arm,42,26,124,15,7,2
NAIVE|IID|ACTIVE_C0-SHAM_C0|E7,0.0014506022135416703,-0.0002778879801432174,0.00323506673177086,unresolved,raw accuracy; first minus second arm,44,24,124,15,7,2
NAIVE|IID|ACTIVE_C0-SHAM_C0|E8,0.0009663899739583426,-0.00020454406738278883,0.0021149444580078262,unresolved,raw accuracy; first minus second arm,39,28,125,12,10,2
NAIVE|IID|ACTIVE_C0-SHAM_C0|F,0.06578369140625,0.02557240804036458,0.10452931722005208,positive,carrier frequency; first minus second arm,41,22,129,15,7,2
NAIVE|IID|ACTIVE_C0-SHAM_C0|F0,0.0,0.0,0.0,structural_zero,design-implied zero,0,0,192,0,0,24
NAIVE|IID|ACTIVE_C0-SHAM_C0|F1,0.0,0.0,0.0,structural_zero,design-implied zero,0,0,192,0,0,24
NAIVE|IID|ACTIVE_C0-SHAM_C0|F40,0.08837890625,0.03515218098958334,0.13932291666666666,positive,carrier frequency; first minus second arm,20,2,170,12,2,10
NAIVE|IID|ACTIVE_C0-SHAM_C0|FE1,0.007063802083333333,-0.0019531250000000013,0.018229980468749997,unresolved,carrier frequency; first minus second arm,37,26,129,13,9,2
NAIVE|IID|ACTIVE_C0-SHAM_C0|FE2,0.03990885416666667,0.013638509114583334,0.06497721354166665,positive,carrier frequency; first minus second arm,32,12,148,14,4,6
NAIVE|IID|ACTIVE_C0-SHAM_C0|FE3,0.06949869791666667,0.0268505859375,0.11230712890624998,positive,carrier frequency; first minus second arm,24,8,160,14,3,7
NAIVE|IID|ACTIVE_C0-SHAM_C0|FE4,0.07604166666666666,0.02825113932291667,0.12204671223958327,positive,carrier frequency; first minus second arm,20,5,167,12,3,9
NAIVE|IID|ACTIVE_C0-SHAM_C0|FE5,0.07649739583333333,0.02701578776041666,0.12431803385416665,positive,carrier frequency; first minus second arm,20,5,167,12,3,9
NAIVE|IID|ACTIVE_C0-SHAM_C0|FE6,0.08470052083333333,0.033134765625,0.13437744140625,positive,carrier frequency; first minus second arm,20,2,170,12,2,10
NAIVE|IID|ACTIVE_C0-SHAM_C0|FE7,0.08554687500000001,0.03215901692708334,0.13597819010416665,positive,carrier frequency; first minus second arm,20,2,170,12,2,10
NAIVE|IID|ACTIVE_C0-SHAM_C0|FE8,0.08701171875000001,0.034135742187500005,0.13711181640625,positive,carrier frequency; first minus second arm,20,2,170,12,2,10
NAIVE|IID|ACTIVE_C0-SHAM_C0|MLOSS,-0.0010692596435546847,-0.0014772510528564368,-0.0006799252827962283,negative,raw mismatch; first minus second arm,19,49,124,1,21,2
NAIVE|IID|ACTIVE_C0-SHAM_C0|U,0.0010692596435546524,0.0006799252827961998,0.0014772510528564082,positive,raw accuracy; first minus second arm,49,19,124,21,1,2
NAIVE|IID|ACTIVE_C0-SHAM_C0|U0,0.0,0.0,0.0,structural_zero,design-implied zero,0,0,192,0,0,24
NAIVE|IID|ACTIVE_C0-SHAM_C0|U1,0.0,0.0,0.0,structural_zero,design-implied zero,0,0,192,0,0,24
NAIVE|IID|ACTIVE_C0-SHAM_C0|U40,-0.000579833984375,-0.003545506795247396,0.0023609161376953076,unresolved,raw accuracy; first minus second arm,34,33,125,8,14,2
NAIVE|IID|ACTIVE_C0|D40,0.07275390625,0.029756673177083335,0.11850585937499991,positive,carrier frequency change; absolute,21,171,0,13,11,0
NAIVE|IID|ACTIVE_C0|E1,0.60828857421875,0.6052997843424479,0.6116028340657552,positive,raw accuracy; absolute,192,0,0,24,0,0
NAIVE|IID|ACTIVE_C0|E2,0.6142771402994792,0.6123901112874349,0.6162975311279296,positive,raw accuracy; absolute,192,0,0,24,0,0
NAIVE|IID|ACTIVE_C0|E3,0.6175557454427083,0.6156971740722657,0.6193208058675129,positive,raw accuracy; absolute,192,0,0,24,0,0
NAIVE|IID|ACTIVE_C0|E4,0.6147145589192708,0.6122226206461588,0.6172378794352213,positive,raw accuracy; absolute,192,0,0,24,0,0
NAIVE|IID|ACTIVE_C0|E5,0.6166127522786459,0.6141804250081381,0.6192600758870442,positive,raw accuracy; absolute,192,0,0,24,0,0
NAIVE|IID|ACTIVE_C0|E6,0.6150705973307292,0.6132629140218099,0.617323964436849,positive,raw accuracy; absolute,192,0,0,24,0,0
NAIVE|IID|ACTIVE_C0|E7,0.6170654296875,0.6145993296305339,0.619321772257487,positive,raw accuracy; absolute,192,0,0,24,0,0
NAIVE|IID|ACTIVE_C0|E8,0.6149556477864584,0.6126615651448568,0.6172040303548179,positive,raw accuracy; absolute,192,0,0,24,0,0
NAIVE|IID|ACTIVE_C0|F,0.08784993489583333,0.05251607259114584,0.12406005859374994,positive,carrier frequency; absolute,127,0,65,24,0,0
NAIVE|IID|ACTIVE_C0|F0,0.03125,0.03125,0.03125,positive,carrier frequency; absolute,192,0,0,24,0,0
NAIVE|IID|ACTIVE_C0|F1,0.033365885416666664,0.029459635416666668,0.03759765625,positive,carrier frequency; absolute,127,0,65,24,0,0
NAIVE|IID|ACTIVE_C0|F40,0.10400390625,0.06100667317708334,0.1497558593749999,positive,carrier frequency; absolute,21,0,171,13,0,11
NAIVE|IID|ACTIVE_C0|FE1,0.04251302083333333,0.030664062500000002,0.05628255208333333,positive,carrier frequency; absolute,127,0,65,24,0,0
NAIVE|IID|ACTIVE_C0|FE2,0.06497395833333333,0.03964762369791667,0.08974772135416664,positive,carrier frequency; absolute,40,0,152,19,0,5
NAIVE|IID|ACTIVE_C0|FE3,0.09430338541666668,0.055751139322916664,0.13424804687499997,positive,carrier frequency; absolute,27,0,165,15,0,9
NAIVE|IID|ACTIVE_C0|FE4,0.09830729166666667,0.05774332682291667,0.1395857747395833,positive,carrier frequency; absolute,24,0,168,15,0,9
NAIVE|IID|ACTIVE_C0|FE5,0.0974609375,0.05649983723958334,0.14020263671875,positive,carrier frequency; absolute,23,0,169,15,0,9
NAIVE|IID|ACTIVE_C0|FE6,0.10143229166666666,0.05774495442708333,0.14625732421875,positive,carrier frequency; absolute,22,0,170,14,0,10
NAIVE|IID|ACTIVE_C0|FE7,0.10117187500000001,0.05719319661458333,0.14671793619791665,positive,carrier frequency; absolute,22,0,170,14,0,10
NAIVE|IID|ACTIVE_C0|FE8,0.10263671875000001,0.05937337239583334,0.14880289713541664,positive,carrier frequency; absolute,21,0,171,13,0,11
NAIVE|IID|ACTIVE_C0|MLOSS,0.3851824442545573,0.3843971888224284,0.38597222010294596,positive,raw mismatch; absolute,192,0,0,24,0,0
NAIVE|IID|ACTIVE_C0|U,0.6148175557454426,0.6140277798970539,0.6156028111775715,positive,raw accuracy; absolute,192,0,0,24,0,0
NAIVE|IID|ACTIVE_C0|U0,0.4830729166666667,0.45048828125,0.515625,positive,raw accuracy; absolute,192,0,0,24,0,0
NAIVE|IID|ACTIVE_C0|U1,0.5806732177734375,0.572280756632487,0.5910461425781249,positive,raw accuracy; absolute,192,0,0,24,0,0
NAIVE|IID|ACTIVE_C0|U40,0.6138102213541666,0.6083517710367838,0.6193898518880209,positive,raw accuracy; absolute,192,0,0,24,0,0
NAIVE|IID|ACTIVE_C1-NOVEL_C1|D40,0.0,0.0,0.0,observed_exact_zero,sampled equality; not a design guarantee,0,0,192,0,0,24
NAIVE|IID|ACTIVE_C1-NOVEL_C1|E1,-0.0007497151692708361,-0.0013041687011718867,-0.00026646931966146134,negative,raw accuracy; first minus second arm,27,47,118,4,18,2
NAIVE|IID|ACTIVE_C1-NOVEL_C1|E2,-0.00042419433593751205,-0.0012849934895833534,0.0005219523111978992,unresolved,raw accuracy; first minus second arm,34,38,120,8,13,3
NAIVE|IID|ACTIVE_C1-NOVEL_C1|E3,0.001218668619791664,0.00011377970377603996,0.0025463358561197925,positive,raw accuracy; first minus second arm,40,32,120,14,7,3
NAIVE|IID|ACTIVE_C1-NOVEL_C1|E4,0.0007242838541666694,-0.00035713195800780677,0.0018373107910156497,unresolved,raw accuracy; first minus second arm,40,32,120,12,9,3
NAIVE|IID|ACTIVE_C1-NOVEL_C1|E5,0.0004404703776041685,-0.0006156667073567707,0.001503524780273448,unresolved,raw accuracy; first minus second arm,36,37,119,12,8,4
NAIVE|IID|ACTIVE_C1-NOVEL_C1|E6,-0.0005442301432291574,-0.0018697102864583125,0.0008311208089192691,unresolved,raw accuracy; first minus second arm,36,37,119,7,14,3
NAIVE|IID|ACTIVE_C1-NOVEL_C1|E7,-4.679361979166111e-05,-0.0012341054280598797,0.0012288665771484394,unresolved,raw accuracy; first minus second arm,34,38,120,9,12,3
NAIVE|IID|ACTIVE_C1-NOVEL_C1|E8,-0.00040893554687502126,-0.0014191182454427397,0.0006755574544270649,unresolved,raw accuracy; first minus second arm,34,39,119,9,12,3
NAIVE|IID|ACTIVE_C1-NOVEL_C1|F,-0.0029500325520833326,-0.005782877604166667,-0.00087890625,negative,carrier frequency; first minus second arm,7,64,121,1,21,2
NAIVE|IID|ACTIVE_C1-NOVEL_C1|F0,0.0,0.0,0.0,structural_zero,design-implied zero,0,0,192,0,0,24
NAIVE|IID|ACTIVE_C1-NOVEL_C1|F1,-0.0126953125,-0.016438802083333332,-0.00927734375,negative,carrier frequency; first minus second arm,0,54,138,0,20,4
NAIVE|IID|ACTIVE_C1-NOVEL_C1|F40,0.0,0.0,0.0,observed_exact_zero,sampled equality; not a design guarantee,0,0,192,0,0,24
NAIVE|IID|ACTIVE_C1-NOVEL_C1|FE1,-0.009244791666666667,-0.014584147135416668,-0.003448079427083347,negative,carrier frequency; first minus second arm,6,64,122,1,21,2
NAIVE|IID|ACTIVE_C1-NOVEL_C1|FE2,-0.0060546875,-0.011882324218749999,-0.0013346354166666665,negative,carrier frequency; first minus second arm,2,13,177,2,6,16
NAIVE|IID|ACTIVE_C1-NOVEL_C1|FE3,-0.005696614583333333,-0.014974772135416667,-6.510416666666667e-05,negative,carrier frequency; first minus second arm,0,6,186,0,4,20
NAIVE|IID|ACTIVE_C1-NOVEL_C1|FE4,-0.0021158854166666665,-0.006217447916666666,0.0,unresolved,carrier frequency; first minus second arm,0,2,190,0,2,22
NAIVE|IID|ACTIVE_C1-NOVEL_C1|FE5,-0.00048828125,-0.00146484375,0.0,unresolved,carrier frequency; first minus second arm,0,1,191,0,1,23
NAIVE|IID|ACTIVE_C1-NOVEL_C1|FE6,0.0,0.0,0.0,observed_exact_zero,sampled equality; not a design guarantee,0,0,192,0,0,24
NAIVE|IID|ACTIVE_C1-NOVEL_C1|FE7,0.0,0.0,0.0,observed_exact_zero,sampled equality; not a design guarantee,0,0,192,0,0,24
NAIVE|IID|ACTIVE_C1-NOVEL_C1|FE8,0.0,0.0,0.0,observed_exact_zero,sampled equality; not a design guarantee,0,0,192,0,0,24
NAIVE|IID|ACTIVE_C1-NOVEL_C1|MLOSS,-2.619425455728519e-05,-0.000349585215250639,0.00028381983439128153,unresolved,raw mismatch; first minus second arm,40,35,117,12,10,2
NAIVE|IID|ACTIVE_C1-NOVEL_C1|U,2.6194254557289815e-05,-0.0002838198343912636,0.00034958521525064773,unresolved,raw accuracy; first minus second arm,35,40,117,10,12,2
NAIVE|IID|ACTIVE_C1-NOVEL_C1|U0,0.0,0.0,0.0,structural_zero,design-implied zero,0,0,192,0,0,24
NAIVE|IID|ACTIVE_C1-NOVEL_C1|U1,-0.0012003580729166667,-0.0016276041666666667,-0.0008188883463541666,negative,raw accuracy; first minus second arm,0,54,138,0,20,4
NAIVE|IID|ACTIVE_C1-NOVEL_C1|U40,-0.000396728515625,-0.003011194864908854,0.002350743611653641,unresolved,raw accuracy; first minus second arm,40,33,119,9,12,3
NAIVE|IID|ACTIVE_C1-SHAM_C1|D40,0.0,0.0,0.0,observed_exact_zero,sampled equality; not a design guarantee,0,0,192,0,0,24
NAIVE|IID|ACTIVE_C1-SHAM_C1|E1,-0.00018717447916666297,-0.0004323832194010416,5.800882975261603e-05,unresolved,raw accuracy; first minus second arm,8,14,170,4,7,13
NAIVE|IID|ACTIVE_C1-SHAM_C1|E2,1.118977864584166e-05,-0.0005452982584635227,0.0006469980875651034,unresolved,raw accuracy; first minus second arm,12,10,170,5,6,13
NAIVE|IID|ACTIVE_C1-SHAM_C1|E3,0.0006022135416666694,-0.0001109568277994843,0.0014821879069010532,unresolved,raw accuracy; first minus second arm,11,9,172,7,4,13
NAIVE|IID|ACTIVE_C1-SHAM_C1|E4,-2.5431315104171293e-05,-0.000769068400065117,0.0005972290039062432,unresolved,raw accuracy; first minus second arm,9,13,170,5,6,13
NAIVE|IID|ACTIVE_C1-SHAM_C1|E5,9.969075520831668e-05,-0.0004517110188802369,0.0007527923583984191,unresolved,raw accuracy; first minus second arm,10,11,171,5,6,13
NAIVE|IID|ACTIVE_C1-SHAM_C1|E6,-0.00037536621093751016,-0.0010864766438802103,0.0002370452880859207,unresolved,raw accuracy; first minus second arm,10,12,170,5,6,13
NAIVE|IID|ACTIVE_C1-SHAM_C1|E7,-0.0002919514973958361,-0.0007599131266276023,0.00011403401692709448,unresolved,raw accuracy; first minus second arm,10,12,170,4,6,14
NAIVE|IID|ACTIVE_C1-SHAM_C1|E8,-7.425944010416852e-05,-0.0006745402018229276,0.0005127716064453039,unresolved,raw accuracy; first minus second arm,12,10,170,6,5,13
NAIVE|IID|ACTIVE_C1-SHAM_C1|F,0.00021158854166666667,-0.00015462239583333335,0.0007569376627604162,unresolved,carrier frequency; first minus second arm,12,9,171,7,3,14
NAIVE|IID|ACTIVE_C1-SHAM_C1|F0,0.0,0.0,0.0,structural_zero,design-implied zero,0,0,192,0,0,24
NAIVE|IID|ACTIVE_C1-SHAM_C1|F1,0.0,0.0,0.0,structural_zero,design-implied zero,0,0,192,0,0,24
NAIVE|IID|ACTIVE_C1-SHAM_C1|F40,0.0,0.0,0.0,observed_exact_zero,sampled equality; not a design guarantee,0,0,192,0,0,24
NAIVE|IID|ACTIVE_C1-SHAM_C1|FE1,0.0020507812499999997,-0.0005208333333333334,0.006315104166666666,unresolved,carrier frequency; first minus second arm,13,8,171,6,3,15
NAIVE|IID|ACTIVE_C1-SHAM_C1|FE2,-0.00035807291666666664,-0.001171875,0.00019531249999999998,unresolved,carrier frequency; first minus second arm,3,2,187,1,2,21
NAIVE|IID|ACTIVE_C1-SHAM_C1|FE3,0.0,0.0,0.0,observed_exact_zero,sampled equality; not a design guarantee,0,0,192,0,0,24
NAIVE|IID|ACTIVE_C1-SHAM_C1|FE4,0.0,0.0,0.0,observed_exact_zero,sampled equality; not a design guarantee,0,0,192,0,0,24
NAIVE|IID|ACTIVE_C1-SHAM_C1|FE5,0.0,0.0,0.0,observed_exact_zero,sampled equality; not a design guarantee,0,0,192,0,0,24
NAIVE|IID|ACTIVE_C1-SHAM_C1|FE6,0.0,0.0,0.0,observed_exact_zero,sampled equality; not a design guarantee,0,0,192,0,0,24
NAIVE|IID|ACTIVE_C1-SHAM_C1|FE7,0.0,0.0,0.0,observed_exact_zero,sampled equality; not a design guarantee,0,0,192,0,0,24
NAIVE|IID|ACTIVE_C1-SHAM_C1|FE8,0.0,0.0,0.0,observed_exact_zero,sampled equality; not a design guarantee,0,0,192,0,0,24
NAIVE|IID|ACTIVE_C1-SHAM_C1|MLOSS,3.0136108398436112e-05,-0.00010656038920085227,0.00018235524495442636,unresolved,raw mismatch; first minus second arm,13,9,170,6,5,13
NAIVE|IID|ACTIVE_C1-SHAM_C1|U,-3.0136108398429173e-05,-0.00018235524495441982,0.00010656038920085485,unresolved,raw accuracy; first minus second arm,9,13,170,5,6,13
NAIVE|IID|ACTIVE_C1-SHAM_C1|U0,0.0,0.0,0.0,structural_zero,design-implied zero,0,0,192,0,0,24
NAIVE|IID|ACTIVE_C1-SHAM_C1|U1,0.0,0.0,0.0,structural_zero,design-implied zero,0,0,192,0,0,24
NAIVE|IID|ACTIVE_C1-SHAM_C1|U40,0.0005238850911458334,-0.00079345703125,0.0022074381510416665,unresolved,raw accuracy; first minus second arm,13,9,170,5,6,13
NAIVE|IID|ACTIVE_C1|D40,-0.03125,-0.03125,-0.03125,negative,carrier frequency change; absolute,0,192,0,0,24,0
NAIVE|IID|ACTIVE_C1|E1,0.6078013102213542,0.6047993723551434,0.6110017903645834,positive,raw accuracy; absolute,192,0,0,24,0,0
NAIVE|IID|ACTIVE_C1|E2,0.6127268473307291,0.6106888071695963,0.6150514221191407,positive,raw accuracy; absolute,192,0,0,24,0,0
NAIVE|IID|ACTIVE_C1|E3,0.6159454345703125,0.6142380015055339,0.6175527191162109,positive,raw accuracy; absolute,192,0,0,24,0,0
NAIVE|IID|ACTIVE_C1|E4,0.6144215901692709,0.6118458302815755,0.6168112436930339,positive,raw accuracy; absolute,192,0,0,24,0,0
NAIVE|IID|ACTIVE_C1|E5,0.6164479573567708,0.6136992390950521,0.6192373402913411,positive,raw accuracy; absolute,192,0,0,24,0,0
NAIVE|IID|ACTIVE_C1|E6,0.6146820068359374,0.6123757934570312,0.6172282155354817,positive,raw accuracy; absolute,192,0,0,24,0,0
NAIVE|IID|ACTIVE_C1|E7,0.615301513671875,0.6131466929117838,0.6174078114827474,positive,raw accuracy; absolute,192,0,0,24,0,0
NAIVE|IID|ACTIVE_C1|E8,0.6150370279947917,0.612484639485677,0.6178234608968098,positive,raw accuracy; absolute,192,0,0,24,0,0
NAIVE|IID|ACTIVE_C1|F,0.0013793945312500003,0.0008015950520833333,0.0021771240234374992,positive,carrier frequency; absolute,67,0,125,22,0,2
NAIVE|IID|ACTIVE_C1|F0,0.03125,0.03125,0.03125,positive,carrier frequency; absolute,192,0,0,24,0,0
NAIVE|IID|ACTIVE_C1|F1,0.018717447916666668,0.014322916666666666,0.023111979166666668,positive,carrier frequency; absolute,67,0,125,22,0,2
NAIVE|IID|ACTIVE_C1|F40,0.0,0.0,0.0,observed_exact_zero,sampled equality; not a design guarantee,0,0,192,0,0,24
NAIVE|IID|ACTIVE_C1|FE1,0.0107421875,0.0063142903645833325,0.01663574218749999,positive,carrier frequency; absolute,67,0,125,22,0,2
NAIVE|IID|ACTIVE_C1|FE2,0.00029296875000000004,0.0,0.0007812500000000002,unresolved,carrier frequency; absolute,3,0,189,2,0,22
NAIVE|IID|ACTIVE_C1|FE3,0.0,0.0,0.0,observed_exact_zero,sampled equality; not a design guarantee,0,0,192,0,0,24
NAIVE|IID|ACTIVE_C1|FE4,0.0,0.0,0.0,observed_exact_zero,sampled equality; not a design guarantee,0,0,192,0,0,24
NAIVE|IID|ACTIVE_C1|FE5,0.0,0.0,0.0,observed_exact_zero,sampled equality; not a design guarantee,0,0,192,0,0,24
NAIVE|IID|ACTIVE_C1|FE6,0.0,0.0,0.0,observed_exact_zero,sampled equality; not a design guarantee,0,0,192,0,0,24
NAIVE|IID|ACTIVE_C1|FE7,0.0,0.0,0.0,observed_exact_zero,sampled equality; not a design guarantee,0,0,192,0,0,24
NAIVE|IID|ACTIVE_C1|FE8,0.0,0.0,0.0,observed_exact_zero,sampled equality; not a design guarantee,0,0,192,0,0,24
NAIVE|IID|ACTIVE_C1|MLOSS,0.3859545389811198,0.38507763544718426,0.38676609675089524,positive,raw mismatch; absolute,192,0,0,24,0,0
NAIVE|IID|ACTIVE_C1|U,0.6140454610188802,0.6132339032491049,0.6149223645528157,positive,raw accuracy; absolute,192,0,0,24,0,0
NAIVE|IID|ACTIVE_C1|U0,0.4830729166666667,0.45048828125,0.515625,positive,raw accuracy; absolute,192,0,0,24,0,0
NAIVE|IID|ACTIVE_C1|U1,0.5804901123046875,0.5721021016438802,0.5908727010091146,positive,raw accuracy; absolute,192,0,0,24,0,0
NAIVE|IID|ACTIVE_C1|U40,0.6177825927734375,0.6107983907063802,0.6253119150797526,positive,raw accuracy; absolute,192,0,0,24,0,0
NAIVE|IID|NOVEL_C0-SHAM_C0|D40,0.20963541666666666,0.13247884114583333,0.29362792968749996,positive,carrier frequency change; first minus second arm,42,1,149,16,0,8
NAIVE|IID|NOVEL_C0-SHAM_C0|E1,0.0018096923828124871,0.0008471934000650967,0.002839202880859387,positive,raw accuracy; first minus second arm,76,52,64,19,5,0
NAIVE|IID|NOVEL_C0-SHAM_C0|E2,0.00067138671875,-0.0009199269612630038,0.0022074635823567837,unresolved,raw accuracy; first minus second arm,69,59,64,13,11,0
NAIVE|IID|NOVEL_C0-SHAM_C0|E3,0.0024353027343749687,0.0011076354980468662,0.003874791463216086,positive,raw accuracy; first minus second arm,73,54,65,18,6,0
NAIVE|IID|NOVEL_C0-SHAM_C0|E4,0.0013112386067707787,-0.00035408020019537037,0.0031650797526041174,unresolved,raw accuracy; first minus second arm,72,56,64,14,10,0
NAIVE|IID|NOVEL_C0-SHAM_C0|E5,0.002872721354166654,0.001219533284505218,0.004432245890299459,positive,raw accuracy; first minus second arm,73,54,65,17,7,0
NAIVE|IID|NOVEL_C0-SHAM_C0|E6,0.0025075276692708474,0.001068115234375004,0.004033610026041698,positive,raw accuracy; first minus second arm,75,53,64,16,8,0
NAIVE|IID|NOVEL_C0-SHAM_C0|E7,0.002226765950520853,2.6397705078151532e-05,0.004613672892252611,positive,raw accuracy; first minus second arm,78,50,64,15,9,0
NAIVE|IID|NOVEL_C0-SHAM_C0|E8,0.003540039062500009,0.0016092681884765697,0.005825093587239613,positive,raw accuracy; first minus second arm,80,48,64,18,6,0
NAIVE|IID|NOVEL_C0-SHAM_C0|F,0.14840087890625,0.092701416015625,0.20950673421223953,positive,carrier frequency; first minus second arm,107,25,60,22,2,0
NAIVE|IID|NOVEL_C0-SHAM_C0|F0,0.0,0.0,0.0,structural_zero,design-implied zero,0,0,192,0,0,24
NAIVE|IID|NOVEL_C0-SHAM_C0|F1,0.014322916666666666,0.009440104166666666,0.019694010416666668,positive,carrier frequency; first minus second arm,70,9,113,18,2,4
NAIVE|IID|NOVEL_C0-SHAM_C0|F40,0.20963541666666666,0.13247884114583333,0.29362792968749996,positive,carrier frequency; first minus second arm,42,1,149,16,0,8
NAIVE|IID|NOVEL_C0-SHAM_C0|FE1,0.032552083333333336,0.020632324218749998,0.04407552083333333,positive,carrier frequency; first minus second arm,100,29,63,19,5,0
NAIVE|IID|NOVEL_C0-SHAM_C0|FE2,0.08750000000000001,0.05299397786458334,0.12291666666666667,positive,carrier frequency; first minus second arm,65,16,111,21,3,0
NAIVE|IID|NOVEL_C0-SHAM_C0|FE3,0.12548828125,0.07359944661458333,0.18180582682291666,positive,carrier frequency; first minus second arm,54,5,133,22,1,1
NAIVE|IID|NOVEL_C0-SHAM_C0|FE4,0.15947265624999998,0.09791666666666665,0.22822347005208335,positive,carrier frequency; first minus second arm,46,2,144,19,1,4
NAIVE|IID|NOVEL_C0-SHAM_C0|FE5,0.17838541666666666,0.10770670572916666,0.2577237955729166,positive,carrier frequency; first minus second arm,45,2,145,18,1,5
NAIVE|IID|NOVEL_C0-SHAM_C0|FE6,0.1924479166666667,0.11880533854166667,0.2750724283854166,positive,carrier frequency; first minus second arm,44,2,146,18,0,6
NAIVE|IID|NOVEL_C0-SHAM_C0|FE7,0.20423177083333335,0.12818359375,0.28825683593749996,positive,carrier frequency; first minus second arm,43,1,148,17,0,7
NAIVE|IID|NOVEL_C0-SHAM_C0|FE8,0.20712890625,0.13027180989583334,0.29116048177083326,positive,carrier frequency; first minus second arm,42,1,149,16,0,8
NAIVE|IID|NOVEL_C0-SHAM_C0|MLOSS,-0.002171834309895831,-0.003012355168660482,-0.0013740507761637194,negative,raw mismatch; first minus second arm,39,90,63,3,21,0
NAIVE|IID|NOVEL_C0-SHAM_C0|U,0.0021718343098958196,0.0013740507761637079,0.0030123551686604723,positive,raw accuracy; first minus second arm,90,39,63,21,3,0
NAIVE|IID|NOVEL_C0-SHAM_C0|U0,0.0,0.0,0.0,structural_zero,design-implied zero,0,0,192,0,0,24
NAIVE|IID|NOVEL_C0-SHAM_C0|U1,0.0013071695963541667,0.0009154001871744792,0.0017445882161458333,positive,raw accuracy; first minus second arm,67,0,125,22,0,2
NAIVE|IID|NOVEL_C0-SHAM_C0|U40,0.0066070556640625,0.002649561564127604,0.010503768920898434,positive,raw accuracy; first minus second arm,79,46,67,18,6,0
NAIVE|IID|NOVEL_C0|D40,0.19401041666666666,0.1179931640625,0.27735188802083327,positive,carrier frequency change; absolute,44,148,0,18,6,0
NAIVE|IID|NOVEL_C0|E1,0.6098378499348959,0.60721066792806,0.6128845977783203,positive,raw accuracy; absolute,192,0,0,24,0,0
NAIVE|IID|NOVEL_C0|E2,0.6136545817057292,0.611630147298177,0.6157950083414714,positive,raw accuracy; absolute,192,0,0,24,0,0
NAIVE|IID|NOVEL_C0|E3,0.6181437174479166,0.6160054016113281,0.6202638753255209,positive,raw accuracy; absolute,192,0,0,24,0,0
NAIVE|IID|NOVEL_C0|E4,0.6155812581380208,0.6125873565673828,0.6189457194010417,positive,raw accuracy; absolute,192,0,0,24,0,0
NAIVE|IID|NOVEL_C0|E5,0.6181203206380208,0.6159340413411458,0.6202862040201823,positive,raw accuracy; absolute,192,0,0,24,0,0
NAIVE|IID|NOVEL_C0|E6,0.6166524251302085,0.614977773030599,0.6184408823649088,positive,raw accuracy; absolute,192,0,0,24,0,0
NAIVE|IID|NOVEL_C0|E7,0.6178415934244792,0.6155496215820313,0.6202749633789063,positive,raw accuracy; absolute,192,0,0,24,0,0
NAIVE|IID|NOVEL_C0|E8,0.617529296875,0.6149809010823568,0.620072479248047,positive,raw accuracy; absolute,192,0,0,24,0,0
NAIVE|IID|NOVEL_C0|F,0.1704671223958333,0.11484313964843751,0.2315293375651041,positive,carrier frequency; absolute,152,0,40,24,0,0
NAIVE|IID|NOVEL_C0|F0,0.03125,0.03125,0.03125,positive,carrier frequency; absolute,192,0,0,24,0,0
NAIVE|IID|NOVEL_C0|F1,0.047688802083333336,0.041829427083333336,0.053059895833333336,positive,carrier frequency; absolute,152,0,40,24,0,0
NAIVE|IID|NOVEL_C0|F40,0.22526041666666666,0.14924316406250002,0.30860188802083327,positive,carrier frequency; absolute,44,0,148,18,0,6
NAIVE|IID|NOVEL_C0|FE1,0.06800130208333334,0.056053873697916666,0.07968912760416666,positive,carrier frequency; absolute,152,0,40,24,0,0
NAIVE|IID|NOVEL_C0|FE2,0.1125651041666667,0.07844401041666667,0.14860188802083332,positive,carrier frequency; absolute,76,0,116,24,0,0
NAIVE|IID|NOVEL_C0|FE3,0.15029296875,0.09872965494791668,0.20592936197916661,positive,carrier frequency; absolute,56,0,136,23,0,1
NAIVE|IID|NOVEL_C0|FE4,0.18173828125,0.11933430989583334,0.2518359375,positive,carrier frequency; absolute,49,0,143,21,0,3
NAIVE|IID|NOVEL_C0|FE5,0.19934895833333335,0.12757161458333335,0.2795345052083333,positive,carrier frequency; absolute,48,0,144,20,0,4
NAIVE|IID|NOVEL_C0|FE6,0.20917968750000002,0.1356689453125,0.29053548177083327,positive,carrier frequency; absolute,46,0,146,20,0,4
NAIVE|IID|NOVEL_C0|FE7,0.21985677083333335,0.14621988932291666,0.3027408854166666,positive,carrier frequency; absolute,45,0,147,19,0,5
NAIVE|IID|NOVEL_C0|FE8,0.22275390625,0.14778238932291668,0.30567952473958326,positive,carrier frequency; absolute,44,0,148,18,0,6
NAIVE|IID|NOVEL_C0|MLOSS,0.38407986958821616,0.38338074684143064,0.384789301554362,positive,raw mismatch; absolute,192,0,0,24,0,0
NAIVE|IID|NOVEL_C0|U,0.6159201304117838,0.6152106984456381,0.6166192531585694,positive,raw accuracy; absolute,192,0,0,24,0,0
NAIVE|IID|NOVEL_C0|U0,0.4830729166666667,0.45048828125,0.515625,positive,raw accuracy; absolute,192,0,0,24,0,0
NAIVE|IID|NOVEL_C0|U1,0.5819803873697916,0.5738268534342448,0.5921241760253907,positive,raw accuracy; absolute,192,0,0,24,0,0
NAIVE|IID|NOVEL_C0|U40,0.6209971110026041,0.6163778940836588,0.6257631937662761,positive,raw accuracy; absolute,192,0,0,24,0,0
NAIVE|IID|NOVEL_C1-NOVEL_C0|D40,-0.22526041666666666,-0.3086018880208333,-0.14924316406250004,negative,carrier frequency change; first minus second arm,0,44,148,0,18,6
NAIVE|IID|NOVEL_C1-NOVEL_C0|E1,-0.0012868245442708242,-0.0021445210774739373,-0.00046277364095054354,negative,raw accuracy; first minus second arm,59,85,48,6,18,0
NAIVE|IID|NOVEL_C1-NOVEL_C0|E2,-0.0005035400390624861,-0.0019360097249348565,0.0011037445068359422,unresolved,raw accuracy; first minus second arm,73,77,42,10,14,0
NAIVE|IID|NOVEL_C1-NOVEL_C0|E3,-0.0034169514973958156,-0.004879837036132811,-0.0019770304361979105,negative,raw accuracy; first minus second arm,56,93,43,5,19,0
NAIVE|IID|NOVEL_C1-NOVEL_C0|E4,-0.0018839518229166324,-0.00419359842936193,0.00031984965006512595,unresolved,raw accuracy; first minus second arm,66,84,42,9,15,0
NAIVE|IID|NOVEL_C1-NOVEL_C0|E5,-0.0021128336588541554,-0.00408734639485675,-0.0002865854899088586,negative,raw accuracy; first minus second arm,64,86,42,8,16,0
NAIVE|IID|NOVEL_C1-NOVEL_C0|E6,-0.0014261881510416647,-0.003432286580403633,0.000768152872721344,unresolved,raw accuracy; first minus second arm,65,85,42,7,17,0
NAIVE|IID|NOVEL_C1-NOVEL_C0|E7,-0.0024932861328125174,-0.004413146972656265,-0.0007171122233073193,negative,raw accuracy; first minus second arm,59,91,42,7,17,0
NAIVE|IID|NOVEL_C1-NOVEL_C0|E8,-0.002083333333333335,-0.004055938720703096,-0.00016164143880206675,negative,raw accuracy; first minus second arm,67,83,42,8,16,0
NAIVE|IID|NOVEL_C1-NOVEL_C0|F,-0.16613769531249997,-0.22592102050781246,-0.11140981038411465,negative,carrier frequency; first minus second arm,9,135,48,0,24,0
NAIVE|IID|NOVEL_C1-NOVEL_C0|F0,0.0,0.0,0.0,structural_zero,design-implied zero,0,0,192,0,0,24
NAIVE|IID|NOVEL_C1-NOVEL_C0|F1,-0.016276041666666668,-0.01904296875,-0.013671875,negative,carrier frequency; first minus second arm,0,79,113,0,24,0
NAIVE|IID|NOVEL_C1-NOVEL_C0|F40,-0.22526041666666666,-0.3086018880208333,-0.14924316406250004,negative,carrier frequency; first minus second arm,0,44,148,0,18,6
NAIVE|IID|NOVEL_C1-NOVEL_C0|FE1,-0.048014322916666664,-0.05732503255208334,-0.039615071614583344,negative,carrier frequency; first minus second arm,12,132,48,0,24,0
NAIVE|IID|NOVEL_C1-NOVEL_C0|FE2,-0.10621744791666667,-0.13955647786458333,-0.07447509765625002,negative,carrier frequency; first minus second arm,5,74,113,0,24,0
NAIVE|IID|NOVEL_C1-NOVEL_C0|FE3,-0.1445963541666667,-0.19870849609375,-0.09439941406250002,negative,carrier frequency; first minus second arm,0,56,136,0,23,1
NAIVE|IID|NOVEL_C1-NOVEL_C0|FE4,-0.1796223958333333,-0.25065185546875,-0.11727945963541668,negative,carrier frequency; first minus second arm,0,49,143,0,21,3
NAIVE|IID|NOVEL_C1-NOVEL_C0|FE5,-0.19886067708333335,-0.2792683919270833,-0.12753173828125003,negative,carrier frequency; first minus second arm,0,48,144,0,20,4
NAIVE|IID|NOVEL_C1-NOVEL_C0|FE6,-0.20917968750000002,-0.2905354817708333,-0.13566894531250004,negative,carrier frequency; first minus second arm,0,46,146,0,20,4
NAIVE|IID|NOVEL_C1-NOVEL_C0|FE7,-0.21985677083333335,-0.30274088541666666,-0.14621988932291669,negative,carrier frequency; first minus second arm,0,45,147,0,19,5
NAIVE|IID|NOVEL_C1-NOVEL_C0|FE8,-0.22275390625,-0.3056795247395833,-0.1477823893229167,negative,carrier frequency; first minus second arm,0,44,148,0,18,6
NAIVE|IID|NOVEL_C1-NOVEL_C0|MLOSS,0.0019008636474609393,0.0011871846516927024,0.0026853879292805948,positive,raw mismatch; first minus second arm,105,46,41,22,2,0
NAIVE|IID|NOVEL_C1-NOVEL_C0|U,-0.0019008636474609347,-0.0026853879292805956,-0.0011871846516927093,negative,raw accuracy; first minus second arm,46,105,41,2,22,0
NAIVE|IID|NOVEL_C1-NOVEL_C0|U0,0.0,0.0,0.0,structural_zero,design-implied zero,0,0,192,0,0,24
NAIVE|IID|NOVEL_C1-NOVEL_C0|U1,-0.0002899169921875,-0.0003865559895833333,-0.00020345052083333334,negative,raw accuracy; first minus second arm,0,44,148,0,21,3
NAIVE|IID|NOVEL_C1-NOVEL_C0|U40,-0.0028177897135416665,-0.008031590779622396,0.0026298522949218736,unresolved,raw accuracy; first minus second arm,67,82,43,9,15,0
NAIVE|IID|NOVEL_C1-SHAM_C1|D40,0.0,0.0,0.0,observed_exact_zero,sampled equality; not a design guarantee,0,0,192,0,0,24
NAIVE|IID|NOVEL_C1-SHAM_C1|E1,0.0005625406901041732,5.4880777994815194e-05,0.0011403401692708464,positive,raw accuracy; first minus second arm,45,29,118,14,8,2
NAIVE|IID|NOVEL_C1-SHAM_C1|E2,0.0004353841145833537,-0.0007578786214192656,0.001587931315104166,unresolved,raw accuracy; first minus second arm,43,27,122,13,8,3
NAIVE|IID|NOVEL_C1-SHAM_C1|E3,-0.0006164550781249944,-0.0017814127604166472,0.0003682708740234535,unresolved,raw accuracy; first minus second arm,35,37,120,9,12,3
NAIVE|IID|NOVEL_C1-SHAM_C1|E4,-0.0007497151692708407,-0.0016267140706380397,0.0001708984374999653,unresolved,raw accuracy; first minus second arm,31,41,120,6,15,3
NAIVE|IID|NOVEL_C1-SHAM_C1|E5,-0.00034077962239585186,-0.0014364369710286671,0.0007273864746093562,unresolved,raw accuracy; first minus second arm,38,34,120,9,12,3
NAIVE|IID|NOVEL_C1-SHAM_C1|E6,0.00016886393229164723,-0.0011599477132161688,0.0015045928955077855,unresolved,raw accuracy; first minus second arm,32,40,120,11,10,3
NAIVE|IID|NOVEL_C1-SHAM_C1|E7,-0.000245157877604175,-0.0013519795735677138,0.0008363596598307351,unresolved,raw accuracy; first minus second arm,36,35,121,11,10,3
NAIVE|IID|NOVEL_C1-SHAM_C1|E8,0.00033467610677085274,-0.0006408691406249678,0.0013407897949218994,unresolved,raw accuracy; first minus second arm,41,31,120,11,10,3
NAIVE|IID|NOVEL_C1-SHAM_C1|F,0.0031616210937499994,0.0013224283854166667,0.00595306396484375,positive,carrier frequency; first minus second arm,67,5,120,22,0,2
NAIVE|IID|NOVEL_C1-SHAM_C1|F0,0.0,0.0,0.0,structural_zero,design-implied zero,0,0,192,0,0,24
NAIVE|IID|NOVEL_C1-SHAM_C1|F1,0.0126953125,0.00927734375,0.016438802083333332,positive,carrier frequency; first minus second arm,54,0,138,20,0,4
NAIVE|IID|NOVEL_C1-SHAM_C1|F40,0.0,0.0,0.0,observed_exact_zero,sampled equality; not a design guarantee,0,0,192,0,0,24
NAIVE|IID|NOVEL_C1-SHAM_C1|FE1,0.011295572916666668,0.0074861653645833335,0.015266927083333335,positive,carrier frequency; first minus second arm,65,7,120,22,0,2
NAIVE|IID|NOVEL_C1-SHAM_C1|FE2,0.005696614583333333,0.0013346354166666665,0.011035156250000002,positive,carrier frequency; first minus second arm,13,1,178,6,1,17
NAIVE|IID|NOVEL_C1-SHAM_C1|FE3,0.005696614583333333,6.510416666666667e-05,0.014974772135416663,positive,carrier frequency; first minus second arm,6,0,186,4,0,20
NAIVE|IID|NOVEL_C1-SHAM_C1|FE4,0.0021158854166666665,0.0,0.006217447916666666,unresolved,carrier frequency; first minus second arm,2,0,190,2,0,22
NAIVE|IID|NOVEL_C1-SHAM_C1|FE5,0.00048828125,0.0,0.00146484375,unresolved,carrier frequency; first minus second arm,1,0,191,1,0,23
NAIVE|IID|NOVEL_C1-SHAM_C1|FE6,0.0,0.0,0.0,observed_exact_zero,sampled equality; not a design guarantee,0,0,192,0,0,24
NAIVE|IID|NOVEL_C1-SHAM_C1|FE7,0.0,0.0,0.0,observed_exact_zero,sampled equality; not a design guarantee,0,0,192,0,0,24
NAIVE|IID|NOVEL_C1-SHAM_C1|FE8,0.0,0.0,0.0,observed_exact_zero,sampled equality; not a design guarantee,0,0,192,0,0,24
NAIVE|IID|NOVEL_C1-SHAM_C1|MLOSS,5.63303629557213e-05,-0.00021909713745116866,0.00034230868021647184,unresolved,raw mismatch; first minus second arm,35,39,118,11,11,2
NAIVE|IID|NOVEL_C1-SHAM_C1|U,-5.633036295571899e-05,-0.00034230868021648117,0.00021909713745117083,unresolved,raw accuracy; first minus second arm,39,35,118,11,11,2
NAIVE|IID|NOVEL_C1-SHAM_C1|U0,0.0,0.0,0.0,structural_zero,design-implied zero,0,0,192,0,0,24
NAIVE|IID|NOVEL_C1-SHAM_C1|U1,0.0012003580729166667,0.0008188883463541666,0.0016276041666666667,positive,raw accuracy; first minus second arm,54,0,138,20,0,4
NAIVE|IID|NOVEL_C1-SHAM_C1|U40,0.0009206136067708334,-0.001948674519856771,0.003657404581705727,unresolved,raw accuracy; first minus second arm,37,34,121,13,8,3
NAIVE|IID|NOVEL_C1|D40,-0.03125,-0.03125,-0.03125,negative,carrier frequency change; absolute,0,192,0,0,24,0
NAIVE|IID|NOVEL_C1|E1,0.6085510253906251,0.6058052825927734,0.6115137227376302,positive,raw accuracy; absolute,192,0,0,24,0,0
NAIVE|IID|NOVEL_C1|E2,0.6131510416666667,0.6111286926269531,0.6152262624104818,positive,raw accuracy; absolute,192,0,0,24,0,0
NAIVE|IID|NOVEL_C1|E3,0.6147267659505209,0.6125829569498699,0.6166913859049479,positive,raw accuracy; absolute,192,0,0,24,0,0
NAIVE|IID|NOVEL_C1|E4,0.6136973063151042,0.6112353261311849,0.6160975901285807,positive,raw accuracy; absolute,192,0,0,24,0,0
NAIVE|IID|NOVEL_C1|E5,0.6160074869791666,0.6137088521321614,0.6183626047770182,positive,raw accuracy; absolute,192,0,0,24,0,0
NAIVE|IID|NOVEL_C1|E6,0.6152262369791667,0.6129475148518881,0.6177363332112631,positive,raw accuracy; absolute,192,0,0,24,0,0
NAIVE|IID|NOVEL_C1|E7,0.6153483072916667,0.6131234232584635,0.6174143727620441,positive,raw accuracy; absolute,192,0,0,24,0,0
NAIVE|IID|NOVEL_C1|E8,0.6154459635416667,0.6128010813395183,0.6181996663411459,positive,raw accuracy; absolute,192,0,0,24,0,0
NAIVE|IID|NOVEL_C1|F,0.004329427083333333,0.0022418212890625007,0.007275492350260415,positive,carrier frequency; absolute,99,0,93,24,0,0
NAIVE|IID|NOVEL_C1|F0,0.03125,0.03125,0.03125,positive,carrier frequency; absolute,192,0,0,24,0,0
NAIVE|IID|NOVEL_C1|F1,0.031412760416666664,0.025227864583333332,0.037276204427083307,positive,carrier frequency; absolute,99,0,93,24,0,0
NAIVE|IID|NOVEL_C1|F40,0.0,0.0,0.0,observed_exact_zero,sampled equality; not a design guarantee,0,0,192,0,0,24
NAIVE|IID|NOVEL_C1|FE1,0.01998697916666667,0.01416015625,0.025588378906249987,positive,carrier frequency; absolute,99,0,93,24,0,0
NAIVE|IID|NOVEL_C1|FE2,0.00634765625,0.0017578125,0.012013346354166657,positive,carrier frequency; absolute,13,0,179,7,0,17
NAIVE|IID|NOVEL_C1|FE3,0.005696614583333333,6.510416666666667e-05,0.014974772135416663,positive,carrier frequency; absolute,6,0,186,4,0,20
NAIVE|IID|NOVEL_C1|FE4,0.0021158854166666665,0.0,0.006217447916666666,unresolved,carrier frequency; absolute,2,0,190,2,0,22
NAIVE|IID|NOVEL_C1|FE5,0.00048828125,0.0,0.00146484375,unresolved,carrier frequency; absolute,1,0,191,1,0,23
NAIVE|IID|NOVEL_C1|FE6,0.0,0.0,0.0,observed_exact_zero,sampled equality; not a design guarantee,0,0,192,0,0,24
NAIVE|IID|NOVEL_C1|FE7,0.0,0.0,0.0,observed_exact_zero,sampled equality; not a design guarantee,0,0,192,0,0,24
NAIVE|IID|NOVEL_C1|FE8,0.0,0.0,0.0,observed_exact_zero,sampled equality; not a design guarantee,0,0,192,0,0,24
NAIVE|IID|NOVEL_C1|MLOSS,0.38598073323567705,0.38532806714375817,0.3866386381785075,positive,raw mismatch; absolute,192,0,0,24,0,0
NAIVE|IID|NOVEL_C1|U,0.614019266764323,0.6133613618214925,0.6146719328562419,positive,raw accuracy; absolute,192,0,0,24,0,0
NAIVE|IID|NOVEL_C1|U0,0.4830729166666667,0.45048828125,0.515625,positive,raw accuracy; absolute,192,0,0,24,0,0
NAIVE|IID|NOVEL_C1|U1,0.5816904703776041,0.5735113779703775,0.5919395446777345,positive,raw accuracy; absolute,192,0,0,24,0,0
NAIVE|IID|NOVEL_C1|U40,0.6181793212890625,0.6108798980712891,0.6258252461751302,positive,raw accuracy; absolute,192,0,0,24,0,0
NAIVE|IID|SHAM_C0|D40,-0.015625,-0.03125,0.005208333333333333,unresolved,carrier frequency change; absolute,3,189,0,3,21,0
NAIVE|IID|SHAM_C0|E1,0.6080281575520833,0.6050383758544922,0.611371103922526,positive,raw accuracy; absolute,192,0,0,24,0,0
NAIVE|IID|SHAM_C0|E2,0.6129831949869792,0.6111491394042969,0.6149581654866537,positive,raw accuracy; absolute,192,0,0,24,0,0
NAIVE|IID|SHAM_C0|E3,0.6157084147135417,0.6138285319010418,0.6175999196370443,positive,raw accuracy; absolute,192,0,0,24,0,0
NAIVE|IID|SHAM_C0|E4,0.61427001953125,0.6117083994547526,0.6167797088623047,positive,raw accuracy; absolute,192,0,0,24,0,0
NAIVE|IID|SHAM_C0|E5,0.6152475992838542,0.6128976186116537,0.6176900990804035,positive,raw accuracy; absolute,192,0,0,24,0,0
NAIVE|IID|SHAM_C0|E6,0.6141448974609375,0.6121876525878907,0.6162294514973959,positive,raw accuracy; absolute,192,0,0,24,0,0
NAIVE|IID|SHAM_C0|E7,0.6156148274739582,0.6132086944580077,0.6179728444417317,positive,raw accuracy; absolute,192,0,0,24,0,0
NAIVE|IID|SHAM_C0|E8,0.6139892578125,0.6115960184733072,0.6164798482259114,positive,raw accuracy; absolute,192,0,0,24,0,0
NAIVE|IID|SHAM_C0|F,0.02206624348958333,0.009452107747395832,0.03831075032552082,positive,carrier frequency; absolute,127,0,65,24,0,0
NAIVE|IID|SHAM_C0|F0,0.03125,0.03125,0.03125,positive,carrier frequency; absolute,192,0,0,24,0,0
NAIVE|IID|SHAM_C0|F1,0.033365885416666664,0.029459635416666668,0.03759765625,positive,carrier frequency; absolute,127,0,65,24,0,0
NAIVE|IID|SHAM_C0|F40,0.015625,0.0,0.036458333333333336,unresolved,carrier frequency; absolute,3,0,189,3,0,21
NAIVE|IID|SHAM_C0|FE1,0.03544921875,0.02688720703125,0.04537923177083333,positive,carrier frequency; absolute,127,0,65,24,0,0
NAIVE|IID|SHAM_C0|FE2,0.025065104166666668,0.01454833984375,0.03717447916666666,positive,carrier frequency; absolute,32,0,160,17,0,7
NAIVE|IID|SHAM_C0|FE3,0.024804687499999995,0.0099267578125,0.04410888671874999,positive,carrier frequency; absolute,13,0,179,12,0,12
NAIVE|IID|SHAM_C0|FE4,0.022265625,0.006018880208333334,0.04323079427083333,positive,carrier frequency; absolute,7,0,185,6,0,18
NAIVE|IID|SHAM_C0|FE5,0.02096354166666667,0.0053059895833333336,0.040830078124999954,positive,carrier frequency; absolute,7,0,185,6,0,18
NAIVE|IID|SHAM_C0|FE6,0.016731770833333333,0.0011067708333333333,0.036458333333333336,positive,carrier frequency; absolute,4,0,188,4,0,20
NAIVE|IID|SHAM_C0|FE7,0.015625,0.0,0.036458333333333336,unresolved,carrier frequency; absolute,3,0,189,3,0,21
NAIVE|IID|SHAM_C0|FE8,0.015625,0.0,0.036458333333333336,unresolved,carrier frequency; absolute,3,0,189,3,0,21
NAIVE|IID|SHAM_C0|MLOSS,0.386251703898112,0.3854925950368246,0.386985870997111,positive,raw mismatch; absolute,192,0,0,24,0,0
NAIVE|IID|SHAM_C0|U,0.613748296101888,0.6130141290028891,0.6145074049631755,positive,raw accuracy; absolute,192,0,0,24,0,0
NAIVE|IID|SHAM_C0|U0,0.4830729166666667,0.45048828125,0.515625,positive,raw accuracy; absolute,192,0,0,24,0,0
NAIVE|IID|SHAM_C0|U1,0.5806732177734375,0.572280756632487,0.5910461425781249,positive,raw accuracy; absolute,192,0,0,24,0,0
NAIVE|IID|SHAM_C0|U40,0.6143900553385416,0.6089883168538411,0.6205757141113282,positive,raw accuracy; absolute,192,0,0,24,0,0
NAIVE|IID|SHAM_C1|D40,-0.03125,-0.03125,-0.03125,negative,carrier frequency change; absolute,0,192,0,0,24,0
NAIVE|IID|SHAM_C1|E1,0.6079884847005208,0.6050123850504557,0.6111666361490886,positive,raw accuracy; absolute,192,0,0,24,0,0
NAIVE|IID|SHAM_C1|E2,0.6127156575520832,0.6108700561523438,0.6148570505777994,positive,raw accuracy; absolute,192,0,0,24,0,0
NAIVE|IID|SHAM_C1|E3,0.6153432210286458,0.6137694803873698,0.6168336232503255,positive,raw accuracy; absolute,192,0,0,24,0,0
NAIVE|IID|SHAM_C1|E4,0.614447021484375,0.6119006601969401,0.6169354502360026,positive,raw accuracy; absolute,192,0,0,24,0,0
NAIVE|IID|SHAM_C1|E5,0.6163482666015625,0.6138140614827474,0.6189922587076824,positive,raw accuracy; absolute,192,0,0,24,0,0
NAIVE|IID|SHAM_C1|E6,0.615057373046875,0.6127266693115234,0.6174775187174479,positive,raw accuracy; absolute,192,0,0,24,0,0
NAIVE|IID|SHAM_C1|E7,0.6155934651692708,0.6133930714925131,0.6177176411946615,positive,raw accuracy; absolute,192,0,0,24,0,0
NAIVE|IID|SHAM_C1|E8,0.6151112874348957,0.6124538421630858,0.6178876495361327,positive,raw accuracy; absolute,192,0,0,24,0,0
NAIVE|IID|SHAM_C1|F,0.0011678059895833333,0.0007853190104166667,0.0015708414713541659,positive,carrier frequency; absolute,67,0,125,22,0,2
NAIVE|IID|SHAM_C1|F0,0.03125,0.03125,0.03125,positive,carrier frequency; absolute,192,0,0,24,0,0
NAIVE|IID|SHAM_C1|F1,0.018717447916666668,0.014322916666666666,0.023111979166666668,positive,carrier frequency; absolute,67,0,125,22,0,2
NAIVE|IID|SHAM_C1|F40,0.0,0.0,0.0,observed_exact_zero,sampled equality; not a design guarantee,0,0,192,0,0,24
NAIVE|IID|SHAM_C1|FE1,0.00869140625,0.00608642578125,0.011394042968749999,positive,carrier frequency; absolute,67,0,125,22,0,2
NAIVE|IID|SHAM_C1|FE2,0.0006510416666666666,0.0,0.00166015625,unresolved,carrier frequency; absolute,2,0,190,2,0,22
NAIVE|IID|SHAM_C1|FE3,0.0,0.0,0.0,observed_exact_zero,sampled equality; not a design guarantee,0,0,192,0,0,24
NAIVE|IID|SHAM_C1|FE4,0.0,0.0,0.0,observed_exact_zero,sampled equality; not a design guarantee,0,0,192,0,0,24
NAIVE|IID|SHAM_C1|FE5,0.0,0.0,0.0,observed_exact_zero,sampled equality; not a design guarantee,0,0,192,0,0,24
NAIVE|IID|SHAM_C1|FE6,0.0,0.0,0.0,observed_exact_zero,sampled equality; not a design guarantee,0,0,192,0,0,24
NAIVE|IID|SHAM_C1|FE7,0.0,0.0,0.0,observed_exact_zero,sampled equality; not a design guarantee,0,0,192,0,0,24
NAIVE|IID|SHAM_C1|FE8,0.0,0.0,0.0,observed_exact_zero,sampled equality; not a design guarantee,0,0,192,0,0,24
NAIVE|IID|SHAM_C1|MLOSS,0.3859244028727214,0.3851019509633382,0.3867070897420248,positive,raw mismatch; absolute,192,0,0,24,0,0
NAIVE|IID|SHAM_C1|U,0.6140755971272785,0.6132929102579753,0.6148980490366618,positive,raw accuracy; absolute,192,0,0,24,0,0
NAIVE|IID|SHAM_C1|U0,0.4830729166666667,0.45048828125,0.515625,positive,raw accuracy; absolute,192,0,0,24,0,0
NAIVE|IID|SHAM_C1|U1,0.5804901123046875,0.5721021016438802,0.5908727010091146,positive,raw accuracy; absolute,192,0,0,24,0,0
NAIVE|IID|SHAM_C1|U40,0.6172587076822916,0.6100917816162109,0.6251832326253255,positive,raw accuracy; absolute,192,0,0,24,0,0
NAIVE|RECUR_MINUS_IID|ACTIVE_C0-NOVEL_C0|D40,0.2618815104166667,0.18098551432291668,0.34814453125,positive,carrier frequency change; recurrence-minus-IID difference,58,11,123,20,1,3
NAIVE|RECUR_MINUS_IID|ACTIVE_C0-NOVEL_C0|E1,0.0013651529947916556,-8.366902669304613e-06,0.0029167175292968395,unresolved,raw accuracy; recurrence-minus-IID difference,97,68,27,14,10,0
NAIVE|RECUR_MINUS_IID|ACTIVE_C0-NOVEL_C0|E2,-0.0004608154296875065,-0.0031790415445963408,0.0021151479085286403,unresolved,raw accuracy; recurrence-minus-IID difference,82,83,27,10,14,0
NAIVE|RECUR_MINUS_IID|ACTIVE_C0-NOVEL_C0|E3,0.00422159830729163,0.0005295562744140433,0.008138122558593709,positive,raw accuracy; recurrence-minus-IID difference,96,68,28,15,9,0
NAIVE|RECUR_MINUS_IID|ACTIVE_C0-NOVEL_C0|E4,0.008227539062499978,0.004021097819010413,0.012598724365234326,positive,raw accuracy; recurrence-minus-IID difference,95,70,27,19,5,0
NAIVE|RECUR_MINUS_IID|ACTIVE_C0-NOVEL_C0|E5,0.013274129231770801,0.007888463338216125,0.01928718566894527,positive,raw accuracy; recurrence-minus-IID difference,98,64,30,21,3,0
NAIVE|RECUR_MINUS_IID|ACTIVE_C0-NOVEL_C0|E6,0.015783691406249977,0.008590596516927087,0.02342877705891922,positive,raw accuracy; recurrence-minus-IID difference,99,66,27,20,4,0
NAIVE|RECUR_MINUS_IID|ACTIVE_C0-NOVEL_C0|E7,0.018935139973958334,0.011620864868164061,0.02678769429524736,positive,raw accuracy; recurrence-minus-IID difference,106,58,28,21,3,0
NAIVE|RECUR_MINUS_IID|ACTIVE_C0-NOVEL_C0|E8,0.022958374023437537,0.013292465209960936,0.0328385162353516,positive,raw accuracy; recurrence-minus-IID difference,110,54,28,20,4,0
NAIVE|RECUR_MINUS_IID|ACTIVE_C0-NOVEL_C0|F,0.18837890624999998,0.12275644938151041,0.25596638997395815,positive,carrier frequency; recurrence-minus-IID difference,107,60,25,21,3,0
NAIVE|RECUR_MINUS_IID|ACTIVE_C0-NOVEL_C0|F0,0.0,0.0,0.0,structural_zero,design-implied zero,0,0,192,0,0,24
NAIVE|RECUR_MINUS_IID|ACTIVE_C0-NOVEL_C0|F1,0.004231770833333333,-0.0006510416666666666,0.009602864583333334,unresolved,carrier frequency; recurrence-minus-IID difference,59,42,91,12,8,4
NAIVE|RECUR_MINUS_IID|ACTIVE_C0-NOVEL_C0|F40,0.2618815104166667,0.18098551432291668,0.34814453125,positive,carrier frequency; recurrence-minus-IID difference,58,11,123,20,1,3
NAIVE|RECUR_MINUS_IID|ACTIVE_C0-NOVEL_C0|FE1,0.02503255208333333,0.0063802083333333315,0.040756835937499986,positive,carrier frequency; recurrence-minus-IID difference,102,65,25,16,8,0
NAIVE|RECUR_MINUS_IID|ACTIVE_C0-NOVEL_C0|FE2,0.12278645833333333,0.0715478515625,0.17334147135416667,positive,carrier frequency; recurrence-minus-IID difference,84,37,71,18,5,1
NAIVE|RECUR_MINUS_IID|ACTIVE_C0-NOVEL_C0|FE3,0.1577799479166667,0.08313232421875001,0.23162190755208326,positive,carrier frequency; recurrence-minus-IID difference,69,24,99,17,7,0
NAIVE|RECUR_MINUS_IID|ACTIVE_C0-NOVEL_C0|FE4,0.20348307291666665,0.12259114583333335,0.2860473632812499,positive,carrier frequency; recurrence-minus-IID difference,62,18,112,19,5,0
NAIVE|RECUR_MINUS_IID|ACTIVE_C0-NOVEL_C0|FE5,0.23326822916666665,0.15305582682291666,0.31839599609374997,positive,carrier frequency; recurrence-minus-IID difference,61,15,116,20,4,0
NAIVE|RECUR_MINUS_IID|ACTIVE_C0-NOVEL_C0|FE6,0.2446614583333333,0.16568277994791666,0.3270450846354165,positive,carrier frequency; recurrence-minus-IID difference,61,12,119,21,1,2
NAIVE|RECUR_MINUS_IID|ACTIVE_C0-NOVEL_C0|FE7,0.25927734375,0.17766357421874998,0.34484374999999984,positive,carrier frequency; recurrence-minus-IID difference,59,12,121,21,1,2
NAIVE|RECUR_MINUS_IID|ACTIVE_C0-NOVEL_C0|FE8,0.2607421875,0.17993326822916667,0.3460636393229166,positive,carrier frequency; recurrence-minus-IID difference,58,11,123,20,1,3
NAIVE|RECUR_MINUS_IID|ACTIVE_C0-NOVEL_C0|MLOSS,-0.010538101196289062,-0.015356190999348941,-0.006044975916544617,negative,raw mismatch; recurrence-minus-IID difference,58,108,26,3,21,0
NAIVE|RECUR_MINUS_IID|ACTIVE_C0-NOVEL_C0|U,0.010538101196289082,0.006044975916544626,0.015356190999349009,positive,raw accuracy; recurrence-minus-IID difference,108,58,26,21,3,0
NAIVE|RECUR_MINUS_IID|ACTIVE_C0-NOVEL_C0|U0,0.0,0.0,0.0,structural_zero,design-implied zero,0,0,192,0,0,24
NAIVE|RECUR_MINUS_IID|ACTIVE_C0-NOVEL_C0|U1,0.0003560384114583333,-7.120768229166667e-05,0.0007834116617838535,unresolved,raw accuracy; recurrence-minus-IID difference,58,43,91,15,7,2
NAIVE|RECUR_MINUS_IID|ACTIVE_C0-NOVEL_C0|U40,0.027699788411458332,0.015650177001953126,0.039892323811848956,positive,raw accuracy; recurrence-minus-IID difference,108,53,31,21,3,0
NAIVE|RECUR_MINUS_IID|ACTIVE_C1-NOVEL_C1|D40,0.020833333333333332,0.0,0.052083333333333336,unresolved,carrier frequency change; recurrence-minus-IID difference,4,0,188,2,0,22
NAIVE|RECUR_MINUS_IID|ACTIVE_C1-NOVEL_C1|E1,0.0007537841796874944,-0.00012926737467449992,0.0017640431722005254,unresolved,raw accuracy; recurrence-minus-IID difference,63,46,83,15,9,0
NAIVE|RECUR_MINUS_IID|ACTIVE_C1-NOVEL_C1|E2,0.000770060221354188,-0.0006943766276041226,0.0021515655517578124,unresolved,raw accuracy; recurrence-minus-IID difference,57,50,85,14,10,0
NAIVE|RECUR_MINUS_IID|ACTIVE_C1-NOVEL_C1|E3,-0.0008758544921874944,-0.0033966318766276145,0.0011862691243489925,unresolved,raw accuracy; recurrence-minus-IID difference,53,55,84,11,13,0
NAIVE|RECUR_MINUS_IID|ACTIVE_C1-NOVEL_C1|E4,0.0006998697916666824,-0.0013053894042968676,0.002805989583333361,unresolved,raw accuracy; recurrence-minus-IID difference,51,53,88,11,13,0
NAIVE|RECUR_MINUS_IID|ACTIVE_C1-NOVEL_C1|E5,0.0015329996744791463,-0.0009101104736328189,0.004660034179687486,unresolved,raw accuracy; recurrence-minus-IID difference,54,52,86,13,11,0
NAIVE|RECUR_MINUS_IID|ACTIVE_C1-NOVEL_C1|E6,0.002663167317708326,-0.0003255971272786777,0.006214447021484398,unresolved,raw accuracy; recurrence-minus-IID difference,57,48,87,15,9,0
NAIVE|RECUR_MINUS_IID|ACTIVE_C1-NOVEL_C1|E7,0.0028676350911458572,-9.473164876299492e-05,0.0065501403808593765,unresolved,raw accuracy; recurrence-minus-IID difference,62,44,86,15,9,0
NAIVE|RECUR_MINUS_IID|ACTIVE_C1-NOVEL_C1|E8,0.0034189860026041935,-0.0003747304280598655,0.00819211324055992,unresolved,raw accuracy; recurrence-minus-IID difference,55,51,86,14,10,0
NAIVE|RECUR_MINUS_IID|ACTIVE_C1-NOVEL_C1|F,0.018025716145833332,0.002139994303385416,0.03946706136067706,positive,carrier frequency; recurrence-minus-IID difference,70,38,84,19,5,0
NAIVE|RECUR_MINUS_IID|ACTIVE_C1-NOVEL_C1|F0,0.0,0.0,0.0,structural_zero,design-implied zero,0,0,192,0,0,24
NAIVE|RECUR_MINUS_IID|ACTIVE_C1-NOVEL_C1|F1,0.0035807291666666665,-0.0003255208333333333,0.007649739583333333,unresolved,carrier frequency; recurrence-minus-IID difference,48,32,112,14,5,5
NAIVE|RECUR_MINUS_IID|ACTIVE_C1-NOVEL_C1|F40,0.020833333333333332,0.0,0.052083333333333336,unresolved,carrier frequency; recurrence-minus-IID difference,4,0,188,2,0,22
NAIVE|RECUR_MINUS_IID|ACTIVE_C1-NOVEL_C1|FE1,0.007519531250000003,-0.00019531249999999904,0.014226074218749997,unresolved,carrier frequency; recurrence-minus-IID difference,68,40,84,19,5,0
NAIVE|RECUR_MINUS_IID|ACTIVE_C1-NOVEL_C1|FE2,0.015494791666666665,0.006377766927083333,0.026044108072916655,positive,carrier frequency; recurrence-minus-IID difference,22,7,163,11,4,9
NAIVE|RECUR_MINUS_IID|ACTIVE_C1-NOVEL_C1|FE3,0.020735677083333334,0.004426269531250001,0.039616699218749996,positive,carrier frequency; recurrence-minus-IID difference,12,0,180,8,0,16
NAIVE|RECUR_MINUS_IID|ACTIVE_C1-NOVEL_C1|FE4,0.020638020833333336,0.00013020833333333333,0.04701009114583332,positive,carrier frequency; recurrence-minus-IID difference,6,0,186,4,0,20
NAIVE|RECUR_MINUS_IID|ACTIVE_C1-NOVEL_C1|FE5,0.018587239583333335,0.0,0.04388020833333334,unresolved,carrier frequency; recurrence-minus-IID difference,5,0,187,3,0,21
NAIVE|RECUR_MINUS_IID|ACTIVE_C1-NOVEL_C1|FE6,0.019563802083333335,0.0,0.04827473958333334,unresolved,carrier frequency; recurrence-minus-IID difference,4,0,188,2,0,22
NAIVE|RECUR_MINUS_IID|ACTIVE_C1-NOVEL_C1|FE7,0.020833333333333332,0.0,0.052083333333333336,unresolved,carrier frequency; recurrence-minus-IID difference,4,0,188,2,0,22
NAIVE|RECUR_MINUS_IID|ACTIVE_C1-NOVEL_C1|FE8,0.020833333333333332,0.0,0.052083333333333336,unresolved,carrier frequency; recurrence-minus-IID difference,4,0,188,2,0,22
NAIVE|RECUR_MINUS_IID|ACTIVE_C1-NOVEL_C1|MLOSS,-0.0014788309733073043,-0.0036104106903076267,0.00013798395792642272,unresolved,raw mismatch; recurrence-minus-IID difference,56,55,81,12,12,0
NAIVE|RECUR_MINUS_IID|ACTIVE_C1-NOVEL_C1|U,0.0014788309733072963,-0.00013798395792643224,0.003610410690307634,unresolved,raw accuracy; recurrence-minus-IID difference,55,56,81,12,12,0
NAIVE|RECUR_MINUS_IID|ACTIVE_C1-NOVEL_C1|U0,0.0,0.0,0.0,structural_zero,design-implied zero,0,0,192,0,0,24
NAIVE|RECUR_MINUS_IID|ACTIVE_C1-NOVEL_C1|U1,0.0003255208333333333,-8.138020833333333e-05,0.0007325490315755202,unresolved,raw accuracy; recurrence-minus-IID difference,50,36,106,15,7,2
NAIVE|RECUR_MINUS_IID|ACTIVE_C1-NOVEL_C1|U40,0.003265380859375,-0.0028078715006510414,0.009847895304361975,unresolved,raw accuracy; recurrence-minus-IID difference,56,51,85,12,12,0
NAIVE|RECUR_MINUS_IID|NOVEL_C0|D40,-0.22005208333333334,-0.3058349609375,-0.14256184895833343,negative,carrier frequency change; recurrence-minus-IID difference,1,44,147,1,18,5
NAIVE|RECUR_MINUS_IID|NOVEL_C0|E1,0.012804158528645826,0.006716868082682298,0.019092051188151035,positive,raw accuracy; recurrence-minus-IID difference,137,55,0,17,7,0
NAIVE|RECUR_MINUS_IID|NOVEL_C0|E2,0.06162821451822917,0.05124458312988283,0.07272410074869788,positive,raw accuracy; recurrence-minus-IID difference,189,3,0,24,0,0
NAIVE|RECUR_MINUS_IID|NOVEL_C0|E3,0.08699747721354169,0.07296562194824217,0.10188326517740885,positive,raw accuracy; recurrence-minus-IID difference,190,2,0,24,0,0
NAIVE|RECUR_MINUS_IID|NOVEL_C0|E4,0.10480346679687502,0.08818117777506512,0.12269157409667966,positive,raw accuracy; recurrence-minus-IID difference,192,0,0,24,0,0
NAIVE|RECUR_MINUS_IID|NOVEL_C0|E5,0.11043497721354167,0.09234217325846358,0.13107460021972656,positive,raw accuracy; recurrence-minus-IID difference,192,0,0,24,0,0
NAIVE|RECUR_MINUS_IID|NOVEL_C0|E6,0.11190592447916668,0.09307696024576824,0.13296198527018227,positive,raw accuracy; recurrence-minus-IID difference,192,0,0,24,0,0
NAIVE|RECUR_MINUS_IID|NOVEL_C0|E7,0.11207580566406251,0.09401738484700521,0.13233034769694013,positive,raw accuracy; recurrence-minus-IID difference,192,0,0,24,0,0
NAIVE|RECUR_MINUS_IID|NOVEL_C0|E8,0.11113688151041663,0.092727788289388,0.13245770772298177,positive,raw accuracy; recurrence-minus-IID difference,192,0,0,24,0,0
NAIVE|RECUR_MINUS_IID|NOVEL_C0|F,-0.15523681640624998,-0.21834279378255206,-0.0956716918945313,negative,carrier frequency; recurrence-minus-IID difference,65,109,18,2,22,0
NAIVE|RECUR_MINUS_IID|NOVEL_C0|F0,0.0,0.0,0.0,structural_zero,design-implied zero,0,0,192,0,0,24
NAIVE|RECUR_MINUS_IID|NOVEL_C0|F1,-0.008463541666666666,-0.01611328125,-0.0013020833333333333,negative,carrier frequency; recurrence-minus-IID difference,45,81,66,8,15,1
NAIVE|RECUR_MINUS_IID|NOVEL_C0|F40,-0.22005208333333334,-0.3058349609375,-0.14256184895833343,negative,carrier frequency; recurrence-minus-IID difference,1,44,147,1,18,5
NAIVE|RECUR_MINUS_IID|NOVEL_C0|FE1,-0.019824218750000004,-0.03590576171875,-0.004978841145833347,negative,carrier frequency; recurrence-minus-IID difference,67,105,20,9,15,0
NAIVE|RECUR_MINUS_IID|NOVEL_C0|FE2,-0.08929036458333334,-0.12970133463541664,-0.05048258463541671,negative,carrier frequency; recurrence-minus-IID difference,32,70,90,3,21,0
NAIVE|RECUR_MINUS_IID|NOVEL_C0|FE3,-0.13391927083333333,-0.19407958984375,-0.07606119791666673,negative,carrier frequency; recurrence-minus-IID difference,11,54,127,3,21,0
NAIVE|RECUR_MINUS_IID|NOVEL_C0|FE4,-0.17060546874999996,-0.2427620442708333,-0.10370768229166669,negative,carrier frequency; recurrence-minus-IID difference,4,48,140,2,20,2
NAIVE|RECUR_MINUS_IID|NOVEL_C0|FE5,-0.1923828125,-0.27451171874999997,-0.11711914062500002,negative,carrier frequency; recurrence-minus-IID difference,2,48,142,1,20,3
NAIVE|RECUR_MINUS_IID|NOVEL_C0|FE6,-0.2036783854166667,-0.28670572916666665,-0.1265909830729167,negative,carrier frequency; recurrence-minus-IID difference,1,46,145,1,20,3
NAIVE|RECUR_MINUS_IID|NOVEL_C0|FE7,-0.21464843750000004,-0.2992781575520833,-0.13788899739583335,negative,carrier frequency; recurrence-minus-IID difference,1,45,146,1,19,4
NAIVE|RECUR_MINUS_IID|NOVEL_C0|FE8,-0.21754557291666665,-0.3032633463541667,-0.1401546223958334,negative,carrier frequency; recurrence-minus-IID difference,1,44,147,1,18,5
NAIVE|RECUR_MINUS_IID|NOVEL_C0|MLOSS,-0.08897336324055989,-0.10558519363403322,-0.07413053194681807,negative,raw mismatch; recurrence-minus-IID difference,0,192,0,0,24,0
NAIVE|RECUR_MINUS_IID|NOVEL_C0|U,0.08897336324055989,0.07413053194681805,0.1055851936340332,positive,raw accuracy; recurrence-minus-IID difference,192,0,0,24,0,0
NAIVE|RECUR_MINUS_IID|NOVEL_C0|U0,0.03125,-0.0065429687499999984,0.07294921874999982,unresolved,raw accuracy; recurrence-minus-IID difference,96,72,24,12,9,3
NAIVE|RECUR_MINUS_IID|NOVEL_C0|U1,0.007151285807291667,-0.004259363810221354,0.01871248881022135,unresolved,raw accuracy; recurrence-minus-IID difference,108,83,1,14,10,0
NAIVE|RECUR_MINUS_IID|NOVEL_C0|U40,0.10468546549479167,0.08475456237792969,0.1272552490234375,positive,raw accuracy; recurrence-minus-IID difference,186,5,1,24,0,0
NAIVE|RECUR_MINUS_IID|NOVEL_C1|D40,0.0,0.0,0.0,observed_exact_zero,sampled equality; not a design guarantee,0,0,192,0,0,24
NAIVE|RECUR_MINUS_IID|NOVEL_C1|E1,0.013796997070312492,0.0071878560384114575,0.02051409403483071,positive,raw accuracy; recurrence-minus-IID difference,134,58,0,17,7,0
NAIVE|RECUR_MINUS_IID|NOVEL_C1|E2,0.06016438802083331,0.04938715616861981,0.0715626780192057,positive,raw accuracy; recurrence-minus-IID difference,184,8,0,24,0,0
NAIVE|RECUR_MINUS_IID|NOVEL_C1|E3,0.09008992513020832,0.07607078552246092,0.10533948262532553,positive,raw accuracy; recurrence-minus-IID difference,192,0,0,24,0,0
NAIVE|RECUR_MINUS_IID|NOVEL_C1|E4,0.10627848307291667,0.0898926798502604,0.12436663309733073,positive,raw accuracy; recurrence-minus-IID difference,192,0,0,24,0,0
NAIVE|RECUR_MINUS_IID|NOVEL_C1|E5,0.11222432454427082,0.09376813252766927,0.13273200988769532,positive,raw accuracy; recurrence-minus-IID difference,192,0,0,24,0,0
NAIVE|RECUR_MINUS_IID|NOVEL_C1|E6,0.11321512858072914,0.0949256642659505,0.1334607696533203,positive,raw accuracy; recurrence-minus-IID difference,192,0,0,24,0,0
NAIVE|RECUR_MINUS_IID|NOVEL_C1|E7,0.1144724527994792,0.09547281901041668,0.13556231180826822,positive,raw accuracy; recurrence-minus-IID difference,192,0,0,24,0,0
NAIVE|RECUR_MINUS_IID|NOVEL_C1|E8,0.11321919759114583,0.09424552917480467,0.13476244608561197,positive,raw accuracy; recurrence-minus-IID difference,192,0,0,24,0,0
NAIVE|RECUR_MINUS_IID|NOVEL_C1|F,-0.002290852864583333,-0.005371297200520833,4.069010416645153e-07,unresolved,carrier frequency; recurrence-minus-IID difference,52,74,66,9,14,1
NAIVE|RECUR_MINUS_IID|NOVEL_C1|F0,0.0,0.0,0.0,structural_zero,design-implied zero,0,0,192,0,0,24
NAIVE|RECUR_MINUS_IID|NOVEL_C1|F1,-0.007486979166666667,-0.015303548177083333,0.0004923502604166444,unresolved,carrier frequency; recurrence-minus-IID difference,42,65,85,8,15,1
NAIVE|RECUR_MINUS_IID|NOVEL_C1|F40,0.0,0.0,0.0,observed_exact_zero,sampled equality; not a design guarantee,0,0,192,0,0,24
NAIVE|RECUR_MINUS_IID|NOVEL_C1|FE1,-0.005045572916666668,-0.0130859375,0.002442220052083328,unresolved,carrier frequency; recurrence-minus-IID difference,52,73,67,9,14,1
NAIVE|RECUR_MINUS_IID|NOVEL_C1|FE2,-0.00498046875,-0.010774739583333333,-0.0003572591145833375,negative,carrier frequency; recurrence-minus-IID difference,9,13,170,6,7,11
NAIVE|RECUR_MINUS_IID|NOVEL_C1|FE3,-0.005696614583333333,-0.014974772135416667,-6.510416666666667e-05,negative,carrier frequency; recurrence-minus-IID difference,0,6,186,0,4,20
NAIVE|RECUR_MINUS_IID|NOVEL_C1|FE4,-0.0021158854166666665,-0.006217447916666666,0.0,unresolved,carrier frequency; recurrence-minus-IID difference,0,2,190,0,2,22
NAIVE|RECUR_MINUS_IID|NOVEL_C1|FE5,-0.00048828125,-0.00146484375,0.0,unresolved,carrier frequency; recurrence-minus-IID difference,0,1,191,0,1,23
NAIVE|RECUR_MINUS_IID|NOVEL_C1|FE6,0.0,0.0,0.0,observed_exact_zero,sampled equality; not a design guarantee,0,0,192,0,0,24
NAIVE|RECUR_MINUS_IID|NOVEL_C1|FE7,0.0,0.0,0.0,observed_exact_zero,sampled equality; not a design guarantee,0,0,192,0,0,24
NAIVE|RECUR_MINUS_IID|NOVEL_C1|FE8,0.0,0.0,0.0,observed_exact_zero,sampled equality; not a design guarantee,0,0,192,0,0,24
NAIVE|RECUR_MINUS_IID|NOVEL_C1|MLOSS,-0.09043261210123699,-0.10717723210652669,-0.07552510261535644,negative,raw mismatch; recurrence-minus-IID difference,0,192,0,0,24,0
NAIVE|RECUR_MINUS_IID|NOVEL_C1|U,0.09043261210123697,0.07552510261535647,0.10717723210652665,positive,raw accuracy; recurrence-minus-IID difference,192,0,0,24,0,0
NAIVE|RECUR_MINUS_IID|NOVEL_C1|U0,0.03125,-0.0065429687499999984,0.07294921874999982,unresolved,raw accuracy; recurrence-minus-IID difference,96,72,24,12,9,3
NAIVE|RECUR_MINUS_IID|NOVEL_C1|U1,0.007232666015625,-0.004224268595377605,0.018854904174804687,unresolved,raw accuracy; recurrence-minus-IID difference,108,84,0,14,10,0
NAIVE|RECUR_MINUS_IID|NOVEL_C1|U40,0.10783894856770833,0.08661104838053386,0.13119519551595052,positive,raw accuracy; recurrence-minus-IID difference,185,7,0,23,1,0
NAIVE|RECUR|ACTIVE_C0-NOVEL_C0|D40,0.140625,0.083203125,0.19791666666666666,positive,carrier frequency change; first minus second arm,28,1,163,16,1,7
NAIVE|RECUR|ACTIVE_C0-NOVEL_C0|E1,-0.00018412272135416574,-0.001152598063151039,0.0010744984944661433,unresolved,raw accuracy; first minus second arm,65,51,76,9,12,3
NAIVE|RECUR|ACTIVE_C0-NOVEL_C0|E2,0.00016174316406250555,-0.002074178059895816,0.0023798624674479197,unresolved,raw accuracy; first minus second arm,56,58,78,12,11,1
NAIVE|RECUR|ACTIVE_C0-NOVEL_C0|E3,0.0036336263020833176,0.00040990193684896495,0.006945521036783799,positive,raw accuracy; first minus second arm,66,48,78,13,10,1
NAIVE|RECUR|ACTIVE_C0-NOVEL_C0|E4,0.007360839843750022,0.0033445485432942734,0.011589635213216144,positive,raw accuracy; first minus second arm,68,46,78,17,6,1
NAIVE|RECUR|ACTIVE_C0-NOVEL_C0|E5,0.011766560872395823,0.006326217651367179,0.017545242309570316,positive,raw accuracy; first minus second arm,75,35,82,22,1,1
NAIVE|RECUR|ACTIVE_C0-NOVEL_C0|E6,0.014201863606770804,0.007076594034830723,0.02166046142578119,positive,raw accuracy; first minus second arm,62,50,80,19,4,1
NAIVE|RECUR|ACTIVE_C0-NOVEL_C0|E7,0.018158976236979152,0.01019770304361979,0.026714909871419244,positive,raw accuracy; first minus second arm,73,38,81,21,2,1
NAIVE|RECUR|ACTIVE_C0-NOVEL_C0|E8,0.020384724934895872,0.01110074361165368,0.030261357625325554,positive,raw accuracy; first minus second arm,63,44,85,19,4,1
NAIVE|RECUR|ACTIVE_C0-NOVEL_C0|F,0.10576171875,0.05872955322265625,0.1529469807942708,positive,carrier frequency; first minus second arm,53,66,73,19,5,0
NAIVE|RECUR|ACTIVE_C0-NOVEL_C0|F0,0.0,0.0,0.0,structural_zero,design-implied zero,0,0,192,0,0,24
NAIVE|RECUR|ACTIVE_C0-NOVEL_C0|F1,-0.010091145833333334,-0.014973958333333334,-0.005045572916666667,negative,carrier frequency; first minus second arm,15,56,121,5,17,2
NAIVE|RECUR|ACTIVE_C0-NOVEL_C0|F40,0.140625,0.083203125,0.19791666666666666,positive,carrier frequency; first minus second arm,28,1,163,16,1,7
NAIVE|RECUR|ACTIVE_C0-NOVEL_C0|FE1,-0.0004557291666666665,-0.009571126302083333,0.008789062499999998,unresolved,carrier frequency; first minus second arm,50,68,74,11,13,0
NAIVE|RECUR|ACTIVE_C0-NOVEL_C0|FE2,0.0751953125,0.039449055989583336,0.11152750651041665,positive,carrier frequency; first minus second arm,38,20,134,18,5,1
NAIVE|RECUR|ACTIVE_C0-NOVEL_C0|FE3,0.10179036458333335,0.052821451822916664,0.15065266927083334,positive,carrier frequency; first minus second arm,31,7,154,17,4,3
NAIVE|RECUR|ACTIVE_C0-NOVEL_C0|FE4,0.12005208333333332,0.06323893229166666,0.17803466796874995,positive,carrier frequency; first minus second arm,28,3,161,16,3,5
NAIVE|RECUR|ACTIVE_C0-NOVEL_C0|FE5,0.13138020833333333,0.07255452473958333,0.1909920247395833,positive,carrier frequency; first minus second arm,28,2,162,16,2,6
NAIVE|RECUR|ACTIVE_C0-NOVEL_C0|FE6,0.13691406250000002,0.0775341796875,0.1963566080729167,positive,carrier frequency; first minus second arm,28,2,162,16,2,6
NAIVE|RECUR|ACTIVE_C0-NOVEL_C0|FE7,0.14059244791666667,0.08310791015625,0.19791666666666666,positive,carrier frequency; first minus second arm,28,1,163,16,1,7
NAIVE|RECUR|ACTIVE_C0-NOVEL_C0|FE8,0.140625,0.083203125,0.19791666666666666,positive,carrier frequency; first minus second arm,28,1,163,16,1,7
NAIVE|RECUR|ACTIVE_C0-NOVEL_C0|MLOSS,-0.009435526529947917,-0.01445066452026367,-0.004768969217936212,negative,raw mismatch; first minus second arm,44,73,75,5,18,1
NAIVE|RECUR|ACTIVE_C0-NOVEL_C0|U,0.009435526529947913,0.00476896921793619,0.014450664520263673,positive,raw accuracy; first minus second arm,73,44,75,18,5,1
NAIVE|RECUR|ACTIVE_C0-NOVEL_C0|U0,0.0,0.0,0.0,structural_zero,design-implied zero,0,0,192,0,0,24
NAIVE|RECUR|ACTIVE_C0-NOVEL_C0|U1,-0.0009511311848958334,-0.0012462615966796875,-0.00067138671875,negative,raw accuracy; first minus second arm,1,50,141,0,20,4
NAIVE|RECUR|ACTIVE_C0-NOVEL_C0|U40,0.020512898763020832,0.009729894002278645,0.03123499552408854,positive,raw accuracy; first minus second arm,62,40,90,19,4,1
NAIVE|RECUR|ACTIVE_C0-SHAM_C0|D40,0.0966796875,0.034830729166666664,0.1591796875,positive,carrier frequency change; first minus second arm,21,3,168,13,3,8
NAIVE|RECUR|ACTIVE_C0-SHAM_C0|E1,0.00013224283854166666,-0.0004699707031249937,0.000721384684244783,unresolved,raw accuracy; first minus second arm,30,26,136,12,10,2
NAIVE|RECUR|ACTIVE_C0-SHAM_C0|E2,0.002665201822916676,0.0010344441731771042,0.004365132649739586,positive,raw accuracy; first minus second arm,38,17,137,16,4,4
NAIVE|RECUR|ACTIVE_C0-SHAM_C0|E3,0.004567464192708333,0.002014973958333328,0.0074382019042968685,positive,raw accuracy; first minus second arm,43,14,135,16,6,2
NAIVE|RECUR|ACTIVE_C0-SHAM_C0|E4,0.00816446940104168,0.0042412312825520935,0.012516530354817704,positive,raw accuracy; first minus second arm,40,14,138,19,3,2
NAIVE|RECUR|ACTIVE_C0-SHAM_C0|E5,0.01112569173177084,0.005729853312174486,0.016945622762044258,positive,raw accuracy; first minus second arm,42,12,138,18,3,3
NAIVE|RECUR|ACTIVE_C0-SHAM_C0|E6,0.014743041992187489,0.007896397908528642,0.02211825052897135,positive,raw accuracy; first minus second arm,41,11,140,19,3,2
NAIVE|RECUR|ACTIVE_C0-SHAM_C0|E7,0.01768697102864582,0.009514617919921867,0.026217778523763002,positive,raw accuracy; first minus second arm,43,10,139,18,3,3
NAIVE|RECUR|ACTIVE_C0-SHAM_C0|E8,0.02084757486979166,0.011695251464843738,0.030606536865234374,positive,raw accuracy; first minus second arm,39,16,137,18,3,3
NAIVE|RECUR|ACTIVE_C0-SHAM_C0|F,0.07387695312499999,0.02562967936197916,0.12538614908854162,positive,carrier frequency; first minus second arm,41,15,136,16,6,2
NAIVE|RECUR|ACTIVE_C0-SHAM_C0|F0,0.0,0.0,0.0,structural_zero,design-implied zero,0,0,192,0,0,24
NAIVE|RECUR|ACTIVE_C0-SHAM_C0|F1,0.0,0.0,0.0,structural_zero,design-implied zero,0,0,192,0,0,24
NAIVE|RECUR|ACTIVE_C0-SHAM_C0|F40,0.0966796875,0.034830729166666664,0.1591796875,positive,carrier frequency; first minus second arm,21,3,168,13,3,8
NAIVE|RECUR|ACTIVE_C0-SHAM_C0|FE1,0.008756510416666667,0.0021801757812499995,0.015690917968749996,positive,carrier frequency; first minus second arm,38,17,137,15,6,3
NAIVE|RECUR|ACTIVE_C0-SHAM_C0|FE2,0.04905598958333333,0.0173828125,0.08610188802083332,positive,carrier frequency; first minus second arm,32,10,150,14,6,4
NAIVE|RECUR|ACTIVE_C0-SHAM_C0|FE3,0.0720703125,0.022294921875,0.12601806640624996,positive,carrier frequency; first minus second arm,25,6,161,14,4,6
NAIVE|RECUR|ACTIVE_C0-SHAM_C0|FE4,0.08268229166666667,0.0232666015625,0.14533365885416655,positive,carrier frequency; first minus second arm,22,5,165,14,3,7
NAIVE|RECUR|ACTIVE_C0-SHAM_C0|FE5,0.09020182291666667,0.02926106770833333,0.15291341145833326,positive,carrier frequency; first minus second arm,21,4,167,13,3,8
NAIVE|RECUR|ACTIVE_C0-SHAM_C0|FE6,0.09404296875,0.03351643880208334,0.15703124999999998,positive,carrier frequency; first minus second arm,21,3,168,13,3,8
NAIVE|RECUR|ACTIVE_C0-SHAM_C0|FE7,0.09713541666666665,0.03626220703125,0.15963623046875,positive,carrier frequency; first minus second arm,21,3,168,13,3,8
NAIVE|RECUR|ACTIVE_C0-SHAM_C0|FE8,0.09707031249999999,0.03600260416666667,0.1595703125,positive,carrier frequency; first minus second arm,21,3,168,13,3,8
NAIVE|RECUR|ACTIVE_C0-SHAM_C0|MLOSS,-0.009991582234700522,-0.014932947158813478,-0.00529844919840495,negative,raw mismatch; first minus second arm,12,45,135,0,22,2
NAIVE|RECUR|ACTIVE_C0-SHAM_C0|U,0.009991582234700503,0.005298449198404923,0.014932947158813438,positive,raw accuracy; first minus second arm,45,12,135,22,0,2
NAIVE|RECUR|ACTIVE_C0-SHAM_C0|U0,0.0,0.0,0.0,structural_zero,design-implied zero,0,0,192,0,0,24
NAIVE|RECUR|ACTIVE_C0-SHAM_C0|U1,0.0,0.0,0.0,structural_zero,design-implied zero,0,0,192,0,0,24
NAIVE|RECUR|ACTIVE_C0-SHAM_C0|U40,0.022725423177083332,0.0128326416015625,0.03316790262858073,positive,raw accuracy; first minus second arm,39,12,141,18,4,2
NAIVE|RECUR|ACTIVE_C0|D40,0.11458333333333333,0.057291666666666664,0.171875,positive,carrier frequency change; absolute,28,164,0,16,8,0
NAIVE|RECUR|ACTIVE_C0|E1,0.6224578857421875,0.6169884999593099,0.6281175994873046,positive,raw accuracy; absolute,192,0,0,24,0,0
NAIVE|RECUR|ACTIVE_C0|E2,0.6754445393880207,0.6654913838704428,0.6859915924072265,positive,raw accuracy; absolute,192,0,0,24,0,0
NAIVE|RECUR|ACTIVE_C0|E3,0.7087748209635416,0.6969415028889974,0.722080586751302,positive,raw accuracy; absolute,192,0,0,24,0,0
NAIVE|RECUR|ACTIVE_C0|E4,0.7277455647786457,0.7138043467203775,0.7432636006673177,positive,raw accuracy; absolute,192,0,0,24,0,0
NAIVE|RECUR|ACTIVE_C0|E5,0.7403218587239583,0.7250837453206381,0.7571407572428385,positive,raw accuracy; absolute,192,0,0,24,0,0
NAIVE|RECUR|ACTIVE_C0|E6,0.7427602132161458,0.7281150817871095,0.7594612121582033,positive,raw accuracy; absolute,192,0,0,24,0,0
NAIVE|RECUR|ACTIVE_C0|E7,0.7480763753255207,0.7336596425374349,0.7640388997395833,positive,raw accuracy; absolute,192,0,0,24,0,0
NAIVE|RECUR|ACTIVE_C0|E8,0.7490509033203127,0.7351236216227215,0.7646591695149739,positive,raw accuracy; absolute,192,0,0,24,0,0
NAIVE|RECUR|ACTIVE_C0|F,0.12099202473958333,0.076783447265625,0.16897277832031243,positive,carrier frequency; absolute,112,0,80,24,0,0
NAIVE|RECUR|ACTIVE_C0|F0,0.03125,0.03125,0.03125,positive,carrier frequency; absolute,192,0,0,24,0,0
NAIVE|RECUR|ACTIVE_C0|F1,0.029134114583333332,0.025553385416666668,0.032877604166666664,positive,carrier frequency; absolute,112,0,80,24,0,0
NAIVE|RECUR|ACTIVE_C0|F40,0.14583333333333334,0.08854166666666667,0.203125,positive,carrier frequency; absolute,28,0,164,16,0,8
NAIVE|RECUR|ACTIVE_C0|FE1,0.04772135416666667,0.034863281249999996,0.06093994140624999,positive,carrier frequency; absolute,112,0,80,24,0,0
NAIVE|RECUR|ACTIVE_C0|FE2,0.09847005208333333,0.06279215494791668,0.13580729166666666,positive,carrier frequency; absolute,40,0,152,20,0,4
NAIVE|RECUR|ACTIVE_C0|FE3,0.1181640625,0.07163004557291668,0.1674837239583333,positive,carrier frequency; absolute,32,0,160,19,0,5
NAIVE|RECUR|ACTIVE_C0|FE4,0.13118489583333334,0.07597330729166667,0.18926269531249995,positive,carrier frequency; absolute,28,0,164,16,0,8
NAIVE|RECUR|ACTIVE_C0|FE5,0.13834635416666666,0.0828125,0.19605631510416652,positive,carrier frequency; absolute,28,0,164,16,0,8
NAIVE|RECUR|ACTIVE_C0|FE6,0.14241536458333334,0.08707275390625001,0.2001953125,positive,carrier frequency; absolute,28,0,164,16,0,8
NAIVE|RECUR|ACTIVE_C0|FE7,0.14580078124999998,0.08854166666666667,0.20309244791666667,positive,carrier frequency; absolute,28,0,164,16,0,8
NAIVE|RECUR|ACTIVE_C0|FE8,0.14583333333333334,0.08854166666666667,0.203125,positive,carrier frequency; absolute,28,0,164,16,0,8
NAIVE|RECUR|ACTIVE_C0|MLOSS,0.28567097981770834,0.2723477427164714,0.29773478507995604,positive,raw mismatch; absolute,192,0,0,24,0,0
NAIVE|RECUR|ACTIVE_C0|U,0.7143290201822916,0.7022652149200439,0.7276522572835286,positive,raw accuracy; absolute,192,0,0,24,0,0
NAIVE|RECUR|ACTIVE_C0|U0,0.5143229166666666,0.484375,0.54296875,positive,raw accuracy; absolute,192,0,0,24,0,0
NAIVE|RECUR|ACTIVE_C0|U1,0.5881805419921875,0.5787237803141276,0.5989140828450521,positive,raw accuracy; absolute,192,0,0,24,0,0
NAIVE|RECUR|ACTIVE_C0|U40,0.7461954752604166,0.7327354431152343,0.7619288126627604,positive,raw accuracy; absolute,192,0,0,24,0,0
NAIVE|RECUR|ACTIVE_C1-NOVEL_C1|D40,0.020833333333333332,0.0,0.052083333333333336,unresolved,carrier frequency change; first minus second arm,4,0,188,2,0,22
NAIVE|RECUR|ACTIVE_C1-NOVEL_C1|E1,4.06901041665834e-06,-0.0006775410970052073,0.0008017222086588554,unresolved,raw accuracy; first minus second arm,30,33,129,11,11,2
NAIVE|RECUR|ACTIVE_C1-NOVEL_C1|E2,0.0003458658854166759,-0.0006959025065103991,0.0013580576578776176,unresolved,raw accuracy; first minus second arm,32,32,128,13,9,2
NAIVE|RECUR|ACTIVE_C1-NOVEL_C1|E3,0.00034281412760416946,-0.0014662679036458466,0.002028452555338592,unresolved,raw accuracy; first minus second arm,35,29,128,11,11,2
NAIVE|RECUR|ACTIVE_C1-NOVEL_C1|E4,0.001424153645833352,-0.0004202016194661067,0.003492228190104164,unresolved,raw accuracy; first minus second arm,34,26,132,13,9,2
NAIVE|RECUR|ACTIVE_C1-NOVEL_C1|E5,0.001973470052083315,0.00010566711425777688,0.004503453572591129,positive,raw accuracy; first minus second arm,31,29,132,10,12,2
NAIVE|RECUR|ACTIVE_C1-NOVEL_C1|E6,0.0021189371744791685,-0.0003267669677734597,0.005257873535156252,unresolved,raw accuracy; first minus second arm,32,23,137,11,11,2
NAIVE|RECUR|ACTIVE_C1-NOVEL_C1|E7,0.0028208414713541963,0.00013425191243491725,0.006450424194335978,positive,raw accuracy; first minus second arm,36,23,133,14,8,2
NAIVE|RECUR|ACTIVE_C1-NOVEL_C1|E8,0.003010050455729172,-0.0003866831461588539,0.007426935831705747,unresolved,raw accuracy; first minus second arm,32,28,132,12,9,3
NAIVE|RECUR|ACTIVE_C1-NOVEL_C1|F,0.015075683593749998,-0.00015879313151041663,0.03678181966145832,unresolved,carrier frequency; first minus second arm,19,46,127,10,10,4
NAIVE|RECUR|ACTIVE_C1-NOVEL_C1|F0,0.0,0.0,0.0,structural_zero,design-implied zero,0,0,192,0,0,24
NAIVE|RECUR|ACTIVE_C1-NOVEL_C1|F1,-0.009114583333333334,-0.012044270833333334,-0.006184895833333333,negative,carrier frequency; first minus second arm,2,39,151,0,18,6
NAIVE|RECUR|ACTIVE_C1-NOVEL_C1|F40,0.020833333333333332,0.0,0.052083333333333336,unresolved,carrier frequency; first minus second arm,4,0,188,2,0,22
NAIVE|RECUR|ACTIVE_C1-NOVEL_C1|FE1,-0.001725260416666666,-0.005305989583333333,0.0021834309895833208,unresolved,carrier frequency; first minus second arm,18,47,127,8,13,3
NAIVE|RECUR|ACTIVE_C1-NOVEL_C1|FE2,0.009440104166666666,0.00166015625,0.019010416666666665,positive,carrier frequency; first minus second arm,9,5,178,6,3,15
NAIVE|RECUR|ACTIVE_C1-NOVEL_C1|FE3,0.0150390625,0.00029296875,0.03373291015624995,positive,carrier frequency; first minus second arm,6,0,186,4,0,20
NAIVE|RECUR|ACTIVE_C1-NOVEL_C1|FE4,0.01852213541666667,0.0,0.045214843750000004,unresolved,carrier frequency; first minus second arm,4,0,188,2,0,22
NAIVE|RECUR|ACTIVE_C1-NOVEL_C1|FE5,0.018098958333333335,0.0,0.04388020833333334,unresolved,carrier frequency; first minus second arm,4,0,188,2,0,22
NAIVE|RECUR|ACTIVE_C1-NOVEL_C1|FE6,0.019563802083333335,0.0,0.04827473958333334,unresolved,carrier frequency; first minus second arm,4,0,188,2,0,22
NAIVE|RECUR|ACTIVE_C1-NOVEL_C1|FE7,0.020833333333333332,0.0,0.052083333333333336,unresolved,carrier frequency; first minus second arm,4,0,188,2,0,22
NAIVE|RECUR|ACTIVE_C1-NOVEL_C1|FE8,0.020833333333333332,0.0,0.052083333333333336,unresolved,carrier frequency; first minus second arm,4,0,188,2,0,22
NAIVE|RECUR|ACTIVE_C1-NOVEL_C1|MLOSS,-0.0015050252278645895,-0.0036407979329427208,7.438977559407763e-05,unresolved,raw mismatch; first minus second arm,34,33,125,12,10,2
NAIVE|RECUR|ACTIVE_C1-NOVEL_C1|U,0.001505025227864586,-7.438977559405767e-05,0.0036407979329427043,unresolved,raw accuracy; first minus second arm,33,34,125,10,12,2
NAIVE|RECUR|ACTIVE_C1-NOVEL_C1|U0,0.0,0.0,0.0,structural_zero,design-implied zero,0,0,192,0,0,24
NAIVE|RECUR|ACTIVE_C1-NOVEL_C1|U1,-0.0008748372395833334,-0.0011648813883463542,-0.0005900065104166666,negative,raw accuracy; first minus second arm,2,40,150,1,18,5
NAIVE|RECUR|ACTIVE_C1-NOVEL_C1|U40,0.00286865234375,-0.00207061767578125,0.008458836873372394,unresolved,raw accuracy; first minus second arm,33,27,132,11,11,2
NAIVE|RECUR|ACTIVE_C1-SHAM_C1|D40,0.015625,-0.010416666666666666,0.046875,unresolved,carrier frequency change; first minus second arm,4,1,187,2,1,21
NAIVE|RECUR|ACTIVE_C1-SHAM_C1|E1,-2.0345052083453607e-06,-0.0001668294270833436,0.00016682942708332062,unresolved,raw accuracy; first minus second arm,16,10,166,8,7,9
NAIVE|RECUR|ACTIVE_C1-SHAM_C1|E2,-0.00022277832031249167,-0.0011526234944661386,0.00044456481933593124,unresolved,raw accuracy; first minus second arm,12,14,166,7,8,9
NAIVE|RECUR|ACTIVE_C1-SHAM_C1|E3,0.00032450358072917684,-0.0007212320963541403,0.0014760335286458418,unresolved,raw accuracy; first minus second arm,15,11,166,7,8,9
NAIVE|RECUR|ACTIVE_C1-SHAM_C1|E4,0.0009958902994791768,-0.0005931345621744717,0.0029165395100911526,unresolved,raw accuracy; first minus second arm,14,12,166,9,6,9
NAIVE|RECUR|ACTIVE_C1-SHAM_C1|E5,0.0015635172526041556,-0.00024218241373699472,0.004088745117187503,unresolved,raw accuracy; first minus second arm,13,11,168,7,7,10
NAIVE|RECUR|ACTIVE_C1-SHAM_C1|E6,0.002227783203125009,-2.059936523430999e-06,0.005228881835937504,unresolved,raw accuracy; first minus second arm,15,7,170,10,4,10
NAIVE|RECUR|ACTIVE_C1-SHAM_C1|E7,0.0026428222656250063,-8.138020833332421e-05,0.006263453165690106,unresolved,raw accuracy; first minus second arm,17,6,169,9,5,10
NAIVE|RECUR|ACTIVE_C1-SHAM_C1|E8,0.0031097412109375028,-5.701700846354081e-05,0.0073460133870442675,unresolved,raw accuracy; first minus second arm,16,8,168,8,6,10
NAIVE|RECUR|ACTIVE_C1-SHAM_C1|F,0.011112467447916665,-0.008142395019531248,0.03218627929687497,unresolved,carrier frequency; first minus second arm,18,9,165,11,4,9
NAIVE|RECUR|ACTIVE_C1-SHAM_C1|F0,0.0,0.0,0.0,structural_zero,design-implied zero,0,0,192,0,0,24
NAIVE|RECUR|ACTIVE_C1-SHAM_C1|F1,0.0,0.0,0.0,structural_zero,design-implied zero,0,0,192,0,0,24
NAIVE|RECUR|ACTIVE_C1-SHAM_C1|F40,0.015625,-0.010416666666666666,0.046875,unresolved,carrier frequency; first minus second arm,4,1,187,2,1,21
NAIVE|RECUR|ACTIVE_C1-SHAM_C1|FE1,0.0018229166666666663,-0.00013020833333333374,0.003874511718749995,unresolved,carrier frequency; first minus second arm,18,9,165,9,6,9
NAIVE|RECUR|ACTIVE_C1-SHAM_C1|FE2,0.005436197916666666,-0.005143229166666667,0.015885416666666662,unresolved,carrier frequency; first minus second arm,8,2,182,6,2,16
NAIVE|RECUR|ACTIVE_C1-SHAM_C1|FE3,0.009830729166666668,-0.008924153645833332,0.029459635416666668,unresolved,carrier frequency; first minus second arm,6,1,185,4,1,19
NAIVE|RECUR|ACTIVE_C1-SHAM_C1|FE4,0.013313802083333335,-0.010416666666666666,0.04000651041666667,unresolved,carrier frequency; first minus second arm,4,1,187,2,1,21
NAIVE|RECUR|ACTIVE_C1-SHAM_C1|FE5,0.012890625000000001,-0.010416666666666666,0.03893229166666667,unresolved,carrier frequency; first minus second arm,4,1,187,2,1,21
NAIVE|RECUR|ACTIVE_C1-SHAM_C1|FE6,0.014355468750000001,-0.010416666666666666,0.041796875000000004,unresolved,carrier frequency; first minus second arm,4,1,187,2,1,21
NAIVE|RECUR|ACTIVE_C1-SHAM_C1|FE7,0.015625,-0.010416666666666666,0.046875,unresolved,carrier frequency; first minus second arm,4,1,187,2,1,21
NAIVE|RECUR|ACTIVE_C1-SHAM_C1|FE8,0.015625,-0.010416666666666666,0.046875,unresolved,carrier frequency; first minus second arm,4,1,187,2,1,21
NAIVE|RECUR|ACTIVE_C1-SHAM_C1|MLOSS,-0.0013299306233724,-0.003389555613199875,0.00021002451578775152,unresolved,raw mismatch; first minus second arm,11,15,166,6,9,9
NAIVE|RECUR|ACTIVE_C1-SHAM_C1|U,0.001329930623372393,-0.00021002451578776317,0.0033895556131998588,unresolved,raw accuracy; first minus second arm,15,11,166,9,6,9
NAIVE|RECUR|ACTIVE_C1-SHAM_C1|U0,0.0,0.0,0.0,structural_zero,design-implied zero,0,0,192,0,0,24
NAIVE|RECUR|ACTIVE_C1-SHAM_C1|U1,0.0,0.0,0.0,structural_zero,design-implied zero,0,0,192,0,0,24
NAIVE|RECUR|ACTIVE_C1-SHAM_C1|U40,0.0034383138020833335,-0.00023918151855468748,0.008305994669596355,unresolved,raw accuracy; first minus second arm,14,9,169,9,5,10
NAIVE|RECUR|ACTIVE_C1|D40,-0.010416666666666666,-0.03125,0.020833333333333332,unresolved,carrier frequency change; absolute,4,188,0,2,22,0
NAIVE|RECUR|ACTIVE_C1|E1,0.6223520914713542,0.6168221537272135,0.6280375417073566,positive,raw accuracy; absolute,192,0,0,24,0,0
NAIVE|RECUR|ACTIVE_C1|E2,0.6736612955729168,0.663198979695638,0.6848401133219401,positive,raw accuracy; absolute,192,0,0,24,0,0
NAIVE|RECUR|ACTIVE_C1|E3,0.7051595052083334,0.6919981384277343,0.7196934000651041,positive,raw accuracy; absolute,192,0,0,24,0,0
NAIVE|RECUR|ACTIVE_C1|E4,0.7213999430338541,0.7057325236002603,0.7389803314208985,positive,raw accuracy; absolute,192,0,0,24,0,0
NAIVE|RECUR|ACTIVE_C1|E5,0.7302052815755209,0.7123466237386068,0.7500299072265624,positive,raw accuracy; absolute,192,0,0,24,0,0
NAIVE|RECUR|ACTIVE_C1|E6,0.730560302734375,0.712358144124349,0.751061248779297,positive,raw accuracy; absolute,192,0,0,24,0,0
NAIVE|RECUR|ACTIVE_C1|E7,0.7326416015625,0.7141384887695312,0.7529209136962891,positive,raw accuracy; absolute,192,0,0,24,0,0
NAIVE|RECUR|ACTIVE_C1|E8,0.7316752115885418,0.7133006540934246,0.7521495564778646,positive,raw accuracy; absolute,192,0,0,24,0,0
NAIVE|RECUR|ACTIVE_C1|F,0.0171142578125,0.0014892578125000001,0.03929982503255204,positive,carrier frequency; absolute,55,0,137,23,0,1
NAIVE|RECUR|ACTIVE_C1|F0,0.03125,0.03125,0.03125,positive,carrier frequency; absolute,192,0,0,24,0,0
NAIVE|RECUR|ACTIVE_C1|F1,0.014811197916666666,0.010904947916666666,0.01953125,positive,carrier frequency; absolute,55,0,137,23,0,1
NAIVE|RECUR|ACTIVE_C1|F40,0.020833333333333332,0.0,0.052083333333333336,unresolved,carrier frequency; absolute,4,0,188,2,0,22
NAIVE|RECUR|ACTIVE_C1|FE1,0.013216145833333333,0.0074861653645833335,0.02021484375,positive,carrier frequency; absolute,55,0,137,23,0,1
NAIVE|RECUR|ACTIVE_C1|FE2,0.010807291666666668,0.002310384114583333,0.021386718749999995,positive,carrier frequency; absolute,9,0,183,7,0,17
NAIVE|RECUR|ACTIVE_C1|FE3,0.0150390625,0.00029296875,0.03373291015624995,positive,carrier frequency; absolute,6,0,186,4,0,20
NAIVE|RECUR|ACTIVE_C1|FE4,0.01852213541666667,0.0,0.045214843750000004,unresolved,carrier frequency; absolute,4,0,188,2,0,22
NAIVE|RECUR|ACTIVE_C1|FE5,0.018098958333333335,0.0,0.04388020833333334,unresolved,carrier frequency; absolute,4,0,188,2,0,22
NAIVE|RECUR|ACTIVE_C1|FE6,0.019563802083333335,0.0,0.04827473958333334,unresolved,carrier frequency; absolute,4,0,188,2,0,22
NAIVE|RECUR|ACTIVE_C1|FE7,0.020833333333333332,0.0,0.052083333333333336,unresolved,carrier frequency; absolute,4,0,188,2,0,22
NAIVE|RECUR|ACTIVE_C1|FE8,0.020833333333333332,0.0,0.052083333333333336,unresolved,carrier frequency; absolute,4,0,188,2,0,22
NAIVE|RECUR|ACTIVE_C1|MLOSS,0.2940430959065755,0.2779924964904785,0.3084704494476318,positive,raw mismatch; absolute,192,0,0,24,0,0
NAIVE|RECUR|ACTIVE_C1|U,0.7059569040934245,0.6915295505523681,0.7220075035095214,positive,raw accuracy; absolute,192,0,0,24,0,0
NAIVE|RECUR|ACTIVE_C1|U0,0.5143229166666666,0.484375,0.54296875,positive,raw accuracy; absolute,192,0,0,24,0,0
NAIVE|RECUR|ACTIVE_C1|U1,0.5880482991536459,0.5785959879557292,0.5987916310628255,positive,raw accuracy; absolute,192,0,0,24,0,0
NAIVE|RECUR|ACTIVE_C1|U40,0.7288869222005209,0.7103516896565755,0.7496617635091145,positive,raw accuracy; absolute,192,0,0,24,0,0
NAIVE|RECUR|NOVEL_C0-SHAM_C0|D40,-0.0439453125,-0.0751953125,-0.015625,negative,carrier frequency change; first minus second arm,1,10,181,0,7,17
NAIVE|RECUR|NOVEL_C0-SHAM_C0|E1,0.0003163655598958324,-0.0013117726643880126,0.0014425913492838417,unresolved,raw accuracy; first minus second arm,54,59,79,14,8,2
NAIVE|RECUR|NOVEL_C0-SHAM_C0|E2,0.0025034586588541705,0.0009367879231770957,0.00427477518717449,positive,raw accuracy; first minus second arm,65,47,80,16,7,1
NAIVE|RECUR|NOVEL_C0-SHAM_C0|E3,0.0009338378906250158,-0.0007775878906249916,0.0026326751708984756,unresolved,raw accuracy; first minus second arm,60,50,82,15,8,1
NAIVE|RECUR|NOVEL_C0-SHAM_C0|E4,0.0008036295572916574,-0.00048121134440106626,0.0022552490234374668,unresolved,raw accuracy; first minus second arm,59,50,83,12,11,1
NAIVE|RECUR|NOVEL_C0-SHAM_C0|E5,-0.0006408691406249815,-0.00128580729166664,1.0172526041798505e-06,unresolved,raw accuracy; first minus second arm,44,62,86,10,13,1
NAIVE|RECUR|NOVEL_C0-SHAM_C0|E6,0.0005411783854166833,-0.00016990661621090345,0.001270599365234389,unresolved,raw accuracy; first minus second arm,62,45,85,13,10,1
NAIVE|RECUR|NOVEL_C0-SHAM_C0|E7,-0.00047200520833332965,-0.0011342620849609235,0.00018313090006514483,unresolved,raw accuracy; first minus second arm,52,57,83,12,11,1
NAIVE|RECUR|NOVEL_C0-SHAM_C0|E8,0.0004628499348957871,-0.0001526387532552541,0.0011210632324218405,unresolved,raw accuracy; first minus second arm,54,49,89,13,10,1
NAIVE|RECUR|NOVEL_C0-SHAM_C0|F,-0.031884765625,-0.060291748046874996,-0.006472066243489614,negative,carrier frequency; first minus second arm,83,32,77,15,9,0
NAIVE|RECUR|NOVEL_C0-SHAM_C0|F0,0.0,0.0,0.0,structural_zero,design-implied zero,0,0,192,0,0,24
NAIVE|RECUR|NOVEL_C0-SHAM_C0|F1,0.010091145833333334,0.005045572916666667,0.014973958333333334,positive,carrier frequency; first minus second arm,56,15,121,17,5,2
NAIVE|RECUR|NOVEL_C0-SHAM_C0|F40,-0.0439453125,-0.0751953125,-0.015625,negative,carrier frequency; first minus second arm,1,10,181,0,7,17
NAIVE|RECUR|NOVEL_C0-SHAM_C0|FE1,0.009212239583333334,-9.847005208333288e-05,0.018034667968749994,unresolved,carrier frequency; first minus second arm,82,34,76,17,7,0
NAIVE|RECUR|NOVEL_C0-SHAM_C0|FE2,-0.02613932291666667,-0.05553873697916668,0.00036051432291665266,unresolved,carrier frequency; first minus second arm,30,17,145,13,10,1
NAIVE|RECUR|NOVEL_C0-SHAM_C0|FE3,-0.029720052083333337,-0.06321614583333333,0.001403808593749978,unresolved,carrier frequency; first minus second arm,8,12,172,7,8,9
NAIVE|RECUR|NOVEL_C0-SHAM_C0|FE4,-0.037369791666666666,-0.07119384765624999,-0.006637369791666684,negative,carrier frequency; first minus second arm,5,11,176,4,8,12
NAIVE|RECUR|NOVEL_C0-SHAM_C0|FE5,-0.041178385416666664,-0.07379557291666666,-0.012622884114583371,negative,carrier frequency; first minus second arm,3,10,179,3,7,14
NAIVE|RECUR|NOVEL_C0-SHAM_C0|FE6,-0.04287109375,-0.0744140625,-0.01532470703125004,negative,carrier frequency; first minus second arm,2,10,180,1,7,16
NAIVE|RECUR|NOVEL_C0-SHAM_C0|FE7,-0.04345703125,-0.07470703125,-0.015625,negative,carrier frequency; first minus second arm,1,10,181,0,7,17
NAIVE|RECUR|NOVEL_C0-SHAM_C0|FE8,-0.0435546875,-0.07480468750000001,-0.015625,negative,carrier frequency; first minus second arm,1,10,181,0,7,17
NAIVE|RECUR|NOVEL_C0-SHAM_C0|MLOSS,-0.0005560557047526055,-0.0010323015848795476,-0.00010996818542481071,negative,raw mismatch; first minus second arm,55,58,79,5,18,1
NAIVE|RECUR|NOVEL_C0-SHAM_C0|U,0.0005560557047525894,0.00010996818542479565,0.0010323015848795426,positive,raw accuracy; first minus second arm,58,55,79,18,5,1
NAIVE|RECUR|NOVEL_C0-SHAM_C0|U0,0.0,0.0,0.0,structural_zero,design-implied zero,0,0,192,0,0,24
NAIVE|RECUR|NOVEL_C0-SHAM_C0|U1,0.0009511311848958334,0.00067138671875,0.0012462615966796868,positive,raw accuracy; first minus second arm,50,1,141,20,0,4
NAIVE|RECUR|NOVEL_C0-SHAM_C0|U40,0.0022125244140625,-0.0007223765055338542,0.0051984151204427075,unresolved,raw accuracy; first minus second arm,52,46,94,12,10,2
NAIVE|RECUR|NOVEL_C0|D40,-0.026041666666666668,-0.03125,-0.015625,negative,carrier frequency change; absolute,1,191,0,1,23,0
NAIVE|RECUR|NOVEL_C0|E1,0.6226420084635417,0.6172378794352213,0.6280214945475261,positive,raw accuracy; absolute,192,0,0,24,0,0
NAIVE|RECUR|NOVEL_C0|E2,0.6752827962239584,0.6647782135009764,0.6864867401123047,positive,raw accuracy; absolute,192,0,0,24,0,0
NAIVE|RECUR|NOVEL_C0|E3,0.7051411946614583,0.6917589823404948,0.7193551890055339,positive,raw accuracy; absolute,192,0,0,24,0,0
NAIVE|RECUR|NOVEL_C0|E4,0.7203847249348958,0.7040357716878256,0.7386522165934244,positive,raw accuracy; absolute,192,0,0,24,0,0
NAIVE|RECUR|NOVEL_C0|E5,0.7285552978515625,0.7104243723551431,0.7491416168212891,positive,raw accuracy; absolute,192,0,0,24,0,0
NAIVE|RECUR|NOVEL_C0|E6,0.7285583496093749,0.709830551147461,0.749718017578125,positive,raw accuracy; absolute,192,0,0,24,0,0
NAIVE|RECUR|NOVEL_C0|E7,0.7299173990885418,0.7109031931559247,0.751269734700521,positive,raw accuracy; absolute,192,0,0,24,0,0
NAIVE|RECUR|NOVEL_C0|E8,0.7286661783854166,0.7097820281982422,0.7499899037679036,positive,raw accuracy; absolute,192,0,0,24,0,0
NAIVE|RECUR|NOVEL_C0|F,0.015230305989583333,0.008040364583333333,0.025455729166666663,positive,carrier frequency; absolute,134,0,58,24,0,0
NAIVE|RECUR|NOVEL_C0|F0,0.03125,0.03125,0.03125,positive,carrier frequency; absolute,192,0,0,24,0,0
NAIVE|RECUR|NOVEL_C0|F1,0.039225260416666664,0.03369140625,0.045084635416666664,positive,carrier frequency; absolute,134,0,58,24,0,0
NAIVE|RECUR|NOVEL_C0|F40,0.005208333333333333,0.0,0.015625,unresolved,carrier frequency; absolute,1,0,191,1,0,23
NAIVE|RECUR|NOVEL_C0|FE1,0.048177083333333336,0.04010416666666666,0.055859374999999996,positive,carrier frequency; absolute,134,0,58,24,0,0
NAIVE|RECUR|NOVEL_C0|FE2,0.023274739583333332,0.014029134114583335,0.034082845052083324,positive,carrier frequency; absolute,37,0,155,23,0,1
NAIVE|RECUR|NOVEL_C0|FE3,0.01637369791666667,0.0041324869791666665,0.031057942708333317,positive,carrier frequency; absolute,12,0,180,11,0,13
NAIVE|RECUR|NOVEL_C0|FE4,0.0111328125,0.0003255208333333333,0.02428873697916664,positive,carrier frequency; absolute,5,0,187,5,0,19
NAIVE|RECUR|NOVEL_C0|FE5,0.006966145833333333,0.0,0.018684895833333333,unresolved,carrier frequency; absolute,3,0,189,3,0,21
NAIVE|RECUR|NOVEL_C0|FE6,0.005501302083333333,0.0,0.016210937499999998,unresolved,carrier frequency; absolute,2,0,190,2,0,22
NAIVE|RECUR|NOVEL_C0|FE7,0.005208333333333333,0.0,0.015625,unresolved,carrier frequency; absolute,1,0,191,1,0,23
NAIVE|RECUR|NOVEL_C0|FE8,0.005208333333333333,0.0,0.015625,unresolved,carrier frequency; absolute,1,0,191,1,0,23
NAIVE|RECUR|NOVEL_C0|MLOSS,0.2951065063476563,0.278550059000651,0.3100854174296061,positive,raw mismatch; absolute,192,0,0,24,0,0
NAIVE|RECUR|NOVEL_C0|U,0.7048934936523438,0.6899145825703938,0.7214499409993489,positive,raw accuracy; absolute,192,0,0,24,0,0
NAIVE|RECUR|NOVEL_C0|U0,0.5143229166666666,0.484375,0.54296875,positive,raw accuracy; absolute,192,0,0,24,0,0
NAIVE|RECUR|NOVEL_C0|U1,0.5891316731770834,0.5798288981119791,0.5997829437255859,positive,raw accuracy; absolute,192,0,0,24,0,0
NAIVE|RECUR|NOVEL_C0|U40,0.7256825764973959,0.7064957936604818,0.7476092020670572,positive,raw accuracy; absolute,192,0,0,24,0,0
NAIVE|RECUR|NOVEL_C1-NOVEL_C0|D40,-0.005208333333333333,-0.015625,0.0,unresolved,carrier frequency change; first minus second arm,0,1,191,0,1,23
NAIVE|RECUR|NOVEL_C1-NOVEL_C0|E1,-0.00029398600260415836,-0.000859629313151019,0.00025566101074220353,unresolved,raw accuracy; first minus second arm,57,66,69,8,15,1
NAIVE|RECUR|NOVEL_C1-NOVEL_C0|E2,-0.001967366536458339,-0.003521906534830736,-0.0004587046305338989,negative,raw accuracy; first minus second arm,58,64,70,9,14,1
NAIVE|RECUR|NOVEL_C1-NOVEL_C0|E3,-0.00032450358072918145,-0.002656224568684908,0.0021169281005859316,unresolved,raw accuracy; first minus second arm,58,62,72,10,13,1
NAIVE|RECUR|NOVEL_C1-NOVEL_C0|E4,-0.0004089355468749935,-0.0019419860839843533,0.0014640299479166663,unresolved,raw accuracy; first minus second arm,57,62,73,8,15,1
NAIVE|RECUR|NOVEL_C1-NOVEL_C0|E5,-0.0003234863281249972,-0.0015330505371093774,0.0009391021728515727,unresolved,raw accuracy; first minus second arm,57,57,78,9,13,2
NAIVE|RECUR|NOVEL_C1-NOVEL_C0|E6,-0.00011698404947918517,-0.001044820149739609,0.0007284291585286262,unresolved,raw accuracy; first minus second arm,51,64,77,12,11,1
NAIVE|RECUR|NOVEL_C1-NOVEL_C0|E7,-9.663899739586108e-05,-0.0007121531168620743,0.00047617594401041786,unresolved,raw accuracy; first minus second arm,53,64,75,14,9,1
NAIVE|RECUR|NOVEL_C1-NOVEL_C0|E8,-1.017252604137986e-06,-0.0007019297281900583,0.000693969726562547,unresolved,raw accuracy; first minus second arm,51,61,80,11,12,1
NAIVE|RECUR|NOVEL_C1-NOVEL_C0|F,-0.013191731770833331,-0.02299896240234375,-0.006485900878906251,negative,carrier frequency; first minus second arm,10,117,65,0,24,0
NAIVE|RECUR|NOVEL_C1-NOVEL_C0|F0,0.0,0.0,0.0,structural_zero,design-implied zero,0,0,192,0,0,24
NAIVE|RECUR|NOVEL_C1-NOVEL_C0|F1,-0.015299479166666666,-0.01904296875,-0.011881510416666666,negative,carrier frequency; first minus second arm,0,75,117,0,24,0
NAIVE|RECUR|NOVEL_C1-NOVEL_C0|F40,-0.005208333333333333,-0.015625,0.0,unresolved,carrier frequency; first minus second arm,0,1,191,0,1,23
NAIVE|RECUR|NOVEL_C1-NOVEL_C0|FE1,-0.03323567708333333,-0.03841389973958333,-0.028125,negative,carrier frequency; first minus second arm,10,117,65,0,24,0
NAIVE|RECUR|NOVEL_C1-NOVEL_C0|FE2,-0.021907552083333337,-0.03226155598958333,-0.0130859375,negative,carrier frequency; first minus second arm,4,36,152,0,23,1
NAIVE|RECUR|NOVEL_C1-NOVEL_C0|FE3,-0.01637369791666667,-0.031057942708333335,-0.004132486979166676,negative,carrier frequency; first minus second arm,0,12,180,0,11,13
NAIVE|RECUR|NOVEL_C1-NOVEL_C0|FE4,-0.0111328125,-0.024288736979166663,-0.0003255208333333333,negative,carrier frequency; first minus second arm,0,5,187,0,5,19
NAIVE|RECUR|NOVEL_C1-NOVEL_C0|FE5,-0.006966145833333333,-0.018684895833333333,0.0,unresolved,carrier frequency; first minus second arm,0,3,189,0,3,21
NAIVE|RECUR|NOVEL_C1-NOVEL_C0|FE6,-0.005501302083333333,-0.016210937499999998,0.0,unresolved,carrier frequency; first minus second arm,0,2,190,0,2,22
NAIVE|RECUR|NOVEL_C1-NOVEL_C0|FE7,-0.005208333333333333,-0.015625,0.0,unresolved,carrier frequency; first minus second arm,0,1,191,0,1,23
NAIVE|RECUR|NOVEL_C1-NOVEL_C0|FE8,-0.005208333333333333,-0.015625,0.0,unresolved,carrier frequency; first minus second arm,0,1,191,0,1,23
NAIVE|RECUR|NOVEL_C1-NOVEL_C0|MLOSS,0.0004416147867838544,-0.00029466629028319116,0.00111526489257812,unresolved,raw mismatch; first minus second arm,62,63,67,13,10,1
NAIVE|RECUR|NOVEL_C1-NOVEL_C0|U,-0.00044161478678384863,-0.0011152648925781378,0.00029466629028322385,unresolved,raw accuracy; first minus second arm,63,62,67,10,13,1
NAIVE|RECUR|NOVEL_C1-NOVEL_C0|U0,0.0,0.0,0.0,structural_zero,design-implied zero,0,0,192,0,0,24
NAIVE|RECUR|NOVEL_C1-NOVEL_C0|U1,-0.00020853678385416666,-0.0002950032552083333,-0.0001373291015625,negative,raw accuracy; first minus second arm,0,31,161,0,19,5
NAIVE|RECUR|NOVEL_C1-NOVEL_C0|U40,0.000335693359375,-0.0027926127115885414,0.00357081095377604,unresolved,raw accuracy; first minus second arm,52,53,87,11,12,1
NAIVE|RECUR|NOVEL_C1-SHAM_C1|D40,-0.005208333333333333,-0.015625,0.0,unresolved,carrier frequency change; first minus second arm,0,1,191,0,1,23
NAIVE|RECUR|NOVEL_C1-SHAM_C1|E1,-6.103515625003701e-06,-0.0008871205647786397,0.0007456715901692677,unresolved,raw accuracy; first minus second arm,36,28,128,13,9,2
NAIVE|RECUR|NOVEL_C1-SHAM_C1|E2,-0.0005686442057291676,-0.001940968831380196,0.0006474049886067584,unresolved,raw accuracy; first minus second arm,32,33,127,8,14,2
NAIVE|RECUR|NOVEL_C1-SHAM_C1|E3,-1.83105468749926e-05,-0.001498565673828127,0.0014588928222656343,unresolved,raw accuracy; first minus second arm,30,33,129,12,10,2
NAIVE|RECUR|NOVEL_C1-SHAM_C1|E4,-0.000428263346354175,-0.0014995320638021069,0.0006449890136718577,unresolved,raw accuracy; first minus second arm,27,34,131,10,12,2
NAIVE|RECUR|NOVEL_C1-SHAM_C1|E5,-0.00040995279947915925,-0.0013234710693359587,0.0004394531250000077,unresolved,raw accuracy; first minus second arm,27,33,132,11,11,2
NAIVE|RECUR|NOVEL_C1-SHAM_C1|E6,0.00010884602864584074,-0.0004923756917317713,0.0007314554850260468,unresolved,raw accuracy; first minus second arm,28,28,136,12,10,2
NAIVE|RECUR|NOVEL_C1-SHAM_C1|E7,-0.0001780192057291898,-0.0007985432942708337,0.0004109954833984158,unresolved,raw accuracy; first minus second arm,28,31,133,10,12,2
NAIVE|RECUR|NOVEL_C1-SHAM_C1|E8,9.969075520833055e-05,-0.00041717529296875433,0.0006622568766275845,unresolved,raw accuracy; first minus second arm,29,32,131,12,10,2
NAIVE|RECUR|NOVEL_C1-SHAM_C1|F,-0.003963216145833333,-0.013469136555989582,0.0009806315104166667,unresolved,carrier frequency; first minus second arm,50,14,128,16,3,5
NAIVE|RECUR|NOVEL_C1-SHAM_C1|F0,0.0,0.0,0.0,structural_zero,design-implied zero,0,0,192,0,0,24
NAIVE|RECUR|NOVEL_C1-SHAM_C1|F1,0.009114583333333334,0.006184895833333333,0.012044270833333334,positive,carrier frequency; first minus second arm,39,2,151,18,0,6
NAIVE|RECUR|NOVEL_C1-SHAM_C1|F40,-0.005208333333333333,-0.015625,0.0,unresolved,carrier frequency; first minus second arm,0,1,191,0,1,23
NAIVE|RECUR|NOVEL_C1-SHAM_C1|FE1,0.0035481770833333324,-0.00019612630208333475,0.006738281249999999,unresolved,carrier frequency; first minus second arm,50,14,128,15,4,5
NAIVE|RECUR|NOVEL_C1-SHAM_C1|FE2,-0.0040039062500000005,-0.013997395833333334,0.00146484375,unresolved,carrier frequency; first minus second arm,6,4,182,5,3,16
NAIVE|RECUR|NOVEL_C1-SHAM_C1|FE3,-0.005208333333333333,-0.015625,0.0,unresolved,carrier frequency; first minus second arm,0,1,191,0,1,23
NAIVE|RECUR|NOVEL_C1-SHAM_C1|FE4,-0.005208333333333333,-0.015625,0.0,unresolved,carrier frequency; first minus second arm,0,1,191,0,1,23
NAIVE|RECUR|NOVEL_C1-SHAM_C1|FE5,-0.005208333333333333,-0.015625,0.0,unresolved,carrier frequency; first minus second arm,0,1,191,0,1,23
NAIVE|RECUR|NOVEL_C1-SHAM_C1|FE6,-0.005208333333333333,-0.015625,0.0,unresolved,carrier frequency; first minus second arm,0,1,191,0,1,23
NAIVE|RECUR|NOVEL_C1-SHAM_C1|FE7,-0.005208333333333333,-0.015625,0.0,unresolved,carrier frequency; first minus second arm,0,1,191,0,1,23
NAIVE|RECUR|NOVEL_C1-SHAM_C1|FE8,-0.005208333333333333,-0.015625,0.0,unresolved,carrier frequency; first minus second arm,0,1,191,0,1,23
NAIVE|RECUR|NOVEL_C1-SHAM_C1|MLOSS,0.00017509460449218958,-0.0002284526824951189,0.0006008402506510529,unresolved,raw mismatch; first minus second arm,33,34,125,11,11,2
NAIVE|RECUR|NOVEL_C1-SHAM_C1|U,-0.00017509460449219305,-0.0006008402506510553,0.0002284526824951379,unresolved,raw accuracy; first minus second arm,34,33,125,11,11,2
NAIVE|RECUR|NOVEL_C1-SHAM_C1|U0,0.0,0.0,0.0,structural_zero,design-implied zero,0,0,192,0,0,24
NAIVE|RECUR|NOVEL_C1-SHAM_C1|U1,0.0008748372395833334,0.0005900065104166666,0.0011648813883463533,positive,raw accuracy; first minus second arm,40,2,150,18,1,5
NAIVE|RECUR|NOVEL_C1-SHAM_C1|U40,0.0005696614583333334,-0.0021770477294921872,0.0035101572672526006,unresolved,raw accuracy; first minus second arm,30,30,132,11,11,2
NAIVE|RECUR|NOVEL_C1|D40,-0.03125,-0.03125,-0.03125,negative,carrier frequency change; absolute,0,192,0,0,24,0
NAIVE|RECUR|NOVEL_C1|E1,0.6223480224609376,0.6171156056722006,0.6276910909016927,positive,raw accuracy; absolute,192,0,0,24,0,0
NAIVE|RECUR|NOVEL_C1|E2,0.6733154296875,0.6631365458170573,0.6844083913167317,positive,raw accuracy; absolute,192,0,0,24,0,0
NAIVE|RECUR|NOVEL_C1|E3,0.7048166910807291,0.6914791361490886,0.7199291737874348,positive,raw accuracy; absolute,192,0,0,24,0,0
NAIVE|RECUR|NOVEL_C1|E4,0.7199757893880209,0.7033848826090494,0.7383913167317707,positive,raw accuracy; absolute,192,0,0,24,0,0
NAIVE|RECUR|NOVEL_C1|E5,0.7282318115234375,0.7101622517903646,0.7487558237711588,positive,raw accuracy; absolute,192,0,0,24,0,0
NAIVE|RECUR|NOVEL_C1|E6,0.7284413655598959,0.7097442881266275,0.7493896230061848,positive,raw accuracy; absolute,192,0,0,24,0,0
NAIVE|RECUR|NOVEL_C1|E7,0.729820760091146,0.7109903208414713,0.7510755920410156,positive,raw accuracy; absolute,192,0,0,24,0,0
NAIVE|RECUR|NOVEL_C1|E8,0.7286651611328124,0.7095586140950522,0.7498283386230469,positive,raw accuracy; absolute,192,0,0,24,0,0
NAIVE|RECUR|NOVEL_C1|F,0.00203857421875,0.0013671875000000001,0.0027670288085937496,positive,carrier frequency; absolute,80,0,112,23,0,1
NAIVE|RECUR|NOVEL_C1|F0,0.03125,0.03125,0.03125,positive,carrier frequency; absolute,192,0,0,24,0,0
NAIVE|RECUR|NOVEL_C1|F1,0.02392578125,0.0185546875,0.029947916666666668,positive,carrier frequency; absolute,80,0,112,23,0,1
NAIVE|RECUR|NOVEL_C1|F40,0.0,0.0,0.0,observed_exact_zero,sampled equality; not a design guarantee,0,0,192,0,0,24
NAIVE|RECUR|NOVEL_C1|FE1,0.014941406250000002,0.010319010416666666,0.019856770833333332,positive,carrier frequency; absolute,80,0,112,23,0,1
NAIVE|RECUR|NOVEL_C1|FE2,0.0013671875000000001,0.00045572916666666673,0.00244140625,positive,carrier frequency; absolute,9,0,183,8,0,16
NAIVE|RECUR|NOVEL_C1|FE3,0.0,0.0,0.0,observed_exact_zero,sampled equality; not a design guarantee,0,0,192,0,0,24
NAIVE|RECUR|NOVEL_C1|FE4,0.0,0.0,0.0,observed_exact_zero,sampled equality; not a design guarantee,0,0,192,0,0,24
NAIVE|RECUR|NOVEL_C1|FE5,0.0,0.0,0.0,observed_exact_zero,sampled equality; not a design guarantee,0,0,192,0,0,24
NAIVE|RECUR|NOVEL_C1|FE6,0.0,0.0,0.0,observed_exact_zero,sampled equality; not a design guarantee,0,0,192,0,0,24
NAIVE|RECUR|NOVEL_C1|FE7,0.0,0.0,0.0,observed_exact_zero,sampled equality; not a design guarantee,0,0,192,0,0,24
NAIVE|RECUR|NOVEL_C1|FE8,0.0,0.0,0.0,observed_exact_zero,sampled equality; not a design guarantee,0,0,192,0,0,24
NAIVE|RECUR|NOVEL_C1|MLOSS,0.2955481211344401,0.2789025084177653,0.3105096467336019,positive,raw mismatch; absolute,192,0,0,24,0,0
NAIVE|RECUR|NOVEL_C1|U,0.7044518788655599,0.6894903532663981,0.7210974915822347,positive,raw accuracy; absolute,192,0,0,24,0,0
NAIVE|RECUR|NOVEL_C1|U0,0.5143229166666666,0.484375,0.54296875,positive,raw accuracy; absolute,192,0,0,24,0,0
NAIVE|RECUR|NOVEL_C1|U1,0.5889231363932291,0.5795944213867188,0.5995248158772787,positive,raw accuracy; absolute,192,0,0,24,0,0
NAIVE|RECUR|NOVEL_C1|U40,0.7260182698567709,0.7064762115478516,0.7475701649983724,positive,raw accuracy; absolute,192,0,0,24,0,0
NAIVE|RECUR|SHAM_C0|D40,0.017903645833333332,-0.011067708333333334,0.051432291666666664,unresolved,carrier frequency change; absolute,10,182,0,8,16,0
NAIVE|RECUR|SHAM_C0|E1,0.6223256429036459,0.616506830851237,0.6282884979248047,positive,raw accuracy; absolute,192,0,0,24,0,0
NAIVE|RECUR|SHAM_C0|E2,0.6727793375651041,0.6621981048583985,0.6838152567545573,positive,raw accuracy; absolute,192,0,0,24,0,0
NAIVE|RECUR|SHAM_C0|E3,0.7042073567708332,0.6905375417073568,0.7189103190104167,positive,raw accuracy; absolute,192,0,0,24,0,0
NAIVE|RECUR|SHAM_C0|E4,0.7195810953776043,0.7036802419026693,0.7372631072998047,positive,raw accuracy; absolute,192,0,0,24,0,0
NAIVE|RECUR|SHAM_C0|E5,0.7291961669921875,0.7110789235432943,0.7498232777913412,positive,raw accuracy; absolute,192,0,0,24,0,0
NAIVE|RECUR|SHAM_C0|E6,0.7280171712239584,0.7091652170817058,0.7490752156575521,positive,raw accuracy; absolute,192,0,0,24,0,0
NAIVE|RECUR|SHAM_C0|E7,0.7303894042968752,0.7113701629638672,0.7518312581380209,positive,raw accuracy; absolute,192,0,0,24,0,0
NAIVE|RECUR|SHAM_C0|E8,0.7282033284505208,0.7092191823323568,0.7492966969807943,positive,raw accuracy; absolute,192,0,0,24,0,0
NAIVE|RECUR|SHAM_C0|F,0.04711507161458334,0.021490987141927088,0.07568430582682291,positive,carrier frequency; absolute,112,0,80,24,0,0
NAIVE|RECUR|SHAM_C0|F0,0.03125,0.03125,0.03125,positive,carrier frequency; absolute,192,0,0,24,0,0
NAIVE|RECUR|SHAM_C0|F1,0.029134114583333332,0.025553385416666668,0.032877604166666664,positive,carrier frequency; absolute,112,0,80,24,0,0
NAIVE|RECUR|SHAM_C0|F40,0.049153645833333336,0.020182291666666668,0.08268229166666667,positive,carrier frequency; absolute,10,0,182,8,0,16
NAIVE|RECUR|SHAM_C0|FE1,0.03896484375,0.026527506510416667,0.05312744140624999,positive,carrier frequency; absolute,112,0,80,24,0,0
NAIVE|RECUR|SHAM_C0|FE2,0.0494140625,0.023044433593749997,0.07988606770833331,positive,carrier frequency; absolute,20,0,172,14,0,10
NAIVE|RECUR|SHAM_C0|FE3,0.04609375000000001,0.019204101562500003,0.07773600260416666,positive,carrier frequency; absolute,13,0,179,10,0,14
NAIVE|RECUR|SHAM_C0|FE4,0.048502604166666664,0.020148111979166668,0.08047119140624998,positive,carrier frequency; absolute,11,0,181,9,0,15
NAIVE|RECUR|SHAM_C0|FE5,0.048144531250000004,0.018489583333333334,0.08050130208333334,positive,carrier frequency; absolute,10,0,182,8,0,16
NAIVE|RECUR|SHAM_C0|FE6,0.04837239583333333,0.018619791666666666,0.08111979166666666,positive,carrier frequency; absolute,10,0,182,8,0,16
NAIVE|RECUR|SHAM_C0|FE7,0.048665364583333336,0.019205729166666668,0.08170572916666667,positive,carrier frequency; absolute,10,0,182,8,0,16
NAIVE|RECUR|SHAM_C0|FE8,0.04876302083333334,0.019401041666666667,0.08190104166666666,positive,carrier frequency; absolute,10,0,182,8,0,16
NAIVE|RECUR|SHAM_C0|MLOSS,0.2956625620524089,0.2792074203491211,0.3106871795654297,positive,raw mismatch; absolute,192,0,0,24,0,0
NAIVE|RECUR|SHAM_C0|U,0.7043374379475912,0.6893128204345704,0.720792579650879,positive,raw accuracy; absolute,192,0,0,24,0,0
NAIVE|RECUR|SHAM_C0|U0,0.5143229166666666,0.484375,0.54296875,positive,raw accuracy; absolute,192,0,0,24,0,0
NAIVE|RECUR|SHAM_C0|U1,0.5881805419921875,0.5787237803141276,0.5989140828450521,positive,raw accuracy; absolute,192,0,0,24,0,0
NAIVE|RECUR|SHAM_C0|U40,0.7234700520833334,0.7048933664957683,0.7450669606526692,positive,raw accuracy; absolute,192,0,0,24,0,0
NAIVE|RECUR|SHAM_C1|D40,-0.026041666666666668,-0.03125,-0.015625,negative,carrier frequency change; absolute,1,191,0,1,23,0
NAIVE|RECUR|SHAM_C1|E1,0.6223541259765625,0.6168443552652995,0.6281273905436197,positive,raw accuracy; absolute,192,0,0,24,0,0
NAIVE|RECUR|SHAM_C1|E2,0.6738840738932291,0.6632086181640625,0.6854471588134765,positive,raw accuracy; absolute,192,0,0,24,0,0
NAIVE|RECUR|SHAM_C1|E3,0.7048350016276043,0.6912919362386066,0.7197064208984374,positive,raw accuracy; absolute,192,0,0,24,0,0
NAIVE|RECUR|SHAM_C1|E4,0.720404052734375,0.70411013285319,0.738514684041341,positive,raw accuracy; absolute,192,0,0,24,0,0
NAIVE|RECUR|SHAM_C1|E5,0.7286417643229166,0.7104357401529947,0.7490630594889321,positive,raw accuracy; absolute,192,0,0,24,0,0
NAIVE|RECUR|SHAM_C1|E6,0.72833251953125,0.709550552368164,0.7494248199462892,positive,raw accuracy; absolute,192,0,0,24,0,0
NAIVE|RECUR|SHAM_C1|E7,0.7299987792968748,0.7111759948730468,0.7512793477376303,positive,raw accuracy; absolute,192,0,0,24,0,0
NAIVE|RECUR|SHAM_C1|E8,0.7285654703776041,0.7094244893391928,0.7498450215657552,positive,raw accuracy; absolute,192,0,0,24,0,0
NAIVE|RECUR|SHAM_C1|F,0.006001790364583333,0.0008585611979166668,0.015743815104166663,positive,carrier frequency; absolute,55,0,137,23,0,1
NAIVE|RECUR|SHAM_C1|F0,0.03125,0.03125,0.03125,positive,carrier frequency; absolute,192,0,0,24,0,0
NAIVE|RECUR|SHAM_C1|F1,0.014811197916666666,0.010904947916666666,0.01953125,positive,carrier frequency; absolute,55,0,137,23,0,1
NAIVE|RECUR|SHAM_C1|F40,0.005208333333333333,0.0,0.015625,unresolved,carrier frequency; absolute,1,0,191,1,0,23
NAIVE|RECUR|SHAM_C1|FE1,0.01139322916666667,0.006444498697916667,0.01731770833333333,positive,carrier frequency; absolute,55,0,137,23,0,1
NAIVE|RECUR|SHAM_C1|FE2,0.00537109375,3.255208333333333e-05,0.015398763020833324,positive,carrier frequency; absolute,5,0,187,4,0,20
NAIVE|RECUR|SHAM_C1|FE3,0.005208333333333333,0.0,0.015625,unresolved,carrier frequency; absolute,1,0,191,1,0,23
NAIVE|RECUR|SHAM_C1|FE4,0.005208333333333333,0.0,0.015625,unresolved,carrier frequency; absolute,1,0,191,1,0,23
NAIVE|RECUR|SHAM_C1|FE5,0.005208333333333333,0.0,0.015625,unresolved,carrier frequency; absolute,1,0,191,1,0,23
NAIVE|RECUR|SHAM_C1|FE6,0.005208333333333333,0.0,0.015625,unresolved,carrier frequency; absolute,1,0,191,1,0,23
NAIVE|RECUR|SHAM_C1|FE7,0.005208333333333333,0.0,0.015625,unresolved,carrier frequency; absolute,1,0,191,1,0,23
NAIVE|RECUR|SHAM_C1|FE8,0.005208333333333333,0.0,0.015625,unresolved,carrier frequency; absolute,1,0,191,1,0,23
NAIVE|RECUR|SHAM_C1|MLOSS,0.2953730265299479,0.27878519376118976,0.31047482808430993,positive,raw mismatch; absolute,192,0,0,24,0,0
NAIVE|RECUR|SHAM_C1|U,0.704626973470052,0.6895251719156902,0.7212148062388104,positive,raw accuracy; absolute,192,0,0,24,0,0
NAIVE|RECUR|SHAM_C1|U0,0.5143229166666666,0.484375,0.54296875,positive,raw accuracy; absolute,192,0,0,24,0,0
NAIVE|RECUR|SHAM_C1|U1,0.5880482991536459,0.5785959879557292,0.5987916310628255,positive,raw accuracy; absolute,192,0,0,24,0,0
NAIVE|RECUR|SHAM_C1|U40,0.7254486083984375,0.7059762318929036,0.747797393798828,positive,raw accuracy; absolute,192,0,0,24,0,0
RESIDENT40_MINUS_NAIVE|IID|ACTIVE_C0-NOVEL_C0|D40,0.034993489583333336,-0.08463948567708333,0.15527750651041664,unresolved,carrier frequency change; prepared-minus-naive total effect,38,36,118,13,7,4
RESIDENT40_MINUS_NAIVE|IID|ACTIVE_C0-NOVEL_C0|E1,0.0006123860677083361,-0.0003531138102213477,0.0016145324707031532,unresolved,raw accuracy; prepared-minus-naive total effect,86,81,25,15,9,0
RESIDENT40_MINUS_NAIVE|IID|ACTIVE_C0-NOVEL_C0|E2,-0.001387532552083362,-0.0029982503255209,1.9454956054655582e-05,unresolved,raw accuracy; prepared-minus-naive total effect,78,91,23,8,16,0
RESIDENT40_MINUS_NAIVE|IID|ACTIVE_C0-NOVEL_C0|E3,-0.000640869140625037,-0.0027019500732422055,0.001508941650390592,unresolved,raw accuracy; prepared-minus-naive total effect,77,89,26,10,14,0
RESIDENT40_MINUS_NAIVE|IID|ACTIVE_C0-NOVEL_C0|E4,-0.0007324218750000694,-0.003036804199218819,0.0017008972167968028,unresolved,raw accuracy; prepared-minus-naive total effect,80,87,25,9,15,0
RESIDENT40_MINUS_NAIVE|IID|ACTIVE_C0-NOVEL_C0|E5,0.00024108886718750278,-0.0019045766194661351,0.002334976196289069,unresolved,raw accuracy; prepared-minus-naive total effect,77,91,24,12,12,0
RESIDENT40_MINUS_NAIVE|IID|ACTIVE_C0-NOVEL_C0|E6,-0.0013458251953124927,-0.00361333211263022,0.0009349060058594024,unresolved,raw accuracy; prepared-minus-naive total effect,72,97,23,11,13,0
RESIDENT40_MINUS_NAIVE|IID|ACTIVE_C0-NOVEL_C0|E7,-0.0005167643229166315,-0.0027868398030598636,0.0019135284423828214,unresolved,raw accuracy; prepared-minus-naive total effect,79,90,23,12,12,0
RESIDENT40_MINUS_NAIVE|IID|ACTIVE_C0-NOVEL_C0|E8,0.0011830647786458027,-0.0013601938883463886,0.003613560994466182,unresolved,raw accuracy; prepared-minus-naive total effect,91,78,23,14,10,0
RESIDENT40_MINUS_NAIVE|IID|ACTIVE_C0-NOVEL_C0|F,0.026639811197916665,-0.059063110351562496,0.11465281168619793,unresolved,carrier frequency; prepared-minus-naive total effect,94,73,25,15,9,0
RESIDENT40_MINUS_NAIVE|IID|ACTIVE_C0-NOVEL_C0|F0,0.0,0.0,0.0,structural_zero,design-implied zero,0,0,192,0,0,24
RESIDENT40_MINUS_NAIVE|IID|ACTIVE_C0-NOVEL_C0|F1,0.004557291666666667,-0.0029337565104166664,0.013020833333333334,unresolved,carrier frequency; prepared-minus-naive total effect,69,50,73,13,10,1
RESIDENT40_MINUS_NAIVE|IID|ACTIVE_C0-NOVEL_C0|F40,0.034993489583333336,-0.08463948567708333,0.15527750651041664,unresolved,carrier frequency; prepared-minus-naive total effect,38,36,118,13,7,4
RESIDENT40_MINUS_NAIVE|IID|ACTIVE_C0-NOVEL_C0|FE1,0.006282552083333331,-0.01403564453125,0.027118326822916657,unresolved,carrier frequency; prepared-minus-naive total effect,90,76,26,15,9,0
RESIDENT40_MINUS_NAIVE|IID|ACTIVE_C0-NOVEL_C0|FE2,0.011490885416666667,-0.03676432291666666,0.06244547526041661,unresolved,carrier frequency; prepared-minus-naive total effect,65,57,70,10,14,0
RESIDENT40_MINUS_NAIVE|IID|ACTIVE_C0-NOVEL_C0|FE3,0.017447916666666667,-0.06388427734374999,0.09883707682291662,unresolved,carrier frequency; prepared-minus-naive total effect,55,46,91,12,11,1
RESIDENT40_MINUS_NAIVE|IID|ACTIVE_C0-NOVEL_C0|FE4,0.03570963541666666,-0.058085123697916664,0.13135009765625,unresolved,carrier frequency; prepared-minus-naive total effect,50,42,100,13,10,1
RESIDENT40_MINUS_NAIVE|IID|ACTIVE_C0-NOVEL_C0|FE5,0.034407552083333334,-0.07611816406250001,0.14649169921874997,unresolved,carrier frequency; prepared-minus-naive total effect,46,38,108,15,8,1
RESIDENT40_MINUS_NAIVE|IID|ACTIVE_C0-NOVEL_C0|FE6,0.032519531250000004,-0.08340169270833332,0.15007324218749996,unresolved,carrier frequency; prepared-minus-naive total effect,43,39,110,15,8,1
RESIDENT40_MINUS_NAIVE|IID|ACTIVE_C0-NOVEL_C0|FE7,0.039095052083333325,-0.07913411458333335,0.16119954427083333,unresolved,carrier frequency; prepared-minus-naive total effect,41,37,114,15,8,1
RESIDENT40_MINUS_NAIVE|IID|ACTIVE_C0-NOVEL_C0|FE8,0.03616536458333334,-0.08340006510416664,0.15605550130208332,unresolved,carrier frequency; prepared-minus-naive total effect,39,36,117,15,7,2
RESIDENT40_MINUS_NAIVE|IID|ACTIVE_C0-NOVEL_C0|MLOSS,0.0003233591715494759,-0.0006772391001383556,0.001305176417032876,unresolved,raw mismatch; prepared-minus-naive total effect,89,80,23,11,13,0
RESIDENT40_MINUS_NAIVE|IID|ACTIVE_C0-NOVEL_C0|U,-0.0003233591715494505,-0.0013051764170328255,0.0006772391001384326,unresolved,raw accuracy; prepared-minus-naive total effect,80,89,23,13,11,0
RESIDENT40_MINUS_NAIVE|IID|ACTIVE_C0-NOVEL_C0|U0,0.0,0.0,0.0,structural_zero,design-implied zero,0,0,192,0,0,24
RESIDENT40_MINUS_NAIVE|IID|ACTIVE_C0-NOVEL_C0|U1,0.0003102620442708333,-0.0003154754638671875,0.0009816487630208333,unresolved,raw accuracy; prepared-minus-naive total effect,68,42,82,12,12,0
RESIDENT40_MINUS_NAIVE|IID|ACTIVE_C0-NOVEL_C0|U40,0.0017140706380208333,-0.004160690307617188,0.007202911376953121,unresolved,raw accuracy; prepared-minus-naive total effect,90,78,24,14,10,0
RESIDENT40_MINUS_NAIVE|IID|ACTIVE_C0-SHAM_C0|D40,-0.044759114583333336,-0.11769205729166667,0.030603027343749978,unresolved,carrier frequency change; prepared-minus-naive total effect,14,23,155,6,12,6
RESIDENT40_MINUS_NAIVE|IID|ACTIVE_C0-SHAM_C0|E1,-5.391438802083981e-05,-0.0006867472330729209,0.0005524444580078036,unresolved,raw accuracy; prepared-minus-naive total effect,45,47,100,13,11,0
RESIDENT40_MINUS_NAIVE|IID|ACTIVE_C0-SHAM_C0|E2,-0.0012420654296875177,-0.0024750264485677424,0.00012413024902341663,unresolved,raw accuracy; prepared-minus-naive total effect,47,49,96,7,16,1
RESIDENT40_MINUS_NAIVE|IID|ACTIVE_C0-SHAM_C0|E3,-0.0006795247395833351,-0.002027537027994798,0.0007497406005859319,unresolved,raw accuracy; prepared-minus-naive total effect,44,52,96,11,13,0
RESIDENT40_MINUS_NAIVE|IID|ACTIVE_C0-SHAM_C0|E4,-0.000831095377604151,-0.0025564575195312243,0.0008687337239583346,unresolved,raw accuracy; prepared-minus-naive total effect,42,53,97,10,14,0
RESIDENT40_MINUS_NAIVE|IID|ACTIVE_C0-SHAM_C0|E5,-0.0012166341145833277,-0.0028018697102864553,0.00038675944010418874,unresolved,raw accuracy; prepared-minus-naive total effect,41,54,97,6,18,0
RESIDENT40_MINUS_NAIVE|IID|ACTIVE_C0-SHAM_C0|E6,-0.0018147786458333297,-0.0030722300211588676,-0.0004362742106119713,negative,raw accuracy; prepared-minus-naive total effect,37,59,96,6,18,0
RESIDENT40_MINUS_NAIVE|IID|ACTIVE_C0-SHAM_C0|E7,-0.0007934570312500047,-0.002629648844401051,0.0010499064127604324,unresolved,raw accuracy; prepared-minus-naive total effect,45,51,96,11,13,0
RESIDENT40_MINUS_NAIVE|IID|ACTIVE_C0-SHAM_C0|E8,-0.00032145182291666113,-0.002030436197916643,0.0013907114664713693,unresolved,raw accuracy; prepared-minus-naive total effect,42,53,97,13,11,0
RESIDENT40_MINUS_NAIVE|IID|ACTIVE_C0-SHAM_C0|F,-0.03448893229166667,-0.0870557657877604,0.020306091308593704,unresolved,carrier frequency; prepared-minus-naive total effect,44,47,101,10,14,0
RESIDENT40_MINUS_NAIVE|IID|ACTIVE_C0-SHAM_C0|F0,0.0,0.0,0.0,structural_zero,design-implied zero,0,0,192,0,0,24
RESIDENT40_MINUS_NAIVE|IID|ACTIVE_C0-SHAM_C0|F1,0.0,0.0,0.0,structural_zero,design-implied zero,0,0,192,0,0,24
RESIDENT40_MINUS_NAIVE|IID|ACTIVE_C0-SHAM_C0|F40,-0.044759114583333336,-0.11769205729166667,0.030603027343749978,unresolved,carrier frequency; prepared-minus-naive total effect,14,23,155,6,12,6
RESIDENT40_MINUS_NAIVE|IID|ACTIVE_C0-SHAM_C0|FE1,-0.003710937499999999,-0.01598470052083333,0.0073242187499999965,unresolved,carrier frequency; prepared-minus-naive total effect,43,46,103,11,13,0
RESIDENT40_MINUS_NAIVE|IID|ACTIVE_C0-SHAM_C0|FE2,-0.023665364583333334,-0.05704264322916666,0.010590006510416609,unresolved,carrier frequency; prepared-minus-naive total effect,30,39,123,9,14,1
RESIDENT40_MINUS_NAIVE|IID|ACTIVE_C0-SHAM_C0|FE3,-0.04485677083333333,-0.10166585286458331,0.010123697916666674,unresolved,carrier frequency; prepared-minus-naive total effect,21,33,138,7,15,2
RESIDENT40_MINUS_NAIVE|IID|ACTIVE_C0-SHAM_C0|FE4,-0.04000651041666666,-0.10052246093749999,0.02208251953124994,unresolved,carrier frequency; prepared-minus-naive total effect,19,26,147,8,13,3
RESIDENT40_MINUS_NAIVE|IID|ACTIVE_C0-SHAM_C0|FE5,-0.03489583333333333,-0.09697998046874999,0.03099039713541666,unresolved,carrier frequency; prepared-minus-naive total effect,17,24,151,8,13,3
RESIDENT40_MINUS_NAIVE|IID|ACTIVE_C0-SHAM_C0|FE6,-0.044596354166666664,-0.11400065104166666,0.02676269531249997,unresolved,carrier frequency; prepared-minus-naive total effect,15,25,152,7,13,4
RESIDENT40_MINUS_NAIVE|IID|ACTIVE_C0-SHAM_C0|FE7,-0.04137369791666667,-0.11431559244791668,0.034900716145833316,unresolved,carrier frequency; prepared-minus-naive total effect,15,25,152,7,13,4
RESIDENT40_MINUS_NAIVE|IID|ACTIVE_C0-SHAM_C0|FE8,-0.042805989583333336,-0.116064453125,0.03278157552083333,unresolved,carrier frequency; prepared-minus-naive total effect,15,24,153,7,13,4
RESIDENT40_MINUS_NAIVE|IID|ACTIVE_C0-SHAM_C0|MLOSS,0.0008691151936848865,0.00029199600219725056,0.0014017740885416618,positive,raw mismatch; prepared-minus-naive total effect,55,41,96,18,6,0
RESIDENT40_MINUS_NAIVE|IID|ACTIVE_C0-SHAM_C0|U,-0.0008691151936848588,-0.0014017740885416186,-0.0002919960021972246,negative,raw accuracy; prepared-minus-naive total effect,41,55,96,6,18,0
RESIDENT40_MINUS_NAIVE|IID|ACTIVE_C0-SHAM_C0|U0,0.0,0.0,0.0,structural_zero,design-implied zero,0,0,192,0,0,24
RESIDENT40_MINUS_NAIVE|IID|ACTIVE_C0-SHAM_C0|U1,0.0,0.0,0.0,structural_zero,design-implied zero,0,0,192,0,0,24
RESIDENT40_MINUS_NAIVE|IID|ACTIVE_C0-SHAM_C0|U40,-0.001617431640625,-0.006098556518554688,0.0024618784586588538,unresolved,raw accuracy; prepared-minus-naive total effect,47,48,97,10,14,0
RESIDENT40_MINUS_NAIVE|IID|ACTIVE_C0|D40,-0.029134114583333332,-0.09505208333333333,0.038594563802083225,unresolved,carrier frequency change; prepared-minus-naive total effect,14,20,158,7,11,6
RESIDENT40_MINUS_NAIVE|IID|ACTIVE_C0|E1,0.004843139648437504,0.0014952850341796913,0.007588907877604165,positive,raw accuracy; prepared-minus-naive total effect,119,71,2,21,3,0
RESIDENT40_MINUS_NAIVE|IID|ACTIVE_C0|E2,0.001091512044270826,-0.00038960774739581666,0.002383600870768221,unresolved,raw accuracy; prepared-minus-naive total effect,101,90,1,13,11,0
RESIDENT40_MINUS_NAIVE|IID|ACTIVE_C0|E3,-0.00046997070312501665,-0.0019565582275390785,0.0009330749511718354,unresolved,raw accuracy; prepared-minus-naive total effect,94,98,0,8,16,0
RESIDENT40_MINUS_NAIVE|IID|ACTIVE_C0|E4,-0.0009684244791667018,-0.0028168996175130536,0.0007173665364583042,unresolved,raw accuracy; prepared-minus-naive total effect,100,92,0,12,12,0
RESIDENT40_MINUS_NAIVE|IID|ACTIVE_C0|E5,-0.0013610839843749833,-0.0032735697428385524,0.00043955485026044656,unresolved,raw accuracy; prepared-minus-naive total effect,87,105,0,9,15,0
RESIDENT40_MINUS_NAIVE|IID|ACTIVE_C0|E6,-0.0001332600911458324,-0.0021581522623697995,0.0019399770100911613,unresolved,raw accuracy; prepared-minus-naive total effect,94,97,1,11,13,0
RESIDENT40_MINUS_NAIVE|IID|ACTIVE_C0|E7,-0.0012929280598958138,-0.003152160644531224,0.0006829579671224068,unresolved,raw accuracy; prepared-minus-naive total effect,81,109,2,9,15,0
RESIDENT40_MINUS_NAIVE|IID|ACTIVE_C0|E8,0.001039632161458313,-0.0010327148437499964,0.003044026692708288,unresolved,raw accuracy; prepared-minus-naive total effect,104,86,2,15,9,0
RESIDENT40_MINUS_NAIVE|IID|ACTIVE_C0|F,-0.02602945963541667,-0.07871673583984376,0.0296336873372395,unresolved,carrier frequency; prepared-minus-naive total effect,56,92,44,10,14,0
RESIDENT40_MINUS_NAIVE|IID|ACTIVE_C0|F0,0.0,0.0,0.0,structural_zero,design-implied zero,0,0,192,0,0,24
RESIDENT40_MINUS_NAIVE|IID|ACTIVE_C0|F1,-0.005045572916666667,-0.01123046875,0.00146484375,unresolved,carrier frequency; prepared-minus-naive total effect,46,79,67,5,15,4
RESIDENT40_MINUS_NAIVE|IID|ACTIVE_C0|F40,-0.029134114583333332,-0.09505208333333333,0.038594563802083225,unresolved,carrier frequency; prepared-minus-naive total effect,14,20,158,7,11,6
RESIDENT40_MINUS_NAIVE|IID|ACTIVE_C0|FE1,-0.008723958333333332,-0.025423990885416664,0.008724772135416664,unresolved,carrier frequency; prepared-minus-naive total effect,55,93,44,9,15,0
RESIDENT40_MINUS_NAIVE|IID|ACTIVE_C0|FE2,-0.019108072916666666,-0.055048014322916665,0.018360188802083326,unresolved,carrier frequency; prepared-minus-naive total effect,30,38,124,9,14,1
RESIDENT40_MINUS_NAIVE|IID|ACTIVE_C0|FE3,-0.03968098958333333,-0.0939794921875,0.01728678385416666,unresolved,carrier frequency; prepared-minus-naive total effect,19,26,147,8,14,2
RESIDENT40_MINUS_NAIVE|IID|ACTIVE_C0|FE4,-0.032975260416666666,-0.09339355468749999,0.02936442057291666,unresolved,carrier frequency; prepared-minus-naive total effect,19,23,150,9,12,3
RESIDENT40_MINUS_NAIVE|IID|ACTIVE_C0|FE5,-0.027734375000000002,-0.09323323567708332,0.03884114583333329,unresolved,carrier frequency; prepared-minus-naive total effect,16,22,154,9,12,3
RESIDENT40_MINUS_NAIVE|IID|ACTIVE_C0|FE6,-0.0283203125,-0.095283203125,0.04004557291666663,unresolved,carrier frequency; prepared-minus-naive total effect,15,22,155,9,12,3
RESIDENT40_MINUS_NAIVE|IID|ACTIVE_C0|FE7,-0.02486979166666667,-0.09197102864583334,0.0435546875,unresolved,carrier frequency; prepared-minus-naive total effect,15,22,155,9,12,3
RESIDENT40_MINUS_NAIVE|IID|ACTIVE_C0|FE8,-0.02682291666666667,-0.09417317708333332,0.04274088541666667,unresolved,carrier frequency; prepared-minus-naive total effect,15,20,157,9,11,4
RESIDENT40_MINUS_NAIVE|IID|ACTIVE_C0|MLOSS,-0.0003435770670573042,-0.001085192362467466,0.00044785181681314276,unresolved,raw mismatch; prepared-minus-naive total effect,90,102,0,9,15,0
RESIDENT40_MINUS_NAIVE|IID|ACTIVE_C0|U,0.000343577067057325,-0.0004478518168131475,0.0010851923624674732,unresolved,raw accuracy; prepared-minus-naive total effect,102,90,0,15,9,0
RESIDENT40_MINUS_NAIVE|IID|ACTIVE_C0|U0,0.012049357096354166,-0.022508875528971354,0.048499298095703115,unresolved,raw accuracy; prepared-minus-naive total effect,110,82,0,14,10,0
RESIDENT40_MINUS_NAIVE|IID|ACTIVE_C0|U1,0.028559366861979168,0.016830062866210936,0.03914934794108073,positive,raw accuracy; prepared-minus-naive total effect,153,37,2,21,3,0
RESIDENT40_MINUS_NAIVE|IID|ACTIVE_C0|U40,0.0020802815755208335,-0.002980677286783854,0.007085164388020833,unresolved,raw accuracy; prepared-minus-naive total effect,94,97,1,17,7,0
RESIDENT40_MINUS_NAIVE|RECUR|ACTIVE_C0-NOVEL_C0|D40,0.19938151041666666,0.13310139973958335,0.2685546875,positive,carrier frequency change; prepared-minus-naive total effect,56,17,119,20,1,3
RESIDENT40_MINUS_NAIVE|RECUR|ACTIVE_C0-NOVEL_C0|E1,0.00035400390625002037,-0.0009135945638021023,0.0013082122802734319,unresolved,raw accuracy; prepared-minus-naive total effect,75,70,47,14,10,0
RESIDENT40_MINUS_NAIVE|RECUR|ACTIVE_C0-NOVEL_C0|E2,0.0019694010416666657,-0.00019605000813800093,0.003963673909505164,unresolved,raw accuracy; prepared-minus-naive total effect,93,59,40,17,7,0
RESIDENT40_MINUS_NAIVE|RECUR|ACTIVE_C0-NOVEL_C0|E3,0.004799397786458377,0.002054545084635485,0.007594833374023495,positive,raw accuracy; prepared-minus-naive total effect,91,63,38,18,6,0
RESIDENT40_MINUS_NAIVE|RECUR|ACTIVE_C0-NOVEL_C0|E4,0.009549967447916655,0.007037048339843765,0.012036234537760392,positive,raw accuracy; prepared-minus-naive total effect,92,62,38,23,1,0
RESIDENT40_MINUS_NAIVE|RECUR|ACTIVE_C0-NOVEL_C0|E5,0.012817382812500005,0.009561564127604193,0.015922063191731763,positive,raw accuracy; prepared-minus-naive total effect,93,58,41,23,1,0
RESIDENT40_MINUS_NAIVE|RECUR|ACTIVE_C0-NOVEL_C0|E6,0.01884155273437502,0.013980865478515618,0.02291361490885422,positive,raw accuracy; prepared-minus-naive total effect,101,54,37,23,1,0
RESIDENT40_MINUS_NAIVE|RECUR|ACTIVE_C0-NOVEL_C0|E7,0.022140502929687528,0.01620076497395836,0.027612864176432318,positive,raw accuracy; prepared-minus-naive total effect,96,59,37,23,1,0
RESIDENT40_MINUS_NAIVE|RECUR|ACTIVE_C0-NOVEL_C0|E8,0.026545206705729112,0.01901934305826814,0.03354235331217444,positive,raw accuracy; prepared-minus-naive total effect,96,56,40,23,1,0
RESIDENT40_MINUS_NAIVE|RECUR|ACTIVE_C0-NOVEL_C0|F,0.14002278645833335,0.09396219889322918,0.186943359375,positive,carrier frequency; prepared-minus-naive total effect,124,39,29,21,3,0
RESIDENT40_MINUS_NAIVE|RECUR|ACTIVE_C0-NOVEL_C0|F0,0.0,0.0,0.0,structural_zero,design-implied zero,0,0,192,0,0,24
RESIDENT40_MINUS_NAIVE|RECUR|ACTIVE_C0-NOVEL_C0|F1,0.01904296875,0.014973958333333334,0.0234375,positive,carrier frequency; prepared-minus-naive total effect,92,6,94,23,0,1
RESIDENT40_MINUS_NAIVE|RECUR|ACTIVE_C0-NOVEL_C0|F40,0.19938151041666666,0.13310139973958335,0.2685546875,positive,carrier frequency; prepared-minus-naive total effect,56,17,119,20,1,3
RESIDENT40_MINUS_NAIVE|RECUR|ACTIVE_C0-NOVEL_C0|FE1,0.031087239583333332,0.023274739583333332,0.038834635416666666,positive,carrier frequency; prepared-minus-naive total effect,125,38,29,23,1,0
RESIDENT40_MINUS_NAIVE|RECUR|ACTIVE_C0-NOVEL_C0|FE2,0.027766927083333337,-0.004557291666666662,0.058756510416666664,unresolved,carrier frequency; prepared-minus-naive total effect,81,30,81,15,9,0
RESIDENT40_MINUS_NAIVE|RECUR|ACTIVE_C0-NOVEL_C0|FE3,0.12080078125,0.07421061197916667,0.1675203450520833,positive,carrier frequency; prepared-minus-naive total effect,66,26,100,19,5,0
RESIDENT40_MINUS_NAIVE|RECUR|ACTIVE_C0-NOVEL_C0|FE4,0.16845703125,0.11474365234375,0.22226643880208333,positive,carrier frequency; prepared-minus-naive total effect,62,20,110,21,2,1
RESIDENT40_MINUS_NAIVE|RECUR|ACTIVE_C0-NOVEL_C0|FE5,0.1802408854166667,0.12215983072916668,0.23652506510416668,positive,carrier frequency; prepared-minus-naive total effect,59,18,115,20,1,3
RESIDENT40_MINUS_NAIVE|RECUR|ACTIVE_C0-NOVEL_C0|FE6,0.19443359375000002,0.13004069010416666,0.25957112630208334,positive,carrier frequency; prepared-minus-naive total effect,57,18,117,20,1,3
RESIDENT40_MINUS_NAIVE|RECUR|ACTIVE_C0-NOVEL_C0|FE7,0.19814453125,0.13066162109374999,0.26604899088541667,positive,carrier frequency; prepared-minus-naive total effect,56,18,118,20,1,3
RESIDENT40_MINUS_NAIVE|RECUR|ACTIVE_C0-NOVEL_C0|FE8,0.19925130208333333,0.13284423828125,0.26829427083333335,positive,carrier frequency; prepared-minus-naive total effect,56,17,119,20,1,3
RESIDENT40_MINUS_NAIVE|RECUR|ACTIVE_C0-NOVEL_C0|MLOSS,-0.012127176920572918,-0.01506839434305826,-0.008791685104370119,negative,raw mismatch; prepared-minus-naive total effect,62,98,32,1,23,0
RESIDENT40_MINUS_NAIVE|RECUR|ACTIVE_C0-NOVEL_C0|U,0.012127176920572866,0.00879168510437007,0.015068394343058239,positive,raw accuracy; prepared-minus-naive total effect,98,62,32,23,1,0
RESIDENT40_MINUS_NAIVE|RECUR|ACTIVE_C0-NOVEL_C0|U0,0.0,0.0,0.0,structural_zero,design-implied zero,0,0,192,0,0,24
RESIDENT40_MINUS_NAIVE|RECUR|ACTIVE_C0-NOVEL_C0|U1,0.0009511311848958334,0.00067138671875,0.0012462615966796868,positive,raw accuracy; prepared-minus-naive total effect,50,1,141,20,0,4
RESIDENT40_MINUS_NAIVE|RECUR|ACTIVE_C0-NOVEL_C0|U40,0.029841105143229168,0.02106183369954427,0.037893676757812494,positive,raw accuracy; prepared-minus-naive total effect,92,54,46,22,2,0
RESIDENT40_MINUS_NAIVE|RECUR|ACTIVE_C0-SHAM_C0|D40,0.21500651041666666,0.14794514973958334,0.2845214843749999,positive,carrier frequency change; prepared-minus-naive total effect,61,15,116,21,1,2
RESIDENT40_MINUS_NAIVE|RECUR|ACTIVE_C0-SHAM_C0|E1,5.289713541668332e-05,-0.0005048878987629932,0.0006257629394531515,unresolved,raw accuracy; prepared-minus-naive total effect,51,32,109,12,11,1
RESIDENT40_MINUS_NAIVE|RECUR|ACTIVE_C0-SHAM_C0|E2,-0.0004903157552083361,-0.0019695281982421782,0.00099400838216146,unresolved,raw accuracy; prepared-minus-naive total effect,60,38,94,11,13,0
RESIDENT40_MINUS_NAIVE|RECUR|ACTIVE_C0-SHAM_C0|E3,0.003875732421875009,0.00205986022949226,0.005721079508463542,positive,raw accuracy; prepared-minus-naive total effect,67,39,86,19,5,0
RESIDENT40_MINUS_NAIVE|RECUR|ACTIVE_C0-SHAM_C0|E4,0.008775838216145804,0.006185607910156244,0.011175740559895831,positive,raw accuracy; prepared-minus-naive total effect,71,33,88,22,2,0
RESIDENT40_MINUS_NAIVE|RECUR|ACTIVE_C0-SHAM_C0|E5,0.013411458333333315,0.009979197184244771,0.016476796468098933,positive,raw accuracy; prepared-minus-naive total effect,73,32,87,22,2,0
RESIDENT40_MINUS_NAIVE|RECUR|ACTIVE_C0-SHAM_C0|E6,0.018326822916666662,0.013586298624674488,0.022373580932617165,positive,raw accuracy; prepared-minus-naive total effect,71,34,87,23,1,0
RESIDENT40_MINUS_NAIVE|RECUR|ACTIVE_C0-SHAM_C0|E7,0.022596232096354193,0.016518122355143234,0.02821985880533856,positive,raw accuracy; prepared-minus-naive total effect,73,34,85,23,1,0
RESIDENT40_MINUS_NAIVE|RECUR|ACTIVE_C0-SHAM_C0|E8,0.026066080729166666,0.01861287434895834,0.03302218119303383,positive,raw accuracy; prepared-minus-naive total effect,74,31,87,23,1,0
RESIDENT40_MINUS_NAIVE|RECUR|ACTIVE_C0-SHAM_C0|F,0.14243977864583332,0.09939900716145832,0.18825683593749998,positive,carrier frequency; prepared-minus-naive total effect,78,29,85,21,3,0
RESIDENT40_MINUS_NAIVE|RECUR|ACTIVE_C0-SHAM_C0|F0,0.0,0.0,0.0,structural_zero,design-implied zero,0,0,192,0,0,24
RESIDENT40_MINUS_NAIVE|RECUR|ACTIVE_C0-SHAM_C0|F1,0.0,0.0,0.0,structural_zero,design-implied zero,0,0,192,0,0,24
RESIDENT40_MINUS_NAIVE|RECUR|ACTIVE_C0-SHAM_C0|F40,0.21500651041666666,0.14794514973958334,0.2845214843749999,positive,carrier frequency; prepared-minus-naive total effect,61,15,116,21,1,2
RESIDENT40_MINUS_NAIVE|RECUR|ACTIVE_C0-SHAM_C0|FE1,0.002018229166666667,-0.004947916666666666,0.009147949218749996,unresolved,carrier frequency; prepared-minus-naive total effect,56,36,100,13,8,3
RESIDENT40_MINUS_NAIVE|RECUR|ACTIVE_C0-SHAM_C0|FE2,0.024121093750000006,-0.005470377604166665,0.052115885416666674,unresolved,carrier frequency; prepared-minus-naive total effect,62,29,101,19,5,0
RESIDENT40_MINUS_NAIVE|RECUR|ACTIVE_C0-SHAM_C0|FE3,0.11689453125,0.0754541015625,0.16181884765625001,positive,carrier frequency; prepared-minus-naive total effect,63,24,105,20,4,0
RESIDENT40_MINUS_NAIVE|RECUR|ACTIVE_C0-SHAM_C0|FE4,0.17054036458333335,0.12122151692708334,0.22552408854166667,positive,carrier frequency; prepared-minus-naive total effect,63,18,111,21,3,0
RESIDENT40_MINUS_NAIVE|RECUR|ACTIVE_C0-SHAM_C0|FE5,0.1909505208333333,0.1382080078125,0.24815673828124993,positive,carrier frequency; prepared-minus-naive total effect,62,16,114,21,3,0
RESIDENT40_MINUS_NAIVE|RECUR|ACTIVE_C0-SHAM_C0|FE6,0.20699869791666667,0.14599039713541667,0.2693684895833333,positive,carrier frequency; prepared-minus-naive total effect,62,16,114,21,3,0
RESIDENT40_MINUS_NAIVE|RECUR|ACTIVE_C0-SHAM_C0|FE7,0.21217447916666665,0.14683756510416668,0.27887532552083333,positive,carrier frequency; prepared-minus-naive total effect,61,16,115,21,2,1
RESIDENT40_MINUS_NAIVE|RECUR|ACTIVE_C0-SHAM_C0|FE8,0.2158203125,0.14953206380208336,0.2843123372395834,positive,carrier frequency; prepared-minus-naive total effect,61,15,116,21,1,2
RESIDENT40_MINUS_NAIVE|RECUR|ACTIVE_C0-SHAM_C0|MLOSS,-0.01157684326171874,-0.01437209447224933,-0.008365990320841461,negative,raw mismatch; prepared-minus-naive total effect,36,71,85,1,23,0
RESIDENT40_MINUS_NAIVE|RECUR|ACTIVE_C0-SHAM_C0|U,0.011576843261718742,0.008365990320841453,0.014372094472249339,positive,raw accuracy; prepared-minus-naive total effect,71,36,85,23,1,0
RESIDENT40_MINUS_NAIVE|RECUR|ACTIVE_C0-SHAM_C0|U0,0.0,0.0,0.0,structural_zero,design-implied zero,0,0,192,0,0,24
RESIDENT40_MINUS_NAIVE|RECUR|ACTIVE_C0-SHAM_C0|U1,0.0,0.0,0.0,structural_zero,design-implied zero,0,0,192,0,0,24
RESIDENT40_MINUS_NAIVE|RECUR|ACTIVE_C0-SHAM_C0|U40,0.0273895263671875,0.019603729248046875,0.034917449951171874,positive,raw accuracy; prepared-minus-naive total effect,68,34,90,23,1,0
RESIDENT40_MINUS_NAIVE|RECUR|ACTIVE_C0|D40,0.19417317708333334,0.13165283203125,0.2581380208333333,positive,carrier frequency change; prepared-minus-naive total effect,55,17,120,20,1,3
RESIDENT40_MINUS_NAIVE|RECUR|ACTIVE_C0|E1,0.10776875813802085,0.09399681091308601,0.12353159586588537,positive,raw accuracy; prepared-minus-naive total effect,192,0,0,24,0,0
RESIDENT40_MINUS_NAIVE|RECUR|ACTIVE_C0|E2,0.055317179361979156,0.04615829467773434,0.06580556233723957,positive,raw accuracy; prepared-minus-naive total effect,186,5,1,24,0,0
RESIDENT40_MINUS_NAIVE|RECUR|ACTIVE_C0|E3,0.029735310872395847,0.02391825358072919,0.036093877156575534,positive,raw accuracy; prepared-minus-naive total effect,163,29,0,24,0,0
RESIDENT40_MINUS_NAIVE|RECUR|ACTIVE_C0|E4,0.01792093912760415,0.013838399251302065,0.022143707275390632,positive,raw accuracy; prepared-minus-naive total effect,138,54,0,23,1,0
RESIDENT40_MINUS_NAIVE|RECUR|ACTIVE_C0|E5,0.0144500732421875,0.010946807861328092,0.01768402099609376,positive,raw accuracy; prepared-minus-naive total effect,115,73,4,22,2,0
RESIDENT40_MINUS_NAIVE|RECUR|ACTIVE_C0|E6,0.018833414713541663,0.014015579223632786,0.023205261230468767,positive,raw accuracy; prepared-minus-naive total effect,123,66,3,23,1,0
RESIDENT40_MINUS_NAIVE|RECUR|ACTIVE_C0|E7,0.022343953450520825,0.016289952596028667,0.027761001586914094,positive,raw accuracy; prepared-minus-naive total effect,115,73,4,23,1,0
RESIDENT40_MINUS_NAIVE|RECUR|ACTIVE_C0|E8,0.026429239908854162,0.019032160441080748,0.03345799763997398,positive,raw accuracy; prepared-minus-naive total effect,114,78,0,23,1,0
RESIDENT40_MINUS_NAIVE|RECUR|ACTIVE_C0|F,0.12605794270833334,0.08238667805989586,0.16756825764973957,positive,carrier frequency; prepared-minus-naive total effect,100,58,34,21,3,0
RESIDENT40_MINUS_NAIVE|RECUR|ACTIVE_C0|F0,0.0,0.0,0.0,structural_zero,design-implied zero,0,0,192,0,0,24
RESIDENT40_MINUS_NAIVE|RECUR|ACTIVE_C0|F1,-0.0003255208333333333,-0.0048828125,0.004231770833333333,unresolved,carrier frequency; prepared-minus-naive total effect,62,59,71,11,11,2
RESIDENT40_MINUS_NAIVE|RECUR|ACTIVE_C0|F40,0.19417317708333334,0.13165283203125,0.2581380208333333,positive,carrier frequency; prepared-minus-naive total effect,55,17,120,20,1,3
RESIDENT40_MINUS_NAIVE|RECUR|ACTIVE_C0|FE1,-0.007747395833333333,-0.019921875,0.004654947916666667,unresolved,carrier frequency; prepared-minus-naive total effect,95,62,35,9,14,1
RESIDENT40_MINUS_NAIVE|RECUR|ACTIVE_C0|FE2,0.005273437500000002,-0.026107584635416667,0.03424641927083332,unresolved,carrier frequency; prepared-minus-naive total effect,66,33,93,15,9,0
RESIDENT40_MINUS_NAIVE|RECUR|ACTIVE_C0|FE3,0.10442708333333334,0.06056966145833334,0.14697509765625,positive,carrier frequency; prepared-minus-naive total effect,61,27,104,19,5,0
RESIDENT40_MINUS_NAIVE|RECUR|ACTIVE_C0|FE4,0.15732421875,0.10728922526041668,0.20645263671874997,positive,carrier frequency; prepared-minus-naive total effect,58,20,114,21,2,1
RESIDENT40_MINUS_NAIVE|RECUR|ACTIVE_C0|FE5,0.1732747395833333,0.12024007161458333,0.22457682291666667,positive,carrier frequency; prepared-minus-naive total effect,57,18,117,20,1,3
RESIDENT40_MINUS_NAIVE|RECUR|ACTIVE_C0|FE6,0.1889322916666667,0.12890380859375,0.2491609700520833,positive,carrier frequency; prepared-minus-naive total effect,56,18,118,20,1,3
RESIDENT40_MINUS_NAIVE|RECUR|ACTIVE_C0|FE7,0.1929361979166667,0.13037027994791667,0.2555362955729167,positive,carrier frequency; prepared-minus-naive total effect,55,18,119,20,1,3
RESIDENT40_MINUS_NAIVE|RECUR|ACTIVE_C0|FE8,0.19404296875000002,0.13151285807291668,0.25787760416666666,positive,carrier frequency; prepared-minus-naive total effect,55,17,120,20,1,3
RESIDENT40_MINUS_NAIVE|RECUR|ACTIVE_C0|MLOSS,-0.03659985860188802,-0.04218015034993489,-0.031061665217081695,negative,raw mismatch; prepared-minus-naive total effect,17,175,0,0,24,0
RESIDENT40_MINUS_NAIVE|RECUR|ACTIVE_C0|U,0.036599858601888004,0.03106166521708171,0.04218015034993488,positive,raw accuracy; prepared-minus-naive total effect,175,17,0,24,0,0
RESIDENT40_MINUS_NAIVE|RECUR|ACTIVE_C0|U0,0.2019805908203125,0.1652721405029297,0.2421478271484374,positive,raw accuracy; prepared-minus-naive total effect,189,3,0,24,0,0
RESIDENT40_MINUS_NAIVE|RECUR|ACTIVE_C0|U1,0.14495340983072916,0.12471211751302083,0.16689198811848954,positive,raw accuracy; prepared-minus-naive total effect,191,1,0,24,0,0
RESIDENT40_MINUS_NAIVE|RECUR|ACTIVE_C0|U40,0.029256184895833332,0.020914204915364585,0.03775596618652344,positive,raw accuracy; prepared-minus-naive total effect,111,77,4,22,2,0
RESIDENT40|IID|ACTIVE_C0-NOVEL_C0|D40,-0.08626302083333333,-0.1591796875,-0.0205078125,negative,carrier frequency change; first minus second arm,11,28,153,4,11,9
RESIDENT40|IID|ACTIVE_C0-NOVEL_C0|E1,-0.0009368896484374852,-0.0016734059651692702,-8.237202962238062e-05,negative,raw accuracy; first minus second arm,50,61,81,8,16,0
RESIDENT40|IID|ACTIVE_C0-NOVEL_C0|E2,-0.00076497395833335,-0.0021209716796874783,0.0005656433105468732,unresolved,raw accuracy; first minus second arm,58,53,81,12,12,0
RESIDENT40|IID|ACTIVE_C0-NOVEL_C0|E3,-0.0012288411458333491,-0.002624740600585947,0.00017514546712239735,unresolved,raw accuracy; first minus second arm,47,64,81,10,14,0
RESIDENT40|IID|ACTIVE_C0-NOVEL_C0|E4,-0.001599121093750026,-0.0031922149658203374,-0.0001352691650390785,negative,raw accuracy; first minus second arm,45,67,80,11,13,0
RESIDENT40|IID|ACTIVE_C0-NOVEL_C0|E5,-0.0012664794921874768,-0.0028056844075520625,5.6177775065130695e-05,unresolved,raw accuracy; first minus second arm,47,65,80,7,17,0
RESIDENT40|IID|ACTIVE_C0-NOVEL_C0|E6,-0.0029276529947916637,-0.004560368855794277,-0.0013242085774739353,negative,raw accuracy; first minus second arm,39,73,80,7,17,0
RESIDENT40|IID|ACTIVE_C0-NOVEL_C0|E7,-0.0012929280598958138,-0.0029348246256510275,0.00024838765462241436,unresolved,raw accuracy; first minus second arm,48,64,80,10,14,0
RESIDENT40|IID|ACTIVE_C0-NOVEL_C0|E8,-0.0013905843098958638,-0.0028727722167969085,5.8237711588478874e-05,unresolved,raw accuracy; first minus second arm,44,68,80,10,14,0
RESIDENT40|IID|ACTIVE_C0-NOVEL_C0|F,-0.055977376302083326,-0.10695454915364583,-0.009627990722656288,negative,carrier frequency; first minus second arm,32,78,82,6,18,0
RESIDENT40|IID|ACTIVE_C0-NOVEL_C0|F0,0.0,0.0,0.0,structural_zero,design-implied zero,0,0,192,0,0,24
RESIDENT40|IID|ACTIVE_C0-NOVEL_C0|F1,-0.009765625,-0.014322916666666666,-0.0048828125,negative,carrier frequency; first minus second arm,23,54,115,4,18,2
RESIDENT40|IID|ACTIVE_C0-NOVEL_C0|F40,-0.08626302083333333,-0.1591796875,-0.0205078125,negative,carrier frequency; first minus second arm,11,28,153,4,11,9
RESIDENT40|IID|ACTIVE_C0-NOVEL_C0|FE1,-0.019205729166666668,-0.030047200520833334,-0.008658040364583338,negative,carrier frequency; first minus second arm,32,77,83,5,19,0
RESIDENT40|IID|ACTIVE_C0-NOVEL_C0|FE2,-0.03610026041666667,-0.07076904296874999,-0.005236816406250022,negative,carrier frequency; first minus second arm,21,47,124,6,17,1
RESIDENT40|IID|ACTIVE_C0-NOVEL_C0|FE3,-0.03854166666666666,-0.08782877604166667,0.003909505208333316,unresolved,carrier frequency; first minus second arm,19,35,138,7,14,3
RESIDENT40|IID|ACTIVE_C0-NOVEL_C0|FE4,-0.04772135416666667,-0.10143717447916667,0.00014241536458327078,unresolved,carrier frequency; first minus second arm,18,31,143,7,13,4
RESIDENT40|IID|ACTIVE_C0-NOVEL_C0|FE5,-0.06748046875000001,-0.12923421223958334,-0.011587727864583338,negative,carrier frequency; first minus second arm,16,27,149,7,11,6
RESIDENT40|IID|ACTIVE_C0-NOVEL_C0|FE6,-0.07522786458333335,-0.14433675130208332,-0.012886555989583357,negative,carrier frequency; first minus second arm,14,28,150,5,12,7
RESIDENT40|IID|ACTIVE_C0-NOVEL_C0|FE7,-0.07958984375,-0.15271402994791666,-0.014252115885416698,negative,carrier frequency; first minus second arm,13,28,151,5,12,7
RESIDENT40|IID|ACTIVE_C0-NOVEL_C0|FE8,-0.08395182291666668,-0.15625244140625,-0.018124186197916704,negative,carrier frequency; first minus second arm,12,28,152,5,11,8
RESIDENT40|IID|ACTIVE_C0-NOVEL_C0|MLOSS,0.0014259338378906222,0.000776961644490556,0.0020949522654215547,positive,raw mismatch; first minus second arm,68,44,80,20,4,0
RESIDENT40|IID|ACTIVE_C0-NOVEL_C0|U,-0.0014259338378906177,-0.002094952265421542,-0.0007769616444905479,negative,raw accuracy; first minus second arm,44,68,80,4,20,0
RESIDENT40|IID|ACTIVE_C0-NOVEL_C0|U0,0.0,0.0,0.0,structural_zero,design-implied zero,0,0,192,0,0,24
RESIDENT40|IID|ACTIVE_C0-NOVEL_C0|U1,-0.0009969075520833333,-0.0014954884847005207,-0.0005695343017578132,negative,raw accuracy; first minus second arm,19,51,122,5,19,0
RESIDENT40|IID|ACTIVE_C0-NOVEL_C0|U40,-0.005472819010416667,-0.009476598103841145,-0.0011185963948567728,negative,raw accuracy; first minus second arm,38,73,81,7,17,0
RESIDENT40|IID|ACTIVE_C0-SHAM_C0|D40,0.043619791666666664,0.005208333333333333,0.083984375,positive,carrier frequency change; first minus second arm,13,4,175,7,2,15
RESIDENT40|IID|ACTIVE_C0-SHAM_C0|E1,0.00020650227864582593,-0.00010785420735679752,0.0005330912272135283,unresolved,raw accuracy; first minus second arm,25,21,146,11,8,5
RESIDENT40|IID|ACTIVE_C0-SHAM_C0|E2,5.187988281249445e-05,-0.0004477945963541985,0.0005402119954426936,unresolved,raw accuracy; first minus second arm,28,20,144,10,10,4
RESIDENT40|IID|ACTIVE_C0-SHAM_C0|E3,0.0011678059895833214,0.00037638346354168024,0.001923700968424446,positive,raw accuracy; first minus second arm,31,17,144,14,6,4
RESIDENT40|IID|ACTIVE_C0-SHAM_C0|E4,-0.0003865559895833287,-0.0013377634684244794,0.0005076090494791722,unresolved,raw accuracy; first minus second arm,20,28,144,9,11,4
RESIDENT40|IID|ACTIVE_C0-SHAM_C0|E5,0.00014851888020834628,-0.0012154134114583247,0.001592000325520843,unresolved,raw accuracy; first minus second arm,25,23,144,10,10,4
RESIDENT40|IID|ACTIVE_C0-SHAM_C0|E6,-0.0008890787760416538,-0.0017528025309244538,5.49570719401143e-05,unresolved,raw accuracy; first minus second arm,18,30,144,5,15,4
RESIDENT40|IID|ACTIVE_C0-SHAM_C0|E7,0.0006571451822916657,-0.0005179341634114683,0.001782277425130215,unresolved,raw accuracy; first minus second arm,27,21,144,11,9,4
RESIDENT40|IID|ACTIVE_C0-SHAM_C0|E8,0.0006449381510416815,-0.0003765360514322781,0.0016897837320963712,unresolved,raw accuracy; first minus second arm,26,22,144,11,9,4
RESIDENT40|IID|ACTIVE_C0-SHAM_C0|F,0.03129475911458333,0.0027800496419270837,0.06037241617838543,positive,carrier frequency; first minus second arm,29,19,144,12,8,4
RESIDENT40|IID|ACTIVE_C0-SHAM_C0|F0,0.0,0.0,0.0,structural_zero,design-implied zero,0,0,192,0,0,24
RESIDENT40|IID|ACTIVE_C0-SHAM_C0|F1,0.0,0.0,0.0,structural_zero,design-implied zero,0,0,192,0,0,24
RESIDENT40|IID|ACTIVE_C0-SHAM_C0|F40,0.043619791666666664,0.005208333333333333,0.083984375,positive,carrier frequency; first minus second arm,13,4,175,7,2,15
RESIDENT40|IID|ACTIVE_C0-SHAM_C0|FE1,0.0033528645833333336,-0.0020182291666666677,0.008920898437499991,unresolved,carrier frequency; first minus second arm,23,22,147,11,8,5
RESIDENT40|IID|ACTIVE_C0-SHAM_C0|FE2,0.01624348958333333,-0.005926920572916666,0.03525878906249997,unresolved,carrier frequency; first minus second arm,23,11,158,12,5,7
RESIDENT40|IID|ACTIVE_C0-SHAM_C0|FE3,0.024641927083333338,-0.004590657552083328,0.05299641927083333,unresolved,carrier frequency; first minus second arm,17,9,166,11,6,7
RESIDENT40|IID|ACTIVE_C0-SHAM_C0|FE4,0.03603515625,0.0031575520833333343,0.06989013671875,positive,carrier frequency; first minus second arm,16,7,169,11,4,9
RESIDENT40|IID|ACTIVE_C0-SHAM_C0|FE5,0.0416015625,0.009109700520833335,0.07862548828124993,positive,carrier frequency; first minus second arm,14,5,173,9,3,12
RESIDENT40|IID|ACTIVE_C0-SHAM_C0|FE6,0.04010416666666667,0.0034814453125000012,0.07926839192708332,positive,carrier frequency; first minus second arm,14,5,173,8,4,12
RESIDENT40|IID|ACTIVE_C0-SHAM_C0|FE7,0.04417317708333333,0.005725911458333337,0.08370117187499995,positive,carrier frequency; first minus second arm,14,5,173,8,4,12
RESIDENT40|IID|ACTIVE_C0-SHAM_C0|FE8,0.04420572916666667,0.0058512369791666645,0.08391927083333334,positive,carrier frequency; first minus second arm,14,5,173,8,3,13
RESIDENT40|IID|ACTIVE_C0-SHAM_C0|MLOSS,-0.00020014444986979815,-0.000536750157674159,7.733027140300533e-05,unresolved,raw mismatch; first minus second arm,17,31,144,10,10,4
RESIDENT40|IID|ACTIVE_C0-SHAM_C0|U,0.00020014444986979352,-7.733027140300724e-05,0.0005367501576741697,unresolved,raw accuracy; first minus second arm,31,17,144,10,10,4
RESIDENT40|IID|ACTIVE_C0-SHAM_C0|U0,0.0,0.0,0.0,structural_zero,design-implied zero,0,0,192,0,0,24
RESIDENT40|IID|ACTIVE_C0-SHAM_C0|U1,0.0,0.0,0.0,structural_zero,design-implied zero,0,0,192,0,0,24
RESIDENT40|IID|ACTIVE_C0-SHAM_C0|U40,-0.002197265625,-0.004628499348958333,-4.831949869793054e-06,negative,raw accuracy; first minus second arm,23,25,144,8,12,4
RESIDENT40|IID|ACTIVE_C0|D40,0.043619791666666664,0.007161458333333333,0.07877604166666667,positive,carrier frequency change; absolute,15,177,0,11,13,0
RESIDENT40|IID|ACTIVE_C0|E1,0.6131317138671876,0.6104186503092448,0.6156499481201172,positive,raw accuracy; absolute,192,0,0,24,0,0
RESIDENT40|IID|ACTIVE_C0|E2,0.6153686523437499,0.6131967163085937,0.6176402282714843,positive,raw accuracy; absolute,192,0,0,24,0,0
RESIDENT40|IID|ACTIVE_C0|E3,0.6170857747395834,0.6153907521565755,0.6186279296875,positive,raw accuracy; absolute,192,0,0,24,0,0
RESIDENT40|IID|ACTIVE_C0|E4,0.6137461344401042,0.6111610412597654,0.6164175669352213,positive,raw accuracy; absolute,192,0,0,24,0,0
RESIDENT40|IID|ACTIVE_C0|E5,0.6152516682942709,0.6128603871663412,0.617778574625651,positive,raw accuracy; absolute,192,0,0,24,0,0
RESIDENT40|IID|ACTIVE_C0|E6,0.6149373372395833,0.6133487192789714,0.6166473388671875,positive,raw accuracy; absolute,192,0,0,24,0,0
RESIDENT40|IID|ACTIVE_C0|E7,0.6157725016276042,0.6138213602701823,0.6177496337890624,positive,raw accuracy; absolute,192,0,0,24,0,0
RESIDENT40|IID|ACTIVE_C0|E8,0.6159952799479166,0.6132699076334635,0.6188713836669922,positive,raw accuracy; absolute,192,0,0,24,0,0
RESIDENT40|IID|ACTIVE_C0|F,0.06182047526041667,0.034989115397135416,0.0884332275390625,positive,carrier frequency; absolute,79,0,113,24,0,0
RESIDENT40|IID|ACTIVE_C0|F0,0.03125,0.03125,0.03125,positive,carrier frequency; absolute,192,0,0,24,0,0
RESIDENT40|IID|ACTIVE_C0|F1,0.0283203125,0.02310791015625,0.034016927083333336,positive,carrier frequency; absolute,79,0,113,24,0,0
RESIDENT40|IID|ACTIVE_C0|F40,0.07486979166666667,0.038411458333333336,0.11002604166666667,positive,carrier frequency; absolute,15,0,177,11,0,13
RESIDENT40|IID|ACTIVE_C0|FE1,0.0337890625,0.024445800781250002,0.04326334635416667,positive,carrier frequency; absolute,79,0,113,24,0,0
RESIDENT40|IID|ACTIVE_C0|FE2,0.04586588541666666,0.027209472656249997,0.06478027343749998,positive,carrier frequency; absolute,34,0,158,17,0,7
RESIDENT40|IID|ACTIVE_C0|FE3,0.05462239583333334,0.030402832031249997,0.07989013671874996,positive,carrier frequency; absolute,21,0,171,14,0,10
RESIDENT40|IID|ACTIVE_C0|FE4,0.06533203124999999,0.03453776041666667,0.09580159505208335,positive,carrier frequency; absolute,20,0,172,14,0,10
RESIDENT40|IID|ACTIVE_C0|FE5,0.06972656249999999,0.035739746093750004,0.10368164062499999,positive,carrier frequency; absolute,17,0,175,12,0,12
RESIDENT40|IID|ACTIVE_C0|FE6,0.07311197916666667,0.038899739583333336,0.10761800130208334,positive,carrier frequency; absolute,16,0,176,12,0,12
RESIDENT40|IID|ACTIVE_C0|FE7,0.07630208333333333,0.04114583333333333,0.11012695312499998,positive,carrier frequency; absolute,16,0,176,12,0,12
RESIDENT40|IID|ACTIVE_C0|FE8,0.07581380208333333,0.04139241536458334,0.11077473958333334,positive,carrier frequency; absolute,16,0,176,12,0,12
RESIDENT40|IID|ACTIVE_C0|MLOSS,0.38483886718750004,0.38399908065795896,0.3857356325785319,positive,raw mismatch; absolute,192,0,0,24,0,0
RESIDENT40|IID|ACTIVE_C0|U,0.6151611328125001,0.6142643674214681,0.616000919342041,positive,raw accuracy; absolute,192,0,0,24,0,0
RESIDENT40|IID|ACTIVE_C0|U0,0.4951222737630208,0.48284899393717445,0.5070476531982422,positive,raw accuracy; absolute,192,0,0,24,0,0
RESIDENT40|IID|ACTIVE_C0|U1,0.6092325846354166,0.6035053253173829,0.6145846048990886,positive,raw accuracy; absolute,192,0,0,24,0,0
RESIDENT40|IID|ACTIVE_C0|U40,0.6158905029296875,0.6090471903483072,0.6240187327067057,positive,raw accuracy; absolute,192,0,0,24,0,0
RESIDENT40|IID|ACTIVE_C1-NOVEL_C1|D40,0.0,0.0,0.0,observed_exact_zero,sampled equality; not a design guarantee,0,0,192,0,0,24
RESIDENT40|IID|ACTIVE_C1-NOVEL_C1|E1,-0.0002797444661458333,-0.0008984629313150923,0.0002676137288411695,unresolved,raw accuracy; first minus second arm,36,38,118,13,10,1
RESIDENT40|IID|ACTIVE_C1-NOVEL_C1|E2,-0.0003865559895833333,-0.0016319020589192763,0.0008840179443359385,unresolved,raw accuracy; first minus second arm,34,40,118,14,9,1
RESIDENT40|IID|ACTIVE_C1-NOVEL_C1|E3,0.00203653971354166,0.0010894775390625124,0.0028729756673177213,positive,raw accuracy; first minus second arm,50,23,119,18,5,1
RESIDENT40|IID|ACTIVE_C1-NOVEL_C1|E4,-0.0006520589192708417,-0.002079315185546894,0.0006980641682942686,unresolved,raw accuracy; first minus second arm,34,39,119,8,15,1
RESIDENT40|IID|ACTIVE_C1-NOVEL_C1|E5,-0.00048828124999999073,-0.0017437235514322787,0.0008017985026041811,unresolved,raw accuracy; first minus second arm,33,41,118,9,14,1
RESIDENT40|IID|ACTIVE_C1-NOVEL_C1|E6,2.6448567708346287e-05,-0.001063054402669253,0.0010447947184245227,unresolved,raw accuracy; first minus second arm,35,38,119,12,11,1
RESIDENT40|IID|ACTIVE_C1-NOVEL_C1|E7,0.000542195638020849,-0.0008494822184244651,0.0019162241617838658,unresolved,raw accuracy; first minus second arm,38,36,118,12,11,1
RESIDENT40|IID|ACTIVE_C1-NOVEL_C1|E8,-0.0011403401692708138,-0.002509562174479156,-4.069010416639836e-06,negative,raw accuracy; first minus second arm,36,38,118,8,15,1
RESIDENT40|IID|ACTIVE_C1-NOVEL_C1|F,-0.00145263671875,-0.0024172973632812502,-0.0006428019205729173,negative,carrier frequency; first minus second arm,13,59,120,5,18,1
RESIDENT40|IID|ACTIVE_C1-NOVEL_C1|F0,0.0,0.0,0.0,structural_zero,design-implied zero,0,0,192,0,0,24
RESIDENT40|IID|ACTIVE_C1-NOVEL_C1|F1,-0.008951822916666666,-0.01318359375,-0.0048828125,negative,carrier frequency; first minus second arm,12,43,137,4,19,1
RESIDENT40|IID|ACTIVE_C1-NOVEL_C1|F40,0.0,0.0,0.0,observed_exact_zero,sampled equality; not a design guarantee,0,0,192,0,0,24
RESIDENT40|IID|ACTIVE_C1-NOVEL_C1|FE1,-0.007454427083333334,-0.011427408854166668,-0.0037109374999999994,negative,carrier frequency; first minus second arm,14,58,120,4,18,2
RESIDENT40|IID|ACTIVE_C1-NOVEL_C1|FE2,-0.0034505208333333337,-0.00699951171875,-0.0006510416666666666,negative,carrier frequency; first minus second arm,4,14,174,4,10,10
RESIDENT40|IID|ACTIVE_C1-NOVEL_C1|FE3,-0.0007161458333333334,-0.0016927083333333334,-6.510416666666667e-05,negative,carrier frequency; first minus second arm,0,4,188,0,4,20
RESIDENT40|IID|ACTIVE_C1-NOVEL_C1|FE4,0.0,0.0,0.0,observed_exact_zero,sampled equality; not a design guarantee,0,0,192,0,0,24
RESIDENT40|IID|ACTIVE_C1-NOVEL_C1|FE5,0.0,0.0,0.0,observed_exact_zero,sampled equality; not a design guarantee,0,0,192,0,0,24
RESIDENT40|IID|ACTIVE_C1-NOVEL_C1|FE6,0.0,0.0,0.0,observed_exact_zero,sampled equality; not a design guarantee,0,0,192,0,0,24
RESIDENT40|IID|ACTIVE_C1-NOVEL_C1|FE7,0.0,0.0,0.0,observed_exact_zero,sampled equality; not a design guarantee,0,0,192,0,0,24
RESIDENT40|IID|ACTIVE_C1-NOVEL_C1|FE8,0.0,0.0,0.0,observed_exact_zero,sampled equality; not a design guarantee,0,0,192,0,0,24
RESIDENT40|IID|ACTIVE_C1-NOVEL_C1|MLOSS,4.272460937499584e-05,-0.00028385480244956095,0.00036343256632487145,unresolved,raw mismatch; first minus second arm,37,37,118,12,11,1
RESIDENT40|IID|ACTIVE_C1-NOVEL_C1|U,-4.272460937498427e-05,-0.00036343256632483714,0.00028385480244956415,unresolved,raw accuracy; first minus second arm,37,37,118,11,12,1
RESIDENT40|IID|ACTIVE_C1-NOVEL_C1|U0,0.0,0.0,0.0,structural_zero,design-implied zero,0,0,192,0,0,24
RESIDENT40|IID|ACTIVE_C1-NOVEL_C1|U1,-0.0009663899739583334,-0.0014700571695963542,-0.0005442301432291666,negative,raw accuracy; first minus second arm,13,44,135,4,19,1
RESIDENT40|IID|ACTIVE_C1-NOVEL_C1|U40,-0.0014394124348958333,-0.004765955607096354,0.0016530354817708333,unresolved,raw accuracy; first minus second arm,31,43,118,12,11,1
RESIDENT40|IID|ACTIVE_C1-SHAM_C1|D40,0.0,0.0,0.0,observed_exact_zero,sampled equality; not a design guarantee,0,0,192,0,0,24
RESIDENT40|IID|ACTIVE_C1-SHAM_C1|E1,-7.934570312499722e-05,-0.00023498535156249908,7.629394531250938e-05,unresolved,raw accuracy; first minus second arm,5,10,177,4,8,12
RESIDENT40|IID|ACTIVE_C1-SHAM_C1|E2,0.0003112792968750176,-0.00021059672037759293,0.000888137817382846,unresolved,raw accuracy; first minus second arm,10,5,177,7,5,12
RESIDENT40|IID|ACTIVE_C1-SHAM_C1|E3,0.0001129150390625037,-0.000551376342773431,0.0007924906412760379,unresolved,raw accuracy; first minus second arm,8,7,177,6,6,12
RESIDENT40|IID|ACTIVE_C1-SHAM_C1|E4,-2.2379557291664815e-05,-0.00044662475585935727,0.0004557291666666639,unresolved,raw accuracy; first minus second arm,6,9,177,6,6,12
RESIDENT40|IID|ACTIVE_C1-SHAM_C1|E5,0.0001556396484375111,-0.0005716959635416511,0.0008962249755859642,unresolved,raw accuracy; first minus second arm,7,8,177,5,7,12
RESIDENT40|IID|ACTIVE_C1-SHAM_C1|E6,0.0005981445312500019,-2.085367838548903e-06,0.0012512207031250046,unresolved,raw accuracy; first minus second arm,10,5,177,9,3,12
RESIDENT40|IID|ACTIVE_C1-SHAM_C1|E7,-0.000594075520833325,-0.0012237803141276055,-1.9251505533841584e-05,negative,raw accuracy; first minus second arm,6,8,178,4,7,13
RESIDENT40|IID|ACTIVE_C1-SHAM_C1|E8,0.00016072591145832593,-0.00039471944173178665,0.0006663258870442662,unresolved,raw accuracy; first minus second arm,10,5,177,9,3,12
RESIDENT40|IID|ACTIVE_C1-SHAM_C1|F,0.00014648437499999997,-0.00026855468749999997,0.0005615234375000001,unresolved,carrier frequency; first minus second arm,7,5,180,6,3,15
RESIDENT40|IID|ACTIVE_C1-SHAM_C1|F0,0.0,0.0,0.0,structural_zero,design-implied zero,0,0,192,0,0,24
RESIDENT40|IID|ACTIVE_C1-SHAM_C1|F1,0.0,0.0,0.0,structural_zero,design-implied zero,0,0,192,0,0,24
RESIDENT40|IID|ACTIVE_C1-SHAM_C1|F40,0.0,0.0,0.0,observed_exact_zero,sampled equality; not a design guarantee,0,0,192,0,0,24
RESIDENT40|IID|ACTIVE_C1-SHAM_C1|FE1,0.0008463541666666664,-0.0006184895833333336,0.0029296874999999996,unresolved,carrier frequency; first minus second arm,6,6,180,5,4,15
RESIDENT40|IID|ACTIVE_C1-SHAM_C1|FE2,0.00032552083333333326,-0.0016284179687500002,0.0018880208333333336,unresolved,carrier frequency; first minus second arm,5,2,185,5,2,17
RESIDENT40|IID|ACTIVE_C1-SHAM_C1|FE3,0.0,0.0,0.0,observed_exact_zero,sampled equality; not a design guarantee,0,0,192,0,0,24
RESIDENT40|IID|ACTIVE_C1-SHAM_C1|FE4,0.0,0.0,0.0,observed_exact_zero,sampled equality; not a design guarantee,0,0,192,0,0,24
RESIDENT40|IID|ACTIVE_C1-SHAM_C1|FE5,0.0,0.0,0.0,observed_exact_zero,sampled equality; not a design guarantee,0,0,192,0,0,24
RESIDENT40|IID|ACTIVE_C1-SHAM_C1|FE6,0.0,0.0,0.0,observed_exact_zero,sampled equality; not a design guarantee,0,0,192,0,0,24
RESIDENT40|IID|ACTIVE_C1-SHAM_C1|FE7,0.0,0.0,0.0,observed_exact_zero,sampled equality; not a design guarantee,0,0,192,0,0,24
RESIDENT40|IID|ACTIVE_C1-SHAM_C1|FE8,0.0,0.0,0.0,observed_exact_zero,sampled equality; not a design guarantee,0,0,192,0,0,24
RESIDENT40|IID|ACTIVE_C1-SHAM_C1|MLOSS,-8.036295572916297e-05,-0.00027200380961099743,9.385426839193071e-05,unresolved,raw mismatch; first minus second arm,6,9,177,4,8,12
RESIDENT40|IID|ACTIVE_C1-SHAM_C1|U,8.036295572915834e-05,-9.385426839193083e-05,0.0002720038096109858,unresolved,raw accuracy; first minus second arm,9,6,177,8,4,12
RESIDENT40|IID|ACTIVE_C1-SHAM_C1|U0,0.0,0.0,0.0,structural_zero,design-implied zero,0,0,192,0,0,24
RESIDENT40|IID|ACTIVE_C1-SHAM_C1|U1,0.0,0.0,0.0,structural_zero,design-implied zero,0,0,192,0,0,24
RESIDENT40|IID|ACTIVE_C1-SHAM_C1|U40,0.0003560384114583333,-0.0008799235026041666,0.0016428629557291667,unresolved,raw accuracy; first minus second arm,8,7,177,6,6,12
RESIDENT40|IID|ACTIVE_C1|D40,-0.03125,-0.03125,-0.03125,negative,carrier frequency change; absolute,0,192,0,0,24,0
RESIDENT40|IID|ACTIVE_C1|E1,0.612738037109375,0.609892349243164,0.615324478149414,positive,raw accuracy; absolute,192,0,0,24,0,0
RESIDENT40|IID|ACTIVE_C1|E2,0.6156758626302083,0.6132395172119142,0.6184672546386719,positive,raw accuracy; absolute,192,0,0,24,0,0
RESIDENT40|IID|ACTIVE_C1|E3,0.6164672851562499,0.6142627461751302,0.6186017354329427,positive,raw accuracy; absolute,192,0,0,24,0,0
RESIDENT40|IID|ACTIVE_C1|E4,0.6137624104817708,0.6115933481852214,0.616433842976888,positive,raw accuracy; absolute,192,0,0,24,0,0
RESIDENT40|IID|ACTIVE_C1|E5,0.6139811197916667,0.6114255015055339,0.6166999816894532,positive,raw accuracy; absolute,192,0,0,24,0,0
RESIDENT40|IID|ACTIVE_C1|E6,0.6152109781901042,0.6133900960286458,0.6170594787597656,positive,raw accuracy; absolute,192,0,0,24,0,0
RESIDENT40|IID|ACTIVE_C1|E7,0.6146230061848957,0.6127379099527995,0.616362813313802,positive,raw accuracy; absolute,192,0,0,24,0,0
RESIDENT40|IID|ACTIVE_C1|E8,0.6141286214192708,0.6116098276774089,0.6168039957682292,positive,raw accuracy; absolute,192,0,0,24,0,0
RESIDENT40|IID|ACTIVE_C1|F,0.0011922200520833334,0.0007241821289062501,0.00169677734375,positive,carrier frequency; absolute,52,0,140,23,0,1
RESIDENT40|IID|ACTIVE_C1|F0,0.03125,0.03125,0.03125,positive,carrier frequency; absolute,192,0,0,24,0,0
RESIDENT40|IID|ACTIVE_C1|F1,0.015299479166666666,0.011063639322916667,0.01953125,positive,carrier frequency; absolute,52,0,140,23,0,1
RESIDENT40|IID|ACTIVE_C1|F40,0.0,0.0,0.0,observed_exact_zero,sampled equality; not a design guarantee,0,0,192,0,0,24
RESIDENT40|IID|ACTIVE_C1|FE1,0.008333333333333333,0.0053377278645833325,0.011490885416666666,positive,carrier frequency; absolute,52,0,140,23,0,1
RESIDENT40|IID|ACTIVE_C1|FE2,0.0012044270833333334,0.00029296875,0.002376302083333333,positive,carrier frequency; absolute,6,0,186,6,0,18
RESIDENT40|IID|ACTIVE_C1|FE3,0.0,0.0,0.0,observed_exact_zero,sampled equality; not a design guarantee,0,0,192,0,0,24
RESIDENT40|IID|ACTIVE_C1|FE4,0.0,0.0,0.0,observed_exact_zero,sampled equality; not a design guarantee,0,0,192,0,0,24
RESIDENT40|IID|ACTIVE_C1|FE5,0.0,0.0,0.0,observed_exact_zero,sampled equality; not a design guarantee,0,0,192,0,0,24
RESIDENT40|IID|ACTIVE_C1|FE6,0.0,0.0,0.0,observed_exact_zero,sampled equality; not a design guarantee,0,0,192,0,0,24
RESIDENT40|IID|ACTIVE_C1|FE7,0.0,0.0,0.0,observed_exact_zero,sampled equality; not a design guarantee,0,0,192,0,0,24
RESIDENT40|IID|ACTIVE_C1|FE8,0.0,0.0,0.0,observed_exact_zero,sampled equality; not a design guarantee,0,0,192,0,0,24
RESIDENT40|IID|ACTIVE_C1|MLOSS,0.3854265848795573,0.3845536200205485,0.3863221899668376,positive,raw mismatch; absolute,192,0,0,24,0,0
RESIDENT40|IID|ACTIVE_C1|U,0.6145734151204427,0.6136778100331625,0.6154463799794515,positive,raw accuracy; absolute,192,0,0,24,0,0
RESIDENT40|IID|ACTIVE_C1|U0,0.4951222737630208,0.48284899393717445,0.5070476531982422,positive,raw accuracy; absolute,192,0,0,24,0,0
RESIDENT40|IID|ACTIVE_C1|U1,0.6090494791666666,0.6033223470052084,0.6144515991210937,positive,raw accuracy; absolute,192,0,0,24,0,0
RESIDENT40|IID|ACTIVE_C1|U40,0.6163991292317709,0.6100156148274739,0.6236495971679688,positive,raw accuracy; absolute,192,0,0,24,0,0
RESIDENT40|IID|NOVEL_C0-SHAM_C0|D40,0.1298828125,0.07291666666666667,0.1875,positive,carrier frequency change; first minus second arm,28,3,161,13,0,11
RESIDENT40|IID|NOVEL_C0-SHAM_C0|E1,0.001143391927083311,0.0003916168212890392,0.001839192708333308,positive,raw accuracy; first minus second arm,64,45,83,18,6,0
RESIDENT40|IID|NOVEL_C0-SHAM_C0|E2,0.0008168538411458445,-0.0005484263102213364,0.0022512054443359713,unresolved,raw accuracy; first minus second arm,59,51,82,10,14,0
RESIDENT40|IID|NOVEL_C0-SHAM_C0|E3,0.0023966471354166705,0.0009326934814453197,0.003923594156901031,positive,raw accuracy; first minus second arm,67,42,83,18,6,0
RESIDENT40|IID|NOVEL_C0-SHAM_C0|E4,0.0012125651041666973,-0.00045471191406246147,0.0029482523600260655,unresolved,raw accuracy; first minus second arm,62,48,82,15,9,0
RESIDENT40|IID|NOVEL_C0-SHAM_C0|E5,0.0014149983723958232,-0.00028498331705731426,0.003169809977213518,unresolved,raw accuracy; first minus second arm,62,48,82,16,8,0
RESIDENT40|IID|NOVEL_C0-SHAM_C0|E6,0.0020385742187500103,0.00045669555664064364,0.0037384541829427126,positive,raw accuracy; first minus second arm,70,40,82,16,8,0
RESIDENT40|IID|NOVEL_C0-SHAM_C0|E7,0.0019500732421874796,0.0005747222900390262,0.003407058715820293,positive,raw accuracy; first minus second arm,64,46,82,16,8,0
RESIDENT40|IID|NOVEL_C0-SHAM_C0|E8,0.002035522460937545,0.00037427266438807395,0.0035869598388672047,positive,raw accuracy; first minus second arm,64,46,82,17,7,0
RESIDENT40|IID|NOVEL_C0-SHAM_C0|F,0.08727213541666667,0.04949900309244792,0.12659077962239582,positive,carrier frequency; first minus second arm,87,21,84,23,1,0
RESIDENT40|IID|NOVEL_C0-SHAM_C0|F0,0.0,0.0,0.0,structural_zero,design-implied zero,0,0,192,0,0,24
RESIDENT40|IID|NOVEL_C0-SHAM_C0|F1,0.009765625,0.0048828125,0.014322916666666666,positive,carrier frequency; first minus second arm,54,23,115,18,4,2
RESIDENT40|IID|NOVEL_C0-SHAM_C0|F40,0.1298828125,0.07291666666666667,0.1875,positive,carrier frequency; first minus second arm,28,3,161,13,0,11
RESIDENT40|IID|NOVEL_C0-SHAM_C0|FE1,0.022558593749999998,0.0136376953125,0.03053385416666667,positive,carrier frequency; first minus second arm,80,26,86,21,3,0
RESIDENT40|IID|NOVEL_C0-SHAM_C0|FE2,0.05234375,0.027440592447916672,0.07926676432291666,positive,carrier frequency; first minus second arm,50,12,130,20,2,2
RESIDENT40|IID|NOVEL_C0-SHAM_C0|FE3,0.06318359375,0.034209798177083334,0.09785400390624999,positive,carrier frequency; first minus second arm,37,9,146,18,1,5
RESIDENT40|IID|NOVEL_C0-SHAM_C0|FE4,0.08375651041666665,0.04517333984374999,0.1263671875,positive,carrier frequency; first minus second arm,34,5,153,16,1,7
RESIDENT40|IID|NOVEL_C0-SHAM_C0|FE5,0.10908203125,0.059436035156250004,0.16172281901041663,positive,carrier frequency; first minus second arm,31,5,156,15,0,9
RESIDENT40|IID|NOVEL_C0-SHAM_C0|FE6,0.11533203125000001,0.061945800781250004,0.17048339843749993,positive,carrier frequency; first minus second arm,29,5,158,13,1,10
RESIDENT40|IID|NOVEL_C0-SHAM_C0|FE7,0.12376302083333335,0.06935221354166667,0.1803483072916666,positive,carrier frequency; first minus second arm,28,5,159,14,0,10
RESIDENT40|IID|NOVEL_C0-SHAM_C0|FE8,0.12815755208333332,0.07254964192708332,0.18711018880208333,positive,carrier frequency; first minus second arm,28,3,161,13,0,11
RESIDENT40|IID|NOVEL_C0-SHAM_C0|MLOSS,-0.0016260782877604203,-0.0023469543457031146,-0.0009060891469319619,negative,raw mismatch; first minus second arm,35,75,82,5,19,0
RESIDENT40|IID|NOVEL_C0-SHAM_C0|U,0.0016260782877604112,0.0009060891469319456,0.002346954345703117,positive,raw accuracy; first minus second arm,75,35,82,19,5,0
RESIDENT40|IID|NOVEL_C0-SHAM_C0|U0,0.0,0.0,0.0,structural_zero,design-implied zero,0,0,192,0,0,24
RESIDENT40|IID|NOVEL_C0-SHAM_C0|U1,0.0009969075520833333,0.0005695343017578125,0.00149548848470052,positive,raw accuracy; first minus second arm,51,19,122,19,5,0
RESIDENT40|IID|NOVEL_C0-SHAM_C0|U40,0.0032755533854166665,-0.0012973785400390626,0.007095591227213541,unresolved,raw accuracy; first minus second arm,67,43,82,16,7,1
RESIDENT40|IID|NOVEL_C0|D40,0.1298828125,0.062174479166666664,0.20183919270833323,positive,carrier frequency change; absolute,31,161,0,14,10,0
RESIDENT40|IID|NOVEL_C0|E1,0.614068603515625,0.6115833791097006,0.6163249969482422,positive,raw accuracy; absolute,192,0,0,24,0,0
RESIDENT40|IID|NOVEL_C0|E2,0.6161336263020835,0.6137904866536459,0.6185914103190104,positive,raw accuracy; absolute,192,0,0,24,0,0
RESIDENT40|IID|NOVEL_C0|E3,0.6183146158854167,0.6161790720621744,0.6203353627522787,positive,raw accuracy; absolute,192,0,0,24,0,0
RESIDENT40|IID|NOVEL_C0|E4,0.6153452555338541,0.6129200236002604,0.6178510284423828,positive,raw accuracy; absolute,192,0,0,24,0,0
RESIDENT40|IID|NOVEL_C0|E5,0.6165181477864584,0.6141998036702475,0.6189303080240887,positive,raw accuracy; absolute,192,0,0,24,0,0
RESIDENT40|IID|NOVEL_C0|E6,0.617864990234375,0.6154686737060547,0.6202119445800782,positive,raw accuracy; absolute,192,0,0,24,0,0
RESIDENT40|IID|NOVEL_C0|E7,0.6170654296875,0.6146531168619791,0.6193209584554036,positive,raw accuracy; absolute,192,0,0,24,0,0
RESIDENT40|IID|NOVEL_C0|E8,0.6173858642578125,0.6152189127604166,0.6198720550537109,positive,raw accuracy; absolute,192,0,0,24,0,0
RESIDENT40|IID|NOVEL_C0|F,0.1177978515625,0.06916392008463541,0.16712666829427084,positive,carrier frequency; absolute,119,0,73,24,0,0
RESIDENT40|IID|NOVEL_C0|F0,0.03125,0.03125,0.03125,positive,carrier frequency; absolute,192,0,0,24,0,0
RESIDENT40|IID|NOVEL_C0|F1,0.0380859375,0.033203125,0.04248046875,positive,carrier frequency; absolute,119,0,73,24,0,0
RESIDENT40|IID|NOVEL_C0|F40,0.1611328125,0.09342447916666667,0.23308919270833323,positive,carrier frequency; absolute,31,0,161,14,0,10
RESIDENT40|IID|NOVEL_C0|FE1,0.05299479166666667,0.04029947916666667,0.06585286458333334,positive,carrier frequency; absolute,119,0,73,24,0,0
RESIDENT40|IID|NOVEL_C0|FE2,0.08196614583333334,0.051004231770833325,0.11429117838541668,positive,carrier frequency; absolute,56,0,136,22,0,2
RESIDENT40|IID|NOVEL_C0|FE3,0.09316406250000002,0.05237467447916666,0.13738281249999992,positive,carrier frequency; absolute,40,0,152,19,0,5
RESIDENT40|IID|NOVEL_C0|FE4,0.11305338541666667,0.06422444661458333,0.16507242838541666,positive,carrier frequency; absolute,35,0,157,17,0,7
RESIDENT40|IID|NOVEL_C0|FE5,0.13720703125,0.07641927083333333,0.19837809244791665,positive,carrier frequency; absolute,32,0,160,15,0,9
RESIDENT40|IID|NOVEL_C0|FE6,0.14833984375,0.08398274739583333,0.21653727213541668,positive,carrier frequency; absolute,31,0,161,14,0,10
RESIDENT40|IID|NOVEL_C0|FE7,0.15589192708333333,0.08886311848958334,0.22565185546875002,positive,carrier frequency; absolute,31,0,161,14,0,10
RESIDENT40|IID|NOVEL_C0|FE8,0.159765625,0.09244791666666667,0.22918294270833323,positive,carrier frequency; absolute,31,0,161,14,0,10
RESIDENT40|IID|NOVEL_C0|MLOSS,0.3834129333496093,0.3826108964284261,0.38426590283711753,positive,raw mismatch; absolute,192,0,0,24,0,0
RESIDENT40|IID|NOVEL_C0|U,0.6165870666503906,0.6157340971628825,0.617389103571574,positive,raw accuracy; absolute,192,0,0,24,0,0
RESIDENT40|IID|NOVEL_C0|U0,0.4951222737630208,0.48284899393717445,0.5070476531982422,positive,raw accuracy; absolute,192,0,0,24,0,0
RESIDENT40|IID|NOVEL_C0|U1,0.6102294921875,0.6047157287597655,0.6154786427815755,positive,raw accuracy; absolute,192,0,0,24,0,0
RESIDENT40|IID|NOVEL_C0|U40,0.6213633219401041,0.6153738657633464,0.6274372100830078,positive,raw accuracy; absolute,192,0,0,24,0,0
RESIDENT40|IID|NOVEL_C1-NOVEL_C0|D40,-0.1611328125,-0.23308919270833334,-0.09342447916666667,negative,carrier frequency change; first minus second arm,0,31,161,0,14,10
RESIDENT40|IID|NOVEL_C1-NOVEL_C0|E1,-0.0010508219401041546,-0.001671498616536464,-0.0004190826416015334,negative,raw accuracy; first minus second arm,53,66,73,6,18,0
RESIDENT40|IID|NOVEL_C1-NOVEL_C0|E2,-7.120768229167129e-05,-0.0014994303385416677,0.001238072713216139,unresolved,raw accuracy; first minus second arm,58,59,75,12,12,0
RESIDENT40|IID|NOVEL_C1-NOVEL_C0|E3,-0.0038838704427083585,-0.005755233764648477,-0.0019489796956380435,negative,raw accuracy; first minus second arm,39,78,75,5,19,0
RESIDENT40|IID|NOVEL_C1-NOVEL_C0|E4,-0.0009307861328125047,-0.002768020629882835,0.0008729807535807257,unresolved,raw accuracy; first minus second arm,50,67,75,7,17,0
RESIDENT40|IID|NOVEL_C1-NOVEL_C0|E5,-0.0020487467447916816,-0.0036275736490885683,-0.000455678304036456,negative,raw accuracy; first minus second arm,50,68,74,8,16,0
RESIDENT40|IID|NOVEL_C1-NOVEL_C0|E6,-0.0026804606119791713,-0.004239985148111981,-0.001024119059244809,negative,raw accuracy; first minus second arm,45,72,75,6,18,0
RESIDENT40|IID|NOVEL_C1-NOVEL_C0|E7,-0.0029846191406249917,-0.005038553873697904,-0.0009012603759765663,negative,raw accuracy; first minus second arm,47,71,74,7,17,0
RESIDENT40|IID|NOVEL_C1-NOVEL_C0|E8,-0.002116902669270865,-0.003689854939778681,-0.0005044555664062825,negative,raw accuracy; first minus second arm,45,72,75,8,16,0
RESIDENT40|IID|NOVEL_C1-NOVEL_C0|F,-0.11515299479166667,-0.16364847819010417,-0.06709360758463542,negative,carrier frequency; first minus second arm,10,99,83,2,22,0
RESIDENT40|IID|NOVEL_C1-NOVEL_C0|F0,0.0,0.0,0.0,structural_zero,design-implied zero,0,0,192,0,0,24
RESIDENT40|IID|NOVEL_C1-NOVEL_C0|F1,-0.013834635416666666,-0.01644287109375,-0.011393229166666666,negative,carrier frequency; first minus second arm,0,69,123,0,24,0
RESIDENT40|IID|NOVEL_C1-NOVEL_C0|F40,-0.1611328125,-0.23308919270833334,-0.09342447916666667,negative,carrier frequency; first minus second arm,0,31,161,0,14,10
RESIDENT40|IID|NOVEL_C1-NOVEL_C0|FE1,-0.03720703125,-0.047136230468750005,-0.02672444661458334,negative,carrier frequency; first minus second arm,10,99,83,1,23,0
RESIDENT40|IID|NOVEL_C1-NOVEL_C0|FE2,-0.07731119791666667,-0.10820719401041666,-0.04713134765625003,negative,carrier frequency; first minus second arm,6,55,131,2,21,1
RESIDENT40|IID|NOVEL_C1-NOVEL_C0|FE3,-0.09244791666666667,-0.13646891276041664,-0.0517236328125,negative,carrier frequency; first minus second arm,1,40,151,1,19,4
RESIDENT40|IID|NOVEL_C1-NOVEL_C0|FE4,-0.11305338541666667,-0.16507242838541666,-0.06422444661458333,negative,carrier frequency; first minus second arm,0,35,157,0,17,7
RESIDENT40|IID|NOVEL_C1-NOVEL_C0|FE5,-0.13720703125,-0.19837809244791668,-0.0764192708333334,negative,carrier frequency; first minus second arm,0,32,160,0,15,9
RESIDENT40|IID|NOVEL_C1-NOVEL_C0|FE6,-0.14833984375,-0.21653727213541668,-0.08398274739583335,negative,carrier frequency; first minus second arm,0,31,161,0,14,10
RESIDENT40|IID|NOVEL_C1-NOVEL_C0|FE7,-0.15589192708333333,-0.22565185546875002,-0.08886311848958335,negative,carrier frequency; first minus second arm,0,31,161,0,14,10
RESIDENT40|IID|NOVEL_C1-NOVEL_C0|FE8,-0.159765625,-0.22918294270833334,-0.09244791666666667,negative,carrier frequency; first minus second arm,0,31,161,0,14,10
RESIDENT40|IID|NOVEL_C1-NOVEL_C0|MLOSS,0.001970926920572926,0.00114019393920899,0.002775764465332042,positive,raw mismatch; first minus second arm,84,35,73,20,4,0
RESIDENT40|IID|NOVEL_C1-NOVEL_C0|U,-0.0019709269205729304,-0.0027757644653320424,-0.001140193939208986,negative,raw accuracy; first minus second arm,35,84,73,4,20,0
RESIDENT40|IID|NOVEL_C1-NOVEL_C0|U0,0.0,0.0,0.0,structural_zero,design-implied zero,0,0,192,0,0,24
RESIDENT40|IID|NOVEL_C1-NOVEL_C0|U1,-0.000213623046875,-0.0002848307291666667,-0.00014750162760416666,negative,raw accuracy; first minus second arm,0,33,159,0,18,6
RESIDENT40|IID|NOVEL_C1-NOVEL_C0|U40,-0.0035247802734375,-0.007207234700520833,0.0003307342529296868,unresolved,raw accuracy; first minus second arm,48,69,75,9,15,0
RESIDENT40|IID|NOVEL_C1-SHAM_C1|D40,0.0,0.0,0.0,observed_exact_zero,sampled equality; not a design guarantee,0,0,192,0,0,24
RESIDENT40|IID|NOVEL_C1-SHAM_C1|E1,0.00020039876302083612,-0.00031738281250000326,0.000743611653645828,unresolved,raw accuracy; first minus second arm,37,35,120,10,13,1
RESIDENT40|IID|NOVEL_C1-SHAM_C1|E2,0.0006978352864583509,-0.0003896840413411662,0.0017874908447265653,unresolved,raw accuracy; first minus second arm,39,33,120,11,12,1
RESIDENT40|IID|NOVEL_C1-SHAM_C1|E3,-0.0019236246744791564,-0.0027598826090494853,-0.0010538482666015757,negative,raw accuracy; first minus second arm,21,50,121,4,19,1
RESIDENT40|IID|NOVEL_C1-SHAM_C1|E4,0.0006296793619791768,-0.0007263692220051961,0.0020609792073567838,unresolved,raw accuracy; first minus second arm,39,32,121,14,9,1
RESIDENT40|IID|NOVEL_C1-SHAM_C1|E5,0.0006439208984375019,-0.0003968302408854069,0.0017110697428385357,unresolved,raw accuracy; first minus second arm,43,29,120,15,8,1
RESIDENT40|IID|NOVEL_C1-SHAM_C1|E6,0.0005716959635416555,-0.0004425048828125006,0.0017264048258463424,unresolved,raw accuracy; first minus second arm,41,30,121,12,11,1
RESIDENT40|IID|NOVEL_C1-SHAM_C1|E7,-0.001136271158854174,-0.002455673217773438,0.00022483825683591792,unresolved,raw accuracy; first minus second arm,35,37,120,8,15,1
RESIDENT40|IID|NOVEL_C1-SHAM_C1|E8,0.0013010660807291398,0.00029263814290362937,0.0025259145100911423,positive,raw accuracy; first minus second arm,38,34,120,18,5,1
RESIDENT40|IID|NOVEL_C1-SHAM_C1|F,0.0015991210937500002,0.00091552734375,0.002335713704427083,positive,carrier frequency; first minus second arm,59,12,121,19,4,1
RESIDENT40|IID|NOVEL_C1-SHAM_C1|F0,0.0,0.0,0.0,structural_zero,design-implied zero,0,0,192,0,0,24
RESIDENT40|IID|NOVEL_C1-SHAM_C1|F1,0.008951822916666666,0.0048828125,0.01318359375,positive,carrier frequency; first minus second arm,43,12,137,19,4,1
RESIDENT40|IID|NOVEL_C1-SHAM_C1|F40,0.0,0.0,0.0,observed_exact_zero,sampled equality; not a design guarantee,0,0,192,0,0,24
RESIDENT40|IID|NOVEL_C1-SHAM_C1|FE1,0.00830078125,0.004654947916666667,0.01204427083333333,positive,carrier frequency; first minus second arm,58,13,121,19,4,1
RESIDENT40|IID|NOVEL_C1-SHAM_C1|FE2,0.0037760416666666667,0.0016927083333333332,0.006087239583333333,positive,carrier frequency; first minus second arm,14,2,176,11,0,13
RESIDENT40|IID|NOVEL_C1-SHAM_C1|FE3,0.0007161458333333334,6.510416666666667e-05,0.0016927083333333334,positive,carrier frequency; first minus second arm,4,0,188,4,0,20
RESIDENT40|IID|NOVEL_C1-SHAM_C1|FE4,0.0,0.0,0.0,observed_exact_zero,sampled equality; not a design guarantee,0,0,192,0,0,24
RESIDENT40|IID|NOVEL_C1-SHAM_C1|FE5,0.0,0.0,0.0,observed_exact_zero,sampled equality; not a design guarantee,0,0,192,0,0,24
RESIDENT40|IID|NOVEL_C1-SHAM_C1|FE6,0.0,0.0,0.0,observed_exact_zero,sampled equality; not a design guarantee,0,0,192,0,0,24
RESIDENT40|IID|NOVEL_C1-SHAM_C1|FE7,0.0,0.0,0.0,observed_exact_zero,sampled equality; not a design guarantee,0,0,192,0,0,24
RESIDENT40|IID|NOVEL_C1-SHAM_C1|FE8,0.0,0.0,0.0,observed_exact_zero,sampled equality; not a design guarantee,0,0,192,0,0,24
RESIDENT40|IID|NOVEL_C1-SHAM_C1|MLOSS,-0.0001230875651041588,-0.000403436024983713,0.00016902923583984108,unresolved,raw mismatch; first minus second arm,38,34,120,10,13,1
RESIDENT40|IID|NOVEL_C1-SHAM_C1|U,0.00012308756510414262,-0.00016902923583988772,0.00040343602498370577,unresolved,raw accuracy; first minus second arm,34,38,120,13,10,1
RESIDENT40|IID|NOVEL_C1-SHAM_C1|U0,0.0,0.0,0.0,structural_zero,design-implied zero,0,0,192,0,0,24
RESIDENT40|IID|NOVEL_C1-SHAM_C1|U1,0.0009663899739583334,0.0005442301432291666,0.0014700571695963533,positive,raw accuracy; first minus second arm,44,13,135,19,4,1
RESIDENT40|IID|NOVEL_C1-SHAM_C1|U40,0.0017954508463541667,-0.0011597951253255207,0.004832077026367187,unresolved,raw accuracy; first minus second arm,43,29,120,13,10,1
RESIDENT40|IID|NOVEL_C1|D40,-0.03125,-0.03125,-0.03125,negative,carrier frequency change; absolute,0,192,0,0,24,0
RESIDENT40|IID|NOVEL_C1|E1,0.6130177815755209,0.6103148396809895,0.6155721282958984,positive,raw accuracy; absolute,192,0,0,24,0,0
RESIDENT40|IID|NOVEL_C1|E2,0.6160624186197917,0.6133209228515626,0.6189840443929037,positive,raw accuracy; absolute,192,0,0,24,0,0
RESIDENT40|IID|NOVEL_C1|E3,0.6144307454427084,0.6124752807617189,0.6163712310791015,positive,raw accuracy; absolute,192,0,0,24,0,0
RESIDENT40|IID|NOVEL_C1|E4,0.6144144694010416,0.6120154317220052,0.6170544433593751,positive,raw accuracy; absolute,192,0,0,24,0,0
RESIDENT40|IID|NOVEL_C1|E5,0.6144694010416666,0.612271016438802,0.6167380777994792,positive,raw accuracy; absolute,192,0,0,24,0,0
RESIDENT40|IID|NOVEL_C1|E6,0.6151845296223958,0.6132811228434245,0.6172526041666666,positive,raw accuracy; absolute,192,0,0,24,0,0
RESIDENT40|IID|NOVEL_C1|E7,0.614080810546875,0.6122718048095703,0.6159070078531901,positive,raw accuracy; absolute,192,0,0,24,0,0
RESIDENT40|IID|NOVEL_C1|E8,0.6152689615885416,0.6126694488525389,0.6179608662923177,positive,raw accuracy; absolute,192,0,0,24,0,0
RESIDENT40|IID|NOVEL_C1|F,0.0026448567708333335,0.0018269856770833336,0.003674418131510416,positive,carrier frequency; absolute,87,0,105,23,0,1
RESIDENT40|IID|NOVEL_C1|F0,0.03125,0.03125,0.03125,positive,carrier frequency; absolute,192,0,0,24,0,0
RESIDENT40|IID|NOVEL_C1|F1,0.024251302083333332,0.01953125,0.028971354166666668,positive,carrier frequency; absolute,87,0,105,23,0,1
RESIDENT40|IID|NOVEL_C1|F40,0.0,0.0,0.0,observed_exact_zero,sampled equality; not a design guarantee,0,0,192,0,0,24
RESIDENT40|IID|NOVEL_C1|FE1,0.015787760416666668,0.011783854166666668,0.020509440104166658,positive,carrier frequency; absolute,87,0,105,23,0,1
RESIDENT40|IID|NOVEL_C1|FE2,0.004654947916666667,0.0019856770833333337,0.008041178385416663,positive,carrier frequency; absolute,14,0,178,11,0,13
RESIDENT40|IID|NOVEL_C1|FE3,0.0007161458333333334,6.510416666666667e-05,0.0016927083333333334,positive,carrier frequency; absolute,4,0,188,4,0,20
RESIDENT40|IID|NOVEL_C1|FE4,0.0,0.0,0.0,observed_exact_zero,sampled equality; not a design guarantee,0,0,192,0,0,24
RESIDENT40|IID|NOVEL_C1|FE5,0.0,0.0,0.0,observed_exact_zero,sampled equality; not a design guarantee,0,0,192,0,0,24
RESIDENT40|IID|NOVEL_C1|FE6,0.0,0.0,0.0,observed_exact_zero,sampled equality; not a design guarantee,0,0,192,0,0,24
RESIDENT40|IID|NOVEL_C1|FE7,0.0,0.0,0.0,observed_exact_zero,sampled equality; not a design guarantee,0,0,192,0,0,24
RESIDENT40|IID|NOVEL_C1|FE8,0.0,0.0,0.0,observed_exact_zero,sampled equality; not a design guarantee,0,0,192,0,0,24
RESIDENT40|IID|NOVEL_C1|MLOSS,0.38538386027018223,0.3844954045613607,0.38627948125203454,positive,raw mismatch; absolute,192,0,0,24,0,0
RESIDENT40|IID|NOVEL_C1|U,0.6146161397298178,0.6137205187479655,0.6155045954386393,positive,raw accuracy; absolute,192,0,0,24,0,0
RESIDENT40|IID|NOVEL_C1|U0,0.4951222737630208,0.48284899393717445,0.5070476531982422,positive,raw accuracy; absolute,192,0,0,24,0,0
RESIDENT40|IID|NOVEL_C1|U1,0.610015869140625,0.6044817606608073,0.6152804056803386,positive,raw accuracy; absolute,192,0,0,24,0,0
RESIDENT40|IID|NOVEL_C1|U40,0.6178385416666666,0.6111297607421875,0.625015385945638,positive,raw accuracy; absolute,192,0,0,24,0,0
RESIDENT40|IID|SHAM_C0|D40,0.0,-0.026041666666666668,0.03125,unresolved,carrier frequency change; absolute,6,186,0,4,20,0
RESIDENT40|IID|SHAM_C0|E1,0.6129252115885416,0.6103927866617839,0.6152529907226563,positive,raw accuracy; absolute,192,0,0,24,0,0
RESIDENT40|IID|SHAM_C0|E2,0.6153167724609375,0.6130703735351564,0.6177379862467449,positive,raw accuracy; absolute,192,0,0,24,0,0
RESIDENT40|IID|SHAM_C0|E3,0.6159179687499999,0.6140053049723309,0.617740961710612,positive,raw accuracy; absolute,192,0,0,24,0,0
RESIDENT40|IID|SHAM_C0|E4,0.6141326904296874,0.611335194905599,0.6170513153076171,positive,raw accuracy; absolute,192,0,0,24,0,0
RESIDENT40|IID|SHAM_C0|E5,0.6151031494140625,0.6127164713541666,0.6177311706542968,positive,raw accuracy; absolute,192,0,0,24,0,0
RESIDENT40|IID|SHAM_C0|E6,0.6158264160156249,0.6142943827311198,0.6173747253417968,positive,raw accuracy; absolute,192,0,0,24,0,0
RESIDENT40|IID|SHAM_C0|E7,0.6151153564453126,0.6131229146321614,0.616982192993164,positive,raw accuracy; absolute,192,0,0,24,0,0
RESIDENT40|IID|SHAM_C0|E8,0.615350341796875,0.6127598317464192,0.6184196472167969,positive,raw accuracy; absolute,192,0,0,24,0,0
RESIDENT40|IID|SHAM_C0|F,0.030525716145833336,0.010204060872395834,0.05666300455729166,positive,carrier frequency; absolute,79,0,113,24,0,0
RESIDENT40|IID|SHAM_C0|F0,0.03125,0.03125,0.03125,positive,carrier frequency; absolute,192,0,0,24,0,0
RESIDENT40|IID|SHAM_C0|F1,0.0283203125,0.02310791015625,0.034016927083333336,positive,carrier frequency; absolute,79,0,113,24,0,0
RESIDENT40|IID|SHAM_C0|F40,0.03125,0.005208333333333333,0.0625,positive,carrier frequency; absolute,6,0,186,4,0,20
RESIDENT40|IID|SHAM_C0|FE1,0.030436197916666668,0.02047444661458334,0.04072347005208333,positive,carrier frequency; absolute,79,0,113,24,0,0
RESIDENT40|IID|SHAM_C0|FE2,0.029622395833333332,0.011324869791666666,0.051247558593749944,positive,carrier frequency; absolute,26,0,166,14,0,10
RESIDENT40|IID|SHAM_C0|FE3,0.02998046875,0.009505208333333333,0.05468912760416666,positive,carrier frequency; absolute,13,0,179,9,0,15
RESIDENT40|IID|SHAM_C0|FE4,0.029296875,0.00478515625,0.059244791666666664,positive,carrier frequency; absolute,10,0,182,6,0,18
RESIDENT40|IID|SHAM_C0|FE5,0.028124999999999997,0.005045572916666667,0.05781656901041665,positive,carrier frequency; absolute,8,0,184,5,0,19
RESIDENT40|IID|SHAM_C0|FE6,0.033007812500000004,0.00791015625,0.06566569010416662,positive,carrier frequency; absolute,8,0,184,5,0,19
RESIDENT40|IID|SHAM_C0|FE7,0.03212890625,0.005501302083333333,0.06485107421874996,positive,carrier frequency; absolute,8,0,184,5,0,19
RESIDENT40|IID|SHAM_C0|FE8,0.03160807291666667,0.005208333333333333,0.06357421875,positive,carrier frequency; absolute,7,0,185,4,0,20
RESIDENT40|IID|SHAM_C0|MLOSS,0.3850390116373698,0.3841297054290771,0.38593452135721845,positive,raw mismatch; absolute,192,0,0,24,0,0
RESIDENT40|IID|SHAM_C0|U,0.6149609883626302,0.6140654786427816,0.6158702945709229,positive,raw accuracy; absolute,192,0,0,24,0,0
RESIDENT40|IID|SHAM_C0|U0,0.4951222737630208,0.48284899393717445,0.5070476531982422,positive,raw accuracy; absolute,192,0,0,24,0,0
RESIDENT40|IID|SHAM_C0|U1,0.6092325846354166,0.6035053253173829,0.6145846048990886,positive,raw accuracy; absolute,192,0,0,24,0,0
RESIDENT40|IID|SHAM_C0|U40,0.6180877685546875,0.6110073089599609,0.6266485850016276,positive,raw accuracy; absolute,192,0,0,24,0,0
RESIDENT40|IID|SHAM_C1|D40,-0.03125,-0.03125,-0.03125,negative,carrier frequency change; absolute,0,192,0,0,24,0
RESIDENT40|IID|SHAM_C1|E1,0.6128173828125,0.6099517059326172,0.6154157002766927,positive,raw accuracy; absolute,192,0,0,24,0,0
RESIDENT40|IID|SHAM_C1|E2,0.6153645833333333,0.6129098765055339,0.6181828053792318,positive,raw accuracy; absolute,192,0,0,24,0,0
RESIDENT40|IID|SHAM_C1|E3,0.6163543701171875,0.6141753896077474,0.6183813476562501,positive,raw accuracy; absolute,192,0,0,24,0,0
RESIDENT40|IID|SHAM_C1|E4,0.6137847900390625,0.6114745585123698,0.6165234629313151,positive,raw accuracy; absolute,192,0,0,24,0,0
RESIDENT40|IID|SHAM_C1|E5,0.6138254801432291,0.6114064534505208,0.6164367675781249,positive,raw accuracy; absolute,192,0,0,24,0,0
RESIDENT40|IID|SHAM_C1|E6,0.6146128336588542,0.6128271484375001,0.6165409088134766,positive,raw accuracy; absolute,192,0,0,24,0,0
RESIDENT40|IID|SHAM_C1|E7,0.6152170817057291,0.6134307098388672,0.6168843587239583,positive,raw accuracy; absolute,192,0,0,24,0,0
RESIDENT40|IID|SHAM_C1|E8,0.6139678955078125,0.61134641011556,0.6168428293863932,positive,raw accuracy; absolute,192,0,0,24,0,0
RESIDENT40|IID|SHAM_C1|F,0.0010457356770833335,0.0005859375,0.0015709431966145818,positive,carrier frequency; absolute,52,0,140,23,0,1
RESIDENT40|IID|SHAM_C1|F0,0.03125,0.03125,0.03125,positive,carrier frequency; absolute,192,0,0,24,0,0
RESIDENT40|IID|SHAM_C1|F1,0.015299479166666666,0.011063639322916667,0.01953125,positive,carrier frequency; absolute,52,0,140,23,0,1
RESIDENT40|IID|SHAM_C1|F40,0.0,0.0,0.0,observed_exact_zero,sampled equality; not a design guarantee,0,0,192,0,0,24
RESIDENT40|IID|SHAM_C1|FE1,0.007486979166666667,0.004589029947916667,0.010611979166666667,positive,carrier frequency; absolute,52,0,140,23,0,1
RESIDENT40|IID|SHAM_C1|FE2,0.00087890625,0.0,0.0023763020833333336,unresolved,carrier frequency; absolute,3,0,189,3,0,21
RESIDENT40|IID|SHAM_C1|FE3,0.0,0.0,0.0,observed_exact_zero,sampled equality; not a design guarantee,0,0,192,0,0,24
RESIDENT40|IID|SHAM_C1|FE4,0.0,0.0,0.0,observed_exact_zero,sampled equality; not a design guarantee,0,0,192,0,0,24
RESIDENT40|IID|SHAM_C1|FE5,0.0,0.0,0.0,observed_exact_zero,sampled equality; not a design guarantee,0,0,192,0,0,24
RESIDENT40|IID|SHAM_C1|FE6,0.0,0.0,0.0,observed_exact_zero,sampled equality; not a design guarantee,0,0,192,0,0,24
RESIDENT40|IID|SHAM_C1|FE7,0.0,0.0,0.0,observed_exact_zero,sampled equality; not a design guarantee,0,0,192,0,0,24
RESIDENT40|IID|SHAM_C1|FE8,0.0,0.0,0.0,observed_exact_zero,sampled equality; not a design guarantee,0,0,192,0,0,24
RESIDENT40|IID|SHAM_C1|MLOSS,0.38550694783528644,0.38459151268005376,0.38642101605733237,positive,raw mismatch; absolute,192,0,0,24,0,0
RESIDENT40|IID|SHAM_C1|U,0.6144930521647135,0.6135789839426677,0.6154084873199462,positive,raw accuracy; absolute,192,0,0,24,0,0
RESIDENT40|IID|SHAM_C1|U0,0.4951222737630208,0.48284899393717445,0.5070476531982422,positive,raw accuracy; absolute,192,0,0,24,0,0
RESIDENT40|IID|SHAM_C1|U1,0.6090494791666666,0.6033223470052084,0.6144515991210937,positive,raw accuracy; absolute,192,0,0,24,0,0
RESIDENT40|IID|SHAM_C1|U40,0.6160430908203125,0.6095174153645834,0.6235921223958333,positive,raw accuracy; absolute,192,0,0,24,0,0
RESIDENT40|RECUR_MINUS_IID|ACTIVE_C0-NOVEL_C0|D40,0.42626953125,0.33559163411458337,0.5208414713541667,positive,carrier frequency change; recurrence-minus-IID difference,83,7,102,23,0,1
RESIDENT40|RECUR_MINUS_IID|ACTIVE_C0-NOVEL_C0|E1,0.0011067708333333398,0.00024917602539062503,0.0018229420979817689,positive,raw accuracy; recurrence-minus-IID difference,80,60,52,16,8,0
RESIDENT40|RECUR_MINUS_IID|ACTIVE_C0-NOVEL_C0|E2,0.0028961181640625214,0.0013610585530599083,0.004423014322916696,positive,raw accuracy; recurrence-minus-IID difference,91,58,43,17,7,0
RESIDENT40|RECUR_MINUS_IID|ACTIVE_C0-NOVEL_C0|E3,0.009661865234375044,0.006763458251953177,0.012447509765625043,positive,raw accuracy; recurrence-minus-IID difference,106,48,38,21,3,0
RESIDENT40|RECUR_MINUS_IID|ACTIVE_C0-NOVEL_C0|E4,0.018509928385416704,0.014059168497721385,0.022866312662760423,positive,raw accuracy; recurrence-minus-IID difference,110,44,38,24,0,0
RESIDENT40|RECUR_MINUS_IID|ACTIVE_C0-NOVEL_C0|E5,0.025850423177083304,0.020629679361979156,0.031070226033528582,positive,raw accuracy; recurrence-minus-IID difference,111,44,37,24,0,0
RESIDENT40|RECUR_MINUS_IID|ACTIVE_C0-NOVEL_C0|E6,0.03597106933593749,0.02979677836100254,0.042803624471028645,positive,raw accuracy; recurrence-minus-IID difference,122,34,36,24,0,0
RESIDENT40|RECUR_MINUS_IID|ACTIVE_C0-NOVEL_C0|E7,0.041592407226562496,0.03404675801595052,0.049529418945312494,positive,raw accuracy; recurrence-minus-IID difference,117,40,35,24,0,0
RESIDENT40|RECUR_MINUS_IID|ACTIVE_C0-NOVEL_C0|E8,0.048320515950520844,0.039998753865559906,0.05694531758626301,positive,raw accuracy; recurrence-minus-IID difference,118,38,36,24,0,0
RESIDENT40|RECUR_MINUS_IID|ACTIVE_C0-NOVEL_C0|F,0.30176188151041666,0.23857594807942709,0.36889851888020825,positive,carrier frequency; recurrence-minus-IID difference,139,21,32,24,0,0
RESIDENT40|RECUR_MINUS_IID|ACTIVE_C0-NOVEL_C0|F0,0.0,0.0,0.0,structural_zero,design-implied zero,0,0,192,0,0,24
RESIDENT40|RECUR_MINUS_IID|ACTIVE_C0-NOVEL_C0|F1,0.018717447916666668,0.0126953125,0.024251302083333332,positive,carrier frequency; recurrence-minus-IID difference,90,18,84,21,3,0
RESIDENT40|RECUR_MINUS_IID|ACTIVE_C0-NOVEL_C0|F40,0.42626953125,0.33559163411458337,0.5208414713541667,positive,carrier frequency; recurrence-minus-IID difference,83,7,102,23,0,1
RESIDENT40|RECUR_MINUS_IID|ACTIVE_C0-NOVEL_C0|FE1,0.04983723958333334,0.03723795572916667,0.062174479166666664,positive,carrier frequency; recurrence-minus-IID difference,136,23,33,23,1,0
RESIDENT40|RECUR_MINUS_IID|ACTIVE_C0-NOVEL_C0|FE2,0.1390625,0.10165608723958332,0.18040445963541668,positive,carrier frequency; recurrence-minus-IID difference,98,16,78,22,2,0
RESIDENT40|RECUR_MINUS_IID|ACTIVE_C0-NOVEL_C0|FE3,0.26113281250000003,0.19435628255208331,0.32913411458333336,positive,carrier frequency; recurrence-minus-IID difference,89,12,91,23,1,0
RESIDENT40|RECUR_MINUS_IID|ACTIVE_C0-NOVEL_C0|FE4,0.33623046874999996,0.2649853515625,0.41197265624999985,positive,carrier frequency; recurrence-minus-IID difference,85,11,96,23,1,0
RESIDENT40|RECUR_MINUS_IID|ACTIVE_C0-NOVEL_C0|FE5,0.37910156250000004,0.30200276692708333,0.46267903645833325,positive,carrier frequency; recurrence-minus-IID difference,82,10,100,24,0,0
RESIDENT40|RECUR_MINUS_IID|ACTIVE_C0-NOVEL_C0|FE6,0.4065755208333333,0.32023193359375,0.4985066731770833,positive,carrier frequency; recurrence-minus-IID difference,84,8,100,24,0,0
RESIDENT40|RECUR_MINUS_IID|ACTIVE_C0-NOVEL_C0|FE7,0.4183268229166666,0.32574300130208333,0.5136230468749998,positive,carrier frequency; recurrence-minus-IID difference,84,7,101,23,0,1
RESIDENT40|RECUR_MINUS_IID|ACTIVE_C0-NOVEL_C0|FE8,0.423828125,0.33254801432291664,0.5182812499999998,positive,carrier frequency; recurrence-minus-IID difference,83,7,102,23,0,1
RESIDENT40|RECUR_MINUS_IID|ACTIVE_C0-NOVEL_C0|MLOSS,-0.022988637288411457,-0.027251793543497712,-0.018915217717488626,negative,raw mismatch; recurrence-minus-IID difference,39,118,35,0,24,0
RESIDENT40|RECUR_MINUS_IID|ACTIVE_C0-NOVEL_C0|U,0.022988637288411398,0.01891521771748857,0.027251793543497688,positive,raw accuracy; recurrence-minus-IID difference,118,39,35,24,0,0
RESIDENT40|RECUR_MINUS_IID|ACTIVE_C0-NOVEL_C0|U0,0.0,0.0,0.0,structural_zero,design-implied zero,0,0,192,0,0,24
RESIDENT40|RECUR_MINUS_IID|ACTIVE_C0-NOVEL_C0|U1,0.0009969075520833333,0.0005695343017578125,0.00149548848470052,positive,raw accuracy; recurrence-minus-IID difference,51,19,122,19,5,0
RESIDENT40|RECUR_MINUS_IID|ACTIVE_C0-NOVEL_C0|U40,0.055826822916666664,0.04646581013997396,0.06587740580240885,positive,raw accuracy; recurrence-minus-IID difference,120,34,38,24,0,0
RESIDENT40|RECUR_MINUS_IID|ACTIVE_C1-NOVEL_C1|D40,0.005208333333333333,0.0,0.015625,unresolved,carrier frequency change; recurrence-minus-IID difference,1,0,191,1,0,23
RESIDENT40|RECUR_MINUS_IID|ACTIVE_C1-NOVEL_C1|E1,0.0003051757812500046,-0.00024314880371094258,0.0009307861328125001,unresolved,raw accuracy; recurrence-minus-IID difference,39,36,117,10,12,2
RESIDENT40|RECUR_MINUS_IID|ACTIVE_C1-NOVEL_C1|E2,0.0006134033203125019,-0.0007904561360677201,0.001997909545898443,unresolved,raw accuracy; recurrence-minus-IID difference,41,34,117,9,14,1
RESIDENT40|RECUR_MINUS_IID|ACTIVE_C1-NOVEL_C1|E3,-0.0015787760416666602,-0.0026092783610026046,-0.0004495493570963663,negative,raw accuracy; recurrence-minus-IID difference,24,50,118,6,17,1
RESIDENT40|RECUR_MINUS_IID|ACTIVE_C1-NOVEL_C1|E4,0.0012359619140625093,-0.0006755828857421698,0.0036458587646484527,unresolved,raw accuracy; recurrence-minus-IID difference,40,34,118,15,8,1
RESIDENT40|RECUR_MINUS_IID|ACTIVE_C1-NOVEL_C1|E5,0.0012176513671874935,-0.0004293314615885447,0.00283630371093751,unresolved,raw accuracy; recurrence-minus-IID difference,42,33,117,15,8,1
RESIDENT40|RECUR_MINUS_IID|ACTIVE_C1-NOVEL_C1|E6,0.0008605957031249852,-0.0007690684000651125,0.002846349080403647,unresolved,raw accuracy; recurrence-minus-IID difference,39,35,118,12,11,1
RESIDENT40|RECUR_MINUS_IID|ACTIVE_C1-NOVEL_C1|E7,0.00046284993489581944,-0.0014822896321614615,0.0026938374837239317,unresolved,raw accuracy; recurrence-minus-IID difference,37,38,117,12,11,1
RESIDENT40|RECUR_MINUS_IID|ACTIVE_C1-NOVEL_C1|E8,0.002229817708333313,0.0001718648274739407,0.004956410725911422,positive,raw accuracy; recurrence-minus-IID difference,39,36,117,15,8,1
RESIDENT40|RECUR_MINUS_IID|ACTIVE_C1-NOVEL_C1|F,0.005847167968750001,0.0007241821289062499,0.01508799235026042,positive,carrier frequency; recurrence-minus-IID difference,60,13,119,18,5,1
RESIDENT40|RECUR_MINUS_IID|ACTIVE_C1-NOVEL_C1|F0,0.0,0.0,0.0,structural_zero,design-implied zero,0,0,192,0,0,24
RESIDENT40|RECUR_MINUS_IID|ACTIVE_C1-NOVEL_C1|F1,0.009114583333333334,0.005045572916666667,0.013346354166666666,positive,carrier frequency; recurrence-minus-IID difference,43,11,138,19,4,1
RESIDENT40|RECUR_MINUS_IID|ACTIVE_C1-NOVEL_C1|F40,0.005208333333333333,0.0,0.015625,unresolved,carrier frequency; recurrence-minus-IID difference,1,0,191,1,0,23
RESIDENT40|RECUR_MINUS_IID|ACTIVE_C1-NOVEL_C1|FE1,0.008072916666666667,0.003937988281250001,0.012662760416666667,positive,carrier frequency; recurrence-minus-IID difference,59,14,119,19,4,1
RESIDENT40|RECUR_MINUS_IID|ACTIVE_C1-NOVEL_C1|FE2,0.006738281250000001,0.0008780924479166667,0.014877115885416663,positive,carrier frequency; recurrence-minus-IID difference,15,4,173,10,4,10
RESIDENT40|RECUR_MINUS_IID|ACTIVE_C1-NOVEL_C1|FE3,0.0059244791666666664,6.510416666666667e-05,0.016601562499999997,positive,carrier frequency; recurrence-minus-IID difference,5,0,187,4,0,20
RESIDENT40|RECUR_MINUS_IID|ACTIVE_C1-NOVEL_C1|FE4,0.005208333333333333,0.0,0.015625,unresolved,carrier frequency; recurrence-minus-IID difference,1,0,191,1,0,23
RESIDENT40|RECUR_MINUS_IID|ACTIVE_C1-NOVEL_C1|FE5,0.005208333333333333,0.0,0.015625,unresolved,carrier frequency; recurrence-minus-IID difference,1,0,191,1,0,23
RESIDENT40|RECUR_MINUS_IID|ACTIVE_C1-NOVEL_C1|FE6,0.005208333333333333,0.0,0.015625,unresolved,carrier frequency; recurrence-minus-IID difference,1,0,191,1,0,23
RESIDENT40|RECUR_MINUS_IID|ACTIVE_C1-NOVEL_C1|FE7,0.005208333333333333,0.0,0.015625,unresolved,carrier frequency; recurrence-minus-IID difference,1,0,191,1,0,23
RESIDENT40|RECUR_MINUS_IID|ACTIVE_C1-NOVEL_C1|FE8,0.005208333333333333,0.0,0.015625,unresolved,carrier frequency; recurrence-minus-IID difference,1,0,191,1,0,23
RESIDENT40|RECUR_MINUS_IID|ACTIVE_C1-NOVEL_C1|MLOSS,-0.0006683349609374946,-0.0020516904195149606,0.00023193995157878229,unresolved,raw mismatch; recurrence-minus-IID difference,37,38,117,11,12,1
RESIDENT40|RECUR_MINUS_IID|ACTIVE_C1-NOVEL_C1|U,0.0006683349609374889,-0.0002319399515787957,0.0020516904195149476,unresolved,raw accuracy; recurrence-minus-IID difference,38,37,117,12,11,1
RESIDENT40|RECUR_MINUS_IID|ACTIVE_C1-NOVEL_C1|U0,0.0,0.0,0.0,structural_zero,design-implied zero,0,0,192,0,0,24
RESIDENT40|RECUR_MINUS_IID|ACTIVE_C1-NOVEL_C1|U1,0.0009714762369791666,0.00054931640625,0.0014750162760416667,positive,raw accuracy; recurrence-minus-IID difference,44,13,135,19,4,1
RESIDENT40|RECUR_MINUS_IID|ACTIVE_C1-NOVEL_C1|U40,0.0025736490885416665,-0.0009464263916015625,0.006312179565429687,unresolved,raw accuracy; recurrence-minus-IID difference,44,31,117,12,11,1
RESIDENT40|RECUR_MINUS_IID|NOVEL_C0|D40,-0.1611328125,-0.23308919270833334,-0.09342447916666667,negative,carrier frequency change; recurrence-minus-IID difference,0,31,161,0,14,10
RESIDENT40|RECUR_MINUS_IID|NOVEL_C0|E1,0.11598815917968748,0.09634373982747395,0.1378931172688802,positive,raw accuracy; recurrence-minus-IID difference,192,0,0,24,0,0
RESIDENT40|RECUR_MINUS_IID|NOVEL_C0|E2,0.11249694824218748,0.09245295206705727,0.13437833150227863,positive,raw accuracy; recurrence-minus-IID difference,192,0,0,24,0,0
RESIDENT40|RECUR_MINUS_IID|NOVEL_C0|E3,0.11176249186197913,0.09256273905436196,0.13304046630859373,positive,raw accuracy; recurrence-minus-IID difference,192,0,0,24,0,0
RESIDENT40|RECUR_MINUS_IID|NOVEL_C0|E4,0.11341044108072916,0.09391639709472657,0.13507415771484374,positive,raw accuracy; recurrence-minus-IID difference,192,0,0,24,0,0
RESIDENT40|RECUR_MINUS_IID|NOVEL_C0|E5,0.11366984049479163,0.09439697265624998,0.13538569132486974,positive,raw accuracy; recurrence-minus-IID difference,192,0,0,24,0,0
RESIDENT40|RECUR_MINUS_IID|NOVEL_C0|E6,0.11068522135416665,0.09125645955403647,0.1323288472493489,positive,raw accuracy; recurrence-minus-IID difference,192,0,0,24,0,0
RESIDENT40|RECUR_MINUS_IID|NOVEL_C0|E7,0.11305541992187501,0.09431734720865886,0.1343463643391927,positive,raw accuracy; recurrence-minus-IID difference,192,0,0,24,0,0
RESIDENT40|RECUR_MINUS_IID|NOVEL_C0|E8,0.11116434733072918,0.09241638183593752,0.1323750559488932,positive,raw accuracy; recurrence-minus-IID difference,192,0,0,24,0,0
RESIDENT40|RECUR_MINUS_IID|NOVEL_C0|F,-0.11653238932291667,-0.16593831380208335,-0.06805948893229169,negative,carrier frequency; recurrence-minus-IID difference,55,101,36,2,22,0
RESIDENT40|RECUR_MINUS_IID|NOVEL_C0|F0,0.0,0.0,0.0,structural_zero,design-implied zero,0,0,192,0,0,24
RESIDENT40|RECUR_MINUS_IID|NOVEL_C0|F1,-0.018229166666666668,-0.023600260416666668,-0.01220703125,negative,carrier frequency; recurrence-minus-IID difference,45,98,49,2,22,0
RESIDENT40|RECUR_MINUS_IID|NOVEL_C0|F40,-0.1611328125,-0.23308919270833334,-0.09342447916666667,negative,carrier frequency; recurrence-minus-IID difference,0,31,161,0,14,10
RESIDENT40|RECUR_MINUS_IID|NOVEL_C0|FE1,-0.043652343749999996,-0.05670735677083333,-0.030466308593750012,negative,carrier frequency; recurrence-minus-IID difference,54,101,37,2,22,0
RESIDENT40|RECUR_MINUS_IID|NOVEL_C0|FE2,-0.08118489583333334,-0.11334798177083333,-0.05054361979166672,negative,carrier frequency; recurrence-minus-IID difference,6,56,130,1,22,1
RESIDENT40|RECUR_MINUS_IID|NOVEL_C0|FE3,-0.09316406250000002,-0.13738281249999998,-0.05237467447916667,negative,carrier frequency; recurrence-minus-IID difference,0,40,152,0,19,5
RESIDENT40|RECUR_MINUS_IID|NOVEL_C0|FE4,-0.11305338541666667,-0.16507242838541666,-0.06422444661458333,negative,carrier frequency; recurrence-minus-IID difference,0,35,157,0,17,7
RESIDENT40|RECUR_MINUS_IID|NOVEL_C0|FE5,-0.13720703125,-0.19837809244791668,-0.0764192708333334,negative,carrier frequency; recurrence-minus-IID difference,0,32,160,0,15,9
RESIDENT40|RECUR_MINUS_IID|NOVEL_C0|FE6,-0.14833984375,-0.21653727213541668,-0.08398274739583335,negative,carrier frequency; recurrence-minus-IID difference,0,31,161,0,14,10
RESIDENT40|RECUR_MINUS_IID|NOVEL_C0|FE7,-0.15589192708333333,-0.22565185546875002,-0.08886311848958335,negative,carrier frequency; recurrence-minus-IID difference,0,31,161,0,14,10
RESIDENT40|RECUR_MINUS_IID|NOVEL_C0|FE8,-0.159765625,-0.22918294270833334,-0.09244791666666667,negative,carrier frequency; recurrence-minus-IID difference,0,31,161,0,14,10
RESIDENT40|RECUR_MINUS_IID|NOVEL_C0|MLOSS,-0.11277910868326822,-0.13436961809794107,-0.09367783864339191,negative,raw mismatch; recurrence-minus-IID difference,0,192,0,0,24,0
RESIDENT40|RECUR_MINUS_IID|NOVEL_C0|U,0.11277910868326825,0.09367783864339194,0.13436961809794112,positive,raw accuracy; recurrence-minus-IID difference,192,0,0,24,0,0
RESIDENT40|RECUR_MINUS_IID|NOVEL_C0|U0,0.22118123372395834,0.19462343851725258,0.24819971720377604,positive,raw accuracy; recurrence-minus-IID difference,192,0,0,24,0,0
RESIDENT40|RECUR_MINUS_IID|NOVEL_C0|U1,0.12290445963541667,0.10249036153157552,0.14456685384114584,positive,raw accuracy; recurrence-minus-IID difference,188,4,0,24,0,0
RESIDENT40|RECUR_MINUS_IID|NOVEL_C0|U40,0.10373433430989583,0.08352521260579428,0.12721277872721354,positive,raw accuracy; recurrence-minus-IID difference,187,5,0,24,0,0
RESIDENT40|RECUR_MINUS_IID|NOVEL_C1|D40,0.0,0.0,0.0,observed_exact_zero,sampled equality; not a design guarantee,0,0,192,0,0,24
RESIDENT40|RECUR_MINUS_IID|NOVEL_C1|E1,0.11705423990885416,0.09768694559733072,0.13868347167968748,positive,raw accuracy; recurrence-minus-IID difference,192,0,0,24,0,0
RESIDENT40|RECUR_MINUS_IID|NOVEL_C1|E2,0.11254984537760415,0.09241002400716145,0.1349434153238932,positive,raw accuracy; recurrence-minus-IID difference,192,0,0,24,0,0
RESIDENT40|RECUR_MINUS_IID|NOVEL_C1|E3,0.11565348307291667,0.09688718159993485,0.13702819824218748,positive,raw accuracy; recurrence-minus-IID difference,192,0,0,24,0,0
RESIDENT40|RECUR_MINUS_IID|NOVEL_C1|E4,0.11430155436197918,0.09464385986328124,0.13663065592447918,positive,raw accuracy; recurrence-minus-IID difference,192,0,0,24,0,0
RESIDENT40|RECUR_MINUS_IID|NOVEL_C1|E5,0.11566975911458333,0.09618825276692708,0.13736684163411458,positive,raw accuracy; recurrence-minus-IID difference,192,0,0,24,0,0
RESIDENT40|RECUR_MINUS_IID|NOVEL_C1|E6,0.11333414713541666,0.09395057678222656,0.13502621968587233,positive,raw accuracy; recurrence-minus-IID difference,192,0,0,24,0,0
RESIDENT40|RECUR_MINUS_IID|NOVEL_C1|E7,0.11605224609375002,0.09741055806477866,0.13669486999511718,positive,raw accuracy; recurrence-minus-IID difference,192,0,0,24,0,0
RESIDENT40|RECUR_MINUS_IID|NOVEL_C1|E8,0.1132670084635417,0.0937902323404948,0.13522923787434898,positive,raw accuracy; recurrence-minus-IID difference,192,0,0,24,0,0
RESIDENT40|RECUR_MINUS_IID|NOVEL_C1|F,-0.0026163736979166667,-0.0036419677734374997,-0.0017985026041666668,negative,carrier frequency; recurrence-minus-IID difference,3,85,104,0,23,1
RESIDENT40|RECUR_MINUS_IID|NOVEL_C1|F0,0.0,0.0,0.0,structural_zero,design-implied zero,0,0,192,0,0,24
RESIDENT40|RECUR_MINUS_IID|NOVEL_C1|F1,-0.023111979166666668,-0.02783203125,-0.0185546875,negative,carrier frequency; recurrence-minus-IID difference,3,84,105,0,23,1
RESIDENT40|RECUR_MINUS_IID|NOVEL_C1|F40,0.0,0.0,0.0,observed_exact_zero,sampled equality; not a design guarantee,0,0,192,0,0,24
RESIDENT40|RECUR_MINUS_IID|NOVEL_C1|FE1,-0.015559895833333335,-0.02024739583333333,-0.011490885416666666,negative,carrier frequency; recurrence-minus-IID difference,3,85,104,0,23,1
RESIDENT40|RECUR_MINUS_IID|NOVEL_C1|FE2,-0.004654947916666667,-0.008041178385416667,-0.0019856770833333337,negative,carrier frequency; recurrence-minus-IID difference,0,14,178,0,11,13
RESIDENT40|RECUR_MINUS_IID|NOVEL_C1|FE3,-0.0007161458333333334,-0.0016927083333333334,-6.510416666666667e-05,negative,carrier frequency; recurrence-minus-IID difference,0,4,188,0,4,20
RESIDENT40|RECUR_MINUS_IID|NOVEL_C1|FE4,0.0,0.0,0.0,observed_exact_zero,sampled equality; not a design guarantee,0,0,192,0,0,24
RESIDENT40|RECUR_MINUS_IID|NOVEL_C1|FE5,0.0,0.0,0.0,observed_exact_zero,sampled equality; not a design guarantee,0,0,192,0,0,24
RESIDENT40|RECUR_MINUS_IID|NOVEL_C1|FE6,0.0,0.0,0.0,observed_exact_zero,sampled equality; not a design guarantee,0,0,192,0,0,24
RESIDENT40|RECUR_MINUS_IID|NOVEL_C1|FE7,0.0,0.0,0.0,observed_exact_zero,sampled equality; not a design guarantee,0,0,192,0,0,24
RESIDENT40|RECUR_MINUS_IID|NOVEL_C1|FE8,0.0,0.0,0.0,observed_exact_zero,sampled equality; not a design guarantee,0,0,192,0,0,24
RESIDENT40|RECUR_MINUS_IID|NOVEL_C1|MLOSS,-0.11473528544108073,-0.1363421376546224,-0.09568957328796387,negative,raw mismatch; recurrence-minus-IID difference,0,192,0,0,24,0
RESIDENT40|RECUR_MINUS_IID|NOVEL_C1|U,0.11473528544108073,0.0956895732879639,0.1363421376546224,positive,raw accuracy; recurrence-minus-IID difference,192,0,0,24,0,0
RESIDENT40|RECUR_MINUS_IID|NOVEL_C1|U0,0.22118123372395834,0.19462343851725258,0.24819971720377604,positive,raw accuracy; recurrence-minus-IID difference,192,0,0,24,0,0
RESIDENT40|RECUR_MINUS_IID|NOVEL_C1|U1,0.12305704752604167,0.10264244079589843,0.144705327351888,positive,raw accuracy; recurrence-minus-IID difference,188,4,0,24,0,0
RESIDENT40|RECUR_MINUS_IID|NOVEL_C1|U40,0.107421875,0.08636932373046874,0.1315081278483073,positive,raw accuracy; recurrence-minus-IID difference,190,2,0,24,0,0
RESIDENT40|RECUR|ACTIVE_C0-NOVEL_C0|D40,0.3400065104166667,0.2945963541666667,0.3898315429687499,positive,carrier frequency change; first minus second arm,66,0,126,24,0,0
RESIDENT40|RECUR|ACTIVE_C0-NOVEL_C0|E1,0.0001698811848958546,7.731119791669789e-05,0.0002706146240234829,positive,raw accuracy; first minus second arm,54,22,116,17,4,3
RESIDENT40|RECUR|ACTIVE_C0-NOVEL_C0|E2,0.0021311442057291713,0.001306152343749996,0.0029930114746093773,positive,raw accuracy; first minus second arm,72,21,99,22,1,1
RESIDENT40|RECUR|ACTIVE_C0-NOVEL_C0|E3,0.008433024088541694,0.00590105692545576,0.01102923075358075,positive,raw accuracy; first minus second arm,75,24,93,24,0,0
RESIDENT40|RECUR|ACTIVE_C0-NOVEL_C0|E4,0.016910807291666677,0.012886021931966153,0.02088933308919272,positive,raw accuracy; first minus second arm,77,22,93,24,0,0
RESIDENT40|RECUR|ACTIVE_C0-NOVEL_C0|E5,0.024583943684895828,0.019525604248046866,0.029818293253580725,positive,raw accuracy; first minus second arm,81,17,94,24,0,0
RESIDENT40|RECUR|ACTIVE_C0-NOVEL_C0|E6,0.033043416341145826,0.02691037495930989,0.03938082377115886,positive,raw accuracy; first minus second arm,84,17,91,24,0,0
RESIDENT40|RECUR|ACTIVE_C0-NOVEL_C0|E7,0.04029947916666668,0.03312970479329427,0.047624206542968776,positive,raw accuracy; first minus second arm,86,16,90,24,0,0
RESIDENT40|RECUR|ACTIVE_C0-NOVEL_C0|E8,0.04692993164062498,0.03862208048502603,0.055679066975911434,positive,raw accuracy; first minus second arm,81,23,88,24,0,0
RESIDENT40|RECUR|ACTIVE_C0-NOVEL_C0|F,0.2457845052083333,0.21248321533203124,0.2824165852864583,positive,carrier frequency; first minus second arm,107,6,79,24,0,0
RESIDENT40|RECUR|ACTIVE_C0-NOVEL_C0|F0,0.0,0.0,0.0,structural_zero,design-implied zero,0,0,192,0,0,24
RESIDENT40|RECUR|ACTIVE_C0-NOVEL_C0|F1,0.008951822916666666,0.006673177083333333,0.01123046875,positive,carrier frequency; first minus second arm,59,4,129,22,0,2
RESIDENT40|RECUR|ACTIVE_C0-NOVEL_C0|F40,0.3400065104166667,0.2945963541666667,0.3898315429687499,positive,carrier frequency; first minus second arm,66,0,126,24,0,0
RESIDENT40|RECUR|ACTIVE_C0-NOVEL_C0|FE1,0.03063151041666667,0.02639973958333333,0.03479817708333333,positive,carrier frequency; first minus second arm,107,6,79,24,0,0
RESIDENT40|RECUR|ACTIVE_C0-NOVEL_C0|FE2,0.10296223958333332,0.08131429036458333,0.12516276041666666,positive,carrier frequency; first minus second arm,77,0,115,24,0,0
RESIDENT40|RECUR|ACTIVE_C0-NOVEL_C0|FE3,0.2225911458333333,0.17682128906250003,0.26878743489583334,positive,carrier frequency; first minus second arm,68,0,124,24,0,0
RESIDENT40|RECUR|ACTIVE_C0-NOVEL_C0|FE4,0.28850911458333334,0.24511311848958334,0.33356201171875,positive,carrier frequency; first minus second arm,66,0,126,24,0,0
RESIDENT40|RECUR|ACTIVE_C0-NOVEL_C0|FE5,0.31162109374999997,0.2696175130208333,0.3568758138020833,positive,carrier frequency; first minus second arm,66,0,126,24,0,0
RESIDENT40|RECUR|ACTIVE_C0-NOVEL_C0|FE6,0.33134765625,0.28544921875,0.379072265625,positive,carrier frequency; first minus second arm,66,0,126,24,0,0
RESIDENT40|RECUR|ACTIVE_C0-NOVEL_C0|FE7,0.3387369791666666,0.29205729166666666,0.38630371093749943,positive,carrier frequency; first minus second arm,66,0,126,24,0,0
RESIDENT40|RECUR|ACTIVE_C0-NOVEL_C0|FE8,0.3398763020833333,0.29433593750000003,0.38945068359374985,positive,carrier frequency; first minus second arm,66,0,126,24,0,0
RESIDENT40|RECUR|ACTIVE_C0-NOVEL_C0|MLOSS,-0.021562703450520835,-0.025800091425577792,-0.017475601832071946,negative,raw mismatch; first minus second arm,23,83,86,0,24,0
RESIDENT40|RECUR|ACTIVE_C0-NOVEL_C0|U,0.02156270345052078,0.017475601832071884,0.025800091425577747,positive,raw accuracy; first minus second arm,83,23,86,24,0,0
RESIDENT40|RECUR|ACTIVE_C0-NOVEL_C0|U0,0.0,0.0,0.0,structural_zero,design-implied zero,0,0,192,0,0,24
RESIDENT40|RECUR|ACTIVE_C0-NOVEL_C0|U1,0.0,0.0,0.0,observed_exact_zero,sampled equality; not a design guarantee,0,0,192,0,0,24
RESIDENT40|RECUR|ACTIVE_C0-NOVEL_C0|U40,0.05035400390625,0.04163436889648437,0.059953053792317704,positive,raw accuracy; first minus second arm,79,18,95,24,0,0
RESIDENT40|RECUR|ACTIVE_C0-SHAM_C0|D40,0.3116861979166667,0.2696940104166667,0.35727132161458325,positive,carrier frequency change; first minus second arm,66,0,126,24,0,0
RESIDENT40|RECUR|ACTIVE_C0-SHAM_C0|E1,0.00018513997395835,9.358723958334986e-05,0.000282796223958354,positive,raw accuracy; first minus second arm,35,7,150,20,2,2
RESIDENT40|RECUR|ACTIVE_C0-SHAM_C0|E2,0.00217488606770834,0.0013447316487630102,0.0030326334635416737,positive,raw accuracy; first minus second arm,54,9,129,23,1,0
RESIDENT40|RECUR|ACTIVE_C0-SHAM_C0|E3,0.008443196614583343,0.00588376363118492,0.011033452351888023,positive,raw accuracy; first minus second arm,64,8,120,24,0,0
RESIDENT40|RECUR|ACTIVE_C0-SHAM_C0|E4,0.016940307617187483,0.012912928263346328,0.02091990152994792,positive,raw accuracy; first minus second arm,70,4,118,24,0,0
RESIDENT40|RECUR|ACTIVE_C0-SHAM_C0|E5,0.024537150065104155,0.01943051656087238,0.02977104187011717,positive,raw accuracy; first minus second arm,72,2,118,24,0,0
RESIDENT40|RECUR|ACTIVE_C0-SHAM_C0|E6,0.03306986490885415,0.026984481811523433,0.03937332153320308,positive,raw accuracy; first minus second arm,72,4,116,24,0,0
RESIDENT40|RECUR|ACTIVE_C0-SHAM_C0|E7,0.040283203125000014,0.0331175994873047,0.04759900410970055,positive,raw accuracy; first minus second arm,71,4,117,24,0,0
RESIDENT40|RECUR|ACTIVE_C0-SHAM_C0|E8,0.046913655598958326,0.038628972371419254,0.05562683105468747,positive,raw accuracy; first minus second arm,68,6,118,24,0,0
RESIDENT40|RECUR|ACTIVE_C0-SHAM_C0|F,0.21631673177083333,0.1858524576822917,0.24843475341796875,positive,carrier frequency; first minus second arm,75,1,116,24,0,0
RESIDENT40|RECUR|ACTIVE_C0-SHAM_C0|F0,0.0,0.0,0.0,structural_zero,design-implied zero,0,0,192,0,0,24
RESIDENT40|RECUR|ACTIVE_C0-SHAM_C0|F1,0.0,0.0,0.0,structural_zero,design-implied zero,0,0,192,0,0,24
RESIDENT40|RECUR|ACTIVE_C0-SHAM_C0|F40,0.3116861979166667,0.2696940104166667,0.35727132161458325,positive,carrier frequency; first minus second arm,66,0,126,24,0,0
RESIDENT40|RECUR|ACTIVE_C0-SHAM_C0|FE1,0.010774739583333333,0.0068351236979166665,0.015104166666666669,positive,carrier frequency; first minus second arm,51,2,139,22,1,1
RESIDENT40|RECUR|ACTIVE_C0-SHAM_C0|FE2,0.07317708333333334,0.05194905598958333,0.09462890624999999,positive,carrier frequency; first minus second arm,63,3,126,24,0,0
RESIDENT40|RECUR|ACTIVE_C0-SHAM_C0|FE3,0.18896484375,0.14592936197916667,0.23255615234374996,positive,carrier frequency; first minus second arm,63,3,126,24,0,0
RESIDENT40|RECUR|ACTIVE_C0-SHAM_C0|FE4,0.25322265625,0.21399739583333335,0.2936930338541666,positive,carrier frequency; first minus second arm,65,1,126,24,0,0
RESIDENT40|RECUR|ACTIVE_C0-SHAM_C0|FE5,0.28115234375000003,0.24368326822916667,0.3218155924479167,positive,carrier frequency; first minus second arm,66,0,126,24,0,0
RESIDENT40|RECUR|ACTIVE_C0-SHAM_C0|FE6,0.30104166666666665,0.258720703125,0.3450537109375,positive,carrier frequency; first minus second arm,66,0,126,24,0,0
RESIDENT40|RECUR|ACTIVE_C0-SHAM_C0|FE7,0.30930989583333335,0.26785725911458336,0.3535530598958333,positive,carrier frequency; first minus second arm,66,0,126,24,0,0
RESIDENT40|RECUR|ACTIVE_C0-SHAM_C0|FE8,0.31289062500000003,0.27109374999999997,0.3581087239583333,positive,carrier frequency; first minus second arm,66,0,126,24,0,0
RESIDENT40|RECUR|ACTIVE_C0-SHAM_C0|MLOSS,-0.02156842549641926,-0.0258090051015218,-0.017484102249145508,negative,raw mismatch; first minus second arm,5,70,117,0,24,0
RESIDENT40|RECUR|ACTIVE_C0-SHAM_C0|U,0.021568425496419245,0.017484102249145483,0.025809005101521783,positive,raw accuracy; first minus second arm,70,5,117,24,0,0
RESIDENT40|RECUR|ACTIVE_C0-SHAM_C0|U0,0.0,0.0,0.0,structural_zero,design-implied zero,0,0,192,0,0,24
RESIDENT40|RECUR|ACTIVE_C0-SHAM_C0|U1,0.0,0.0,0.0,structural_zero,design-implied zero,0,0,192,0,0,24
RESIDENT40|RECUR|ACTIVE_C0-SHAM_C0|U40,0.050114949544270836,0.04141553243001302,0.059636688232421874,positive,raw accuracy; first minus second arm,66,7,119,24,0,0
RESIDENT40|RECUR|ACTIVE_C0|D40,0.3087565104166667,0.2633463541666667,0.3585815429687499,positive,carrier frequency change; absolute,66,126,0,24,0,0
RESIDENT40|RECUR|ACTIVE_C0|E1,0.7302266438802084,0.711522979736328,0.7512767028808593,positive,raw accuracy; absolute,192,0,0,24,0,0
RESIDENT40|RECUR|ACTIVE_C0|E2,0.7307617187500001,0.712265421549479,0.7513681030273438,positive,raw accuracy; absolute,192,0,0,24,0,0
RESIDENT40|RECUR|ACTIVE_C0|E3,0.7385101318359375,0.7218578084309897,0.7574108378092448,positive,raw accuracy; absolute,192,0,0,24,0,0
RESIDENT40|RECUR|ACTIVE_C0|E4,0.74566650390625,0.7294070180257163,0.763893534342448,positive,raw accuracy; absolute,192,0,0,24,0,0
RESIDENT40|RECUR|ACTIVE_C0|E5,0.7547719319661459,0.7389633178710938,0.7722711944580078,positive,raw accuracy; absolute,192,0,0,24,0,0
RESIDENT40|RECUR|ACTIVE_C0|E6,0.7615936279296873,0.745882314046224,0.7790584309895834,positive,raw accuracy; absolute,192,0,0,24,0,0
RESIDENT40|RECUR|ACTIVE_C0|E7,0.7704203287760416,0.7551168314615886,0.7872161865234374,positive,raw accuracy; absolute,192,0,0,24,0,0
RESIDENT40|RECUR|ACTIVE_C0|E8,0.7754801432291666,0.7599001566569009,0.7922822316487629,positive,raw accuracy; absolute,192,0,0,24,0,0
RESIDENT40|RECUR|ACTIVE_C0|F,0.24704996744791666,0.21378804524739586,0.2836101277669271,positive,carrier frequency; absolute,125,0,67,24,0,0
RESIDENT40|RECUR|ACTIVE_C0|F0,0.03125,0.03125,0.03125,positive,carrier frequency; absolute,192,0,0,24,0,0
RESIDENT40|RECUR|ACTIVE_C0|F1,0.02880859375,0.02554931640625,0.032389322916666664,positive,carrier frequency; absolute,125,0,67,24,0,0
RESIDENT40|RECUR|ACTIVE_C0|F40,0.3400065104166667,0.2945963541666667,0.3898315429687499,positive,carrier frequency; absolute,66,0,126,24,0,0
RESIDENT40|RECUR|ACTIVE_C0|FE1,0.03997395833333334,0.0357421875,0.04410888671874999,positive,carrier frequency; absolute,125,0,67,24,0,0
RESIDENT40|RECUR|ACTIVE_C0|FE2,0.10374348958333335,0.08215820312500001,0.12574951171875,positive,carrier frequency; absolute,77,0,115,24,0,0
RESIDENT40|RECUR|ACTIVE_C0|FE3,0.2225911458333333,0.17682128906250003,0.26878743489583334,positive,carrier frequency; absolute,68,0,124,24,0,0
RESIDENT40|RECUR|ACTIVE_C0|FE4,0.28850911458333334,0.24511311848958334,0.33356201171875,positive,carrier frequency; absolute,66,0,126,24,0,0
RESIDENT40|RECUR|ACTIVE_C0|FE5,0.31162109374999997,0.2696175130208333,0.3568758138020833,positive,carrier frequency; absolute,66,0,126,24,0,0
RESIDENT40|RECUR|ACTIVE_C0|FE6,0.33134765625,0.28544921875,0.379072265625,positive,carrier frequency; absolute,66,0,126,24,0,0
RESIDENT40|RECUR|ACTIVE_C0|FE7,0.3387369791666666,0.29205729166666666,0.38630371093749943,positive,carrier frequency; absolute,66,0,126,24,0,0
RESIDENT40|RECUR|ACTIVE_C0|FE8,0.3398763020833333,0.29433593750000003,0.38945068359374985,positive,carrier frequency; absolute,66,0,126,24,0,0
RESIDENT40|RECUR|ACTIVE_C0|MLOSS,0.2490711212158203,0.23043675422668458,0.2655245018005371,positive,raw mismatch; absolute,192,0,0,24,0,0
RESIDENT40|RECUR|ACTIVE_C0|U,0.7509288787841797,0.7344754981994629,0.7695632457733155,positive,raw accuracy; absolute,192,0,0,24,0,0
RESIDENT40|RECUR|ACTIVE_C0|U0,0.7163035074869791,0.6938170115152995,0.7402376810709635,positive,raw accuracy; absolute,192,0,0,24,0,0
RESIDENT40|RECUR|ACTIVE_C0|U1,0.7331339518229166,0.7140061696370443,0.7535858154296875,positive,raw accuracy; absolute,192,0,0,24,0,0
RESIDENT40|RECUR|ACTIVE_C0|U40,0.77545166015625,0.759915288289388,0.7925783793131511,positive,raw accuracy; absolute,192,0,0,24,0,0
RESIDENT40|RECUR|ACTIVE_C1-NOVEL_C1|D40,0.005208333333333333,0.0,0.015625,unresolved,carrier frequency change; first minus second arm,1,0,191,1,0,23
RESIDENT40|RECUR|ACTIVE_C1-NOVEL_C1|E1,2.5431315104171293e-05,0.0,7.019042968751943e-05,unresolved,raw accuracy; first minus second arm,3,0,189,3,0,21
RESIDENT40|RECUR|ACTIVE_C1-NOVEL_C1|E2,0.00022684733072916852,-3.0517578124972244e-06,0.000682576497395837,unresolved,raw accuracy; first minus second arm,1,1,190,1,1,22
RESIDENT40|RECUR|ACTIVE_C1-NOVEL_C1|E3,0.000457763671875,0.0,0.001373291015625,unresolved,raw accuracy; first minus second arm,1,0,191,1,0,23
RESIDENT40|RECUR|ACTIVE_C1-NOVEL_C1|E4,0.0005839029947916676,-3.0517578124972244e-06,0.0017537434895833343,unresolved,raw accuracy; first minus second arm,1,1,190,1,1,22
RESIDENT40|RECUR|ACTIVE_C1-NOVEL_C1|E5,0.0007293701171875028,0.0,0.0021881103515625083,unresolved,raw accuracy; first minus second arm,1,0,191,1,0,23
RESIDENT40|RECUR|ACTIVE_C1-NOVEL_C1|E6,0.0008870442708333315,-6.103515624994449e-06,0.0026652018229166574,unresolved,raw accuracy; first minus second arm,1,1,190,1,1,22
RESIDENT40|RECUR|ACTIVE_C1-NOVEL_C1|E7,0.0010050455729166685,-3.0517578124972244e-06,0.003017171223958337,unresolved,raw accuracy; first minus second arm,1,1,190,1,1,22
RESIDENT40|RECUR|ACTIVE_C1-NOVEL_C1|E8,0.001089477539062499,-9.155273437505551e-06,0.0032745361328125008,unresolved,raw accuracy; first minus second arm,1,1,190,1,1,22
RESIDENT40|RECUR|ACTIVE_C1-NOVEL_C1|F,0.00439453125,0.0,0.013167317708333334,unresolved,carrier frequency; first minus second arm,3,0,189,3,0,21
RESIDENT40|RECUR|ACTIVE_C1-NOVEL_C1|F0,0.0,0.0,0.0,structural_zero,design-implied zero,0,0,192,0,0,24
RESIDENT40|RECUR|ACTIVE_C1-NOVEL_C1|F1,0.00016276041666666666,0.0,0.00048828125,unresolved,carrier frequency; first minus second arm,1,0,191,1,0,23
RESIDENT40|RECUR|ACTIVE_C1-NOVEL_C1|F40,0.005208333333333333,0.0,0.015625,unresolved,carrier frequency; first minus second arm,1,0,191,1,0,23
RESIDENT40|RECUR|ACTIVE_C1-NOVEL_C1|FE1,0.0006184895833333334,0.0,0.0017252604166666666,unresolved,carrier frequency; first minus second arm,3,0,189,3,0,21
RESIDENT40|RECUR|ACTIVE_C1-NOVEL_C1|FE2,0.0032877604166666667,0.0,0.00986328125,unresolved,carrier frequency; first minus second arm,1,0,191,1,0,23
RESIDENT40|RECUR|ACTIVE_C1-NOVEL_C1|FE3,0.005208333333333333,0.0,0.015625,unresolved,carrier frequency; first minus second arm,1,0,191,1,0,23
RESIDENT40|RECUR|ACTIVE_C1-NOVEL_C1|FE4,0.005208333333333333,0.0,0.015625,unresolved,carrier frequency; first minus second arm,1,0,191,1,0,23
RESIDENT40|RECUR|ACTIVE_C1-NOVEL_C1|FE5,0.005208333333333333,0.0,0.015625,unresolved,carrier frequency; first minus second arm,1,0,191,1,0,23
RESIDENT40|RECUR|ACTIVE_C1-NOVEL_C1|FE6,0.005208333333333333,0.0,0.015625,unresolved,carrier frequency; first minus second arm,1,0,191,1,0,23
RESIDENT40|RECUR|ACTIVE_C1-NOVEL_C1|FE7,0.005208333333333333,0.0,0.015625,unresolved,carrier frequency; first minus second arm,1,0,191,1,0,23
RESIDENT40|RECUR|ACTIVE_C1-NOVEL_C1|FE8,0.005208333333333333,0.0,0.015625,unresolved,carrier frequency; first minus second arm,1,0,191,1,0,23
RESIDENT40|RECUR|ACTIVE_C1-NOVEL_C1|MLOSS,-0.0006256103515624988,-0.0018782329559326153,2.034505208336109e-06,unresolved,raw mismatch; first minus second arm,1,2,189,1,2,21
RESIDENT40|RECUR|ACTIVE_C1-NOVEL_C1|U,0.0006256103515625047,-2.0345052083222312e-06,0.0018782329559326246,unresolved,raw accuracy; first minus second arm,2,1,189,2,1,21
RESIDENT40|RECUR|ACTIVE_C1-NOVEL_C1|U0,0.0,0.0,0.0,structural_zero,design-implied zero,0,0,192,0,0,24
RESIDENT40|RECUR|ACTIVE_C1-NOVEL_C1|U1,5.086263020833333e-06,0.0,1.52587890625e-05,unresolved,raw accuracy; first minus second arm,1,0,191,1,0,23
RESIDENT40|RECUR|ACTIVE_C1-NOVEL_C1|U40,0.0011342366536458333,0.0,0.0034027099609375,unresolved,raw accuracy; first minus second arm,1,0,191,1,0,23
RESIDENT40|RECUR|ACTIVE_C1-SHAM_C1|D40,0.005208333333333333,0.0,0.015625,unresolved,carrier frequency change; first minus second arm,1,0,191,1,0,23
RESIDENT40|RECUR|ACTIVE_C1-SHAM_C1|E1,2.339680989583981e-05,0.0,6.815592447917869e-05,unresolved,raw accuracy; first minus second arm,2,0,190,2,0,22
RESIDENT40|RECUR|ACTIVE_C1-SHAM_C1|E2,0.00022786458333333426,0.0,0.0006835937500000028,unresolved,raw accuracy; first minus second arm,1,0,191,1,0,23
RESIDENT40|RECUR|ACTIVE_C1-SHAM_C1|E3,0.000457763671875,0.0,0.001373291015625,unresolved,raw accuracy; first minus second arm,1,0,191,1,0,23
RESIDENT40|RECUR|ACTIVE_C1-SHAM_C1|E4,0.0005849202473958334,0.0,0.0017547607421875,unresolved,raw accuracy; first minus second arm,1,0,191,1,0,23
RESIDENT40|RECUR|ACTIVE_C1-SHAM_C1|E5,0.0007293701171875028,0.0,0.0021881103515625083,unresolved,raw accuracy; first minus second arm,1,0,191,1,0,23
RESIDENT40|RECUR|ACTIVE_C1-SHAM_C1|E6,0.000889078776041663,0.0,0.002667236328124989,unresolved,raw accuracy; first minus second arm,1,0,191,1,0,23
RESIDENT40|RECUR|ACTIVE_C1-SHAM_C1|E7,0.0010060628255208343,0.0,0.0030181884765625028,unresolved,raw accuracy; first minus second arm,1,0,191,1,0,23
RESIDENT40|RECUR|ACTIVE_C1-SHAM_C1|E8,0.001092529296875001,0.0,0.0032775878906250028,unresolved,raw accuracy; first minus second arm,1,0,191,1,0,23
RESIDENT40|RECUR|ACTIVE_C1-SHAM_C1|F,0.0043904622395833336,0.0,0.013163248697916666,unresolved,carrier frequency; first minus second arm,2,0,190,2,0,22
RESIDENT40|RECUR|ACTIVE_C1-SHAM_C1|F0,0.0,0.0,0.0,structural_zero,design-implied zero,0,0,192,0,0,24
RESIDENT40|RECUR|ACTIVE_C1-SHAM_C1|F1,0.0,0.0,0.0,structural_zero,design-implied zero,0,0,192,0,0,24
RESIDENT40|RECUR|ACTIVE_C1-SHAM_C1|F40,0.005208333333333333,0.0,0.015625,unresolved,carrier frequency; first minus second arm,1,0,191,1,0,23
RESIDENT40|RECUR|ACTIVE_C1-SHAM_C1|FE1,0.0005859375,0.0,0.0016927083333333334,unresolved,carrier frequency; first minus second arm,2,0,190,2,0,22
RESIDENT40|RECUR|ACTIVE_C1-SHAM_C1|FE2,0.0032877604166666667,0.0,0.00986328125,unresolved,carrier frequency; first minus second arm,1,0,191,1,0,23
RESIDENT40|RECUR|ACTIVE_C1-SHAM_C1|FE3,0.005208333333333333,0.0,0.015625,unresolved,carrier frequency; first minus second arm,1,0,191,1,0,23
RESIDENT40|RECUR|ACTIVE_C1-SHAM_C1|FE4,0.005208333333333333,0.0,0.015625,unresolved,carrier frequency; first minus second arm,1,0,191,1,0,23
RESIDENT40|RECUR|ACTIVE_C1-SHAM_C1|FE5,0.005208333333333333,0.0,0.015625,unresolved,carrier frequency; first minus second arm,1,0,191,1,0,23
RESIDENT40|RECUR|ACTIVE_C1-SHAM_C1|FE6,0.005208333333333333,0.0,0.015625,unresolved,carrier frequency; first minus second arm,1,0,191,1,0,23
RESIDENT40|RECUR|ACTIVE_C1-SHAM_C1|FE7,0.005208333333333333,0.0,0.015625,unresolved,carrier frequency; first minus second arm,1,0,191,1,0,23
RESIDENT40|RECUR|ACTIVE_C1-SHAM_C1|FE8,0.005208333333333333,0.0,0.015625,unresolved,carrier frequency; first minus second arm,1,0,191,1,0,23
RESIDENT40|RECUR|ACTIVE_C1-SHAM_C1|MLOSS,-0.0006263732910156243,-0.0018788655598958326,0.0,unresolved,raw mismatch; first minus second arm,0,2,190,0,2,22
RESIDENT40|RECUR|ACTIVE_C1-SHAM_C1|U,0.0006263732910156278,0.0,0.001878865559895836,unresolved,raw accuracy; first minus second arm,2,0,190,2,0,22
RESIDENT40|RECUR|ACTIVE_C1-SHAM_C1|U0,0.0,0.0,0.0,structural_zero,design-implied zero,0,0,192,0,0,24
RESIDENT40|RECUR|ACTIVE_C1-SHAM_C1|U1,0.0,0.0,0.0,structural_zero,design-implied zero,0,0,192,0,0,24
RESIDENT40|RECUR|ACTIVE_C1-SHAM_C1|U40,0.0011342366536458333,0.0,0.0034027099609375,unresolved,raw accuracy; first minus second arm,1,0,191,1,0,23
RESIDENT40|RECUR|ACTIVE_C1|D40,-0.026041666666666668,-0.03125,-0.015625,negative,carrier frequency change; absolute,1,191,0,1,23,0
RESIDENT40|RECUR|ACTIVE_C1|E1,0.7300974527994791,0.7113537089029948,0.7511081441243489,positive,raw accuracy; absolute,192,0,0,24,0,0
RESIDENT40|RECUR|ACTIVE_C1|E2,0.7288391113281251,0.7099518330891926,0.7500507100423178,positive,raw accuracy; absolute,192,0,0,24,0,0
RESIDENT40|RECUR|ACTIVE_C1|E3,0.7305419921874999,0.7120859781901041,0.7511726379394533,positive,raw accuracy; absolute,192,0,0,24,0,0
RESIDENT40|RECUR|ACTIVE_C1|E4,0.7292999267578125,0.7106412760416666,0.7505495198567709,positive,raw accuracy; absolute,192,0,0,24,0,0
RESIDENT40|RECUR|ACTIVE_C1|E5,0.7308685302734373,0.7126804097493489,0.751452611287435,positive,raw accuracy; absolute,192,0,0,24,0,0
RESIDENT40|RECUR|ACTIVE_C1|E6,0.7294057210286459,0.7108866119384765,0.7506935628255209,positive,raw accuracy; absolute,192,0,0,24,0,0
RESIDENT40|RECUR|ACTIVE_C1|E7,0.7311381022135417,0.7129078165690105,0.751616490681966,positive,raw accuracy; absolute,192,0,0,24,0,0
RESIDENT40|RECUR|ACTIVE_C1|E8,0.7296254475911459,0.7113123575846354,0.7508167266845703,positive,raw accuracy; absolute,192,0,0,24,0,0
RESIDENT40|RECUR|ACTIVE_C1|F,0.004423014322916667,1.2207031250000002e-05,0.013203938802083334,positive,carrier frequency; absolute,8,0,184,6,0,18
RESIDENT40|RECUR|ACTIVE_C1|F0,0.03125,0.03125,0.03125,positive,carrier frequency; absolute,192,0,0,24,0,0
RESIDENT40|RECUR|ACTIVE_C1|F1,0.0013020833333333333,0.0003255208333333333,0.00244140625,positive,carrier frequency; absolute,8,0,184,6,0,18
RESIDENT40|RECUR|ACTIVE_C1|F40,0.005208333333333333,0.0,0.015625,unresolved,carrier frequency; absolute,1,0,191,1,0,23
RESIDENT40|RECUR|ACTIVE_C1|FE1,0.0008463541666666667,9.765625000000002e-05,0.002018229166666667,positive,carrier frequency; absolute,8,0,184,6,0,18
RESIDENT40|RECUR|ACTIVE_C1|FE2,0.0032877604166666667,0.0,0.00986328125,unresolved,carrier frequency; absolute,1,0,191,1,0,23
RESIDENT40|RECUR|ACTIVE_C1|FE3,0.005208333333333333,0.0,0.015625,unresolved,carrier frequency; absolute,1,0,191,1,0,23
RESIDENT40|RECUR|ACTIVE_C1|FE4,0.005208333333333333,0.0,0.015625,unresolved,carrier frequency; absolute,1,0,191,1,0,23
RESIDENT40|RECUR|ACTIVE_C1|FE5,0.005208333333333333,0.0,0.015625,unresolved,carrier frequency; absolute,1,0,191,1,0,23
RESIDENT40|RECUR|ACTIVE_C1|FE6,0.005208333333333333,0.0,0.015625,unresolved,carrier frequency; absolute,1,0,191,1,0,23
RESIDENT40|RECUR|ACTIVE_C1|FE7,0.005208333333333333,0.0,0.015625,unresolved,carrier frequency; absolute,1,0,191,1,0,23
RESIDENT40|RECUR|ACTIVE_C1|FE8,0.005208333333333333,0.0,0.015625,unresolved,carrier frequency; absolute,1,0,191,1,0,23
RESIDENT40|RECUR|ACTIVE_C1|MLOSS,0.2700229644775391,0.24920524915059403,0.28833990732828774,positive,raw mismatch; absolute,192,0,0,24,0,0
RESIDENT40|RECUR|ACTIVE_C1|U,0.729977035522461,0.7116600926717123,0.750794750849406,positive,raw accuracy; absolute,192,0,0,24,0,0
RESIDENT40|RECUR|ACTIVE_C1|U0,0.7163035074869791,0.6938170115152995,0.7402376810709635,positive,raw accuracy; absolute,192,0,0,24,0,0
RESIDENT40|RECUR|ACTIVE_C1|U1,0.7330780029296875,0.7139205932617188,0.7535603841145834,positive,raw accuracy; absolute,192,0,0,24,0,0
RESIDENT40|RECUR|ACTIVE_C1|U40,0.7263946533203125,0.7071123758951823,0.748822275797526,positive,raw accuracy; absolute,192,0,0,24,0,0
RESIDENT40|RECUR|NOVEL_C0-SHAM_C0|D40,-0.0283203125,-0.04834798177083333,-0.0126953125,negative,carrier frequency change; first minus second arm,0,15,177,0,13,11
RESIDENT40|RECUR|NOVEL_C0-SHAM_C0|E1,1.5258789062495374e-05,-4.17073567708146e-05,7.629394531248208e-05,unresolved,raw accuracy; first minus second arm,26,30,136,10,10,4
RESIDENT40|RECUR|NOVEL_C0-SHAM_C0|E2,4.374186197916852e-05,-1.729329427084559e-05,0.00010782877604166586,unresolved,raw accuracy; first minus second arm,38,32,122,16,8,0
RESIDENT40|RECUR|NOVEL_C0-SHAM_C0|E3,1.0172526041648164e-05,-8.341471354167869e-05,0.00010276794433592196,unresolved,raw accuracy; first minus second arm,38,34,120,10,13,1
RESIDENT40|RECUR|NOVEL_C0-SHAM_C0|E4,2.9500325520806503e-05,-6.103515625001434e-05,0.00012512207031246519,unresolved,raw accuracy; first minus second arm,41,31,120,13,9,2
RESIDENT40|RECUR|NOVEL_C0-SHAM_C0|E5,-4.679361979167037e-05,-0.0001505788167317633,4.885355631512378e-05,unresolved,raw accuracy; first minus second arm,32,42,118,10,12,2
RESIDENT40|RECUR|NOVEL_C0-SHAM_C0|E6,2.6448567708323156e-05,-7.631937662763086e-05,0.00012105305989581588,unresolved,raw accuracy; first minus second arm,42,29,121,14,9,1
RESIDENT40|RECUR|NOVEL_C0-SHAM_C0|E7,-1.627604166666574e-05,-0.00010175069173178434,5.9000651041678e-05,unresolved,raw accuracy; first minus second arm,32,41,119,13,11,0
RESIDENT40|RECUR|NOVEL_C0-SHAM_C0|E8,-1.627604166665649e-05,-0.00012514750162760554,9.157816569013557e-05,unresolved,raw accuracy; first minus second arm,36,40,116,9,14,1
RESIDENT40|RECUR|NOVEL_C0-SHAM_C0|F,-0.0294677734375,-0.042548217773437515,-0.018842671712239585,negative,carrier frequency; first minus second arm,6,94,92,0,24,0
RESIDENT40|RECUR|NOVEL_C0-SHAM_C0|F0,0.0,0.0,0.0,structural_zero,design-implied zero,0,0,192,0,0,24
RESIDENT40|RECUR|NOVEL_C0-SHAM_C0|F1,-0.008951822916666666,-0.01123046875,-0.006673177083333333,negative,carrier frequency; first minus second arm,4,59,129,0,22,2
RESIDENT40|RECUR|NOVEL_C0-SHAM_C0|F40,-0.0283203125,-0.04834798177083333,-0.0126953125,negative,carrier frequency; first minus second arm,0,15,177,0,13,11
RESIDENT40|RECUR|NOVEL_C0-SHAM_C0|FE1,-0.019856770833333332,-0.02321126302083333,-0.016893717447916668,negative,carrier frequency; first minus second arm,6,94,92,0,24,0
RESIDENT40|RECUR|NOVEL_C0-SHAM_C0|FE2,-0.02978515625,-0.039096679687500004,-0.02148356119791667,negative,carrier frequency; first minus second arm,0,53,139,0,24,0
RESIDENT40|RECUR|NOVEL_C0-SHAM_C0|FE3,-0.03362630208333334,-0.045996907552083334,-0.022623697916666668,negative,carrier frequency; first minus second arm,0,34,158,0,22,2
RESIDENT40|RECUR|NOVEL_C0-SHAM_C0|FE4,-0.03528645833333333,-0.05029947916666667,-0.022591145833333336,negative,carrier frequency; first minus second arm,0,28,164,0,19,5
RESIDENT40|RECUR|NOVEL_C0-SHAM_C0|FE5,-0.03046875,-0.047398274739583336,-0.016828613281250005,negative,carrier frequency; first minus second arm,0,23,169,0,18,6
RESIDENT40|RECUR|NOVEL_C0-SHAM_C0|FE6,-0.03030598958333333,-0.04804768880208333,-0.01575358072916667,negative,carrier frequency; first minus second arm,0,18,174,0,15,9
RESIDENT40|RECUR|NOVEL_C0-SHAM_C0|FE7,-0.029427083333333336,-0.04671468098958333,-0.0150390625,negative,carrier frequency; first minus second arm,0,16,176,0,14,10
RESIDENT40|RECUR|NOVEL_C0-SHAM_C0|FE8,-0.026985677083333336,-0.046191406250000004,-0.012532552083333334,negative,carrier frequency; first minus second arm,0,15,177,0,13,11
RESIDENT40|RECUR|NOVEL_C0-SHAM_C0|MLOSS,-5.722045898427092e-06,-4.272778828938592e-05,3.039360046387606e-05,unresolved,raw mismatch; first minus second arm,40,42,110,11,13,0
RESIDENT40|RECUR|NOVEL_C0-SHAM_C0|U,5.7220458984652556e-06,-3.0393600463841466e-05,4.2727788289413975e-05,unresolved,raw accuracy; first minus second arm,42,40,110,13,11,0
RESIDENT40|RECUR|NOVEL_C0-SHAM_C0|U0,0.0,0.0,0.0,structural_zero,design-implied zero,0,0,192,0,0,24
RESIDENT40|RECUR|NOVEL_C0-SHAM_C0|U1,0.0,0.0,0.0,observed_exact_zero,sampled equality; not a design guarantee,0,0,192,0,0,24
RESIDENT40|RECUR|NOVEL_C0-SHAM_C0|U40,-0.00023905436197916666,-0.0006205240885416666,6.612141927083333e-05,unresolved,raw accuracy; first minus second arm,28,33,131,10,12,2
RESIDENT40|RECUR|NOVEL_C0|D40,-0.03125,-0.03125,-0.03125,negative,carrier frequency change; absolute,0,192,0,0,24,0
RESIDENT40|RECUR|NOVEL_C0|E1,0.7300567626953125,0.7112933603922527,0.7511471303304036,positive,raw accuracy; absolute,192,0,0,24,0,0
RESIDENT40|RECUR|NOVEL_C0|E2,0.7286305745442707,0.7095937093098957,0.7499906921386719,positive,raw accuracy; absolute,192,0,0,24,0,0
RESIDENT40|RECUR|NOVEL_C0|E3,0.7300771077473959,0.7113045247395834,0.7511556243896483,positive,raw accuracy; absolute,192,0,0,24,0,0
RESIDENT40|RECUR|NOVEL_C0|E4,0.7287556966145834,0.7097580973307293,0.7501182810465494,positive,raw accuracy; absolute,192,0,0,24,0,0
RESIDENT40|RECUR|NOVEL_C0|E5,0.73018798828125,0.7114186096191405,0.751196568806966,positive,raw accuracy; absolute,192,0,0,24,0,0
RESIDENT40|RECUR|NOVEL_C0|E6,0.7285502115885417,0.7094692230224608,0.7500153605143229,positive,raw accuracy; absolute,192,0,0,24,0,0
RESIDENT40|RECUR|NOVEL_C0|E7,0.7301208496093748,0.7113400522867838,0.7512074534098309,positive,raw accuracy; absolute,192,0,0,24,0,0
RESIDENT40|RECUR|NOVEL_C0|E8,0.7285502115885416,0.709665018717448,0.7498731994628905,positive,raw accuracy; absolute,192,0,0,24,0,0
RESIDENT40|RECUR|NOVEL_C0|F,0.0012654622395833334,0.00103759765625,0.0015380859375,positive,carrier frequency; absolute,105,0,87,24,0,0
RESIDENT40|RECUR|NOVEL_C0|F0,0.03125,0.03125,0.03125,positive,carrier frequency; absolute,192,0,0,24,0,0
RESIDENT40|RECUR|NOVEL_C0|F1,0.019856770833333332,0.017578125,0.0224609375,positive,carrier frequency; absolute,105,0,87,24,0,0
RESIDENT40|RECUR|NOVEL_C0|F40,0.0,0.0,0.0,observed_exact_zero,sampled equality; not a design guarantee,0,0,192,0,0,24
RESIDENT40|RECUR|NOVEL_C0|FE1,0.009342447916666666,0.0077791341145833325,0.011263020833333331,positive,carrier frequency; absolute,105,0,87,24,0,0
RESIDENT40|RECUR|NOVEL_C0|FE2,0.0007812499999999999,0.0002278645833333333,0.00146484375,positive,carrier frequency; absolute,7,0,185,6,0,18
RESIDENT40|RECUR|NOVEL_C0|FE3,0.0,0.0,0.0,observed_exact_zero,sampled equality; not a design guarantee,0,0,192,0,0,24
RESIDENT40|RECUR|NOVEL_C0|FE4,0.0,0.0,0.0,observed_exact_zero,sampled equality; not a design guarantee,0,0,192,0,0,24
RESIDENT40|RECUR|NOVEL_C0|FE5,0.0,0.0,0.0,observed_exact_zero,sampled equality; not a design guarantee,0,0,192,0,0,24
RESIDENT40|RECUR|NOVEL_C0|FE6,0.0,0.0,0.0,observed_exact_zero,sampled equality; not a design guarantee,0,0,192,0,0,24
RESIDENT40|RECUR|NOVEL_C0|FE7,0.0,0.0,0.0,observed_exact_zero,sampled equality; not a design guarantee,0,0,192,0,0,24
RESIDENT40|RECUR|NOVEL_C0|FE8,0.0,0.0,0.0,observed_exact_zero,sampled equality; not a design guarantee,0,0,192,0,0,24
RESIDENT40|RECUR|NOVEL_C0|MLOSS,0.27063382466634117,0.24971969604492186,0.289482364654541,positive,raw mismatch; absolute,192,0,0,24,0,0
RESIDENT40|RECUR|NOVEL_C0|U,0.7293661753336588,0.7105176353454591,0.750280303955078,positive,raw accuracy; absolute,192,0,0,24,0,0
RESIDENT40|RECUR|NOVEL_C0|U0,0.7163035074869791,0.6938170115152995,0.7402376810709635,positive,raw accuracy; absolute,192,0,0,24,0,0
RESIDENT40|RECUR|NOVEL_C0|U1,0.7331339518229166,0.7140061696370443,0.7535858154296875,positive,raw accuracy; absolute,192,0,0,24,0,0
RESIDENT40|RECUR|NOVEL_C0|U40,0.72509765625,0.7055688222249349,0.7477901458740234,positive,raw accuracy; absolute,192,0,0,24,0,0
RESIDENT40|RECUR|NOVEL_C1-NOVEL_C0|D40,0.0,0.0,0.0,observed_exact_zero,sampled equality; not a design guarantee,0,0,192,0,0,24
RESIDENT40|RECUR|NOVEL_C1-NOVEL_C0|E1,1.5258789062518503e-05,-5.493164062498716e-05,8.750915527345954e-05,unresolved,raw accuracy; first minus second arm,33,36,123,13,11,0
RESIDENT40|RECUR|NOVEL_C1-NOVEL_C0|E2,-1.8310546874997224e-05,-9.969075520834027e-05,6.103515625004176e-05,unresolved,raw accuracy; first minus second arm,41,38,113,8,15,1
RESIDENT40|RECUR|NOVEL_C1-NOVEL_C0|E3,7.120768229178694e-06,-6.411234537757315e-05,7.83284505208176e-05,unresolved,raw accuracy; first minus second arm,38,37,117,9,13,2
RESIDENT40|RECUR|NOVEL_C1-NOVEL_C0|E4,-3.96728515624963e-05,-0.0001251475016276098,3.865559895832605e-05,unresolved,raw accuracy; first minus second arm,41,41,110,11,12,1
RESIDENT40|RECUR|NOVEL_C1-NOVEL_C0|E5,-4.88281250000111e-05,-0.00019330342610678422,7.934570312498843e-05,unresolved,raw accuracy; first minus second arm,43,45,104,12,12,0
RESIDENT40|RECUR|NOVEL_C1-NOVEL_C0|E6,-3.153483072917037e-05,-0.00011090596516927138,5.292256673179554e-05,unresolved,raw accuracy; first minus second arm,37,42,113,8,16,0
RESIDENT40|RECUR|NOVEL_C1-NOVEL_C0|E7,1.2207031250012027e-05,-5.187988281247144e-05,7.937113444012424e-05,unresolved,raw accuracy; first minus second arm,37,41,114,10,13,1
RESIDENT40|RECUR|NOVEL_C1-NOVEL_C0|E8,-1.424153645834351e-05,-0.00011393229166669326,7.934570312501133e-05,unresolved,raw accuracy; first minus second arm,39,38,115,13,11,0
RESIDENT40|RECUR|NOVEL_C1-NOVEL_C0|F,-0.0012369791666666666,-0.0015178426106770835,-0.0009928385416666666,negative,carrier frequency; first minus second arm,0,101,91,0,24,0
RESIDENT40|RECUR|NOVEL_C1-NOVEL_C0|F0,0.0,0.0,0.0,structural_zero,design-implied zero,0,0,192,0,0,24
RESIDENT40|RECUR|NOVEL_C1-NOVEL_C0|F1,-0.018717447916666668,-0.021647135416666668,-0.015946451822916687,negative,carrier frequency; first minus second arm,0,99,93,0,24,0
RESIDENT40|RECUR|NOVEL_C1-NOVEL_C0|F40,0.0,0.0,0.0,observed_exact_zero,sampled equality; not a design guarantee,0,0,192,0,0,24
RESIDENT40|RECUR|NOVEL_C1-NOVEL_C0|FE1,-0.009114583333333334,-0.011068522135416667,-0.007486979166666667,negative,carrier frequency; first minus second arm,0,101,91,0,24,0
RESIDENT40|RECUR|NOVEL_C1-NOVEL_C0|FE2,-0.0007812499999999999,-0.00146484375,-0.0002278645833333333,negative,carrier frequency; first minus second arm,0,7,185,0,6,18
RESIDENT40|RECUR|NOVEL_C1-NOVEL_C0|FE3,0.0,0.0,0.0,observed_exact_zero,sampled equality; not a design guarantee,0,0,192,0,0,24
RESIDENT40|RECUR|NOVEL_C1-NOVEL_C0|FE4,0.0,0.0,0.0,observed_exact_zero,sampled equality; not a design guarantee,0,0,192,0,0,24
RESIDENT40|RECUR|NOVEL_C1-NOVEL_C0|FE5,0.0,0.0,0.0,observed_exact_zero,sampled equality; not a design guarantee,0,0,192,0,0,24
RESIDENT40|RECUR|NOVEL_C1-NOVEL_C0|FE6,0.0,0.0,0.0,observed_exact_zero,sampled equality; not a design guarantee,0,0,192,0,0,24
RESIDENT40|RECUR|NOVEL_C1-NOVEL_C0|FE7,0.0,0.0,0.0,observed_exact_zero,sampled equality; not a design guarantee,0,0,192,0,0,24
RESIDENT40|RECUR|NOVEL_C1-NOVEL_C0|FE8,0.0,0.0,0.0,observed_exact_zero,sampled equality; not a design guarantee,0,0,192,0,0,24
RESIDENT40|RECUR|NOVEL_C1-NOVEL_C0|MLOSS,1.4750162760409033e-05,-1.3478597005216949e-05,4.641215006509174e-05,unresolved,raw mismatch; first minus second arm,52,39,101,12,12,0
RESIDENT40|RECUR|NOVEL_C1-NOVEL_C0|U,-1.4750162760447197e-05,-4.641215006513666e-05,1.3478597005178843e-05,unresolved,raw accuracy; first minus second arm,39,52,101,12,12,0
RESIDENT40|RECUR|NOVEL_C1-NOVEL_C0|U0,0.0,0.0,0.0,structural_zero,design-implied zero,0,0,192,0,0,24
RESIDENT40|RECUR|NOVEL_C1-NOVEL_C0|U1,-6.103515625e-05,-0.00011189778645833333,-2.0345052083333332e-05,negative,raw accuracy; first minus second arm,0,11,181,0,8,16
RESIDENT40|RECUR|NOVEL_C1-NOVEL_C0|U40,0.00016276041666666666,-7.13348388671875e-05,0.0004425048828125,unresolved,raw accuracy; first minus second arm,40,30,122,12,9,3
RESIDENT40|RECUR|NOVEL_C1-SHAM_C1|D40,0.0,0.0,0.0,observed_exact_zero,sampled equality; not a design guarantee,0,0,192,0,0,24
RESIDENT40|RECUR|NOVEL_C1-SHAM_C1|E1,-2.034505208331483e-06,-6.103515624994449e-06,0.0,unresolved,raw accuracy; first minus second arm,0,1,191,0,1,23
RESIDENT40|RECUR|NOVEL_C1-SHAM_C1|E2,1.0172526041657415e-06,0.0,3.0517578124972244e-06,unresolved,raw accuracy; first minus second arm,1,0,191,1,0,23
RESIDENT40|RECUR|NOVEL_C1-SHAM_C1|E3,0.0,0.0,0.0,observed_exact_zero,sampled equality; not a design guarantee,0,0,192,0,0,24
RESIDENT40|RECUR|NOVEL_C1-SHAM_C1|E4,1.0172526041657415e-06,0.0,3.0517578124972244e-06,unresolved,raw accuracy; first minus second arm,1,0,191,1,0,23
RESIDENT40|RECUR|NOVEL_C1-SHAM_C1|E5,0.0,0.0,0.0,observed_exact_zero,sampled equality; not a design guarantee,0,0,192,0,0,24
RESIDENT40|RECUR|NOVEL_C1-SHAM_C1|E6,2.034505208331483e-06,0.0,6.103515624994449e-06,unresolved,raw accuracy; first minus second arm,1,0,191,1,0,23
RESIDENT40|RECUR|NOVEL_C1-SHAM_C1|E7,1.0172526041657415e-06,0.0,3.0517578124972244e-06,unresolved,raw accuracy; first minus second arm,1,0,191,1,0,23
RESIDENT40|RECUR|NOVEL_C1-SHAM_C1|E8,3.0517578125018505e-06,0.0,9.155273437505551e-06,unresolved,raw accuracy; first minus second arm,1,0,191,1,0,23
RESIDENT40|RECUR|NOVEL_C1-SHAM_C1|F,-4.069010416666667e-06,-1.2207031250000002e-05,0.0,unresolved,carrier frequency; first minus second arm,0,1,191,0,1,23
RESIDENT40|RECUR|NOVEL_C1-SHAM_C1|F0,0.0,0.0,0.0,structural_zero,design-implied zero,0,0,192,0,0,24
RESIDENT40|RECUR|NOVEL_C1-SHAM_C1|F1,-0.00016276041666666666,-0.00048828125,0.0,unresolved,carrier frequency; first minus second arm,0,1,191,0,1,23
RESIDENT40|RECUR|NOVEL_C1-SHAM_C1|F40,0.0,0.0,0.0,observed_exact_zero,sampled equality; not a design guarantee,0,0,192,0,0,24
RESIDENT40|RECUR|NOVEL_C1-SHAM_C1|FE1,-3.255208333333333e-05,-9.765625000000002e-05,0.0,unresolved,carrier frequency; first minus second arm,0,1,191,0,1,23
RESIDENT40|RECUR|NOVEL_C1-SHAM_C1|FE2,0.0,0.0,0.0,observed_exact_zero,sampled equality; not a design guarantee,0,0,192,0,0,24
RESIDENT40|RECUR|NOVEL_C1-SHAM_C1|FE3,0.0,0.0,0.0,observed_exact_zero,sampled equality; not a design guarantee,0,0,192,0,0,24
RESIDENT40|RECUR|NOVEL_C1-SHAM_C1|FE4,0.0,0.0,0.0,observed_exact_zero,sampled equality; not a design guarantee,0,0,192,0,0,24
RESIDENT40|RECUR|NOVEL_C1-SHAM_C1|FE5,0.0,0.0,0.0,observed_exact_zero,sampled equality; not a design guarantee,0,0,192,0,0,24
RESIDENT40|RECUR|NOVEL_C1-SHAM_C1|FE6,0.0,0.0,0.0,observed_exact_zero,sampled equality; not a design guarantee,0,0,192,0,0,24
RESIDENT40|RECUR|NOVEL_C1-SHAM_C1|FE7,0.0,0.0,0.0,observed_exact_zero,sampled equality; not a design guarantee,0,0,192,0,0,24
RESIDENT40|RECUR|NOVEL_C1-SHAM_C1|FE8,0.0,0.0,0.0,observed_exact_zero,sampled equality; not a design guarantee,0,0,192,0,0,24
RESIDENT40|RECUR|NOVEL_C1-SHAM_C1|MLOSS,-7.629394531254626e-07,-2.2888183593763878e-06,0.0,unresolved,raw mismatch; first minus second arm,0,1,191,0,1,23
RESIDENT40|RECUR|NOVEL_C1-SHAM_C1|U,7.629394531231496e-07,0.0,2.288818359369449e-06,unresolved,raw accuracy; first minus second arm,1,0,191,1,0,23
RESIDENT40|RECUR|NOVEL_C1-SHAM_C1|U0,0.0,0.0,0.0,structural_zero,design-implied zero,0,0,192,0,0,24
RESIDENT40|RECUR|NOVEL_C1-SHAM_C1|U1,-5.086263020833333e-06,-1.52587890625e-05,0.0,unresolved,raw accuracy; first minus second arm,0,1,191,0,1,23
RESIDENT40|RECUR|NOVEL_C1-SHAM_C1|U40,0.0,0.0,0.0,observed_exact_zero,sampled equality; not a design guarantee,0,0,192,0,0,24
RESIDENT40|RECUR|NOVEL_C1|D40,-0.03125,-0.03125,-0.03125,negative,carrier frequency change; absolute,0,192,0,0,24,0
RESIDENT40|RECUR|NOVEL_C1|E1,0.730072021484375,0.7113505554199219,0.7511070505777995,positive,raw accuracy; absolute,192,0,0,24,0,0
RESIDENT40|RECUR|NOVEL_C1|E2,0.7286122639973959,0.7096412913004558,0.7499773406982422,positive,raw accuracy; absolute,192,0,0,24,0,0
RESIDENT40|RECUR|NOVEL_C1|E3,0.7300842285156249,0.7113005065917968,0.7511361694335936,positive,raw accuracy; absolute,192,0,0,24,0,0
RESIDENT40|RECUR|NOVEL_C1|E4,0.7287160237630209,0.7097300211588542,0.7500552622477215,positive,raw accuracy; absolute,192,0,0,24,0,0
RESIDENT40|RECUR|NOVEL_C1|E5,0.73013916015625,0.7113222249348958,0.7512112935384115,positive,raw accuracy; absolute,192,0,0,24,0,0
RESIDENT40|RECUR|NOVEL_C1|E6,0.7285186767578123,0.709468053181966,0.7499577077229819,positive,raw accuracy; absolute,192,0,0,24,0,0
RESIDENT40|RECUR|NOVEL_C1|E7,0.730133056640625,0.7113557434082033,0.7511917114257811,positive,raw accuracy; absolute,192,0,0,24,0,0
RESIDENT40|RECUR|NOVEL_C1|E8,0.7285359700520834,0.7095550028483073,0.7499291483561197,positive,raw accuracy; absolute,192,0,0,24,0,0
RESIDENT40|RECUR|NOVEL_C1|F,2.848307291666667e-05,8.138020833333333e-06,5.696614583333334e-05,positive,carrier frequency; absolute,7,0,185,5,0,19
RESIDENT40|RECUR|NOVEL_C1|F0,0.03125,0.03125,0.03125,positive,carrier frequency; absolute,192,0,0,24,0,0
RESIDENT40|RECUR|NOVEL_C1|F1,0.0011393229166666667,0.0003255208333333333,0.0022786458333333335,positive,carrier frequency; absolute,7,0,185,5,0,19
RESIDENT40|RECUR|NOVEL_C1|F40,0.0,0.0,0.0,observed_exact_zero,sampled equality; not a design guarantee,0,0,192,0,0,24
RESIDENT40|RECUR|NOVEL_C1|FE1,0.00022786458333333336,6.510416666666667e-05,0.00045572916666666673,positive,carrier frequency; absolute,7,0,185,5,0,19
RESIDENT40|RECUR|NOVEL_C1|FE2,0.0,0.0,0.0,observed_exact_zero,sampled equality; not a design guarantee,0,0,192,0,0,24
RESIDENT40|RECUR|NOVEL_C1|FE3,0.0,0.0,0.0,observed_exact_zero,sampled equality; not a design guarantee,0,0,192,0,0,24
RESIDENT40|RECUR|NOVEL_C1|FE4,0.0,0.0,0.0,observed_exact_zero,sampled equality; not a design guarantee,0,0,192,0,0,24
RESIDENT40|RECUR|NOVEL_C1|FE5,0.0,0.0,0.0,observed_exact_zero,sampled equality; not a design guarantee,0,0,192,0,0,24
RESIDENT40|RECUR|NOVEL_C1|FE6,0.0,0.0,0.0,observed_exact_zero,sampled equality; not a design guarantee,0,0,192,0,0,24
RESIDENT40|RECUR|NOVEL_C1|FE7,0.0,0.0,0.0,observed_exact_zero,sampled equality; not a design guarantee,0,0,192,0,0,24
RESIDENT40|RECUR|NOVEL_C1|FE8,0.0,0.0,0.0,observed_exact_zero,sampled equality; not a design guarantee,0,0,192,0,0,24
RESIDENT40|RECUR|NOVEL_C1|MLOSS,0.2706485748291016,0.2497309335072836,0.2894961897532145,positive,raw mismatch; absolute,192,0,0,24,0,0
RESIDENT40|RECUR|NOVEL_C1|U,0.7293514251708985,0.7105038102467854,0.7502690664927163,positive,raw accuracy; absolute,192,0,0,24,0,0
RESIDENT40|RECUR|NOVEL_C1|U0,0.7163035074869791,0.6938170115152995,0.7402376810709635,positive,raw accuracy; absolute,192,0,0,24,0,0
RESIDENT40|RECUR|NOVEL_C1|U1,0.7330729166666666,0.7139156341552735,0.753555425008138,positive,raw accuracy; absolute,192,0,0,24,0,0
RESIDENT40|RECUR|NOVEL_C1|U40,0.7252604166666666,0.7057843526204427,0.7478800455729167,positive,raw accuracy; absolute,192,0,0,24,0,0
RESIDENT40|RECUR|SHAM_C0|D40,-0.0029296875,-0.0185546875,0.017097981770833288,unresolved,carrier frequency change; absolute,14,177,1,6,17,1
RESIDENT40|RECUR|SHAM_C0|E1,0.73004150390625,0.7113239288330078,0.751149876912435,positive,raw accuracy; absolute,192,0,0,24,0,0
RESIDENT40|RECUR|SHAM_C0|E2,0.7285868326822916,0.7095902252197266,0.7499462636311849,positive,raw accuracy; absolute,192,0,0,24,0,0
RESIDENT40|RECUR|SHAM_C0|E3,0.7300669352213541,0.7112744903564454,0.7511257934570313,positive,raw accuracy; absolute,192,0,0,24,0,0
RESIDENT40|RECUR|SHAM_C0|E4,0.7287261962890624,0.7097463989257813,0.750069580078125,positive,raw accuracy; absolute,192,0,0,24,0,0
RESIDENT40|RECUR|SHAM_C0|E5,0.7302347819010416,0.7114826202392579,0.7512534840901691,positive,raw accuracy; absolute,192,0,0,24,0,0
RESIDENT40|RECUR|SHAM_C0|E6,0.7285237630208332,0.7094954172770183,0.7499759928385417,positive,raw accuracy; absolute,192,0,0,24,0,0
RESIDENT40|RECUR|SHAM_C0|E7,0.7301371256510416,0.7113826497395833,0.7512016042073567,positive,raw accuracy; absolute,192,0,0,24,0,0
RESIDENT40|RECUR|SHAM_C0|E8,0.7285664876302084,0.7095726776123047,0.749921162923177,positive,raw accuracy; absolute,192,0,0,24,0,0
RESIDENT40|RECUR|SHAM_C0|F,0.03073323567708333,0.020158996582031248,0.04376932779947915,positive,carrier frequency; absolute,125,0,67,24,0,0
RESIDENT40|RECUR|SHAM_C0|F0,0.03125,0.03125,0.03125,positive,carrier frequency; absolute,192,0,0,24,0,0
RESIDENT40|RECUR|SHAM_C0|F1,0.02880859375,0.02554931640625,0.032389322916666664,positive,carrier frequency; absolute,125,0,67,24,0,0
RESIDENT40|RECUR|SHAM_C0|F40,0.0283203125,0.0126953125,0.04834798177083329,positive,carrier frequency; absolute,15,0,177,13,0,11
RESIDENT40|RECUR|SHAM_C0|FE1,0.029199218749999995,0.02587890625,0.032942708333333334,positive,carrier frequency; absolute,125,0,67,24,0,0
RESIDENT40|RECUR|SHAM_C0|FE2,0.03056640625,0.022232259114583333,0.040039876302083326,positive,carrier frequency; absolute,55,0,137,24,0,0
RESIDENT40|RECUR|SHAM_C0|FE3,0.03362630208333334,0.022623697916666668,0.04599690755208333,positive,carrier frequency; absolute,34,0,158,22,0,2
RESIDENT40|RECUR|SHAM_C0|FE4,0.03528645833333333,0.022591145833333336,0.05029947916666663,positive,carrier frequency; absolute,28,0,164,19,0,5
RESIDENT40|RECUR|SHAM_C0|FE5,0.03046875,0.01682861328125,0.04739827473958332,positive,carrier frequency; absolute,23,0,169,18,0,6
RESIDENT40|RECUR|SHAM_C0|FE6,0.03030598958333333,0.015753580729166664,0.04804768880208332,positive,carrier frequency; absolute,18,0,174,15,0,9
RESIDENT40|RECUR|SHAM_C0|FE7,0.029427083333333336,0.0150390625,0.04671468098958332,positive,carrier frequency; absolute,16,0,176,14,0,10
RESIDENT40|RECUR|SHAM_C0|FE8,0.026985677083333336,0.012532552083333334,0.046191406250000004,positive,carrier frequency; absolute,15,0,177,13,0,11
RESIDENT40|RECUR|SHAM_C0|MLOSS,0.2706395467122396,0.24973456700642904,0.2894812901814779,positive,raw mismatch; absolute,192,0,0,24,0,0
RESIDENT40|RECUR|SHAM_C0|U,0.7293604532877604,0.7105187098185222,0.7502654329935708,positive,raw accuracy; absolute,192,0,0,24,0,0
RESIDENT40|RECUR|SHAM_C0|U0,0.7163035074869791,0.6938170115152995,0.7402376810709635,positive,raw accuracy; absolute,192,0,0,24,0,0
RESIDENT40|RECUR|SHAM_C0|U1,0.7331339518229166,0.7140061696370443,0.7535858154296875,positive,raw accuracy; absolute,192,0,0,24,0,0
RESIDENT40|RECUR|SHAM_C0|U40,0.7253367106119791,0.7059220631917318,0.7478744506835937,positive,raw accuracy; absolute,192,0,0,24,0,0
RESIDENT40|RECUR|SHAM_C1|D40,-0.03125,-0.03125,-0.03125,negative,carrier frequency change; absolute,0,192,0,0,24,0
RESIDENT40|RECUR|SHAM_C1|E1,0.7300740559895834,0.7113525899251303,0.7511071523030599,positive,raw accuracy; absolute,192,0,0,24,0,0
RESIDENT40|RECUR|SHAM_C1|E2,0.7286112467447916,0.7096382904052734,0.749976298014323,positive,raw accuracy; absolute,192,0,0,24,0,0
RESIDENT40|RECUR|SHAM_C1|E3,0.7300842285156249,0.7113005065917968,0.7511361694335936,positive,raw accuracy; absolute,192,0,0,24,0,0
RESIDENT40|RECUR|SHAM_C1|E4,0.7287150065104168,0.7097260284423829,0.7500542195638021,positive,raw accuracy; absolute,192,0,0,24,0,0
RESIDENT40|RECUR|SHAM_C1|E5,0.73013916015625,0.7113222249348958,0.7512112935384115,positive,raw accuracy; absolute,192,0,0,24,0,0
RESIDENT40|RECUR|SHAM_C1|E6,0.7285166422526043,0.7094640350341797,0.7499557240804038,positive,raw accuracy; absolute,192,0,0,24,0,0
RESIDENT40|RECUR|SHAM_C1|E7,0.730132039388021,0.7113537343343099,0.751189727783203,positive,raw accuracy; absolute,192,0,0,24,0,0
RESIDENT40|RECUR|SHAM_C1|E8,0.7285329182942708,0.709549789428711,0.7499260203043618,positive,raw accuracy; absolute,192,0,0,24,0,0
RESIDENT40|RECUR|SHAM_C1|F,3.255208333333333e-05,8.138020833333333e-06,6.103515625e-05,positive,carrier frequency; absolute,8,0,184,6,0,18
RESIDENT40|RECUR|SHAM_C1|F0,0.03125,0.03125,0.03125,positive,carrier frequency; absolute,192,0,0,24,0,0
RESIDENT40|RECUR|SHAM_C1|F1,0.0013020833333333333,0.0003255208333333333,0.00244140625,positive,carrier frequency; absolute,8,0,184,6,0,18
RESIDENT40|RECUR|SHAM_C1|F40,0.0,0.0,0.0,observed_exact_zero,sampled equality; not a design guarantee,0,0,192,0,0,24
RESIDENT40|RECUR|SHAM_C1|FE1,0.00026041666666666666,6.510416666666667e-05,0.00048828125,positive,carrier frequency; absolute,8,0,184,6,0,18
RESIDENT40|RECUR|SHAM_C1|FE2,0.0,0.0,0.0,observed_exact_zero,sampled equality; not a design guarantee,0,0,192,0,0,24
RESIDENT40|RECUR|SHAM_C1|FE3,0.0,0.0,0.0,observed_exact_zero,sampled equality; not a design guarantee,0,0,192,0,0,24
RESIDENT40|RECUR|SHAM_C1|FE4,0.0,0.0,0.0,observed_exact_zero,sampled equality; not a design guarantee,0,0,192,0,0,24
RESIDENT40|RECUR|SHAM_C1|FE5,0.0,0.0,0.0,observed_exact_zero,sampled equality; not a design guarantee,0,0,192,0,0,24
RESIDENT40|RECUR|SHAM_C1|FE6,0.0,0.0,0.0,observed_exact_zero,sampled equality; not a design guarantee,0,0,192,0,0,24
RESIDENT40|RECUR|SHAM_C1|FE7,0.0,0.0,0.0,observed_exact_zero,sampled equality; not a design guarantee,0,0,192,0,0,24
RESIDENT40|RECUR|SHAM_C1|FE8,0.0,0.0,0.0,observed_exact_zero,sampled equality; not a design guarantee,0,0,192,0,0,24
RESIDENT40|RECUR|SHAM_C1|MLOSS,0.2706493377685547,0.24973097165425623,0.28949697176615397,positive,raw mismatch; absolute,192,0,0,24,0,0
RESIDENT40|RECUR|SHAM_C1|U,0.7293506622314454,0.7105030282338461,0.7502690283457437,positive,raw accuracy; absolute,192,0,0,24,0,0
RESIDENT40|RECUR|SHAM_C1|U0,0.7163035074869791,0.6938170115152995,0.7402376810709635,positive,raw accuracy; absolute,192,0,0,24,0,0
RESIDENT40|RECUR|SHAM_C1|U1,0.7330780029296875,0.7139205932617188,0.7535603841145834,positive,raw accuracy; absolute,192,0,0,24,0,0
RESIDENT40|RECUR|SHAM_C1|U40,0.7252604166666666,0.7057843526204427,0.7478800455729167,positive,raw accuracy; absolute,192,0,0,24,0,0
